struct,size,offset,field,type,comment
AiAssaultBehaviorSlot,0x28,0x0,ppVtable,void * *,
AiAssaultBehaviorSlot,0x28,0x4,pController,AiBehaviorController *,
AiAssaultBehaviorSlot,0x28,0x8,pSquadGroup,PlayerSquadGroup *,
AiAssaultBehaviorSlot,0x28,0xc,dwNextTick,uint,
AiAssaultBehaviorSlot,0x28,0x10,dwPlayerSlotIndex,uint,Copied from AiBehaviorController.bSlotIndex (player index)
AiAssaultBehaviorSlot,0x28,0x14,nMinGroupSize,int,
AiAssaultBehaviorSlot,0x28,0x18,nMaxGroupSize,int,
AiAssaultBehaviorSlot,0x28,0x1c,nRebalanceDistSqThresh,int,
AiAssaultBehaviorSlot,0x28,0x20,nPeerSlotIndex,int,
AiAssaultBehaviorSlot,0x28,0x24,nSeekEnemy,int,
AiBaseBehaviorSlot,0x14,0x0,ppVtable,void * *,
AiBaseBehaviorSlot,0x14,0x4,pController,AiBehaviorController *,
AiBaseBehaviorSlot,0x14,0x8,pSquadGroup,PlayerSquadGroup *,
AiBaseBehaviorSlot,0x14,0xc,dwNextTick,uint,
AiBaseBehaviorSlot,0x14,0x10,dwPlayerSlotIndex,uint,Copied from AiBehaviorController.bSlotIndex (player index)
AiBehaviorController,0x3d,0x0,pPlayer,PlayerState *,
AiBehaviorController,0x3d,0x4,bSlotIndex,byte,
AiBehaviorController,0x3d,0x5,nGroupAssignCountdown,int,
AiBehaviorController,0x3d,0x9,dwUnused_09,uint,
AiBehaviorController,0x3d,0xd,dwBuilderReadyTick,uint,
AiBehaviorController,0x3d,0x11,apSlots,-BAD-,Type 'AiBehaviorSlot *[10]' was deleted
AiBehaviorController,0x3d,0x39,pWeaponScanUnit,UnitInstance *,
AiBehaviorSlot,0x14,0x0,ppVtable,void * *,
AiBehaviorSlot,0x14,0x4,pController,AiBehaviorController *,
AiBehaviorSlot,0x14,0x8,pSquadGroup,PlayerSquadGroup *,
AiBehaviorSlot,0x14,0xc,dwNextTick,uint,
AiBehaviorSlot,0x14,0x10,dwPlayerSlotIndex,uint,
AiBuildBehaviorSlot,0x14,0x0,ppVtable,void * *,
AiBuildBehaviorSlot,0x14,0x4,pController,AiBehaviorController *,
AiBuildBehaviorSlot,0x14,0x8,pSquadGroup,PlayerSquadGroup *,
AiBuildBehaviorSlot,0x14,0xc,dwNextTick,uint,
AiBuildBehaviorSlot,0x14,0x10,dwPlayerSlotIndex,uint,Copied from AiBehaviorController.bSlotIndex (player index)
AiEscortBehaviorSlot,0x18,0x0,ppVtable,void * *,
AiEscortBehaviorSlot,0x18,0x4,pController,AiBehaviorController *,
AiEscortBehaviorSlot,0x18,0x8,pSquadGroup,PlayerSquadGroup *,
AiEscortBehaviorSlot,0x18,0xc,dwNextTick,uint,
AiEscortBehaviorSlot,0x18,0x10,dwPlayerSlotIndex,uint,Copied from AiBehaviorController.bSlotIndex (player index)
AiEscortBehaviorSlot,0x18,0x14,nLinkedSlotIndex,int,
AiScoutBehaviorSlot,0x14,0x0,ppVtable,void * *,
AiScoutBehaviorSlot,0x14,0x4,pController,AiBehaviorController *,
AiScoutBehaviorSlot,0x14,0x8,pSquadGroup,PlayerSquadGroup *,
AiScoutBehaviorSlot,0x14,0xc,dwNextTick,uint,
AiScoutBehaviorSlot,0x14,0x10,dwPlayerSlotIndex,uint,Copied from AiBehaviorController.bSlotIndex (player index)
AiSearch,0xc9,0x0,pNodePool,PathHeapNode *,
AiSearch,0xc9,0x4,ppOpenHeap,PathHeapNode * *,
AiSearch,0xc9,0x8,nFreeListHead,int,
AiSearch,0xc9,0xc,nPoolCount,int,
AiSearch,0xc9,0x10,nPoolCapacity,int,
AiSearch,0xc9,0x14,nOpenCount,int,
AiSearch,0xc9,0x18,nHoldPoppedSlot,int,
AiSearch,0xc9,0x1c,pCellStates,PathCellState *,
AiSearch,0xc9,0x20,nGridWidth,int,
AiSearch,0xc9,0x24,nGridHeight,int,
AiSearch,0xc9,0x28,nGridCellCount,int,
AiSearch,0xc9,0x2c,pTouchedBitmap,uint *,
AiSearch,0xc9,0x30,dwStartCellXZ,uint,
AiSearch,0xc9,0x34,dwGoalFoundCellXZ,uint,
AiSearch,0xc9,0x38,nNearestGoalX,int,
AiSearch,0xc9,0x3c,nNearestGoalZ,int,
AiSearch,0xc9,0x40,nRaycastMinH,int,
AiSearch,0xc9,0x44,nTurnExpandRange,int,
AiSearch,0xc9,0x48,nBudgetDivisor,int,
AiSearch,0xc9,0x4c,nWorkSpent,int,
AiSearch,0xc9,0x50,nHeuristicScale,int,
AiSearch,0xc9,0x54,nBaseBudget,int,
AiSearch,0xc9,0x58,pActiveUnit,UnitInstance *,
AiSearch,0xc9,0x5c,pPathGoal,PathGoal *,
AiSearch,0xc9,0x60,pGoalPathOrder,PathOrder *,
AiSearch,0xc9,0x64,pMoveInfo,MoveInfo *,
AiSearch,0xc9,0x68,aTurnCost,byte[8],
AiSearch,0xc9,0x70,aDirCost,byte[8],
AiSearch,0xc9,0x78,bPlayerCursor,byte,
AiSearch,0xc9,0x79,apPlayerUnitCursor,UnitInstance *[10],
AiSearch,0xc9,0xa1,aPlayerBudget,int[10],
AiSpatialBehaviorSlot,0x3c,0x0,ppVtable,void * *,
AiSpatialBehaviorSlot,0x3c,0x4,pController,AiBehaviorController *,
AiSpatialBehaviorSlot,0x3c,0x8,pSquadGroup,PlayerSquadGroup *,
AiSpatialBehaviorSlot,0x3c,0xc,dwNextTick,uint,
AiSpatialBehaviorSlot,0x3c,0x10,dwPlayerSlotIndex,uint,Copied from AiBehaviorController.bSlotIndex (player index)
AiSpatialBehaviorSlot,0x3c,0x14,nBestPosX,int,
AiSpatialBehaviorSlot,0x3c,0x18,nBestPosY,int,
AiSpatialBehaviorSlot,0x3c,0x1c,nBestPosZ,int,
AiSpatialBehaviorSlot,0x3c,0x20,nCurPosX,int,
AiSpatialBehaviorSlot,0x3c,0x24,nCurPosY,int,
AiSpatialBehaviorSlot,0x3c,0x28,nCurPosZ,int,
AiSpatialBehaviorSlot,0x3c,0x2c,nVelX,int,
AiSpatialBehaviorSlot,0x3c,0x30,nVelY,int,
AiSpatialBehaviorSlot,0x3c,0x34,nVelZ,int,
AiSpatialBehaviorSlot,0x3c,0x38,nThreatScore,int,
AiSquadScoutBehaviorSlot,0x14,0x0,ppVtable,void * *,
AiSquadScoutBehaviorSlot,0x14,0x4,pController,AiBehaviorController *,
AiSquadScoutBehaviorSlot,0x14,0x8,pSquadGroup,PlayerSquadGroup *,
AiSquadScoutBehaviorSlot,0x14,0xc,dwNextTick,uint,
AiSquadScoutBehaviorSlot,0x14,0x10,dwPlayerSlotIndex,uint,Copied from AiBehaviorController.bSlotIndex (player index)
AirManeuverOrder,0x2c,0x0,pVtable,void *,
AirManeuverOrder,0x2c,0x4,pOrder,MissionOrder *,
AirManeuverOrder,0x2c,0x8,wFlags,ushort,
AirManeuverOrder,0x2c,0xa,nPosX,int,
AirManeuverOrder,0x2c,0xe,nPosY,int,
AirManeuverOrder,0x2c,0x12,nPosZ,int,
AirManeuverOrder,0x2c,0x16,nVelX,int,
AirManeuverOrder,0x2c,0x1a,nVelY,int,
AirManeuverOrder,0x2c,0x1e,nVelZ,int,
AirManeuverOrder,0x2c,0x22,wSaveOnly22,ushort,
AirManeuverOrder,0x2c,0x24,wDesiredHeading,ushort,
AirManeuverOrder,0x2c,0x26,wSaveOnly26,ushort,
AirManeuverOrder,0x2c,0x28,pOwnerUnit,UnitInstance *,
AudioEngine,0x294,0x0,nCdAudioOpen,int,
AudioEngine,0x294,0x4,nPositional3DMode,int,
AudioEngine,0x294,0x8,flMinDistance,float,
AudioEngine,0x294,0xc,flMaxDistance,float,
AudioEngine,0x294,0x10,nWaveOutDeviceCount,int,
AudioEngine,0x294,0x14,nAuxDeviceId,int,
AudioEngine,0x294,0x18,nWaveOutVolume,int,
AudioEngine,0x294,0x1c,nAuxVolumeQueried,int,
AudioEngine,0x294,0x20,nAuxVolume,int,
AudioEngine,0x294,0x24,pDirectSound,void *,
AudioEngine,0x294,0x28,pPrimaryBuffer,void *,
AudioEngine,0x294,0x2c,nMaxMixingBuffers,int,
AudioEngine,0x294,0x30,nActiveBufferCount,int,
AudioEngine,0x294,0x34,nBufferSeqCounter,int,
AudioEngine,0x294,0x38,apActiveBuffers,void *[32],
AudioEngine,0x294,0xb8,aBufferSeq,int[32],
AudioEngine,0x294,0x138,aBufferFlags,int[32],
AudioEngine,0x294,0x1b8,nSampleRate,int,
AudioEngine,0x294,0x1bc,nBitsPerSample,int,
AudioEngine,0x294,0x1c0,nChannels,int,
AudioEngine,0x294,0x1c4,apTempSamples,SoundSample *[8],
AudioEngine,0x294,0x1e4,pStreamBuffer,void *,
AudioEngine,0x294,0x1e8,pStreamHapi,HapiFileHandle *,
AudioEngine,0x294,0x1ec,nStreamBits,int,
AudioEngine,0x294,0x1f0,nStreamHalfSize,int,
AudioEngine,0x294,0x1f4,nStreamWritePos,int,
AudioEngine,0x294,0x1f8,nStreamEndPos,int,
AudioEngine,0x294,0x1fc,nCdPreferredPlayMode,int,
AudioEngine,0x294,0x200,nCdTrackCount,int,
AudioEngine,0x294,0x204,nCdLockedTrack,int,
AudioEngine,0x294,0x208,nCdCurrentTrack,int,
AudioEngine,0x294,0x20c,nCdPlayState,int,
AudioEngine,0x294,0x210,nCdDiscSerial,int,
AudioEngine,0x294,0x214,aCdTrackTypes,byte[100],
AudioEngine,0x294,0x278,nCdCategoryMode,int,
AudioEngine,0x294,0x27c,nCdAudioEnabled,int,
AudioEngine,0x294,0x280,nCdTrack1IsData,int,
AudioEngine,0x294,0x284,nCdFadeVolumeDelta,int,
AudioEngine,0x294,0x288,nStreamTimerSlot,int,
AudioEngine,0x294,0x28c,pfnCdNotifyCallback,void *,
AudioEngine,0x294,0x290,nDSoundFallback,int,
BitReader,0xc,0x0,pData,uint *,
BitReader,0xc,0x4,nDwordIndex,int,
BitReader,0xc,0x8,nBitOffset,int,
BitWriter,0x410,0x0,nDwordIndex,int,
BitWriter,0x410,0x4,nBitOffset,int,
BitWriter,0x410,0x8,nCapacityDwords,int,
BitWriter,0x410,0xc,pData,uint *,
BitWriter,0x410,0x10,aInlineBuf,uint[256],
BitmapCacheEntry,0x28,0x0,pSurface,GfxSurface *,
BitmapCacheEntry,0x28,0x4,pPalette,byte *,
BitmapCacheEntry,0x28,0x8,aName,char[32],
BriefingFxSlot,0xa4,0x0,aText,CHAR[128],
BriefingFxSlot,0xa4,0x80,nX,int,
BriefingFxSlot,0xa4,0x84,nY,int,
BriefingFxSlot,0xa4,0x88,dwColorA,uint,
BriefingFxSlot,0xa4,0x8c,flPeriodA,float,
BriefingFxSlot,0xa4,0x90,dwColorB,uint,
BriefingFxSlot,0xa4,0x94,flPeriodB,float,
BriefingFxSlot,0xa4,0x98,nBlinkPhase,int,
BriefingFxSlot,0xa4,0x9c,flNextToggleTime,float,
BriefingFxSlot,0xa4,0xa0,nFontGadgetIndex,int,
CLIENT_ID,0x8,0x0,UniqueProcess,void *,
CLIENT_ID,0x8,0x4,UniqueThread,void *,
CalcedExplosion,0x88,0x0,wFrames,ushort,
CalcedExplosion,0x88,0x2,wLoop,ushort,
CalcedExplosion,0x88,0x4,n_unk04,int,
CalcedExplosion,0x88,0x8,aName,CHAR[32],
CalcedExplosion,0x88,0x28,aEntries,GafFrameEntry[12],
CameraBookmarkState,0x24,0x0,aScrollX,int[4],
CameraBookmarkState,0x24,0x10,aScrollY,int[4],
CameraBookmarkState,0x24,0x20,aValid,byte[4],
CameraBookmarkTable,0x24,0x0,aScrollX,int[4],
CameraBookmarkTable,0x24,0x10,aScrollY,int[4],
CameraBookmarkTable,0x24,0x20,aValid,byte[4],
CategoryMaskBits,0x40,0x0,aAdwBits,uint[16],
CategoryMaskNamePair,0x8,0x0,pName,char *,
CategoryMaskNamePair,0x8,0x4,pMask,CategoryMaskBits *,
CategoryMaskTable,0x10,0x0,bPadOrProxy,byte,
CategoryMaskTable,0x10,0x1,aA_pad,byte[3],
CategoryMaskTable,0x10,0x4,pBegin,CategoryMaskNamePair *,
CategoryMaskTable,0x10,0x8,pEnd,CategoryMaskNamePair *,
CategoryMaskTable,0x10,0xc,pCapacity,CategoryMaskNamePair *,
CdListsDiscEntry,0x88,0x0,aUnused,byte[32],
CdListsDiscEntry,0x88,0x20,nDiscSerial,int,
CdListsDiscEntry,0x88,0x24,aTrackTypes,byte[100],
ChatHudEntry,0x48,0x0,aText,char[64],
ChatHudEntry,0x48,0x40,dwGameTick,uint,
ChatHudEntry,0x48,0x44,wUnitId,ushort,
ChatHudEntry,0x48,0x46,cFromSlotOrNewline,char,
ChatHudEntry,0x48,0x47,bFlags,uchar,Chat-HUD entry flags. Game_JumpCameraToNextChatAlert clears bit5(0x20) then bit4(0x10) while seeking alert unit.
CmdSortedRegistry,0x10,0x0,bPadOrProxy,byte,
CmdSortedRegistry,0x10,0x1,aA_pad,byte[3],
CmdSortedRegistry,0x10,0x4,pBegin,CmdSortedRegistryEntry *,
CmdSortedRegistry,0x10,0x8,pEnd,CmdSortedRegistryEntry *,
CmdSortedRegistry,0x10,0xc,pCapacity,CmdSortedRegistryEntry *,
CmdSortedRegistryEntry,0xc,0x0,pName,char *,
CmdSortedRegistryEntry,0xc,0x4,pfnHandler,void *,
CmdSortedRegistryEntry,0xc,0x8,nFlags,int,
CobCacheMap,0x10,0x0,aAllocPad,byte[4],
CobCacheMap,0x10,0x4,pHead,CobCacheMapNode *,
CobCacheMap,0x10,0x8,bMulti,byte,
CobCacheMap,0x10,0x9,aPad9,byte[3],
CobCacheMap,0x10,0xc,nSize,int,
CobCacheMapIterPair,0x8,0x0,pNode,-BAD-,Type 'CobCacheMapNode *' was deleted
CobCacheMapIterPair,0x8,0x4,bInserted,byte,
CobCacheMapIterPair,0x8,0x5,aPad,byte[3],
CobCacheMapKv,0x8,0x0,pKey,CobScript *,
CobCacheMapKv,0x8,0x4,dwChecksum,uint,
CobCacheMapNode,0x18,0x0,pLeft,CobCacheMapNode *,
CobCacheMapNode,0x18,0x4,pParent,CobCacheMapNode *,
CobCacheMapNode,0x18,0x8,pRight,CobCacheMapNode *,
CobCacheMapNode,0x18,0xc,pKey,CobScript *,
CobCacheMapNode,0x18,0x10,dwChecksum,uint,
CobCacheMapNode,0x18,0x14,nColor,int,
CobFuncEntry,0x4,0x0,nEntryPC,int,
CobNamedLocalEntry,0x8,0x0,nIndex,int,
CobNamedLocalEntry,0x8,0x4,pName,char *,
CobPieceAnimState,0x4c,0x0,nDirty,int,
CobPieceAnimState,0x4c,0x4,aMoveTarget,int[3],
CobPieceAnimState,0x4c,0x10,aMoveSpeed,int[3],
CobPieceAnimState,0x4c,0x1c,aTurnTarget,int[3],
CobPieceAnimState,0x4c,0x28,aTurnSpeed,int[3],
CobPieceAnimState,0x4c,0x34,aSpinSpeed,int[3],
CobPieceAnimState,0x4c,0x40,aSpinAccel,int[3],
CobScript,0x2c,0x0,nVersion,int,
CobScript,0x2c,0x4,nFunctions,int,
CobScript,0x2c,0x8,nPieces,int,
CobScript,0x2c,0xc,nCodeSize,int,
CobScript,0x2c,0x10,nStaticVars,int,
CobScript,0x2c,0x14,nNamedLocals,int,
CobScript,0x2c,0x18,pFuncEntries,CobFuncEntry *,
CobScript,0x2c,0x1c,ppFuncNames,char * *,
CobScript,0x2c,0x20,ppPieceNames,char * *,
CobScript,0x2c,0x24,pBytecode,int *,
CobScript,0x2c,0x28,pNamedLocals,CobNamedLocalEntry *,
DDSURFACEDESC,0x6c,0x0,dwSize,dword,
DDSURFACEDESC,0x6c,0x4,dwFlags,dword,
DDSURFACEDESC,0x6c,0x8,dwHeight,dword,
DDSURFACEDESC,0x6c,0xc,dwWidth,dword,
DDSURFACEDESC,0x6c,0x10,nPitch,int,
DDSURFACEDESC,0x6c,0x14,dwBackBufferCount,dword,
DDSURFACEDESC,0x6c,0x18,dwRefreshRate,dword,
DDSURFACEDESC,0x6c,0x1c,dwAlphaBitDepth,dword,
DDSURFACEDESC,0x6c,0x20,dwReserved,dword,
DDSURFACEDESC,0x6c,0x24,pLpSurface,void *,
DDSURFACEDESC,0x6c,0x28,aColorKeyPad,undefined1[32],
DDSURFACEDESC,0x6c,0x48,aPixelFormatPad,undefined1[32],
DDSURFACEDESC,0x6c,0x68,dwDdsCaps,dword,
DPSESSIONDESC2,0x50,0x0,dwSize,dword,
DPSESSIONDESC2,0x50,0x4,dwFlags,dword,
DPSESSIONDESC2,0x50,0x8,guidInstance,GUID,
DPSESSIONDESC2,0x50,0x18,guidApplication,GUID,
DPSESSIONDESC2,0x50,0x28,dwMaxPlayers,dword,
DPSESSIONDESC2,0x50,0x2c,dwCurrentPlayers,dword,
DPSESSIONDESC2,0x50,0x30,pSessionNameA,char *,
DPSESSIONDESC2,0x50,0x34,pPasswordA,char *,
DPSESSIONDESC2,0x50,0x38,dwReserved1,dword,
DPSESSIONDESC2,0x50,0x3c,dwReserved2,dword,
DPSESSIONDESC2,0x50,0x40,dwUser1,dword,
DPSESSIONDESC2,0x50,0x44,dwUser2,dword,
DPSESSIONDESC2,0x50,0x48,dwUser3,dword,
DPSESSIONDESC2,0x50,0x4c,dwUser4,dword,
DPlayIfacePair,0x8,0x0,pIDirectPlay,void *,
DPlayIfacePair,0x8,0x4,pIDirectPlay3,void *,
DebrisMotionSlot,0x66,0x0,pUnit,UnitInstance *,
DebrisMotionSlot,0x66,0x4,nPieceIndex,int,
DebrisMotionSlot,0x66,0x8,nAngVelZ,int,
DebrisMotionSlot,0x66,0xc,nAngVelX,int,
DebrisMotionSlot,0x66,0x10,nAngVelY,int,
DebrisMotionSlot,0x66,0x14,nVelX,int,
DebrisMotionSlot,0x66,0x18,nVelY,int,
DebrisMotionSlot,0x66,0x1c,nVelZ,int,
DebrisMotionSlot,0x66,0x20,nTTL,int,
DebrisMotionSlot,0x66,0x24,nShatterScale,int,
DebrisMotionSlot,0x66,0x28,dwFlags,uint,
DebrisMotionSlot,0x66,0x2c,pPiece,ObjectPiece *,
DebrisMotionSlot,0x66,0x30,piece,ObjectPiece,
DisplayContext,0x828,0x0,pInstance,void *,
DisplayContext,0x828,0x4,nCmdShow,int,
DisplayContext,0x828,0x8,pClassName,char *,
DisplayContext,0x828,0xc,pWindowTitle,char *,
DisplayContext,0x828,0x10,dwPad_0x10,dword,SOFT PAD: no DisplayContext R/W (between pWindowTitle and wMenuNameId).
DisplayContext,0x828,0x14,wMenuNameId,ushort,
DisplayContext,0x828,0x16,wPadAfterMenuId,ushort,SOFT PAD: ushort align after wMenuNameId; App_WinMain zeros with wMenuNameId.
DisplayContext,0x828,0x18,dwWcStyle,uint,
DisplayContext,0x828,0x1c,pfnWndProc,void *,
DisplayContext,0x828,0x20,nClsExtra,int,
DisplayContext,0x828,0x24,nWndExtra,int,
DisplayContext,0x828,0x28,hInstance,void *,WNDCLASS hInstance
DisplayContext,0x828,0x2c,pIcon,void *,
DisplayContext,0x828,0x30,pCursor,void *,
DisplayContext,0x828,0x34,pHbrBackground,void *,
DisplayContext,0x828,0x38,pMenuName,char *,
DisplayContext,0x828,0x3c,pWndClassName,char *,
DisplayContext,0x828,0x40,pHwnd,void *,
DisplayContext,0x828,0x44,pDibBitmap,void *,
DisplayContext,0x828,0x48,pHdcCompat,void *,
DisplayContext,0x828,0x4c,pPalette,void *,
DisplayContext,0x828,0x50,dibSurface,GfxSurface,
DisplayContext,0x828,0x80,pfnDeviceMciCallback,void *,
DisplayContext,0x828,0x84,pDirectDraw,void *,
DisplayContext,0x828,0x88,pPrimarySurface,void *,
DisplayContext,0x828,0x8c,pBackBuffer,void *,
DisplayContext,0x828,0x90,pClipper,void *,
DisplayContext,0x828,0x94,pDDPalette,void *,
DisplayContext,0x828,0x98,pActiveSurface,GfxSurface *,
DisplayContext,0x828,0x9c,nHaveBackBuffer,int,
DisplayContext,0x828,0xa0,nPrimaryClipLeft,int,
DisplayContext,0x828,0xa4,nPrimaryClipTop,int,
DisplayContext,0x828,0xa8,nPrimaryClipRight,int,
DisplayContext,0x828,0xac,nPrimaryClipBottom,int,
DisplayContext,0x828,0xb0,dwPad_0xB0,dword,SOFT PAD: no DisplayContext R/W; before pLastBackBuffer.
DisplayContext,0x828,0xb4,pLastBackBuffer,void *,W-only: Gfx_RestoreLostSurfaces = pBackBuffer; no DisplayContext reads.
DisplayContext,0x828,0xb8,dwPad_0xB8,dword,SOFT PAD: no DisplayContext R/W; between pLastBackBuffer and pOverrideSurface.
DisplayContext,0x828,0xbc,pOverrideSurface,GfxSurface *,
DisplayContext,0x828,0xc0,pAlphaTable,byte *,
DisplayContext,0x828,0xc4,pShadeTable,byte *,
DisplayContext,0x828,0xc8,pLightTable,byte *,
DisplayContext,0x828,0xcc,pGrayTable,byte *,
DisplayContext,0x828,0xd0,pBlueTable,byte *,
DisplayContext,0x828,0xd4,nScreenWidth,int,
DisplayContext,0x828,0xd8,nScreenHeight,int,
DisplayContext,0x828,0xdc,nUseOverrideSurface,int,
DisplayContext,0x828,0xe0,nWindowActive,int,
DisplayContext,0x828,0xe4,dwPad_0xE4,dword,SOFT PAD: no DisplayContext R/W; between nWindowActive and nTickRateHz.
DisplayContext,0x828,0xe8,nTickRateHz,int,
DisplayContext,0x828,0xec,nScreenSaverTimeout,int,
DisplayContext,0x828,0xf0,wDisplayFlags,ushort,
DisplayContext,0x828,0xf2,nMappedKeyQueueCap,int,
DisplayContext,0x828,0xf6,aMappedKeyQueue,void *[30],
DisplayContext,0x828,0x16e,nMappedKeyWriteIdx,int,
DisplayContext,0x828,0x172,nMappedKeyReadIdx,int,
DisplayContext,0x828,0x176,aPad_0x176,byte[16],SOFT PAD[16]: no DisplayContext R/W; gap key-queue idxs to mouse-event queue.
DisplayContext,0x828,0x186,nMouseEventQueueCap,int,
DisplayContext,0x828,0x18a,pMouseEventQueue,MouseEvent *,
DisplayContext,0x828,0x18e,nMouseEventWriteIdx,int,
DisplayContext,0x828,0x192,nMouseEventReadIdx,int,
DisplayContext,0x828,0x196,curMouseEvent,MouseEvent,
DisplayContext,0x828,0x1ae,nCursorHideCount,int,
DisplayContext,0x828,0x1b2,pCursorGafFrame,GafFrame *,
DisplayContext,0x828,0x1b6,nCursorBlitX,int,
DisplayContext,0x828,0x1ba,nCursorBlitY,int,
DisplayContext,0x828,0x1be,pSaveMouse1,GfxSurface *,
DisplayContext,0x828,0x1c2,pSaveMouse2,GfxSurface *,
DisplayContext,0x828,0x1c6,pSaveMouse3,GfxSurface *,
DisplayContext,0x828,0x1ca,nMouseThreadActive,int,
DisplayContext,0x828,0x1ce,nCursorThreadEnabled,int,
DisplayContext,0x828,0x1d2,nCursorOverlayEnabled,int,
DisplayContext,0x828,0x1d6,nMouseThreadStopReq,int,
DisplayContext,0x828,0x1da,nFpsAccumMs,int,
DisplayContext,0x828,0x1de,dwInitTick,dword,
DisplayContext,0x828,0x1e2,nFpsFrameCount,int,
DisplayContext,0x828,0x1e6,nFpsLastSample,int,
DisplayContext,0x828,0x1ea,nConfigClipLeft,int,
DisplayContext,0x828,0x1ee,nConfigClipTop,int,
DisplayContext,0x828,0x1f2,nConfigClipRight,int,
DisplayContext,0x828,0x1f6,nConfigClipBottom,int,
DisplayContext,0x828,0x1fa,nConfigWidth,int,
DisplayContext,0x828,0x1fe,nConfigHeight,int,
DisplayContext,0x828,0x202,wConfigFlags,ushort,
DisplayContext,0x828,0x204,pCurrentFont,FontData *,
DisplayContext,0x828,0x208,nTextFgColor,int,
DisplayContext,0x828,0x20c,nTextBgColor,int,
DisplayContext,0x828,0x210,nTextSkipColor,int,
DisplayContext,0x828,0x214,aPaletteEntries,byte[1024],
DisplayContext,0x828,0x614,flPaletteBrightness,float,
DisplayContext,0x828,0x618,ppOwnedFileArray,void * *,
DisplayContext,0x828,0x61c,nOwnedFileCount,int,
DisplayContext,0x828,0x620,dwTotalPhys,dword,
DisplayContext,0x828,0x624,nPad_0x624_initZero,int,SOFT PAD: Env_InitDisplayWindow zeros only; no reads.
DisplayContext,0x828,0x628,aCurrentDirectory,char[256],
DisplayContext,0x828,0x728,aChdirPath,char[256],
DownloadMenuFile,0xbd,0x0,nSlotCount,int,
DownloadMenuFile,0xbd,0x4,aSlots,DownloadMenuSlot[5],
DownloadMenuSlot,0x25,0x0,wUnitDefIndex,ushort,
DownloadMenuSlot,0x25,0x2,bMenuPage,byte,
DownloadMenuSlot,0x25,0x3,bButton,byte,
DownloadMenuSlot,0x25,0x4,aUnitName,CHAR[32],
DownloadMenuSlot,0x25,0x24,a_pad,byte[1],
EndGamePlayerStat,0x3a,0x0,aName,char[30],
EndGamePlayerStat,0x3a,0x1e,nKills,int,
EndGamePlayerStat,0x3a,0x22,nLosses,int,
EndGamePlayerStat,0x3a,0x26,nEnergyProduced,int,
EndGamePlayerStat,0x3a,0x2a,nMetalProduced,int,
EndGamePlayerStat,0x3a,0x2e,nEnergyWasted,int,
EndGamePlayerStat,0x3a,0x32,nMetalWasted,int,
EndGamePlayerStat,0x3a,0x36,nScore,int,
EndGamePlayerStatRow,0x3a,0x0,aName,char[30],
EndGamePlayerStatRow,0x3a,0x1e,nKills,int,
EndGamePlayerStatRow,0x3a,0x22,nLosses,int,
EndGamePlayerStatRow,0x3a,0x26,nEProduced,int,
EndGamePlayerStatRow,0x3a,0x2a,nMProduced,int,
EndGamePlayerStatRow,0x3a,0x2e,nEWasted,int,
EndGamePlayerStatRow,0x3a,0x32,nMWasted,int,
EndGamePlayerStatRow,0x3a,0x36,nScore,int,
EndGameUiState,0x38,0x0,nUnused_beforeSmState0,int,
EndGameUiState,0x38,0x4,dwUnused_beforeSmState1,uint,
EndGameUiState,0x38,0x8,eSmState,EndGameSmState,
EndGameUiState,0x38,0xc,nDeadlineTick,int,
EndGameUiState,0x38,0x10,nNextAnimTick,int,
EndGameUiState,0x38,0x14,nAnimPhaseDone,int,
EndGameUiState,0x38,0x18,dwShadeCountdown,uint,
EndGameUiState,0x38,0x1c,nStatBarRevealIndex,int,
EndGameUiState,0x38,0x20,flSavedPaletteBrightness,float,
EndGameUiState,0x38,0x24,nNoMovie,int,
EndGameUiState,0x38,0x28,pLastFrameSurface,GfxSurface *,
EndGameUiState,0x38,0x2c,pGlamourSurface,GfxSurface *,
EndGameUiState,0x38,0x30,pGlamourPalette,byte *,
EndGameUiState,0x38,0x34,pCurrentPaletteBuf,byte *,
ExplodePieceSlot,0x34,0x0,bFree,byte,
ExplodePieceSlot,0x34,0x4,nVtxCount,int,
ExplodePieceSlot,0x34,0x8,nPrimCount,int,
ExplodePieceSlot,0x34,0xc,nSelectionPrim,int,
ExplodePieceSlot,0x34,0x10,nXFromParent,int,
ExplodePieceSlot,0x34,0x14,nYFromParent,int,
ExplodePieceSlot,0x34,0x18,nZFromParent,int,
ExplodePieceSlot,0x34,0x1c,pName,char *,
ExplodePieceSlot,0x34,0x20,pAlways0,void *,
ExplodePieceSlot,0x34,0x24,pVtxBuf,int *,
ExplodePieceSlot,0x34,0x28,pPrimBuf,Model3doPrimitive *,
ExplodePieceSlot,0x34,0x2c,pSibling,ExplodePieceSlot *,
ExplodePieceSlot,0x34,0x30,pChild,ExplodePieceSlot *,
FeatureAnim,0x30,0x0,nListNext,short,
FeatureAnim,0x30,0x2,nListPrev,short,
FeatureAnim,0x30,0x4,body,FeatureAnimBody,motion (3do) or gaf (burn/die/reclamate) overlay
FeatureAnim,0x30,0x28,nCellX,short,
FeatureAnim,0x30,0x2a,nCellY,short,
FeatureAnim,0x30,0x2c,wFeatureDefId,word,
FeatureAnim,0x30,0x2e,bSparkSpreadTimer,byte,
FeatureAnim,0x30,0x2f,bFlags,FeatureAnimFlags,
FeatureAnimGafBody,0x24,0x0,gafPrimary,GafFrameCursor,
FeatureAnimGafBody,0x24,0xc,gafShadow,GafFrameCursor,
FeatureAnimGafBody,0x24,0x18,nShared_nVelZ,int,
FeatureAnimGafBody,0x24,0x1c,orient,FeatureOrientTurns,
FeatureAnimGafBody,0x24,0x22,wDamage,ushort,
FeatureAnimMotionBody,0x24,0x0,pObjectState,UnitObjectState *,
FeatureAnimMotionBody,0x24,0x4,nPosX,int,
FeatureAnimMotionBody,0x24,0x8,nPosY,int,
FeatureAnimMotionBody,0x24,0xc,nPosZ,int,
FeatureAnimMotionBody,0x24,0x10,nVelX,int,
FeatureAnimMotionBody,0x24,0x14,nVelY,int,
FeatureAnimMotionBody,0x24,0x18,nVelZ,int,
FeatureAnimMotionBody,0x24,0x1c,orient,FeatureOrientTurns,
FeatureAnimMotionBody,0x24,0x22,wDamage,ushort,
FeatureDef,0x100,0x0,aName,CHAR[128],
FeatureDef,0x100,0x80,aDescription,char[20],
FeatureDef,0x100,0x94,nFootprintX,short,
FeatureDef,0x100,0x96,nFootprintZ,short,
FeatureDef,0x100,0x98,modelOrGaf,FeatureDefModelOrGaf,
FeatureDef,0x100,0xa8,pGaf,GafAnim *,
FeatureDef,0x100,0xac,pSeq,GafSequence *,
FeatureDef,0x100,0xb0,pSeqShad,GafSequence *,
FeatureDef,0x100,0xb4,pSeqBurn,GafSequence *,
FeatureDef,0x100,0xb8,pSeqBurnShad,GafSequence *,
FeatureDef,0x100,0xbc,pSeqDie,GafSequence *,
FeatureDef,0x100,0xc0,pSeqDieShad,GafSequence *,
FeatureDef,0x100,0xc4,pSeqReclamate,GafSequence *,
FeatureDef,0x100,0xc8,pSeqReclamateShad,GafSequence *,
FeatureDef,0x100,0xcc,animCursor,GafFrameCursor,
FeatureDef,0x100,0xd8,shadAnimCursor,GafFrameCursor,
FeatureDef,0x100,0xe4,pBurnWeapon,WeaponDef *,
FeatureDef,0x100,0xe8,nSparkTime,short,
FeatureDef,0x100,0xea,nDamage,short,
FeatureDef,0x100,0xec,flEnergy,float,
FeatureDef,0x100,0xf0,flMetal,float,
FeatureDef,0x100,0xf4,nFeatureDead,short,
FeatureDef,0x100,0xf6,nFeatureBurnt,short,
FeatureDef,0x100,0xf8,nFeatureReclamate,short,
FeatureDef,0x100,0xfa,bHeight,byte,
FeatureDef,0x100,0xfb,bSpreadChance,byte,
FeatureDef,0x100,0xfc,bReproduce,byte,
FeatureDef,0x100,0xfd,bReproduceArea,byte,
FeatureDef,0x100,0xfe,wFlags,FeatureFlags,
FeatureOrientTurns,0x6,0x0,nTurnX,short,
FeatureOrientTurns,0x6,0x2,nTurnY,short,
FeatureOrientTurns,0x6,0x4,nTurnZ,short,
FeatureTdfParserVector,0x10,0x0,bDummy,byte,
FeatureTdfParserVector,0x10,0x1,a_pad,byte[3],
FeatureTdfParserVector,0x10,0x4,ppBegin,TdfFile * *,
FeatureTdfParserVector,0x10,0x8,ppEnd,TdfFile * *,
FeatureTdfParserVector,0x10,0xc,ppCapacity,TdfFile * *,
File_TokenLine,0xd4,0x0,apArgv,char *[20],
File_TokenLine,0xd4,0x50,aWordBuf,char[128],
File_TokenLine,0xd4,0xd0,nArgc,int,
FontData,0x6,0x0,bHeight,byte,
FontData,0x6,0x1,bPad,byte,
FontData,0x6,0x2,cYBaseline,char,
FontData,0x6,0x3,bFirstChar,byte,
FontData,0x6,0x4,aGlyphOffsets,ushort[1],
FontGlyph,0x2,0x0,bWidth,byte,
FontGlyph,0x2,0x1,aPackedBits,byte[1],
FramePacketRing,0x180c,0x0,nCount,int,
FramePacketRing,0x180c,0x4,nReadIdx,int,
FramePacketRing,0x180c,0x8,nWriteIdx,int,
FramePacketRing,0x180c,0xc,aEntries,FramePacketRingEntry[512],
FramePacketRingEntry,0xc,0x0,nDeliverTick,int,
FramePacketRingEntry,0xc,0x4,pPacketData,void *,
FramePacketRingEntry,0xc,0x8,nPacketSize,int,
FxEventNode,0x4c,0x0,pVftable,void *,
FxEventNode,0x4c,0x4,dwEndTick,uint,
FxEventNode,0x4c,0x8,dwNextEmitTick,uint,
FxEventNode,0x4c,0xc,bListenerSlot,uchar,
FxEventNode,0x4c,0x10,pParticleBegin,void *,
FxEventNode,0x4c,0x14,pParticleEnd,void *,
FxEventNode,0x4c,0x18,pParticleCap,void *,
FxEventNode,0x4c,0x1c,aTypeSpecific,uchar[48],
FxExtraParticle,0x3c,0x0,pGaf,GafSequence *,
FxExtraParticle,0x3c,0x4,nPosX,int,
FxExtraParticle,0x3c,0x8,nPosY,int,
FxExtraParticle,0x3c,0xc,nPosZ,int,
FxExtraParticle,0x3c,0x10,nEndX,int,
FxExtraParticle,0x3c,0x14,nEndY,int,
FxExtraParticle,0x3c,0x18,nEndZ,int,
FxExtraParticle,0x3c,0x1c,nVelX,int,
FxExtraParticle,0x3c,0x20,nVelY,int,
FxExtraParticle,0x3c,0x24,nVelZ,int,
FxExtraParticle,0x3c,0x28,nFrameCount,int,
FxExtraParticle,0x3c,0x2c,nFrameIndex,int,
FxExtraParticle,0x3c,0x30,nTickCounter,int,
FxExtraParticle,0x3c,0x34,nTickPeriod,int,
FxExtraParticle,0x3c,0x38,nExpireTick,int,
FxExtraTick,0x44,0x0,ppVtbl,void * *,
FxExtraTick,0x44,0x4,nDeadlineTick,int,
FxExtraTick,0x44,0x8,dwNextEmitTick,uint,
FxExtraTick,0x44,0xc,bSlot,byte,
FxExtraTick,0x44,0xd,aA_pad,byte[3],
FxExtraTick,0x44,0x10,pParticleBegin,FxExtraParticle *,
FxExtraTick,0x44,0x14,pParticleEnd,FxExtraParticle *,
FxExtraTick,0x44,0x18,pParticleCap,FxExtraParticle *,
FxExtraTick,0x44,0x1c,nParam,int,
FxExtraTick,0x44,0x20,aOrigin,int[3],
FxExtraTick,0x44,0x2c,aTarget,int[3],
FxExtraTick,0x44,0x38,aVelPerTick,int[3],
FxExtraTickListener,0x44,0x0,ppVtbl,void * *,
FxExtraTickListener,0x44,0x4,nDeadlineTick,int,
FxExtraTickListener,0x44,0x8,dwNextEmitTick,uint,
FxExtraTickListener,0x44,0xc,bSlot,byte,
FxExtraTickListener,0x44,0xd,aA_pad,byte[3],
FxExtraTickListener,0x44,0x10,pParticleBegin,void *,
FxExtraTickListener,0x44,0x14,pParticleEnd,void *,
FxExtraTickListener,0x44,0x18,pParticleCap,void *,
FxExtraTickListener,0x44,0x1c,nParam,int,
FxExtraTickListener,0x44,0x20,nPosAX,int,
FxExtraTickListener,0x44,0x24,nPosAY,int,
FxExtraTickListener,0x44,0x28,nPosAZ,int,
FxExtraTickListener,0x44,0x2c,nPosBX,int,
FxExtraTickListener,0x44,0x30,nPosBY,int,
FxExtraTickListener,0x44,0x34,nPosBZ,int,
FxExtraTickListener,0x44,0x38,nVelX,int,
FxExtraTickListener,0x44,0x3c,nVelY,int,
FxExtraTickListener,0x44,0x40,nVelZ,int,
FxListener,0x1c,0x0,ppVtbl,void * *,
FxListener,0x1c,0x4,nDeadlineTick,int,
FxListener,0x1c,0x8,dwNextEmitTick,uint,
FxListener,0x1c,0xc,bSlot,byte,
FxListener,0x1c,0xd,aA_pad,byte[3],
FxListener,0x1c,0x10,pParticleBegin,void *,
FxListener,0x1c,0x14,pParticleEnd,void *,
FxListener,0x1c,0x18,pParticleCap,void *,
FxListenerSlot,0x10,0x0,bFlag,byte,
FxListenerSlot,0x10,0x1,aA_pad,byte[3],
FxListenerSlot,0x10,0x4,ppBegin,FxListener * *,
FxListenerSlot,0x10,0x8,ppEnd,FxListener * *,
FxListenerSlot,0x10,0xc,ppCap,FxListener * *,
FxListenerSlotTable,0xa0,0x0,aSlots,FxListenerSlot[10],
FxNanoBeam,0x4c,0x0,ppVtbl,void * *,
FxNanoBeam,0x4c,0x4,nDeadlineTick,int,
FxNanoBeam,0x4c,0x8,dwNextEmitTick,uint,
FxNanoBeam,0x4c,0xc,bSlot,byte,
FxNanoBeam,0x4c,0xd,aA_pad,byte[3],
FxNanoBeam,0x4c,0x10,pParticleBegin,FxNanoBeamParticle *,
FxNanoBeam,0x4c,0x14,pParticleEnd,FxNanoBeamParticle *,
FxNanoBeam,0x4c,0x18,pParticleCap,FxNanoBeamParticle *,
FxNanoBeam,0x4c,0x1c,aOriginBox,int[6],
FxNanoBeam,0x4c,0x34,aTargetBox,int[6],
FxNanoBeamParticle,0x30,0x0,nPosX,int,
FxNanoBeamParticle,0x30,0x4,nPosY,int,
FxNanoBeamParticle,0x30,0x8,nPosZ,int,
FxNanoBeamParticle,0x30,0xc,nEndX,int,
FxNanoBeamParticle,0x30,0x10,nEndY,int,
FxNanoBeamParticle,0x30,0x14,nEndZ,int,
FxNanoBeamParticle,0x30,0x18,nVelX,int,
FxNanoBeamParticle,0x30,0x1c,nVelY,int,
FxNanoBeamParticle,0x30,0x20,nVelZ,int,
FxNanoBeamParticle,0x30,0x24,nUnused,int,
FxNanoBeamParticle,0x30,0x28,dwColorFlags,uint,
FxNanoBeamParticle,0x30,0x2c,nExpireTick,int,
FxParticleDot,0x30,0x0,nPosX,int,
FxParticleDot,0x30,0x4,nPosY,int,
FxParticleDot,0x30,0x8,nPosZ,int,
FxParticleDot,0x30,0xc,nEndX,int,
FxParticleDot,0x30,0x10,nEndY,int,
FxParticleDot,0x30,0x14,nEndZ,int,
FxParticleDot,0x30,0x18,nVelX,int,
FxParticleDot,0x30,0x1c,nVelY,int,
FxParticleDot,0x30,0x20,nVelZ,int,
FxParticleDot,0x30,0x24,nUnused,int,
FxParticleDot,0x30,0x28,dwColorFlags,uint,
FxParticleDot,0x30,0x2c,nExpireTick,int,
FxQueued,0x48,0x0,ppVtbl,void * *,
FxQueued,0x48,0x4,nDeadlineTick,int,
FxQueued,0x48,0x8,dwNextEmitTick,uint,
FxQueued,0x48,0xc,bSlot,byte,
FxQueued,0x48,0xd,aA_pad,byte[3],
FxQueued,0x48,0x10,pParticleBegin,FxQueuedParticle *,
FxQueued,0x48,0x14,pParticleEnd,FxQueuedParticle *,
FxQueued,0x48,0x18,pParticleCap,FxQueuedParticle *,
FxQueued,0x48,0x1c,nParam,int,
FxQueued,0x48,0x20,aOrigin,int[3],
FxQueued,0x48,0x2c,aTarget,int[3],
FxQueued,0x48,0x38,aVelPerTick,int[3],
FxQueued,0x48,0x44,nExtra,int,
FxQueuedListener,0x48,0x0,ppVtbl,void * *,
FxQueuedListener,0x48,0x4,nDeadlineTick,int,
FxQueuedListener,0x48,0x8,dwNextEmitTick,uint,
FxQueuedListener,0x48,0xc,bSlot,byte,
FxQueuedListener,0x48,0xd,aA_pad,byte[3],
FxQueuedListener,0x48,0x10,pParticleBegin,void *,
FxQueuedListener,0x48,0x14,pParticleEnd,void *,
FxQueuedListener,0x48,0x18,pParticleCap,void *,
FxQueuedListener,0x48,0x1c,nSize,int,
FxQueuedListener,0x48,0x20,nPosAX,int,
FxQueuedListener,0x48,0x24,nPosAY,int,
FxQueuedListener,0x48,0x28,nPosAZ,int,
FxQueuedListener,0x48,0x2c,nPosBX,int,
FxQueuedListener,0x48,0x30,nPosBY,int,
FxQueuedListener,0x48,0x34,nPosBZ,int,
FxQueuedListener,0x48,0x38,nVelX,int,
FxQueuedListener,0x48,0x3c,nVelY,int,
FxQueuedListener,0x48,0x40,nVelZ,int,
FxQueuedListener,0x48,0x44,nDirFlag,int,
FxQueuedParticle,0x44,0x0,pGaf,GafSequence *,
FxQueuedParticle,0x44,0x4,nPosX,int,
FxQueuedParticle,0x44,0x8,nPosY,int,
FxQueuedParticle,0x44,0xc,nPosZ,int,
FxQueuedParticle,0x44,0x10,nEndX,int,
FxQueuedParticle,0x44,0x14,nEndY,int,
FxQueuedParticle,0x44,0x18,nEndZ,int,
FxQueuedParticle,0x44,0x1c,nVelX,int,
FxQueuedParticle,0x44,0x20,nVelY,int,
FxQueuedParticle,0x44,0x24,nVelZ,int,
FxQueuedParticle,0x44,0x28,nColorMin,int,
FxQueuedParticle,0x44,0x2c,nColorMax,int,
FxQueuedParticle,0x44,0x30,nColor,int,
FxQueuedParticle,0x44,0x34,nColorStep,int,
FxQueuedParticle,0x44,0x38,nTickCounter,int,
FxQueuedParticle,0x44,0x3c,nTickPeriod,int,
FxQueuedParticle,0x44,0x40,nExpireTick,int,
FxSmokeParticle,0x20,0x0,pGaf,GafSequence *,
FxSmokeParticle,0x20,0x4,nPosX,int,
FxSmokeParticle,0x20,0x8,nPosY,int,
FxSmokeParticle,0x20,0xc,nPosZ,int,
FxSmokeParticle,0x20,0x10,nFrameMax,int,
FxSmokeParticle,0x20,0x14,nFrameIndex,int,
FxSmokeParticle,0x20,0x18,nHoldPeriod,int,
FxSmokeParticle,0x20,0x1c,nHoldLeft,int,
FxStartTickListener,0x4c,0x0,ppVtbl,void * *,
FxStartTickListener,0x4c,0x4,nDeadlineTick,int,
FxStartTickListener,0x4c,0x8,dwNextEmitTick,uint,
FxStartTickListener,0x4c,0xc,bSlot,byte,
FxStartTickListener,0x4c,0xd,aA_pad,byte[3],
FxStartTickListener,0x4c,0x10,pParticleBegin,void *,
FxStartTickListener,0x4c,0x14,pParticleEnd,void *,
FxStartTickListener,0x4c,0x18,pParticleCap,void *,
FxStartTickListener,0x4c,0x1c,nBoundA0,int,
FxStartTickListener,0x4c,0x20,nBoundA1,int,
FxStartTickListener,0x4c,0x24,nBoundA2,int,
FxStartTickListener,0x4c,0x28,nBoundA3,int,
FxStartTickListener,0x4c,0x2c,nBoundA4,int,
FxStartTickListener,0x4c,0x30,nBoundA5,int,
FxStartTickListener,0x4c,0x34,nBoundB0,int,
FxStartTickListener,0x4c,0x38,nBoundB1,int,
FxStartTickListener,0x4c,0x3c,nBoundB2,int,
FxStartTickListener,0x4c,0x40,nBoundB3,int,
FxStartTickListener,0x4c,0x44,nBoundB4,int,
FxStartTickListener,0x4c,0x48,nBoundB5,int,
FxTimedDotParticle,0x34,0x0,pGaf,void *,
FxTimedDotParticle,0x34,0x4,nStartX,int,
FxTimedDotParticle,0x34,0x8,nStartY,int,
FxTimedDotParticle,0x34,0xc,nStartZ,int,
FxTimedDotParticle,0x34,0x10,nEndX,int,
FxTimedDotParticle,0x34,0x14,nEndY,int,
FxTimedDotParticle,0x34,0x18,nEndZ,int,
FxTimedDotParticle,0x34,0x1c,nVelX,int,
FxTimedDotParticle,0x34,0x20,nVelY,int,
FxTimedDotParticle,0x34,0x24,nVelZ,int,
FxTimedDotParticle,0x34,0x28,nFrameCount,int,
FxTimedDotParticle,0x34,0x2c,nFrameIndex,int,
FxTimedDotParticle,0x34,0x30,nExpireTick,int,
FxTimedDots,0x44,0x0,ppVtbl,void * *,
FxTimedDots,0x44,0x4,nDeadlineTick,int,
FxTimedDots,0x44,0x8,dwNextEmitTick,uint,
FxTimedDots,0x44,0xc,bSlot,byte,
FxTimedDots,0x44,0xd,aA_pad,byte[3],
FxTimedDots,0x44,0x10,pParticleBegin,FxTimedDotParticle *,
FxTimedDots,0x44,0x14,pParticleEnd,FxTimedDotParticle *,
FxTimedDots,0x44,0x18,pParticleCap,FxTimedDotParticle *,
FxTimedDots,0x44,0x1c,aOrigin,int[3],
FxTimedDots,0x44,0x28,aTarget,int[3],
FxTimedDots,0x44,0x34,aVelPerTick,int[3],
FxTimedDots,0x44,0x40,nPad,int,
FxTimedDotsListener,0x44,0x0,ppVtbl,void * *,
FxTimedDotsListener,0x44,0x4,nDeadlineTick,int,
FxTimedDotsListener,0x44,0x8,dwNextEmitTick,uint,
FxTimedDotsListener,0x44,0xc,bSlot,byte,
FxTimedDotsListener,0x44,0xd,aA_pad,byte[3],
FxTimedDotsListener,0x44,0x10,pParticleBegin,void *,
FxTimedDotsListener,0x44,0x14,pParticleEnd,void *,
FxTimedDotsListener,0x44,0x18,pParticleCap,void *,
FxTimedDotsListener,0x44,0x1c,nDurationSteps,int,
FxTimedDotsListener,0x44,0x20,nStartX,int,
FxTimedDotsListener,0x44,0x24,nStartY,int,
FxTimedDotsListener,0x44,0x28,nStartZ,int,
FxTimedDotsListener,0x44,0x2c,nEndX,int,
FxTimedDotsListener,0x44,0x30,nEndY,int,
FxTimedDotsListener,0x44,0x34,nEndZ,int,
FxTimedDotsListener,0x44,0x38,nVelX,int,
FxTimedDotsListener,0x44,0x3c,nVelY,int,
FxTimedDotsListener,0x44,0x40,nVelZ,int,
FxTimedSub,0x34,0x0,ppVtbl,void * *,
FxTimedSub,0x34,0x4,nDeadlineTick,int,
FxTimedSub,0x34,0x8,dwNextEmitTick,uint,
FxTimedSub,0x34,0xc,bSlot,byte,
FxTimedSub,0x34,0xd,aA_pad,byte[3],
FxTimedSub,0x34,0x10,pParticleBegin,FxSmokeParticle *,
FxTimedSub,0x34,0x14,pParticleEnd,FxSmokeParticle *,
FxTimedSub,0x34,0x18,pParticleCap,FxSmokeParticle *,
FxTimedSub,0x34,0x1c,nEmitPeriod,int,
FxTimedSub,0x34,0x20,nHoldPeriod,int,
FxTimedSub,0x34,0x24,nGafFrameCountMax,int,
FxTimedSub,0x34,0x28,nWorldX,int,
FxTimedSub,0x34,0x2c,nWorldY,int,
FxTimedSub,0x34,0x30,nWorldZ,int,
FxTimedSubListener,0x34,0x0,ppVtbl,void * *,
FxTimedSubListener,0x34,0x4,nDeadlineTick,int,
FxTimedSubListener,0x34,0x8,dwNextEmitTick,uint,
FxTimedSubListener,0x34,0xc,bSlot,byte,
FxTimedSubListener,0x34,0xd,aA_pad,byte[3],
FxTimedSubListener,0x34,0x10,pParticleBegin,void *,
FxTimedSubListener,0x34,0x14,pParticleEnd,void *,
FxTimedSubListener,0x34,0x18,pParticleCap,void *,
FxTimedSubListener,0x34,0x1c,nEmitPeriod,int,
FxTimedSubListener,0x34,0x20,nIntensity,int,
FxTimedSubListener,0x34,0x24,nMaxFrame,int,
FxTimedSubListener,0x34,0x28,nPosX,int,
FxTimedSubListener,0x34,0x2c,nPosY,int,
FxTimedSubListener,0x34,0x30,nPosZ,int,
FxTyped,0x38,0x0,ppVtbl,void * *,
FxTyped,0x38,0x4,nDeadlineTick,int,
FxTyped,0x38,0x8,dwNextEmitTick,uint,
FxTyped,0x38,0xc,bSlot,byte,
FxTyped,0x38,0xd,aA_pad,byte[3],
FxTyped,0x38,0x10,pParticleBegin,FxSmokeParticle *,
FxTyped,0x38,0x14,pParticleEnd,FxSmokeParticle *,
FxTyped,0x38,0x18,pParticleCap,FxSmokeParticle *,
FxTyped,0x38,0x1c,nEmitPeriod,int,
FxTyped,0x38,0x20,nHoldPeriod,int,
FxTyped,0x38,0x24,nGafFrameCountMax,int,
FxTyped,0x38,0x28,nSmokeSeqSelect,int,
FxTyped,0x38,0x2c,nWorldX,int,
FxTyped,0x38,0x30,nWorldY,int,
FxTyped,0x38,0x34,nWorldZ,int,
FxTypedListener,0x38,0x0,ppVtbl,void * *,
FxTypedListener,0x38,0x4,nDeadlineTick,int,
FxTypedListener,0x38,0x8,dwNextEmitTick,uint,
FxTypedListener,0x38,0xc,bSlot,byte,
FxTypedListener,0x38,0xd,aA_pad,byte[3],
FxTypedListener,0x38,0x10,pParticleBegin,void *,
FxTypedListener,0x38,0x14,pParticleEnd,void *,
FxTypedListener,0x38,0x18,pParticleCap,void *,
FxTypedListener,0x38,0x1c,nEmitPeriod,int,
FxTypedListener,0x38,0x20,nIntensity,int,
FxTypedListener,0x38,0x24,nMaxFrame,int,
FxTypedListener,0x38,0x28,nGafSelect,int,
FxTypedListener,0x38,0x2c,nPosX,int,
FxTypedListener,0x38,0x30,nPosY,int,
FxTypedListener,0x38,0x34,nPosZ,int,
FxWindParticle,0x20,0x0,pGaf,GafSequence *,
FxWindParticle,0x20,0x4,nPosX,int,
FxWindParticle,0x20,0x8,nPosY,int,
FxWindParticle,0x20,0xc,nPosZ,int,
FxWindParticle,0x20,0x10,nFrameMax,int,
FxWindParticle,0x20,0x14,nFrameIndex,int,
FxWindParticle,0x20,0x18,nHoldPeriod,int,
FxWindParticle,0x20,0x1c,nHoldLeft,int,
GafAnim,0x10,0x0,nVersion,int,
GafAnim,0x10,0x4,nSequences,short,
GafAnim,0x10,0x6,nReserved,short,
GafAnim,0x10,0x8,nReserved08,int,
GafAnim,0x10,0xc,apSequences,GafSequence *[1],
GafAnimCacheEntry,0x44,0x0,aName,char[64],
GafAnimCacheEntry,0x44,0x40,pAnim,GafAnim *,
GafFrame,0x18,0x0,wWidth,ushort,
GafFrame,0x18,0x2,wHeight,ushort,
GafFrame,0x18,0x4,nXOff,short,
GafFrame,0x18,0x6,nYOff,short,
GafFrame,0x18,0x8,bTransparency,byte,
GafFrame,0x18,0x9,bCompressed,byte,
GafFrame,0x18,0xa,bLayers,byte,
GafFrame,0x18,0xb,bBlend,byte,
GafFrame,0x18,0xc,nReserved0C,int,
GafFrame,0x18,0x10,pPixelsOrLayers,void *,
GafFrame,0x18,0x14,pScratch,void *,
GafFrameCursor,0xc,0x0,wFrameIndex,ushort,
GafFrameCursor,0xc,0x2,wTicksLeft,ushort,
GafFrameCursor,0xc,0x4,cLoop,char,
GafFrameCursor,0xc,0x5,a_pad,char[3],
GafFrameCursor,0xc,0x8,pSequence,GafSequence *,
GafFrameEntry,0x8,0x0,pFrame,GafFrame *,
GafFrameEntry,0x8,0x4,wDuration,ushort,
GafFrameEntry,0x8,0x6,wReserved,ushort,
GafSequence,0x30,0x0,wFrames,ushort,
GafSequence,0x30,0x2,wLoop,ushort,
GafSequence,0x30,0x4,nReserved04,int,
GafSequence,0x30,0x8,aName,CHAR[32],
GafSequence,0x30,0x28,aEntries,GafFrameEntry[1],
GameSpeedControl,0x100,0x0,wGameSpeed,ushort,
GameSpeedControl,0x100,0x2,wEffectiveGameSpeed,ushort,
GameSpeedControl,0x100,0x4,nSpeedHysteresis,short,
GameSpeedControl,0x100,0x6,wPauseFlags,ushort,
GameSpeedControl,0x100,0x8,aImageOutputDir,char[248],
GameState,0x3924d,0x0,bUnused_lead,byte,Zeroed with alloc; never read/written (version @+1..+3)
GameState,0x3924d,0x1,bGameVersionMajor,byte,
GameState,0x3924d,0x2,bGameVersionMinor,byte,
GameState,0x3924d,0x3,bGameVersionBuild,byte,
GameState,0x3924d,0x4,pBuildDateStr,char *,
GameState,0x3924d,0x8,pBuildTimeStr,char *,
GameState,0x3924d,0xc,pDisplayContext,DisplayContext *,
GameState,0x3924d,0x10,pAudioEngine,AudioEngine *,
GameState,0x3924d,0x14,hapinetSession,HapinetSession,HAPINET DirectPlay session blob
GameState,0x3924d,0x519,guiRoot,GuiRoot,
GameState,0x3924d,0x120f,aUnused_afterGuiRoot,byte[224],No R/W in IDB (0 scalar hits). Gap guiRoot end(+0x120f) → aChatHudRing(+0x12ef).
GameState,0x3924d,0x12ef,aChatHudRing,ChatHudEntry[30],30x ChatHudEntry; idxs wChatHudRead/WriteIdx
GameState,0x3924d,0x1b5f,dwLobbyPeriodicSyncTick,uint,
GameState,0x3924d,0x1b63,aPlayers,PlayerState[11],
GameState,0x3924d,0x299c,nDuplicatePlayerTypeFlag,int,
GameState,0x3924d,0x29a0,pSkirmishSettings,SkirmishInfo *,
GameState,0x3924d,0x29a4,aShareVisionReady,uint[10],
GameState,0x3924d,0x29cc,aUnused_afterShareVisionReady,byte[4],"Pad after [10] array; CMP loop-bound uses end offset, not this field"
GameState,0x3924d,0x29d0,aStartPosAssignAck,uint[10],ack for pkt 0x1F; gate with ShareVisionReady
GameState,0x3924d,0x29f8,aUnused_afterStartPosAssignAck,byte[4],"Pad after [10] array; CMP loop-bound uses end offset, not this field"
GameState,0x3924d,0x29fc,aStartPosShuffle,int[10],
GameState,0x3924d,0x2a24,aUnused_afterStartPosShuffle,byte[4],No absolute xrefs (alignment/pad)
GameState,0x3924d,0x2a28,nStartPosShuffleReady,int,
GameState,0x3924d,0x2a2c,aUnused_afterStartPosShuffleReady,byte[4],No absolute xrefs (alignment/pad)
GameState,0x3924d,0x2a30,pPlayerSyncState,void *,
GameState,0x3924d,0x2a34,cbNetRecvPacketBuf,uint,
GameState,0x3924d,0x2a38,pNetRecvPacketPtr,byte *,
GameState,0x3924d,0x2a3c,wPlayerCount,ushort,
GameState,0x3924d,0x2a3e,wChatHudWriteIdx,ushort,
GameState,0x3924d,0x2a40,wChatHudReadIdx,ushort,
GameState,0x3924d,0x2a42,bLocalPlayerIndex,byte,
GameState,0x3924d,0x2a43,bLosPlayerIndex,byte,
GameState,0x3924d,0x2a44,bNetGameFlags,byte,
GameState,0x3924d,0x2a45,bNetGameFlagsHi,byte,High byte of wNetGameFlags with bNetGameFlags; R/W with ushort packs in Frontend_RunStateMachine
GameState,0x3924d,0x2a46,aNetOrCdSentinel,byte[5],
GameState,0x3924d,0x2a4b,apLobbyListColBufs,char *[15],
GameState,0x3924d,0x2a87,aUnused_afterLobbyListColBufs,byte[20],No R/W in IDB. Between apLobbyListColBufs[15] (filled i<0xF) and pLobbyChatBuf.
GameState,0x3924d,0x2a9b,pLobbyChatBuf,char *,
GameState,0x3924d,0x2a9f,pProviderGuids,void *,
GameState,0x3924d,0x2aa3,pDplayConnections,void *,
GameState,0x3924d,0x2aa7,pGameDescriptions,void *,
GameState,0x3924d,0x2aab,pPlayerShared,void *,
GameState,0x3924d,0x2aaf,wDplayAddressDialogFlags,ushort,
GameState,0x3924d,0x2ab1,aSelectedPlayerShared,byte[185],
GameState,0x3924d,0x2b6a,aSelectedGameDesc,byte[84],
GameState,0x3924d,0x2bbe,nFrontendMenuState,FrontendMenuState,
GameState,0x3924d,0x2bbf,bFrontendMenuSubstate,byte,
GameState,0x3924d,0x2bc0,bFrontendMenuSubstateRequest,byte,
GameState,0x3924d,0x2bc1,aGameName,char[17],
GameState,0x3924d,0x2bd2,aNickname,char[17],
GameState,0x3924d,0x2be3,aPassword,char[11],
GameState,0x3924d,0x2bee,wLobbyUiDirtyFlags,ushort,
GameState,0x3924d,0x2bf0,bChatSendMode,byte,
GameState,0x3924d,0x2bf1,aChatSelectedPlayers,byte[10],
GameState,0x3924d,0x2bfb,aChatSelectTail,byte[45],
GameState,0x3924d,0x2c28,aLobbySlotNetIds,uint[11],
GameState,0x3924d,0x2c54,aUnused_afterLobbySlotNetIds,byte[32],No R/W. Lobby_InitBattleroomLounge STOSD aLobbySlotNetIds ecx=0xB covers only through +0x2c53; next field wLobbyLockFlags@0x2c74.
GameState,0x3924d,0x2c74,wLobbyLockFlags,ushort,
GameState,0x3924d,0x2c76,nCursorScreenX,int,
GameState,0x3924d,0x2c7a,nCursorScreenY,int,
GameState,0x3924d,0x2c7e,dwCursorKeyFlags,uint,
GameState,0x3924d,0x2c82,nCursorScaledTick,int,
GameState,0x3924d,0x2c86,dwCursorMsg,uint,
GameState,0x3924d,0x2c8a,nCursorDblClick,int,
GameState,0x3924d,0x2c8e,nCursorMapCellX,short,
GameState,0x3924d,0x2c90,nCursorMapCellZ,short,
GameState,0x3924d,0x2c92,nBoxSelectStartX,int,
GameState,0x3924d,0x2c96,nBoxSelectStartH,int,
GameState,0x3924d,0x2c9a,nBoxSelectStartY,int,
GameState,0x3924d,0x2c9e,nBoxSelectEndX,int,
GameState,0x3924d,0x2ca2,nBoxSelectEndH,int,
GameState,0x3924d,0x2ca6,nBoxSelectEndY,int,
GameState,0x3924d,0x2caa,nCursorWorldX,int,
GameState,0x3924d,0x2cae,nCursorWorldY,int,
GameState,0x3924d,0x2cb2,nCursorWorldZ,int,
GameState,0x3924d,0x2cb6,dwBoxSelectStartTick,uint,
GameState,0x3924d,0x2cba,wHoverUnitId,ushort,
GameState,0x3924d,0x2cbc,wHoverFeatureId,ushort,
GameState,0x3924d,0x2cbe,eCursorMode,CursorMode,
GameState,0x3924d,0x2cbf,aUnused_afterCursorMode,byte[4],Between eCursorMode and eOrderIntent; no absolute xrefs
GameState,0x3924d,0x2cc3,eOrderIntent,OrderIntent,restored
GameState,0x3924d,0x2cc4,wPendingBuildUnitDefId,ushort,restored
GameState,0x3924d,0x2cc6,bBattleInputFlags,byte,restored
GameState,0x3924d,0x2cc7,aMiddleMouseSavedCursor,int[6],restored
GameState,0x3924d,0x2cdf,nMiddleMouseScrollActive,int,restored
GameState,0x3924d,0x2ce3,nMiddleMouseScreenCenterX,int,restored
GameState,0x3924d,0x2ce7,nMiddleMouseScreenCenterY,int,restored
GameState,0x3924d,0x2ceb,nMiddleMouseBaseScrollTileX,int,restored
GameState,0x3924d,0x2cef,nMiddleMouseBaseScrollTileY,int,restored
GameState,0x3924d,0x2cf3,aWeaponDefs,WeaponDef[256],restored
GameState,0x3924d,0x141f3,nProjectileCount,int,restored
GameState,0x3924d,0x141f7,pProjectiles,Projectile *,restored
GameState,0x3924d,0x141fb,pSortUnitList,void *,restored
GameState,0x3924d,0x141ff,pSortIndices,void *,restored
GameState,0x3924d,0x14203,pSortLineCount,void *,restored
GameState,0x3924d,0x14207,pAiSearch,AiSearch *,restored
GameState,0x3924d,0x1420b,pFeatureAnims,FeatureAnim *,restored
GameState,0x3924d,0x1420f,pFeatureProxyUnit,UnitInstance *,restored
GameState,0x3924d,0x14213,nFeatureAnimActiveHead,int,restored
GameState,0x3924d,0x14217,nFeatureAnimIdleHead,int,restored
GameState,0x3924d,0x1421b,nFeatureAnimFreeHead,int,restored
GameState,0x3924d,0x1421f,pLosFogViewportGrid,LosFogViewportGrid *,restored
GameState,0x3924d,0x14223,nMapWidthWorld,int,restored
GameState,0x3924d,0x14227,nMapHeightWorld,int,restored
GameState,0x3924d,0x1422b,nMapPixelWidth,int,restored
GameState,0x3924d,0x1422f,nMapPixelHeight,int,restored
GameState,0x3924d,0x14233,nMapWidthTiles,int,restored
GameState,0x3924d,0x14237,nMapHeightTiles,int,restored
GameState,0x3924d,0x1423b,nViewWidthTiles,int,restored
GameState,0x3924d,0x1423f,nViewHeightTiles,int,restored
GameState,0x3924d,0x14243,aUnused_afterViewHeightTiles,byte[8],No absolute xrefs (alignment/pad)
GameState,0x3924d,0x1424b,nUnitSortRowWidth,int,restored
GameState,0x3924d,0x1424f,nUnitSortRowCount,int,restored
GameState,0x3924d,0x14253,nFeatureDefCount,int,restored
GameState,0x3924d,0x14257,nFeatureReproduceCursor,int,restored
GameState,0x3924d,0x1425b,nWindSpeedMin,int,restored
GameState,0x3924d,0x1425f,nWindSpeedMax,int,restored
GameState,0x3924d,0x14263,nGravity,int,restored
GameState,0x3924d,0x14267,flTidalStrength,float,restored
GameState,0x3924d,0x1426b,pMinimapGaf,GafFrame *,restored
GameState,0x3924d,0x1426f,pFeatureDefs,FeatureDef *,restored
GameState,0x3924d,0x14273,pMappedMemory,ushort *,restored
GameState,0x3924d,0x14277,nDeferredLosCount,int,restored
GameState,0x3924d,0x1427b,pDeferredLosEntries,LosDeferredSightEntry *,restored
GameState,0x3924d,0x1427f,bSeaLevel,byte,restored
GameState,0x3924d,0x14280,bCursorCrosshairMode,byte,restored
GameState,0x3924d,0x14281,wMapFlags,ushort,restored
GameState,0x3924d,0x14283,pTileSet,MapTileSet *,restored
GameState,0x3924d,0x14287,pHeightMap,HeightMapCell *,restored
GameState,0x3924d,0x1428b,pTileMap,ushort *,restored
GameState,0x3924d,0x1428f,losHalfResHeightBand,LosHalfResHeightBand,restored
GameState,0x3924d,0x1429f,spatialGrid,SpatialGrid,restored
GameState,0x3924d,0x142bb,aMinimapHitRect,int[4],restored
GameState,0x3924d,0x142cb,aMinimapViewRect,int[4],restored
GameState,0x3924d,0x142db,pRadarFinalSurface,GfxSurface *,restored
GameState,0x3924d,0x142df,pRadarMappedSurface,GfxSurface *,restored
GameState,0x3924d,0x142e3,pRadarPictureSurface,GfxSurface *,restored
GameState,0x3924d,0x142e7,nMinimapGadgetX,short,restored
GameState,0x3924d,0x142e9,nMinimapGadgetY,short,restored
GameState,0x3924d,0x142eb,nMinimapGadgetW,short,restored
GameState,0x3924d,0x142ed,nMinimapGadgetH,short,restored
GameState,0x3924d,0x142ef,wMinimapBlinkCounter,ushort,restored
GameState,0x3924d,0x142f1,wViewDirtyFlags,ushort,restored
GameState,0x3924d,0x142f3,pCameraFollowUnit,UnitInstance *,restored
GameState,0x3924d,0x142f7,pCameraFollowTrackObj,Projectile *,restored
GameState,0x3924d,0x142fb,cameraBookmarks,CameraBookmarkState,
GameState,0x3924d,0x1431f,nViewScrollX,int,restored
GameState,0x3924d,0x14323,nViewScrollY,int,restored
GameState,0x3924d,0x14327,nViewTargetX,int,restored
GameState,0x3924d,0x1432b,nViewTargetY,int,restored
GameState,0x3924d,0x1432f,nCameraShakeMagnitude,int,restored
GameState,0x3924d,0x14333,nCameraShakeTicksLeft,int,restored
GameState,0x3924d,0x14337,nCameraShakeAccumX,int,restored
GameState,0x3924d,0x1433b,nCameraShakeAccumY,int,restored
GameState,0x3924d,0x1433f,nCameraSnapPosX,int,restored
GameState,0x3924d,0x14343,nCameraSnapPosY,int,restored
GameState,0x3924d,0x14347,nCameraSnapPosZ,int,restored
GameState,0x3924d,0x1434b,wCameraSnapTicks,ushort,restored
GameState,0x3924d,0x1434d,bEdgeScrollSpeed,byte,restored
GameState,0x3924d,0x1434e,bCameraFlags,byte,restored
GameState,0x3924d,0x1434f,wUnitsPerPlayer,ushort,restored
GameState,0x3924d,0x14351,wTotalUnitSlots,ushort,restored
GameState,0x3924d,0x14353,nActiveUnitTickCount,int,restored
GameState,0x3924d,0x14357,pUnitArrayBase,UnitInstance *,restored
GameState,0x3924d,0x1435b,pUnitArrayEnd,UnitInstance *,restored
GameState,0x3924d,0x1435f,pVisibleUnitIdList,ushort *,restored
GameState,0x3924d,0x14363,pHotRadarUnitList,HotRadarUnitEntry *,restored
GameState,0x3924d,0x14367,nVisibleUnitCount,int,restored
GameState,0x3924d,0x1436b,nHotRadarUnitCount,int,restored
GameState,0x3924d,0x1436f,wCameraFocusUnitId,ushort,restored
GameState,0x3924d,0x14371,nCameraAutoFollowTicks,short,restored
GameState,0x3924d,0x14373,dwCameraAutoFollowFlags,uint,restored
GameState,0x3924d,0x14377,ppUnitModels,Model3do * *,restored
GameState,0x3924d,0x1437b,pUnitTable,UnitTable *,restored
GameState,0x3924d,0x1437f,aUnused_afterUnitTable,byte[4],No absolute xrefs (alignment/pad)
GameState,0x3924d,0x14383,pTempXformPts,void *,restored
GameState,0x3924d,0x14387,pTempProjectedPts,void *,restored
GameState,0x3924d,0x1438b,pAssemPts,void *,restored
GameState,0x3924d,0x1438f,nUnitDefCount,int,restored
GameState,0x3924d,0x14393,nUnitDefCountBits,int,restored
GameState,0x3924d,0x14397,nUnitDefEnumDirty,int,restored
GameState,0x3924d,0x1439b,pUnitDefs,UnitDef *,restored
GameState,0x3924d,0x1439f,aUnused_afterUnitDefs,byte[8],No absolute xrefs (alignment/pad)
GameState,0x3924d,0x143a7,aPaletteRgba,byte[1024],restored
GameState,0x3924d,0x147a7,nBottomPanelHeight,int,restored
GameState,0x3924d,0x147ab,nGafAnimCacheCount,int,restored
GameState,0x3924d,0x147af,pGafAnimCache,GafAnimCacheEntry *,restored
GameState,0x3924d,0x147b3,aUnused_afterGafAnimCache,byte[8],No absolute xrefs (alignment/pad)
GameState,0x3924d,0x147bb,pCannonShellSeq,GafSequence *,restored
GameState,0x3924d,0x147bf,pPlasmaSmSeq,GafSequence *,restored
GameState,0x3924d,0x147c3,pPlasmaMdSeq,GafSequence *,restored
GameState,0x3924d,0x147c7,pUltraShellSeq,GafSequence *,restored
GameState,0x3924d,0x147cb,pPlasmaSmSeq2,GafSequence *,restored
GameState,0x3924d,0x147cf,pSmoke1Seq,GafSequence *,restored
GameState,0x3924d,0x147d3,pSmoke2Seq,GafSequence *,restored
GameState,0x3924d,0x147d7,pFire1Seq,GafSequence *,restored
GameState,0x3924d,0x147db,pAlfboom1Seq,GafSequence *,restored
GameState,0x3924d,0x147df,pMinimapUnitBlipSeq,GafSequence *,restored
GameState,0x3924d,0x147e3,pMinimapHoverMarkSeq,GafSequence *,restored
GameState,0x3924d,0x147e7,pMinimapProjectileSeq,GafSequence *,restored
GameState,0x3924d,0x147eb,pWaterSplashSeq,GafSequence *,restored
GameState,0x3924d,0x147ef,pLavaSplashSeq,GafSequence *,restored
GameState,0x3924d,0x147f3,pFlameStreamSeq,GafSequence *,restored
GameState,0x3924d,0x147f7,pExplosionSeq,GafSequence *,restored
GameState,0x3924d,0x147fb,pExplode2Seq,GafSequence *,restored
GameState,0x3924d,0x147ff,pExplode3Seq,GafSequence *,restored
GameState,0x3924d,0x14803,pExplode4Seq,GafSequence *,restored
GameState,0x3924d,0x14807,pExplode5Seq,GafSequence *,restored
GameState,0x3924d,0x1480b,pNuke1Seq,GafSequence *,restored
GameState,0x3924d,0x1480f,pShadowSeq,GafSequence *,restored
GameState,0x3924d,0x14813,pEndgameBadgeSeqA,GafSequence *,restored
GameState,0x3924d,0x14817,pEndgameBadgeSeqB,GafSequence *,restored
GameState,0x3924d,0x1481b,pCenterBadgeSeq,GafSequence *,restored
GameState,0x3924d,0x1481f,apSidePanelTopSeq,GafSequence *[5],restored
GameState,0x3924d,0x14833,apSidePanelBotSeq,GafSequence *[5],restored
GameState,0x3924d,0x14847,apSidePanelSideSeq,GafSequence *[5],restored
GameState,0x3924d,0x1485b,pLosSightCircleGaf,GafSequence *,restored
GameState,0x3924d,0x1485f,pBlack1Seq,GafSequence *,restored
GameState,0x3924d,0x14863,pBlack2Seq,GafSequence *,restored
GameState,0x3924d,0x14867,pBlack3Seq,GafSequence *,restored
GameState,0x3924d,0x1486b,pBlack4Seq,GafSequence *,restored
GameState,0x3924d,0x1486f,pGray1Seq,GafSequence *,restored
GameState,0x3924d,0x14873,pGray2Seq,GafSequence *,restored
GameState,0x3924d,0x14877,pGray3Seq,GafSequence *,restored
GameState,0x3924d,0x1487b,pGray4Seq,GafSequence *,restored
GameState,0x3924d,0x1487f,apCursorModeSeq,GafSequence *[21],restored
GameState,0x3924d,0x148d3,pCursorPathIconSeq,GafSequence *,restored
GameState,0x3924d,0x148d7,pLogosGaf,GafAnim *,restored
GameState,0x3924d,0x148db,pPlayerColorLogosSeq,GafSequence *,restored
GameState,0x3924d,0x148df,nTextureGafCount,int,restored
GameState,0x3924d,0x148e3,ppTextureGafs,GafAnim * *,restored
GameState,0x3924d,0x148e7,nAnimplayCursorCount,int,restored
GameState,0x3924d,0x148eb,ppAnimplayCursors,GafFrameCursor * *,restored
GameState,0x3924d,0x148ef,pGafAnimClearedSlot,GafAnim *,restored
GameState,0x3924d,0x148f3,pFxGaf,GafAnim *,restored
GameState,0x3924d,0x148f7,pIgTitlesGaf,GafAnim *,restored
GameState,0x3924d,0x148fb,pVisMasksGaf,GafAnim *,restored
GameState,0x3924d,0x148ff,pFogGaf,GafAnim *,restored
GameState,0x3924d,0x14903,pCursorsGaf,GafAnim *,restored
GameState,0x3924d,0x14907,apSideIntGafAnims,GafAnim *[5],restored
GameState,0x3924d,0x1491b,nWorldEffectCount,int,restored
GameState,0x3924d,0x1491f,aWorldEffects,WorldEffect[300],restored
GameState,0x3924d,0x1ab8f,apCalcedExplosion,CalcedExplosion *[3],restored
GameState,0x3924d,0x1ab9b,pExplosionLensFrame,GafFrame *,restored
GameState,0x3924d,0x1ab9f,aExplodePieceSlots,ExplodePieceSlot[300],restored
GameState,0x3924d,0x1e88f,aExplodePieceVtxBuf,byte[28800],restored
GameState,0x3924d,0x2590f,aExplodePiecePrimBuf,byte[57596],restored
GameState,0x3924d,0x33a0b,soundBank,SoundBank,restored
GameState,0x3924d,0x37e0f,aUnused_afterSoundBank,byte[4],No absolute xrefs (alignment/pad)
GameState,0x3924d,0x37e13,pSoundCategories,SoundCategory *,restored
GameState,0x3924d,0x37e17,nSoundCategoryCount,int,restored
GameState,0x3924d,0x37e1b,nOffscreenWidth,int,restored
GameState,0x3924d,0x37e1f,nOffscreenHeight,int,restored
GameState,0x3924d,0x37e23,nViewCullMinX,int,restored
GameState,0x3924d,0x37e27,nViewCullMinY,int,restored
GameState,0x3924d,0x37e2b,nViewCullMaxX,int,restored
GameState,0x3924d,0x37e2f,nViewCullMaxY,int,restored
GameState,0x3924d,0x37e33,nViewWidth,int,restored
GameState,0x3924d,0x37e37,nViewPixelWidth,int,restored
GameState,0x3924d,0x37e3b,nViewPixelHeight,int,restored
GameState,0x3924d,0x37e3f,aResourceHudCache,ResourceHudCache,restored
GameState,0x3924d,0x37e60,selectionInfoCache,SelectionInfoCache,restored
GameState,0x3924d,0x37e9c,wBuildMenuFocusUnitId,ushort,restored
GameState,0x3924d,0x37e9e,wBuildMenuFocusUnitDefId,ushort,restored
GameState,0x3924d,0x37ea0,aMainHudLayoutName,char[30],restored
GameState,0x3924d,0x37ebe,wOrdersPanelFlags,ushort,restored
GameState,0x3924d,0x37ec0,wOrdersCapabilityBits,ushort,restored
GameState,0x3924d,0x37ec2,wOrdersCapabilityBitsHi,ushort,restored
GameState,0x3924d,0x37ec4,dwNextWindChangeTick,uint,restored
GameState,0x3924d,0x37ec8,nWindSpeedDenom,int,restored
GameState,0x3924d,0x37ecc,nWindVelX,int,restored
GameState,0x3924d,0x37ed0,nWindVelY_Unwritten,int,restored
GameState,0x3924d,0x37ed4,nWindVelZ,int,restored
GameState,0x3924d,0x37ed8,wWindHeading,ushort,restored
GameState,0x3924d,0x37eda,nWindSpeed,int,restored
GameState,0x3924d,0x37ede,flWindFraction,float,restored
GameState,0x3924d,0x37ee2,nWindChanged,int,restored
GameState,0x3924d,0x37ee6,wMaxUnits,ushort,restored
GameState,0x3924d,0x37ee8,wLobbyInitScratch,ushort,restored
GameState,0x3924d,0x37eea,wMaxUnitsLobby,ushort,restored
GameState,0x3924d,0x37eec,wUnitLimitIni,ushort,restored
GameState,0x3924d,0x37eee,nAiDifficulty,int,restored
GameState,0x3924d,0x37ef2,nSide,int,restored
GameState,0x3924d,0x37ef6,nBattleCommanderDeath,int,restored
GameState,0x3924d,0x37efa,nInterfaceType,int,restored
GameState,0x3924d,0x37efe,nChatHudFilterMode,int,restored
GameState,0x3924d,0x37f02,nScreenChat,int,restored
GameState,0x3924d,0x37f06,wVisualFlags,ushort,restored
GameState,0x3924d,0x37f08,nGamma,int,restored
GameState,0x3924d,0x37f0c,nFxVolume,int,restored
GameState,0x3924d,0x37f10,nMusicVolume,int,restored
GameState,0x3924d,0x37f14,wMusicFlags,ushort,restored
GameState,0x3924d,0x37f16,bCdMode,byte,restored
GameState,0x3924d,0x37f17,bUnitChat,byte,restored
GameState,0x3924d,0x37f18,bUnitChatText,byte,restored
GameState,0x3924d,0x37f19,wSoundFlags,ushort,restored
GameState,0x3924d,0x37f1b,nDisplayWidth,int,restored
GameState,0x3924d,0x37f1f,nDisplayHeight,int,restored
GameState,0x3924d,0x37f23,nTextScroll,int,restored
GameState,0x3924d,0x37f27,nTextLines,int,restored
GameState,0x3924d,0x37f2b,nMouseSpeed,int,restored
GameState,0x3924d,0x37f2f,wUiOptionFlags,ushort,restored
GameState,0x3924d,0x37f31,nLobbyTimeoutSecs,int,restored
GameState,0x3924d,0x37f35,nNetSendDropPct,int,restored
GameState,0x3924d,0x37f39,nSideCount,int,restored
GameState,0x3924d,0x37f3d,aSideDefs,SideDef[5],restored
GameState,0x3924d,0x38a37,dwLastSimBudgetTick,uint,restored
GameState,0x3924d,0x38a3b,nSimStepsPending,int,restored
GameState,0x3924d,0x38a3f,dwSimBudgetDtTicks,uint,restored
GameState,0x3924d,0x38a43,flSimStepFracAccum,float,restored
GameState,0x3924d,0x38a47,dwGameTick,uint,restored
GameState,0x3924d,0x38a4b,speedCtrl,GameSpeedControl,restored
GameState,0x3924d,0x38b4b,aMovieCaptureDir,char[256],restored
GameState,0x3924d,0x38c4b,aUnused_beforeMovieCaptureIndex,byte[8],restored
GameState,0x3924d,0x38c53,nMovieCaptureIndex,int,restored
GameState,0x3924d,0x38c57,nMovieOutputRate,int,restored
GameState,0x3924d,0x38c5b,dwNextMovieFrameTick,uint,restored
GameState,0x3924d,0x38c5f,nImageOutputDirDirty,int,restored
GameState,0x3924d,0x38c63,nMovieOutputRateDirty,int,restored
GameState,0x3924d,0x38c67,nUnused_afterMovieOutputRateDirty,int,restored
GameState,0x3924d,0x38c6b,aSavegamePath,char[256],restored
GameState,0x3924d,0x38d6b,pPendingSaveStore,void *,restored
GameState,0x3924d,0x38d6f,bLoadPctTextures,byte,restored
GameState,0x3924d,0x38d70,bLoadPctTerrain,byte,restored
GameState,0x3924d,0x38d71,bLoadPctUnits,byte,restored
GameState,0x3924d,0x38d72,bLoadPctAnimation,byte,restored
GameState,0x3924d,0x38d73,bLoadPct3dData,byte,restored
GameState,0x3924d,0x38d74,bLoadPctExplosions,byte,restored
GameState,0x3924d,0x38d75,bLoadingFlags,byte,restored
GameState,0x3924d,0x38d76,bLoadingFlagsHi,byte,restored
GameState,0x3924d,0x38d77,pFxListenerSlots,FxListenerSlotTable *,restored
GameState,0x3924d,0x38d7b,pMoviePlayer,MoviePlayer *,restored
GameState,0x3924d,0x38d7f,wAllMissionsFlags,ushort,restored
GameState,0x3924d,0x38d81,nNumSkirmishPlayers,int,restored
GameState,0x3924d,0x38d85,profileTimingBars,ProfileTimingBars,restored
GameState,0x3924d,0x38dd5,nProfileBarsEnabled,int,restored
GameState,0x3924d,0x38dd9,aEndGamePlayerStats,EndGamePlayerStatRow[10],restored
GameState,0x3924d,0x3901d,aUnused_0x3901d,byte[50],restored
GameState,0x3924d,0x3904f,endGameUi,EndGameUiState,restored
GameState,0x3924d,0x39087,pDesiredPaletteBuf,byte *,restored
GameState,0x3924d,0x3908b,pFadeTable,byte *,restored
GameState,0x3924d,0x3908f,aGlamourBriefPath,char[256],restored
GameState,0x3924d,0x3918f,nEndGameMaxKills,int,restored
GameState,0x3924d,0x39193,nEndGameMaxLosses,int,restored
GameState,0x3924d,0x39197,nEndGameMaxEProduced,int,restored
GameState,0x3924d,0x3919b,nEndGameMaxMProduced,int,restored
GameState,0x3924d,0x3919f,nEndGameMaxEWasted,int,restored
GameState,0x3924d,0x391a3,nEndGameMaxMWasted,int,restored
GameState,0x3924d,0x391a7,nEndGameMaxScore,int,restored
GameState,0x3924d,0x391ab,nEndGameMissionIndex,int,restored
GameState,0x3924d,0x391af,nEndGameCampaignWin,int,restored
GameState,0x3924d,0x391b3,nUnitInfoHoverTrack,int,restored
GameState,0x3924d,0x391b7,wUnitInfoHoverUnitId,ushort,restored
GameState,0x3924d,0x391b9,nUnitBuilderHoverTrack,int,restored
GameState,0x3924d,0x391bd,wUnitBuilderHoverUnitId,ushort,restored
GameState,0x3924d,0x391bf,dwShowRanges,int,restored
GameState,0x3924d,0x391c3,dwShowBps,int,restored
GameState,0x3924d,0x391c7,nDownloadMenuCount,int,restored
GameState,0x3924d,0x391cb,pDownloadMenus,DownloadMenuFile *,restored
GameState,0x3924d,0x391cf,aCampaignMissionStatus,char[26],restored
GameState,0x3924d,0x391e9,pMapInfo,MapInfo *,restored
GameState,0x3924d,0x391ed,pVictoryConditions,VictoryConditions *,restored
GameState,0x3924d,0x391f1,nFrontendState,FrontendState,restored
GameState,0x3924d,0x391f5,pfnFrontendStateHandler,void *,restored
GameState,0x3924d,0x391f9,pFontComix,FontData *,restored
GameState,0x3924d,0x391fd,pFontSmlFont,FontData *,restored
GameState,0x3924d,0x39201,aSelectedDplayProviderGuid,byte[16],restored
GameState,0x3924d,0x39211,pSelectedDplayConnection,void *,restored
GameState,0x3924d,0x39215,cbSelectedDplayConnection,uint,restored
GameState,0x3924d,0x39219,nSingleCommanderDeath,int,restored
GameState,0x3924d,0x3921d,nMapping,int,restored
GameState,0x3924d,0x39221,nLineOfSight,int,restored
GameState,0x3924d,0x39225,nSingleLosType,int,restored
GameState,0x3924d,0x39229,nMultiCommanderDeath,int,restored
GameState,0x3924d,0x3922d,nMultiMapping,int,restored
GameState,0x3924d,0x39231,nMultiLineOfSight,int,restored
GameState,0x3924d,0x39235,nMultiLosTypeElev,int,restored
GameState,0x3924d,0x39239,wEndGameCountdown,ushort,restored
GameState,0x3924d,0x3923b,wEndGameFlags,ushort,restored
GameState,0x3924d,0x3923d,nPlayMoviePref,int,restored
GameState,0x3924d,0x39241,nIntroMovieLoop,int,restored
GameState,0x3924d,0x39245,nCmdlineSkipIntroMovie,int,restored
GameState,0x3924d,0x39249,nRestartMissionRequest,int,restored
GfxRect,0x10,0x0,nLeft,int,
GfxRect,0x10,0x4,nTop,int,
GfxRect,0x10,0x8,nRight,int,
GfxRect,0x10,0xc,nBottom,int,
GfxSurface,0x30,0x0,nWidth,int,
GfxSurface,0x30,0x4,nHeight,int,
GfxSurface,0x30,0x8,nPitch,int,
GfxSurface,0x30,0xc,pBits,byte *,
GfxSurface,0x30,0x10,nZPriority,int,
GfxSurface,0x30,0x14,nColorKey,int,
GfxSurface,0x30,0x18,nHotspotX,short,
GfxSurface,0x30,0x1a,nHotspotY,short,
GfxSurface,0x30,0x1c,nClipLeft,int,
GfxSurface,0x30,0x20,nClipTop,int,
GfxSurface,0x30,0x24,nClipRight,int,
GfxSurface,0x30,0x28,nClipBottom,int,
GfxSurface,0x30,0x2c,dwFlags,uint,
GuiGadget,0x15b,0x0,bId,byte,
GuiGadget,0x15b,0x1,bAssoc,byte,
GuiGadget,0x15b,0x2,aName,char[16],
GuiGadget,0x15b,0x13,nXPos,short,
GuiGadget,0x15b,0x15,nYPos,short,
GuiGadget,0x15b,0x17,nWidth,short,
GuiGadget,0x15b,0x19,nHeight,short,
GuiGadget,0x15b,0x1b,dwAttribs,uint,
GuiGadget,0x15b,0x1f,dwColorFg,uint,
GuiGadget,0x15b,0x23,dwColorBg,uint,
GuiGadget,0x15b,0x27,bTextureNumber,byte,
GuiGadget,0x15b,0x28,bFontNumber,byte,
GuiGadget,0x15b,0x29,bActive,byte,
GuiGadget,0x15b,0x2a,bCommonAttribs,byte,
GuiGadget,0x15b,0x2b,pGafAnim,GafAnim *,
GuiGadget,0x15b,0x2f,pGafSeq,GafSequence *,
GuiGadget,0x15b,0x33,aHelp,CHAR[128],
GuiGadget,0x15b,0xb4,wGafFile,ushort,
GuiGadget,0x15b,0xb6,aText,CHAR[128],
GuiGadget,0x15b,0x136,bStages,byte,
GuiGadget,0x15b,0x137,bCurStage,byte,
GuiGadget,0x15b,0x138,nStatus,short,
GuiGadget,0x15b,0x13a,bQuickKey,byte,
GuiGadget,0x15b,0x13b,bFrameBase,byte,
GuiGadget,0x15b,0x13c,nGrayedOrThick,int,
GuiGadget,0x15b,0x140,nKnobPos,short,
GuiGadget,0x15b,0x142,nKnobSize,short,
GuiGadget,0x15b,0x144,pfnSliderCallback,void *,
GuiGadget,0x15b,0x148,wLabelStatus,ushort,
GuiGadget,0x15b,0x14a,pSliderUser,void *,
GuiGadget,0x15b,0x14e,pSliderGafSeq,GafSequence *,
GuiGadget,0x15b,0x152,bSliderFrameBase,byte,
GuiGadget,0x15b,0x157,nSliderLocked,int,
GuiGadgetEdit,0x80,0x62,nMaxChars,short,
GuiGadgetHotspot,0x13,0x0,pfnClickOrDraw,void *,
GuiGadgetHotspot,0x13,0x4,pUserData,void *,
GuiGadgetHotspot,0x13,0x8,pGafSeq,GafSequence *,
GuiGadgetHotspot,0x13,0xc,nField_0xc,int,
GuiGadgetHotspot,0x13,0x10,wFrameIndex,ushort,
GuiGadgetHotspot,0x13,0x12,bHotOrNot,byte,
GuiGadgetLabel,0x92,0x0,aText,CHAR[128],
GuiGadgetLabel,0x92,0x80,aLinkName,char[16],
GuiGadgetLabel,0x92,0x90,bPad_0x144,byte,
GuiGadgetLabel,0x92,0x91,bHotkey,byte,
GuiGadgetListbox,0x22,0x0,nScrollPos,short,
GuiGadgetListbox,0x22,0x2,nScrollAux,short,
GuiGadgetListbox,0x22,0x4,nLastVisible,short,
GuiGadgetListbox,0x22,0x6,nItemCount,short,
GuiGadgetListbox,0x22,0x8,pItemData,void *,
GuiGadgetListbox,0x22,0xc,a_pad0c,byte[16],
GuiGadgetListbox,0x22,0x1c,pUser,void *,
GuiGadgetListbox,0x22,0x20,nItemHeight,short,
GuiGadgetProgressBar,0x1c,0x0,nCurrent,int,
GuiGadgetProgressBar,0x1c,0x4,nMax,int,
GuiGadgetProgressBar,0x1c,0x8,nInterval,int,
GuiGadgetProgressBar,0x1c,0xc,nNextTick,int,
GuiGadgetProgressBar,0x1c,0x10,flStep,float,
GuiGadgetProgressBar,0x1c,0x14,nRunning,int,
GuiGadgetProgressBar,0x1c,0x18,nShowText,int,
GuiGadgetSlider,0x80,0x60,nRange,short,
GuiGadgetSlider,0x80,0x66,nThick,int,
GuiGadgetSlider,0x80,0x6a,nKnobPos,short,
GuiGadgetSlider,0x80,0x6c,nKnobSize,short,
GuiGadgetSlider,0x80,0x6e,pfnCallback,void *,
GuiGadgetSliderTail,0x1b,0x0,nValue,short,
GuiGadgetSliderTail,0x1b,0x4,pfnChanged,void *,
GuiGadgetSliderTail,0x1b,0xa,pChangedUser,void *,
GuiGadgetSliderTail,0x1b,0x17,nLocked,int,
GuiLayout,0x40,0x0,pPrev,void *,
GuiLayout,0x40,0x4,pGadgets,GuiGadget *,
GuiLayout,0x40,0x8,pfnClose,void *,
GuiLayout,0x40,0xc,pUserData,void *,
GuiLayout,0x40,0x10,dwFlags,uint,
GuiLayout,0x40,0x14,nNeedsRedraw,int,
GuiLayout,0x40,0x18,nUseMappedInput,int,
GuiLayout,0x40,0x1c,pfnFrame,void *,
GuiLayout,0x40,0x20,nFocusedGadget,int,
GuiLayout,0x40,0x24,pBackgroundSurface,void *,
GuiLayout,0x40,0x28,aKeyState,byte[14],
GuiLayout,0x40,0x36,bLastKey,byte,
GuiLayout,0x40,0x37,nClickMode,int,
GuiLayout,0x40,0x3b,pfnKeyHandler,void *,
GuiLayoutGadgetTail,0x56,0x0,nTotalGadgets,short,
GuiLayoutGadgetTail,0x56,0x6,pDrawSurface,void *,
GuiLayoutGadgetTail,0x56,0x13,bVerMajor,byte,
GuiLayoutGadgetTail,0x56,0x14,bVerMinor,byte,
GuiLayoutGadgetTail,0x56,0x15,bVerRevision,byte,
GuiLayoutGadgetTail,0x56,0x16,aCrDefault,char[16],
GuiLayoutGadgetTail,0x56,0x26,aEscDefault,char[16],
GuiLayoutGadgetTail,0x56,0x36,aDefaultFocus,char[16],
GuiLayoutGadgetTail,0x56,0x46,aPanel,char[16],
GuiListboxState,0x28,0x0,dwScrollTick,uint,
GuiListboxState,0x28,0x4,nSelected,short,
GuiListboxState,0x28,0x6,nScrollTop,short,
GuiListboxState,0x28,0x8,nScrollMax,short,
GuiListboxState,0x28,0xa,nItemCount,short,
GuiListboxState,0x28,0xc,pTextLines,char *,
GuiListboxState,0x28,0x10,pItems,void *,
GuiListboxState,0x28,0x18,pfnOnSelect,void *,
GuiListboxState,0x28,0x24,nItemHeight,short,
GuiRoot,0xcf6,0x0,pDefaultFontData,FontData *,
GuiRoot,0xcf6,0x4,pCommonGuiGaf,void *,
GuiRoot,0xcf6,0x8,pFontSlot0,GafAnim *,
GuiRoot,0xcf6,0xc,pFontSlot1,GafAnim *,
GuiRoot,0xcf6,0x10,pFontSlot2,GafAnim *,
GuiRoot,0xcf6,0x14,pActiveFontGaf,GafAnim *,
GuiRoot,0xcf6,0x18,pLayoutTop,GuiLayout *,
GuiRoot,0xcf6,0x1c,pCursorSharedFrame,GafFrame *,
GuiRoot,0xcf6,0x20,pCursorDefaultFrame,GafFrame *,
GuiRoot,0xcf6,0x24,pCursorHoverFrame,GafFrame *,
GuiRoot,0xcf6,0x28,pCursorHoverSeq,GafSequence *,
GuiRoot,0xcf6,0x2c,pCursorActiveSeq,GafSequence *,
GuiRoot,0xcf6,0x30,cursorFrameAnim,GafFrameCursor,
GuiRoot,0xcf6,0x3c,nMouseX,int,
GuiRoot,0xcf6,0x40,nMouseY,int,
GuiRoot,0xcf6,0x44,dwCursorKeyFlags,uint,
GuiRoot,0xcf6,0x48,nMouseScaledTick,int,
GuiRoot,0xcf6,0x4c,nMouseMsg,int,
GuiRoot,0xcf6,0x50,nMouseDblClick,int,
GuiRoot,0xcf6,0x54,dwMouseKeyFlags,uint,
GuiRoot,0xcf6,0x58,nClickMode,int,
GuiRoot,0xcf6,0x5c,dwCursorSpriteFlags,uint,
GuiRoot,0xcf6,0x60,nHotGadgetIndex,int,
GuiRoot,0xcf6,0x64,nFocusedEditGadget,int,
GuiRoot,0xcf6,0x68,nHoverGadgetIndex,int,
GuiRoot,0xcf6,0x6c,nPrevHoverGadget,int,
GuiRoot,0xcf6,0x70,nClearQuickKeys,int,
GuiRoot,0xcf6,0x74,dwEditCaretPos,uint,
GuiRoot,0xcf6,0x78,nKnobDragging,int,
GuiRoot,0xcf6,0x7c,aDragMouseState,int[6],
GuiRoot,0xcf6,0x94,nDragKnobPosOrig,short,
GuiRoot,0xcf6,0x96,dwScaledTick,uint,
GuiRoot,0xcf6,0x9a,nAnimTimer,int,
GuiRoot,0xcf6,0x9e,nInputEnabled,int,
GuiRoot,0xcf6,0xa2,nDirty,int,
GuiRoot,0xcf6,0xa6,pBriefingFxSlots,BriefingFxSlot *,
GuiRoot,0xcf6,0xaa,nBriefingFxCount,int,
GuiRoot,0xcf6,0xae,nBriefingFxEnabled,int,
GuiRoot,0xcf6,0xb2,aGuiPaletteRgba,uint[256],
GuiRoot,0xcf6,0x4b2,aUnused_afterGuiPaletteRgba,byte[1024],
GuiRoot,0xcf6,0x8b2,aHudPaletteIndices,byte[256],Remap output: screen-palette indices for guipal[256]; slots 0x11/0x13/0x14 = bevelHi/grayed/bevelLo
GuiRoot,0xcf6,0x9b2,nColorPickerPaletteIndex,int,
GuiRoot,0xcf6,0x9b6,aPathGuis,char[256],
GuiRoot,0xcf6,0xab6,aPathAnims,char[256],
GuiRoot,0xcf6,0xbb6,aPathFonts,char[256],
GuiRoot,0xcf6,0xcb6,pColorPickerRedKnob,GuiGadget *,RED knob gadget; nKnobPos=R
GuiRoot,0xcf6,0xcba,pColorPickerGreenKnob,GuiGadget *,GREN knob; nKnobPos=G
GuiRoot,0xcf6,0xcbe,pColorPickerBlueKnob,GuiGadget *,BLUE knob; nKnobPos=B
GuiRoot,0xcf6,0xcc2,aUnused_afterColorPickerKnobs,byte[4],No absolute xrefs
GuiRoot,0xcf6,0xcc6,nPathsReady,int,
GuiRoot,0xcf6,0xcca,nHelpTextDirty,int,
GuiRoot,0xcf6,0xcce,nClickStatusCache,int,
GuiRoot,0xcf6,0xcd2,pFallbackDrawSurface,void *,
GuiRoot,0xcf6,0xcd6,aCachedBgBitmapName,char[32],Gfx_LoadCachedBitmap strcpy when installing bg; Gui_InitLayoutContext clears [0]; matches BitmapCacheEntry.aName[32]
GuiSliderState,0x18,0x0,nRange,short,
GuiSliderState,0x18,0x6,nThick,int,
GuiSliderState,0x18,0xa,nKnobPos,short,
GuiSliderState,0x18,0xc,nKnobSize,short,
GuiSliderState,0x18,0xe,pfnChange,void *,
GuiSliderState,0x18,0x14,pCallbackData,void *,
HapiArchive,0x118,0x0,pFile,FILE *,
HapiArchive,0x118,0x4,nCachedFilePos,int,
HapiArchive,0x118,0x8,pHeader,HapiHeader *,
HapiArchive,0x118,0xc,nRefCount,int,
HapiArchive,0x118,0x10,nKeepFileOpen,int,
HapiArchive,0x118,0x14,aFullPath,CHAR[260],
HapiBankAccountHeader,0x20,0x0,nAccountSize,int,
HapiBankAccountHeader,0x20,0x4,nSectionNameOffset,int,
HapiBankAccountHeader,0x20,0x8,nIntKeyCount,int,
HapiBankAccountHeader,0x20,0xc,nDoubleKeyCount,int,
HapiBankAccountHeader,0x20,0x10,nStringKeyCount,int,
HapiBankAccountHeader,0x20,0x14,nBlobCount,int,
HapiBankAccountHeader,0x20,0x18,nCompressed,int,
HapiBankAccountHeader,0x20,0x1c,nReserved,int,
HapiBankBlobDesc,0x10,0x0,nOffNameOrNeg1,int,
HapiBankBlobDesc,0x10,0x4,nIndex,int,
HapiBankBlobDesc,0x10,0x8,nOffData,int,
HapiBankBlobDesc,0x10,0xc,nCbData,int,
HapiBankFileHeader,0x22,0x0,aMagic,char[8],
HapiBankFileHeader,0x22,0x8,nOffBankName,int,
HapiBankFileHeader,0x22,0xc,nOffDirectory,int,
HapiBankFileHeader,0x22,0x10,nOffAccounts,int,
HapiBankFileHeader,0x22,0x14,nVersion,int,
HapiBankFileHeader,0x22,0x18,bDirCompressed,byte,
HapiBankFileHeader,0x22,0x19,aPad,byte[9],
HapiBankHeader,0x22,0x0,aMagic,char[8],
HapiBankHeader,0x22,0x8,nBankNameOffset,int,
HapiBankHeader,0x22,0xc,nDirectoryOffset,int,
HapiBankHeader,0x22,0x10,nDataOffset,int,
HapiBankHeader,0x22,0x14,nVersion,int,
HapiBankHeader,0x22,0x18,bDirectoryCompressed,byte,
HapiBankHeader,0x22,0x19,aPad,byte[9],
HapiDirEntry,0x9,0x0,pName,char *,
HapiDirEntry,0x9,0x4,pChildOrData,void *,
HapiDirEntry,0x9,0x8,bFlags,byte,
HapiDirNode,0x8,0x0,nCount,int,
HapiDirNode,0x8,0x4,pEntries,HapiDirEntry *,
HapiFileData,0x9,0x0,dwDataOffset,uint,
HapiFileData,0x9,0x4,dwSize,uint,
HapiFileData,0x9,0x8,bCompression,byte,
HapiFileHandle,0x118,0x0,pFile,FILE *,
HapiFileHandle,0x118,0x4,pArchive,HapiArchive *,
HapiFileHandle,0x118,0x8,pFileData,HapiFileData *,
HapiFileHandle,0x118,0xc,dwOffset,uint,
HapiFileHandle,0x118,0x10,pBlockSizes,uint *,
HapiFileHandle,0x118,0x14,pUncompBlock,void *,
HapiFileHandle,0x118,0x18,aPath,char[256],
HapiFindCtx,0x20d,0x0,aDirPath,char[256],
HapiFindCtx,0x20d,0x100,aFilePattern,char[256],
HapiFindCtx,0x20d,0x200,nArchiveIndex,int,
HapiFindCtx,0x20d,0x204,bSearchArchives,byte,
HapiFindCtx,0x20d,0x205,pFindOrNode,void *,
HapiFindCtx,0x20d,0x209,nEntryIndex,int,
HapiHeader,0x14,0x0,aMagic,char[4],
HapiHeader,0x14,0x4,dwVersion,uint,
HapiHeader,0x14,0x8,dwHeaderSize,uint,
HapiHeader,0x14,0xc,bKey,byte,
HapiHeader,0x14,0xd,a_pad0D,byte[3],
HapiHeader,0x14,0x10,pDirectory,HapiDirNode *,
HapiPcxImage,0x10,0x0,pPixels,void *,
HapiPcxImage,0x10,0x4,pColorMap,void *,
HapiPcxImage,0x10,0x8,nWidth,int,
HapiPcxImage,0x10,0xc,nHeight,int,
HapinetFrameReceiver,0x23c,0x0,ppVtable,void * *,
HapinetFrameReceiver,0x23c,0x4,nUnused_04,int,
HapinetFrameReceiver,0x23c,0x8,pSendFrameState,NetSendFrameState *,
HapinetFrameReceiver,0x23c,0xc,nCurDpFromId,int,
HapinetFrameReceiver,0x23c,0x10,nCurDpToId,int,
HapinetFrameReceiver,0x23c,0x14,pOOOSlot,PlayerFrameInfo *,
HapinetFrameReceiver,0x23c,0x18,pRecvBuffer,void *,
HapinetFrameReceiver,0x23c,0x1c,pPendingBuffer,void *,
HapinetFrameReceiver,0x23c,0x20,aSlots,PlayerFrameInfo[10],
HapinetFrameReceiver,0x23c,0x228,nRecvBufCap,int,
HapinetFrameReceiver,0x23c,0x22c,nCurPacketSize,int,
HapinetFrameReceiver,0x23c,0x230,nStashPacketSize,int,
HapinetFrameReceiver,0x23c,0x234,nStashDpFromId,int,
HapinetFrameReceiver,0x23c,0x238,nStashDpToId,int,
HapinetProviderConnEntry,0x8,0x0,pConnectionBlob,void *,
HapinetProviderConnEntry,0x8,0x4,dwCbConnectionBlob,dword,
HapinetSession,0x505,0x0,aSessionName,char[17],
HapinetSession,0x505,0x11,aPlayerLongName,char[16],
HapinetSession,0x505,0x21,aPlayerShortName,char[16],
HapinetSession,0x505,0x31,aUnused_afterPlayerShortName,byte[1024],Unused 0x400 pad; no live R/W of session+0x31..0x430. Dead strings HAPINET_set/getplayerdatabuffer; init/addplayer/receive untouched. Lobby_BuildPlayerSlotGadgets aUnk hit is type-confusion into aPlayers.
HapinetSession,0x505,0x431,pProviderGuids,GUID *,
HapinetSession,0x505,0x435,pProviderConnections,HapinetProviderConnEntry *,
HapinetSession,0x505,0x439,pProviderDescLines,char *,
HapinetSession,0x505,0x43d,guidApplication,GUID,
HapinetSession,0x505,0x44d,guidServiceProvider,GUID,
HapinetSession,0x505,0x45d,sessionDesc,DPSESSIONDESC2,
HapinetSession,0x505,0x4ad,hwnd,HWND,
HapinetSession,0x505,0x4b1,dwUnused_afterHwnd,dword,
HapinetSession,0x505,0x4b5,dwRecvFromId,dword,
HapinetSession,0x505,0x4b9,dwRecvToId,dword,
HapinetSession,0x505,0x4bd,pGamesOutBuf,void *,
HapinetSession,0x505,0x4c1,pIDirectPlay,void *,
HapinetSession,0x505,0x4c5,pIDirectPlay3,void *,
HapinetSession,0x505,0x4c9,pIDirectPlayLobby,void *,
HapinetSession,0x505,0x4cd,pIDirectPlayLobby2,void *,
HapinetSession,0x505,0x4d1,pDplConnection,void *,
HapinetSession,0x505,0x4d5,dwCbDplConnection,dword,
HapinetSession,0x505,0x4d9,nDisableOutgoingCompression,int,
HapinetSession,0x505,0x4dd,dwMaxPlayersDefault,dword,
HapinetSession,0x505,0x4e1,dwEnumSessionsTimeout,dword,
HapinetSession,0x505,0x4e5,nProviderCount,int,
HapinetSession,0x505,0x4e9,nGamesCount,int,
HapinetSession,0x505,0x4ed,aUnused_afterGamesCount,byte[24],
HeightMapCell,0xd,0x0,wOccupyingUnitId,ushort,Primary footprint occupant UnitId; yard buildings claim when yardmap OPEN/CLOSED bit matches Cob YARD_OPEN. dwFlags&3==1 mobiles.
HeightMapCell,0xd,0x2,wSecondaryUnitId,ushort,Secondary occupant UnitId when unit dwFlags&3==2 (air/hover layer).
HeightMapCell,0xd,0x4,bHeight,byte,Terrain height from TNT mapdata (byte). Source for min/max recompute + bilinear sample.
HeightMapCell,0xd,0x5,bHeightMax,byte,Max of this +E/+S/+SE neighbor bHeight (HeightMap_RecomputeMinMaxRect). Slope/water tests.
HeightMapCell,0xd,0x6,bHeightMin,byte,Min of this +E/+S/+SE neighbor bHeight. Slope/water/geo place tests.
HeightMapCell,0xd,0x7,bMetal,byte,Metal extract amount. TNT v1020 byte6 / MapInfo surface metal init; PostLoadInit stamps FEATURE_INDESTRUCTIBLE+flMetal footprints.
HeightMapCell,0xd,0x8,wFeatureId,ushort,"0xFFFF empty; 0xFFFC TNT special; 0xFFFE child (dx,dy in wFeatureAnimIndex); else FeatureDef index."
HeightMapCell,0xd,0xa,wFeatureAnimIndex,ushort,"If HAS_FEATURE_ANIM: FeatureAnim slot. If wFeatureId==0xFFFE: lo=dy, hi=dx to origin."
HeightMapCell,0xd,0xc,bCellFlags,HeightMapCellFlags,bit0 HAS_FEATURE_ANIM; bit1 YARD_BLOCKED (yard PERM); bit2 unknown (no writer found); bits3-6 feature owner/place code (OWNER_MASK); MAPLOAD=10.
HotRadarUnitEntry,0xa,0x0,wUnitId,ushort,
HotRadarUnitEntry,0xa,0x2,nScreenX,int,
HotRadarUnitEntry,0xa,0x6,nScreenY,int,
IMAGE_RESOURCE_DIRECTORY_ENTRY_DirectoryStruct,0x4,0x0,OffsetToDirectory,dword:31,
IMAGE_RESOURCE_DIRECTORY_ENTRY_DirectoryStruct,0x4,0x3,DataIsDirectory,dword:1,
InflateStream,0x38,0x0,pNext_in,byte *,
InflateStream,0x38,0x4,dwAvail_in,uint,
InflateStream,0x38,0x8,dwTotal_in,uint,
InflateStream,0x38,0xc,pNext_out,byte *,
InflateStream,0x38,0x10,dwAvail_out,uint,
InflateStream,0x38,0x14,dwTotal_out,uint,
InflateStream,0x38,0x18,pMsg,char *,
InflateStream,0x38,0x1c,pState,void *,
InflateStream,0x38,0x20,pZalloc,void *,
InflateStream,0x38,0x24,pZfree,void *,
InflateStream,0x38,0x28,pOpaque,void *,
InflateStream,0x38,0x2c,nData_type,int,
InflateStream,0x38,0x30,dwAdler,uint,
InflateStream,0x38,0x34,dwReserved,uint,
LosDeferredSightEntry,0x24,0x0,pPlayer,PlayerState *,
LosDeferredSightEntry,0x24,0x4,pLosCacheCellXZ,short *,
LosDeferredSightEntry,0x24,0x8,nSightDistance,short,
LosDeferredSightEntry,0x24,0xa,bEyeHeightY,byte,
LosDeferredSightEntry,0x24,0xb,bLosSightFrameIdx,byte,
LosDeferredSightEntry,0x24,0xc,pLosSightFrameIdx,byte *,
LosDeferredSightEntry,0x24,0x10,nPosX,int,
LosDeferredSightEntry,0x24,0x14,nPosY,int,
LosDeferredSightEntry,0x24,0x18,nPosZ,int,
LosDeferredSightEntry,0x24,0x1c,dwExpireTick,uint,
LosDeferredSightEntry,0x24,0x20,nCacheCellX,short,
LosDeferredSightEntry,0x24,0x22,nCacheCellZ,short,
LosFogViewportGrid,0x10,0x0,pEdgeFlagPairs,byte *,
LosFogViewportGrid,0x10,0x4,nWidth,int,
LosFogViewportGrid,0x10,0x8,nHeight,int,
LosFogViewportGrid,0x10,0xc,nCellCount,int,
LosHalfResHeightBand,0x10,0x0,pHeightBand,byte *,
LosHalfResHeightBand,0x10,0x4,nWidth,int,
LosHalfResHeightBand,0x10,0x8,nHeight,int,
LosHalfResHeightBand,0x10,0xc,nCellCount,int,
LosSightQuery,0x1c,0x0,pPlayer,PlayerState *,
LosSightQuery,0x1c,0x4,pLosCacheCellXZ,short *,
LosSightQuery,0x1c,0x8,nSightDistance,short,
LosSightQuery,0x1c,0xa,bEyeHeightY,byte,
LosSightQuery,0x1c,0xb,b_pad0B,byte,
LosSightQuery,0x1c,0xc,pLosSightFrameIdx,byte *,
LosSightQuery,0x1c,0x10,nPosX,int,
LosSightQuery,0x1c,0x14,nPosY,int,
LosSightQuery,0x1c,0x18,nPosZ,int,
MapInfo,0xec4,0x0,eProviderType,MapInfoProviderType,
MapInfo,0xec4,0x4,aCampaignName,char[256],
MapInfo,0xec4,0x104,aLocaleCampaignTdf,char[256],
MapInfo,0xec4,0x204,aLocaleMapTnt,char[256],
MapInfo,0xec4,0x304,aLocaleBriefTxt,char[256],
MapInfo,0xec4,0x404,aLocaleNarrationWav,char[256],
MapInfo,0xec4,0x504,aLocaleHintTxt,char[256],
MapInfo,0xec4,0x604,aLocaleGlamourPcx,char[256],
MapInfo,0xec4,0x704,aLocaleUseOnlyTdf,char[256],
MapInfo,0xec4,0x804,aLocaleAiProfileTxt,char[256],
MapInfo,0xec4,0x904,aLocaleGlamourSoundWav,char[256],
MapInfo,0xec4,0xa04,nCbMapTntSize,int,
MapInfo,0xec4,0xa08,campaignTdf,TdfFile,
MapInfo,0xec4,0xa14,aMissionName,char[256],
MapInfo,0xec4,0xb14,aMapName,char[256],
MapInfo,0xec4,0xc14,pBriefingText,char *,
MapInfo,0xec4,0xc18,nMissionIndex,int,
MapInfo,0xec4,0xc1c,dwTntContentChecksum,uint,
MapInfo,0xec4,0xc20,dwGlobalHeaderChecksum,uint,
MapInfo,0xec4,0xc24,aDescription,CHAR[128],
MapInfo,0xec4,0xca4,aPlanetTypeName,CHAR[128],
MapInfo,0xec4,0xd24,pOtaFileList,char *,
MapInfo,0xec4,0xd28,nOtaFileCount,int,
MapInfo,0xec4,0xd2c,nOtaListMode,int,
MapInfo,0xec4,0xd30,nSurfaceMetal,int,
MapInfo,0xec4,0xd34,nMinWindSpeed,int,
MapInfo,0xec4,0xd38,nMaxWindSpeed,int,
MapInfo,0xec4,0xd3c,nGravity,int,
MapInfo,0xec4,0xd40,flTidalStrength,float,
MapInfo,0xec4,0xd44,nLavaWorld,int,
MapInfo,0xec4,0xd48,nNoSeaLevelTrigger,int,
MapInfo,0xec4,0xd4c,nWaterDoesDamage,int,
MapInfo,0xec4,0xd50,nWaterDamage,int,
MapInfo,0xec4,0xd54,flScoreKillFactor,float,
MapInfo,0xec4,0xd58,flScoreTimeFactor,float,
MapInfo,0xec4,0xd5c,aStartMetal,float[10],
MapInfo,0xec4,0xd84,aStartEnergy,float[10],
MapInfo,0xec4,0xdac,pMissionUnits,MissionUnit *,
MapInfo,0xec4,0xdb0,nMissionUnitCount,int,
MapInfo,0xec4,0xdb4,pMissionRules,MissionRule *,
MapInfo,0xec4,0xdb8,nMissionRuleCount,int,
MapInfo,0xec4,0xdbc,pMissionFeatures,MissionFeature *,
MapInfo,0xec4,0xdc0,nMissionFeatureCount,int,
MapInfo,0xec4,0xdc4,aMemory,CHAR[128],
MapInfo,0xec4,0xe44,aNumPlayers,CHAR[128],
MapTile,0x400,0x0,aPixels,byte[1024],
MapTileSet,0x8,0x0,dwTileCount,uint,
MapTileSet,0x8,0x4,pTiles,MapTile *,
MemCache,0x10,0x0,nSize,int,
MemCache,0x10,0x4,pBuffer,MemCacheBlockHdr *,
MemCache,0x10,0x8,pCursor,MemCacheBlockHdr *,
MemCache,0x10,0xc,pExtra,void *,
MemCacheBlockHdr,0x8,0x0,ppOwnerSlot,void * *,
MemCacheBlockHdr,0x8,0x4,nBlockSize,int,
MemFussyFreeSpan,0x8,0x0,pBase,void *,
MemFussyFreeSpan,0x8,0x4,dwCbSize,uint,
MemTag,0x30,0x0,pUser,void *,
MemTag,0x30,0x4,dwCbSize,uint,
MemTag,0x30,0x8,dwAllocSerial,uint,
MemTag,0x30,0xc,aName,CHAR[32],
MemTag,0x30,0x2c,dwTagExtra,uint,
MeteorConfig,0x30,0x0,aWeaponName,CHAR[32],
MeteorConfig,0x30,0x20,nRadius,int,
MeteorConfig,0x30,0x24,flDensity,float,
MeteorConfig,0x30,0x28,flDuration,float,
MeteorConfig,0x30,0x2c,flInterval,float,
MissionFeature,0x88,0x0,aFeaturename,CHAR[128],
MissionFeature,0x88,0x80,nPosX,int,
MissionFeature,0x88,0x84,nPosZ,int,
MissionOrder,0x56,0x0,pVtable,void *,
MissionOrder,0x56,0x4,bMissionType,MissionType,
MissionOrder,0x56,0x5,bPhase,byte,
MissionOrder,0x56,0x6,dwStateFlags,uint,
MissionOrder,0x56,0xa,dwDeadlineTick,uint,
MissionOrder,0x56,0xe,pOwnerUnit,UnitInstance *,
MissionOrder,0x56,0x12,attach,PathOrderAttach,
MissionOrder,0x56,0x22,nPosX,int,
MissionOrder,0x56,0x26,nPosY,int,
MissionOrder,0x56,0x2a,nPosZ,int,
MissionOrder,0x56,0x2e,nLeashOriginMapXZ,int,
MissionOrder,0x56,0x32,nFogLastMapX,short,
MissionOrder,0x56,0x34,nFogLastMapZ,short,
MissionOrder,0x56,0x36,nParam0,int,
MissionOrder,0x56,0x3a,nParam1,int,
MissionOrder,0x56,0x3e,nParam2,int,
MissionOrder,0x56,0x42,dwOrderFlags,uint,
MissionOrder,0x56,0x46,dwCreateTick,uint,
MissionOrder,0x56,0x4a,pNext,MissionOrder *,
MissionOrder,0x56,0x4e,dwSubFlags,uint,
MissionOrder,0x56,0x52,pAttachedFx,OrderFx *,
MissionOrderTableEntry,0x19,0x0,pPszDisplayName,char *,
MissionOrderTableEntry,0x19,0x4,pfnTick,MissionTickFn *,Primary mission tick. Ret codes: 0 reset phase; 1 ++phase; 2/4 continue; 3 wait; 5/8 complete; 6 rotate; 7 clear queues; 9 |=0x800000.
MissionOrderTableEntry,0x19,0x8,pfnSecondaryTick,MissionTickFn *,Secondary/draw callback (path/attack/nanolathe overlays etc). Same cdecl MissionTickFn signature when used as tick.
MissionOrderTableEntry,0x19,0xc,dwDrawMask,uint,
MissionOrderTableEntry,0x19,0x10,bUnused_0x10,byte,
MissionOrderTableEntry,0x19,0x11,dwDefaultOrderFlags,uint,
MissionOrderTableEntry,0x19,0x15,pPszLookupName,char *,
MissionRule,0xc,0x0,nType,MissionRuleType,
MissionRule,0xc,0x4,nStartPosId,int,
MissionRule,0xc,0x8,nXPos,short,
MissionRule,0xc,0xa,nZPos,short,
MissionUnit,0x24,0x0,pPszUnitname,char *,
MissionUnit,0x24,0x4,pPszIdent,char *,
MissionUnit,0x24,0x8,pPszInitialMission,char *,
MissionUnit,0x24,0xc,nPosX,int,
MissionUnit,0x24,0x10,nPosY,int,
MissionUnit,0x24,0x14,nPosZ,int,
MissionUnit,0x24,0x18,wHeading,ushort,
MissionUnit,0x24,0x1a,nHealthPercentage,short,
MissionUnit,0x24,0x1c,nCreationCountdown,int,
MissionUnit,0x24,0x20,nBuildPriority,short,
MissionUnit,0x24,0x22,bPlayer,byte,
MissionUnit,0x24,0x23,bFlags,byte,
Model3do,0x34,0x0,nVersion,int,
Model3do,0x34,0x4,nVertices,int,
Model3do,0x34,0x8,nPrimitives,int,
Model3do,0x34,0xc,nSelectionPrim,int,
Model3do,0x34,0x10,nXFromParent,int,
Model3do,0x34,0x14,nYFromParent,int,
Model3do,0x34,0x18,nZFromParent,int,
Model3do,0x34,0x1c,pName,char *,
Model3do,0x34,0x20,pAlways0,void *,
Model3do,0x34,0x24,pVertices,int *,
Model3do,0x34,0x28,pPrimitives,Model3doPrimitive *,
Model3do,0x34,0x2c,pSibling,Model3do *,
Model3do,0x34,0x30,pChild,Model3do *,
Model3doPrimitive,0x20,0x0,nColorIndex,int,
Model3doPrimitive,0x20,0x4,nIndices,int,
Model3doPrimitive,0x20,0x8,pAlways0,void *,
Model3doPrimitive,0x20,0xc,pIndices,ushort *,
Model3doPrimitive,0x20,0x10,animCursor,GafFrameCursor,
Model3doPrimitive,0x20,0x1c,dwFlags,Model3doPrimFlags,
MouseEvent,0x18,0x0,nX,int,
MouseEvent,0x18,0x4,nY,int,
MouseEvent,0x18,0x8,nKeyFlags,int,
MouseEvent,0x18,0xc,nScaledTick,int,
MouseEvent,0x18,0x10,nMsg,int,
MouseEvent,0x18,0x14,nDblClick,int,
MoveInfo,0x20,0x0,pName,char *,CLASS name from gamedata\moveinfo.TDF
MoveInfo,0x20,0x4,nFootPrintX,short,TDF FootPrintX; footprint width in tiles
MoveInfo,0x20,0x6,nFootPrintZ,short,TDF FootPrintZ; footprint depth in tiles
MoveInfo,0x20,0x8,nMaxWaterDepth,short,TDF maxwaterdepth; seaLevel-heightMin must be >= this
MoveInfo,0x20,0xa,nMinWaterDepth,short,TDF minwaterdepth; seaLevel-heightMax must be <= this
MoveInfo,0x20,0xc,bMaxSlope,byte,TDF maxslope; land slope grade>this = blocked
MoveInfo,0x20,0xd,bBadSlope,byte,TDF badslope; land badSlope<slope<=maxSlope = costly(1)
MoveInfo,0x20,0xe,bMaxWaterSlope,byte,TDF maxwaterslope; underwater slope grade>this = blocked
MoveInfo,0x20,0xf,bBadWaterSlope,byte,TDF badwaterslope; water bad<slope<=max = costly(1)
MoveInfo,0x20,0x10,nMapWidthTiles,int,Copied from GameState at Map_RebuildAllPassabilityGrids
MoveInfo,0x20,0x14,nMapHeightTiles,int,Copied from GameState at Map_RebuildAllPassabilityGrids
MoveInfo,0x20,0x18,pPassabilityGrid,uint *,2 bits/cell packed uint*; index=(z>>4)*width+x; shift=((z&0xf)<<1)
MoveInfo,0x20,0x1c,dwPathLockTick,uint,Path-lock watermark (gameTick-0x1e); NOT UnitMotion velocity. Units with dwPathLockStamp < this count as obstacles
MovieDDPack,0x14,0x0,pDD,void *,
MovieDDPack,0x14,0x4,pPrimarySurface,void *,
MovieDDPack,0x14,0x8,pBackBuffer,void *,
MovieDDPack,0x14,0xc,pClipper,void *,
MovieDDPack,0x14,0x10,pPalette,void *,
MoviePlayer,0x5b8,0x0,pSmack,void *,
MoviePlayer,0x5b8,0x4,nDecodedFramePlus1,int,
MoviePlayer,0x5b8,0x8,nFinished,int,
MoviePlayer,0x5b8,0xc,hwnd,HWND,
MoviePlayer,0x5b8,0x10,aPalette,PALETTEENTRY[256],
MoviePlayer,0x5b8,0x410,dwSmackBlitFlags,uint,
MoviePlayer,0x5b8,0x414,nOwnsDirectDraw,int,
MoviePlayer,0x5b8,0x418,aUnused_418,undefined1[272],
MoviePlayer,0x5b8,0x528,ddOwned,MovieDDPack,
MoviePlayer,0x5b8,0x544,pDDPack,MovieDDPack *,
MoviePlayer,0x5b8,0x548,ddsdPrimary,DDSURFACEDESC,
MoviePlayer,0x5b8,0x5b4,aPad_5B4,undefined1[4],
NetPacketBuffer,0x43e,0x0,pOwnerPool,NetPacketPool *,
NetPacketBuffer,0x43e,0x4,nStartEntryIndex,int,
NetPacketBuffer,0x43e,0x8,nAssignedCount,int,
NetPacketBuffer,0x43e,0xc,nPayloadUsed,int,
NetPacketBuffer,0x43e,0x10,pFirstEntry,NetPacketPendingEntry *,
NetPacketBuffer,0x43e,0x14,aPayload,byte[1066],
NetPacketPendingEntry,0x20,0x0,nDestPlayerId,int,
NetPacketPendingEntry,0x20,0x4,nPayloadOffset,int,
NetPacketPendingEntry,0x20,0x8,nPayloadSize,int,
NetPacketPendingEntry,0x20,0xc,pBuffer,NetPacketBuffer *,
NetPacketPendingEntry,0x20,0x10,nSeqOrState,int,
NetPacketPendingEntry,0x20,0x14,dwTimestamp,uint,
NetPacketPool,0x1044,0x0,nCurrentBufferIndex,int,
NetPacketPool,0x1044,0x4,dwTickIntervalScaled,uint,
NetPacketPool,0x1044,0x8,ppPapBuffers,NetPacketBuffer * *,
NetPacketPool,0x1044,0xc,dwBufferCount,uint,
NetPacketPool,0x1044,0x10,nFrameSeq,int,
NetPacketPool,0x1044,0x14,nDestPlayerId,int,
NetPacketPool,0x1044,0x18,nReuseTimeBase,int,
NetPacketPool,0x1044,0x1c,nEntryAllocCursor,int,
NetPacketPool,0x1044,0x20,nPendingBytes,int,
NetPacketPool,0x1044,0x24,dwNextSendDeadline,uint,
NetPacketPool,0x1044,0x28,pPaEntries,NetPacketPendingEntry *,
NetPacketPool,0x1044,0x2c,dwEntryCapacity,uint,
NetPacketPool,0x1044,0x30,pListHead,NetPacketPendingEntry *,
NetPacketPool,0x1044,0x34,pListTail,NetPacketPendingEntry *,
NetPacketPool,0x1044,0x38,pendingQueue,RingBuf1024Ptrs,
NetPkt_ActivateFlags11,0x4,0x0,bType,byte,
NetPkt_ActivateFlags11,0x4,0x1,wUnitId,ushort,
NetPkt_ActivateFlags11,0x4,0x3,bActivateFlags,byte,
NetPkt_BuilderLink12,0x5,0x0,bType,byte,
NetPkt_BuilderLink12,0x5,0x1,wConstructedUnitId,ushort,
NetPkt_BuilderLink12,0x5,0x3,wBuilderUnitId,ushort,
NetPkt_Chat,0x41,0x0,bType,uchar,
NetPkt_Chat,0x41,0x1,aText,char[64],
NetPkt_Damage0B,0x9,0x0,bType,byte,
NetPkt_Damage0B,0x9,0x1,wVictimId,ushort,
NetPkt_Damage0B,0x9,0x3,wAttackerId,ushort,
NetPkt_Damage0B,0x9,0x5,nAmount,short,
NetPkt_Damage0B,0x9,0x7,bHeading,byte,
NetPkt_Damage0B,0x9,0x8,bDamageKind,byte,
NetPkt_FeatureDamage0F,0x6,0x0,bType,byte,
NetPkt_FeatureDamage0F,0x6,0x1,bSubtypeOrWeaponIndex,byte,
NetPkt_FeatureDamage0F,0x6,0x2,wCellX,ushort,
NetPkt_FeatureDamage0F,0x6,0x4,wCellY,ushort,
NetPkt_Killed0C,0xb,0x0,bType,byte,
NetPkt_Killed0C,0xb,0x1,wUnitId,ushort,
NetPkt_Killed0C,0xb,0x3,dwAttackerPlayerNetId,uint,
NetPkt_Killed0C,0xb,0x7,wAttackerUnitId,ushort,
NetPkt_Killed0C,0xb,0x9,bCobKilledSeverity,byte,
NetPkt_Killed0C,0xb,0xa,bKillTypeAndWreck,byte,
NetPkt_Latency,0xd,0x0,bType,byte,
NetPkt_Latency,0xd,0x1,dwSendTick,dword,
NetPkt_Latency,0xd,0x5,dwEchoTick,dword,
NetPkt_Latency,0xd,0x9,dwTargetPlayerNetId,dword,
NetPkt_LobbyByte2,0x2,0x0,bType,byte,
NetPkt_LobbyByte2,0x2,0x1,bValue,byte,
NetPkt_OwnershipTransfer,0x18,0x0,bType,byte,
NetPkt_OwnershipTransfer,0x18,0x1,wUnitId,word,
NetPkt_OwnershipTransfer,0x18,0x3,dwNewOwnerNetId,dword,
NetPkt_OwnershipTransfer,0x18,0x7,dwBuildPercentFtol,dword,
NetPkt_OwnershipTransfer,0x18,0xb,dwHitPoints,dword,
NetPkt_OwnershipTransfer,0x18,0xf,dwPitchHeading,dword,
NetPkt_OwnershipTransfer,0x18,0x13,wBank,word,
NetPkt_OwnershipTransfer,0x18,0x15,bStockpile0,byte,
NetPkt_OwnershipTransfer,0x18,0x16,bStockpile1,byte,
NetPkt_OwnershipTransfer,0x18,0x17,bStockpile2,byte,
NetPkt_PauseSpeed19,0x3,0x0,bType,byte,
NetPkt_PauseSpeed19,0x3,0x1,bPosOrSpeed,byte,
NetPkt_PauseSpeed19,0x3,0x2,bSub,byte,
NetPkt_PlayerViewState,0x3a,0x0,bType,byte,
NetPkt_PlayerViewState,0x3a,0x1,bShareFlag,byte,
NetPkt_PlayerViewState,0x3a,0x2,nUnitsKilled,int,
NetPkt_PlayerViewState,0x3a,0x6,nUnitsLost,int,
NetPkt_PlayerViewState,0x3a,0xa,nCommandersKilled,int,
NetPkt_PlayerViewState,0x3a,0xe,nCommandersLost,int,
NetPkt_PlayerViewState,0x3a,0x12,flMetalAmount,float,
NetPkt_PlayerViewState,0x3a,0x16,flEnergyAmount,float,
NetPkt_PlayerViewState,0x3a,0x1a,flMetalStorage,float,
NetPkt_PlayerViewState,0x3a,0x1e,flEnergyStorage,float,
NetPkt_PlayerViewState,0x3a,0x22,flEnergyProduced,float,
NetPkt_PlayerViewState,0x3a,0x26,flEnergyConsumed,float,
NetPkt_PlayerViewState,0x3a,0x2a,flEnergyWasted,float,
NetPkt_PlayerViewState,0x3a,0x2e,flMetalProduced,float,
NetPkt_PlayerViewState,0x3a,0x32,flMetalConsumed,float,
NetPkt_PlayerViewState,0x3a,0x36,flMetalWasted,float,
NetPkt_ProjectileDetonate0E,0xe,0x0,bType,byte,
NetPkt_ProjectileDetonate0E,0xe,0x1,nAimX,int,
NetPkt_ProjectileDetonate0E,0xe,0x5,nAimY,int,
NetPkt_ProjectileDetonate0E,0xe,0x9,nAimZ,int,
NetPkt_ProjectileDetonate0E,0xe,0xd,bWeaponIndex,byte,
NetPkt_ResourceShare16,0x11,0x0,bType,byte,
NetPkt_ResourceShare16,0x11,0x1,dwSubtype,uint,
NetPkt_ResourceShare16,0x11,0x5,dwFromNetId,uint,
NetPkt_ResourceShare16,0x11,0x9,dwToNetId,uint,
NetPkt_ResourceShare16,0x11,0xd,flAmount,float,
NetPkt_ShareLosAck,0x3,0x0,bType,byte,
NetPkt_ShareLosAck,0x3,0x1,bAckLos,byte,
NetPkt_ShareLosAck,0x3,0x2,bAckMapping,byte,
NetPkt_TransportAttach0A,0x7,0x0,bType,byte,
NetPkt_TransportAttach0A,0x7,0x1,wCargoUnitId,ushort,
NetPkt_TransportAttach0A,0x7,0x3,wTransportUnitId,ushort,
NetPkt_TransportAttach0A,0x7,0x5,bTransportPiece,byte,
NetPkt_TransportAttach0A,0x7,0x6,bMotionFlagsLow2,byte,
NetPkt_UnitCreate9,0x17,0x0,bType,byte,
NetPkt_UnitCreate9,0x17,0x1,wDefIndex,ushort,
NetPkt_UnitCreate9,0x17,0x3,wUnitId,ushort,
NetPkt_UnitCreate9,0x17,0x5,nPosX,int,
NetPkt_UnitCreate9,0x17,0x9,nPosY,int,
NetPkt_UnitCreate9,0x17,0xd,nPosZ,int,
NetPkt_UnitCreate9,0x17,0x11,dwPitchHeading,uint,
NetPkt_UnitCreate9,0x17,0x15,nBank,short,
NetPkt_UnitScript10,0x16,0x0,bType,byte,
NetPkt_UnitScript10,0x16,0x1,wUnitId,ushort,
NetPkt_UnitScript10,0x16,0x3,wFuncIndex,ushort,
NetPkt_UnitScript10,0x16,0x5,bArgCount,byte,
NetPkt_UnitScript10,0x16,0x6,aArgs,int[4],
NetPkt_WeaponFire0D,0x24,0x0,bType,byte,
NetPkt_WeaponFire0D,0x24,0x1,nOriginX,int,
NetPkt_WeaponFire0D,0x24,0x5,nOriginY,int,
NetPkt_WeaponFire0D,0x24,0x9,nOriginZ,int,
NetPkt_WeaponFire0D,0x24,0xd,nAimOrVelX,int,
NetPkt_WeaponFire0D,0x24,0x11,nAimOrVelY,int,
NetPkt_WeaponFire0D,0x24,0x15,nAimOrVelZ,int,
NetPkt_WeaponFire0D,0x24,0x19,bWeaponDefIndex,byte,
NetPkt_WeaponFire0D,0x24,0x1a,bFlags,byte,
NetPkt_WeaponFire0D,0x24,0x1b,nFireHeading,short,
NetPkt_WeaponFire0D,0x24,0x1d,nFirePitch,short,
NetPkt_WeaponFire0D,0x24,0x1f,wTargetUnitId,ushort,
NetPkt_WeaponFire0D,0x24,0x21,wOwnerUnitId,ushort,
NetPkt_WeaponFire0D,0x24,0x23,bWeaponSlotIndex,byte,
NetSendCondenser,0x25,0x0,pBigScratch,void *,
NetSendCondenser,0x25,0x4,nUnused04,int,
NetSendCondenser,0x25,0x8,nUnpackedCached,int,
NetSendCondenser,0x25,0xc,nCbUnpacked,int,
NetSendCondenser,0x25,0x10,pCompressSrc,void *,
NetSendCondenser,0x25,0x14,pAuxBuffer,void *,
NetSendCondenser,0x25,0x18,pSendPacket,void *,
NetSendCondenser,0x25,0x1c,bGenCounter,byte,
NetSendCondenser,0x25,0x1d,dwPayloadSize,uint,
NetSendCondenser,0x25,0x21,nSendDestPlayerId,int,
NetSendFrameState,0xb300,0x0,nField_0x0,int,
NetSendFrameState,0xb300,0x4,nFrameTickIntervalMs,int,
NetSendFrameState,0xb300,0x8,aPools,NetPacketPool[11],
NetSendFrameState,0xb300,0xb2f4,pSendAccum,void *,
NetSendFrameState,0xb300,0xb2f8,dwSendAccumUsed,uint,
NetSendFrameState,0xb300,0xb2fc,dwSendAccumCap,uint,
ObjPool,0x24,0x0,pVftable,void *,
ObjPool,0x24,0x4,bInitArgLo,uchar,
ObjPool,0x24,0x8,ppSlabBegin,void * *,
ObjPool,0x24,0xc,ppSlabEnd,void * *,
ObjPool,0x24,0x10,ppSlabCap,void * *,
ObjPool,0x24,0x14,ppSlotTable,void * *,
ObjPool,0x24,0x18,nCbElement,int,
ObjPool,0x24,0x1c,nCapacity,int,
ObjPool,0x24,0x20,nAllocCursor,int,
ObjectPiece,0x36,0x0,pModelPiece,Model3do *,
ObjectPiece,0x36,0x4,nMoveX,int,
ObjectPiece,0x36,0x8,nMoveY,int,
ObjectPiece,0x36,0xc,nMoveZ,int,
ObjectPiece,0x36,0x10,nTurnX,short,
ObjectPiece,0x36,0x12,nTurnY,short,
ObjectPiece,0x36,0x14,nTurnZ,short,
ObjectPiece,0x36,0x16,nXformX,int,
ObjectPiece,0x36,0x1a,nXformY,int,
ObjectPiece,0x36,0x1e,nXformZ,int,
ObjectPiece,0x36,0x22,pPointList,int *,
ObjectPiece,0x36,0x26,nSkipLocalXform,short,
ObjectPiece,0x36,0x28,wFlags,ObjectPieceFlags,
ObjectPiece,0x36,0x2a,pSibling,ObjectPiece *,
ObjectPiece,0x36,0x2e,pChild,ObjectPiece *,
ObjectPiece,0x36,0x32,pParent,ObjectPiece *,
OnlLinkInfo,0x24,0x0,nServiceId,int,
OnlLinkInfo,0x24,0x4,aLabel,char[32],
OnlineReportPlayerInfo,0x18,0x0,pPszName,char *,
OnlineReportPlayerInfo,0x18,0x4,nPlayerNetId,int,
OnlineReportPlayerInfo,0x18,0x8,dwFlags,uint,
OnlineReportPlayerInfo,0x18,0xc,pSideColorName,char *,
OnlineReportPlayerInfo,0x18,0x10,nAllyCount,int,
OnlineReportPlayerInfo,0x18,0x14,ppAllies,void *,
OnlineReportScoreBoard,0xc,0x0,nScore,int,
OnlineReportScoreBoard,0xc,0x4,nStatCount,int,
OnlineReportScoreBoard,0xc,0x8,ppStats,OnlineReportStatEntry * *,
OnlineReportStatEntry,0x8,0x0,pPszLabel,char *,
OnlineReportStatEntry,0x8,0x4,nValue,int,
OrderClickMsg,0x18,0x0,nX,int,
OrderClickMsg,0x18,0x4,nY,int,
OrderClickMsg,0x18,0x8,dwKeyFlags,uint,
OrderClickMsg,0x18,0xc,nScaledTick,int,
OrderClickMsg,0x18,0x10,nMsg,int,
OrderClickMsg,0x18,0x14,nDblClick,int,
OrderFx,0x8,0x0,pVtable,void *,
OrderFx,0x8,0x4,pOrder,MissionOrder *,
OrderFx_ApproachRadius,0x14,0x0,pVtable,void *,
OrderFx_ApproachRadius,0x14,0x4,pOrder,MissionOrder *,
OrderFx_ApproachRadius,0x14,0x8,nCellX,short,
OrderFx_ApproachRadius,0x14,0xa,nCellZ,short,
OrderFx_ApproachRadius,0x14,0xc,nRadius,int,
OrderFx_ApproachRadius,0x14,0x10,nRadiusCellsSq,int,
OrderFx_PointMarker,0x18,0x0,pVtable,void *,
OrderFx_PointMarker,0x18,0x4,pOrder,MissionOrder *,
OrderFx_PointMarker,0x18,0x8,nCellMinX,int,
OrderFx_PointMarker,0x18,0xc,nCellMaxX,int,
OrderFx_PointMarker,0x18,0x10,nCellMinZ,int,
OrderFx_PointMarker,0x18,0x14,nCellMaxZ,int,
OrderFx_RingApproach,0x1c,0x0,pVtable,void *,
OrderFx_RingApproach,0x1c,0x4,pOrder,MissionOrder *,
OrderFx_RingApproach,0x1c,0x8,nCellX,short,
OrderFx_RingApproach,0x1c,0xa,nCellZ,short,
OrderFx_RingApproach,0x1c,0xc,nInnerRadius,int,
OrderFx_RingApproach,0x1c,0x10,nOuterRadius,int,
OrderFx_RingApproach,0x1c,0x14,nInnerRadiusCellsSq,int,
OrderFx_RingApproach,0x1c,0x18,nOuterRadiusCellsSq,int,
PathCellState,0x4,0x0,bFlags,byte,
PathCellState,0x4,0x1,bIncomingDir,byte,
PathCellState,0x4,0x2,wPoolIndex,ushort,
PathGoal,0x65,0x0,pVtable,void *,
PathGoal,0x65,0x4,pActivePathOrder,PathOrder *,
PathGoal,0x65,0x8,pUnit,UnitInstance *,
PathGoal,0x65,0xc,aWaypointCellXZ,int[20],
PathGoal,0x65,0x5c,nWaypointCount,int,
PathGoal,0x65,0x60,nRepathClaimTick,int,
PathGoal,0x65,0x64,bFlags,byte,
PathGoal_Lite,0x28,0x0,pVtable,void *,
PathGoal_Lite,0x28,0x4,pActivePathOrder,PathOrder *,
PathGoal_Lite,0x28,0x8,pUnit,UnitInstance *,
PathGoal_Lite,0x28,0xc,nPosX,int,
PathGoal_Lite,0x28,0x10,nPosY,int,
PathGoal_Lite,0x28,0x14,nPosZ,int,
PathGoal_Lite,0x28,0x18,nDeltaX,int,
PathGoal_Lite,0x28,0x1c,nDeltaY,int,
PathGoal_Lite,0x28,0x20,nDeltaZ,int,
PathGoal_Lite,0x28,0x24,wHeading,ushort,
PathGoal_Lite,0x28,0x26,bPad26,byte,
PathGoal_Lite,0x28,0x27,bNetDirtyFlags,byte,
PathGoal_Packed,0x26,0x0,pVtable,void *,
PathGoal_Packed,0x26,0x4,pActivePathOrder,PathOrder *,
PathGoal_Packed,0x26,0x8,pUnit,UnitInstance *,
PathGoal_Packed,0x26,0xc,nPosX,int,
PathGoal_Packed,0x26,0x10,nPosY,int,
PathGoal_Packed,0x26,0x14,nPosZ,int,
PathGoal_Packed,0x26,0x18,nDeltaX,int,
PathGoal_Packed,0x26,0x1c,nDeltaY,int,
PathGoal_Packed,0x26,0x20,nDeltaZ,int,
PathGoal_Packed,0x26,0x24,wHeading,ushort,
PathGoal_PackedPos,0x27,0x0,pVtable,void *,
PathGoal_PackedPos,0x27,0x4,pActivePathOrder,PathOrder *,
PathGoal_PackedPos,0x27,0x8,pUnit,UnitInstance *,
PathGoal_PackedPos,0x27,0xc,nPosX,int,
PathGoal_PackedPos,0x27,0x10,nPosY,int,
PathGoal_PackedPos,0x27,0x14,nPosZ,int,
PathGoal_PackedPos,0x27,0x18,nDeltaX,int,
PathGoal_PackedPos,0x27,0x1c,nDeltaY,int,
PathGoal_PackedPos,0x27,0x20,nDeltaZ,int,
PathGoal_PackedPos,0x27,0x24,wHeading,ushort,
PathGoal_PackedPos,0x27,0x26,bPad26,byte,
PathGoal_Patrol,0x1c,0x0,pVtable,void *,
PathGoal_Patrol,0x1c,0x4,pActivePathOrder,PathOrder *,
PathGoal_Patrol,0x1c,0x8,pUnit,UnitInstance *,
PathGoal_Patrol,0x1c,0xc,aCellXZ,short[6],
PathGoal_Patrol,0x1c,0x18,nWaypointCount,int,
PathHeapNode,0x14,0x0,nHeapIndex,int,
PathHeapNode,0x14,0x4,dwCellXZ,uint,
PathHeapNode,0x14,0x8,nGCost,int,
PathHeapNode,0x14,0xc,nFCost,int,
PathHeapNode,0x14,0x10,nStepCost,short,
PathHeapNode,0x14,0x12,nDepth,short,
PathHeapNodeSlice,0x10,0x0,dwCellXZ,uint,
PathHeapNodeSlice,0x10,0x4,nGCost,int,
PathHeapNodeSlice,0x10,0x8,nFCost,int,
PathHeapNodeSlice,0x10,0xc,nStepCost,short,
PathHeapNodeSlice,0x10,0xe,nDepth,short,
PathNode,0x34,0x0,nPlayerNetId,int,
PathNode,0x34,0x4,nPendingDpToId,int,
PathNode,0x34,0x8,nFrameSeq,int,
PathNode,0x34,0xc,nPendingBytes,int,
PathNode,0x34,0x10,nPendingCap,int,
PathNode,0x34,0x14,pPendingBuffer,void *,
PathNode,0x34,0x18,nParseBaseTick,int,
PathNode,0x34,0x1c,nRecvBufCap,int,
PathNode,0x34,0x20,nRecvSkipCounter,int,
PathNode,0x34,0x24,pRecvBuffer,void *,
PathNode,0x34,0x28,pPacketRing,FramePacketRing *,
PathNode,0x34,0x2c,nQueuedDpFromId,int,
PathNode,0x34,0x30,nQueuedDpToId,int,
PathOrder,0x36,0x0,pVtable,void *,
PathOrder,0x36,0x4,pOrder,MissionOrder *,
PathOrder,0x36,0x8,wFlags,ushort,
PathOrder,0x36,0xa,nApproachRadius,short,
PathOrder,0x36,0xc,nAltitude,short,
PathOrder,0x36,0xe,nHeading,short,
PathOrder,0x36,0x10,nTargetUnitId,short,
PathOrder,0x36,0x12,pOwnerUnit,UnitInstance *,
PathOrder,0x36,0x16,attach,PathOrderAttach,
PathOrder,0x36,0x26,nPosX,int,
PathOrder,0x36,0x2a,nPosY,int,
PathOrder,0x36,0x2e,nPosZ,int,
PathOrder,0x36,0x32,nFollowOffset,int,
PathOrderAttach,0x10,0x0,pVtable,void *,
PathOrderAttach,0x10,0x4,pAttachedUnit,UnitInstance *,
PathOrderAttach,0x10,0x8,pNext,PathOrderAttach *,
PathOrderAttach,0x10,0xc,pOwner,PathOrder *,
PlayerFrameInfo,0x34,0x0,nPlayerNetId,int,
PlayerFrameInfo,0x34,0x4,nPendingDpToId,int,
PlayerFrameInfo,0x34,0x8,nFrameSeq,int,
PlayerFrameInfo,0x34,0xc,nPendingBytes,int,
PlayerFrameInfo,0x34,0x10,nPendingCap,int,
PlayerFrameInfo,0x34,0x14,pPendingBuffer,void *,
PlayerFrameInfo,0x34,0x18,recvLite,PlayerFrameRecvLite,
PlayerFrameRecvLite,0x1c,0x0,nParseBaseTick,int,
PlayerFrameRecvLite,0x1c,0x4,nRecvBufCap,int,
PlayerFrameRecvLite,0x1c,0x8,nRecvSkipCounter,int,
PlayerFrameRecvLite,0x1c,0xc,pRecvBuffer,void *,
PlayerFrameRecvLite,0x1c,0x10,pPacketRing,FramePacketRing *,
PlayerFrameRecvLite,0x1c,0x14,nQueuedDpFromId,int,
PlayerFrameRecvLite,0x1c,0x18,nQueuedDpToId,int,
PlayerSquadGroup,0x20,0x0,pPlayer,PlayerState *,
PlayerSquadGroup,0x20,0x4,nGroupSlotIndex,int,
PlayerSquadGroup,0x20,0x8,dwUnused_08,uint,
PlayerSquadGroup,0x20,0xc,dwUnused_0c,uint,
PlayerSquadGroup,0x20,0x10,dwStlAllocatorPad,uint,
PlayerSquadGroup,0x20,0x14,ppUnitsBegin,UnitInstance * *,
PlayerSquadGroup,0x20,0x18,ppUnitsEnd,UnitInstance * *,
PlayerSquadGroup,0x20,0x1c,ppUnitsCapacity,UnitInstance * *,
PlayerState,0x14b,0x0,nIsActive,int,
PlayerState,0x14b,0x4,nPlayerNetId,int,
PlayerState,0x14b,0x8,dwLobbyAddTick,uint,
PlayerState,0x14b,0xc,nLobbyDataSynced,int,
PlayerState,0x14b,0x10,nIncomingPacketCount,int,
PlayerState,0x14b,0x14,nLatencyRttMs,int,
PlayerState,0x14b,0x18,dwUnitStateSyncTick,uint,
PlayerState,0x14b,0x1c,dwLastPacketRecvTick,uint,
PlayerState,0x14b,0x20,bAveragePlayerSkill,byte,
PlayerState,0x14b,0x21,bLobbyKeepaliveFlags,byte,
PlayerState,0x14b,0x22,bLobbyStatusCode,byte,
PlayerState,0x14b,0x23,dwUnused_0x23,uint,No PlayerState absolute xrefs (GuiGadget.dwColorBg also +0x23)
PlayerState,0x14b,0x27,pSideData,SideData *,
PlayerState,0x14b,0x2b,aName,char[30],
PlayerState,0x14b,0x49,aDisplayName,char[30],
PlayerState,0x14b,0x67,pUnitRangeStart,UnitInstance *,
PlayerState,0x14b,0x6b,pUnitRangeEnd,UnitInstance *,
PlayerState,0x14b,0x6f,wUnitRangeStartId,ushort,
PlayerState,0x14b,0x71,wUnitRangeEndId,ushort,
PlayerState,0x14b,0x73,bControllerType,byte,
PlayerState,0x14b,0x74,pAiBehavior,AiBehaviorController *,
PlayerState,0x14b,0x78,pSquadGroups,PlayerSquadGroup *,
PlayerState,0x14b,0x7c,pFogSightCounts,byte *,
PlayerState,0x14b,0x80,nFogMapWidth,int,
PlayerState,0x14b,0x84,nFogMapHeight,int,
PlayerState,0x14b,0x88,nFogMapByteSize,int,
PlayerState,0x14b,0x8c,flEnergyAmount,float,
PlayerState,0x14b,0x90,flEnergyIncome,float,
PlayerState,0x14b,0x94,flEnergyUsage,float,
PlayerState,0x14b,0x98,flMetalAmount,float,
PlayerState,0x14b,0x9c,flMetalIncome,float,
PlayerState,0x14b,0xa0,flMetalUsage,float,
PlayerState,0x14b,0xa4,flEnergyStorage,float,
PlayerState,0x14b,0xa8,flMetalStorage,float,
PlayerState,0x14b,0xac,dDblEnergyProduced,double,
PlayerState,0x14b,0xb4,dDblMetalProduced,double,
PlayerState,0x14b,0xbc,dDblEnergyConsumed,double,
PlayerState,0x14b,0xc4,dDblMetalConsumed,double,
PlayerState,0x14b,0xcc,dDblEnergyWasted,double,
PlayerState,0x14b,0xd4,dDblMetalWasted,double,
PlayerState,0x14b,0xdc,flEnergyStorageBonus,float,
PlayerState,0x14b,0xe0,flMetalStorageBonus,float,
PlayerState,0x14b,0xe4,flShareThresholdMetal,float,
PlayerState,0x14b,0xe8,flShareThresholdEnergy,float,
PlayerState,0x14b,0xec,pAiResourceSlot,UnitResourceSlot *,
PlayerState,0x14b,0xf0,nUpdateTime,int,
PlayerState,0x14b,0xf4,nWinLoseTime,int,
PlayerState,0x14b,0xf8,nDisplayTimer,int,
PlayerState,0x14b,0xfc,wUnitsKilled,ushort,
PlayerState,0x14b,0xfe,wUnitsLost,ushort,
PlayerState,0x14b,0x100,wUnused_initFFFF_0x100,ushort,Player_InitAiStateAndFogMap sets 0xffff; no readers found
PlayerState,0x14b,0x102,wUnused_initFFFF_0x102,ushort,Player_InitAiStateAndFogMap sets 0xffff; no readers found
PlayerState,0x14b,0x104,wCommandersKilled,ushort,
PlayerState,0x14b,0x106,wCommandersLost,ushort,
PlayerState,0x14b,0x108,aAllyFlags,byte[11],
PlayerState,0x14b,0x113,aAllyFlagsFrom,byte[11],
PlayerState,0x14b,0x11e,aShareLosFlags,byte[11],
PlayerState,0x14b,0x129,aShareVisionFlags,byte[11],
PlayerState,0x14b,0x134,aShareMappingFlags,byte[11],
PlayerState,0x14b,0x13f,bAllyTeamId,byte,
PlayerState,0x14b,0x140,nUnitsEverCreated,int,
PlayerState,0x14b,0x144,wAliveUnitCount,ushort,
PlayerState,0x14b,0x146,bSlotIndex,byte,
PlayerState,0x14b,0x147,bStartPosIndex,byte,
PlayerState,0x14b,0x148,bKillLeadRank,byte,
PlayerState,0x14b,0x149,bPlayerFlags,byte,
PlayerState,0x14b,0x14a,bUnused_afterPlayerFlags,byte,High byte of word with bPlayerFlags; Init clears bit0 via word op; no dedicated readers
ProfileTimingBars,0x50,0x0,dwLastTick,dword,
ProfileTimingBars,0x50,0x4,nTotalMs,int,
ProfileTimingBars,0x50,0x8,aPublishedMs,int[9],
ProfileTimingBars,0x50,0x2c,aAccumMs,int[9],
Projectile,0x6b,0x0,pWeapon,WeaponDef *,
Projectile,0x6b,0x4,nPosX,int,
Projectile,0x6b,0x8,nPosY,int,
Projectile,0x6b,0xc,nPosZ,int,
Projectile,0x6b,0x10,nTrailX,int,
Projectile,0x6b,0x14,nTrailY,int,
Projectile,0x6b,0x18,nTrailZ,int,
Projectile,0x6b,0x1c,nVelX,int,
Projectile,0x6b,0x20,nVelY,int,
Projectile,0x6b,0x24,nVelZ,int,
Projectile,0x6b,0x28,nAimX,int,
Projectile,0x6b,0x2c,nAimY,int,
Projectile,0x6b,0x30,nAimZ,int,
Projectile,0x6b,0x34,nTurnAccum,short,
Projectile,0x6b,0x36,wPitch,ushort,
Projectile,0x6b,0x38,wHeading,ushort,
Projectile,0x6b,0x3a,nSpeed,int,
Projectile,0x6b,0x3e,nDistance,int,
Projectile,0x6b,0x42,dwSpawnTick,uint,
Projectile,0x6b,0x46,dwExpireTick,uint,
Projectile,0x6b,0x4a,dwNextSmokeTick,uint,
Projectile,0x6b,0x4e,pTargetUnit,UnitInstance *,
Projectile,0x6b,0x52,pOwnerUnit,UnitInstance *,
Projectile,0x6b,0x56,pInterceptedProjectile,Projectile *,
Projectile,0x6b,0x5a,nLastFeatureTileX,short,
Projectile,0x6b,0x5c,nLastFeatureTileZ,short,
Projectile,0x6b,0x5e,nGroundHeightAvg,short,
Projectile,0x6b,0x60,wBurstRemaining,ushort,
Projectile,0x6b,0x62,nWeaponPiece,short,
Projectile,0x6b,0x64,nPropellerSpin,short,
Projectile,0x6b,0x66,bOwnerPlayer,byte,
Projectile,0x6b,0x67,nCompactIndex,short,
Projectile,0x6b,0x69,wFlags,ushort,
ResourceHudCache,0x21,0x0,bSlotIndex,byte,
ResourceHudCache,0x21,0x1,flEnergyAmountDisp,float,
ResourceHudCache,0x21,0x5,flEnergyIncome,float,
ResourceHudCache,0x21,0x9,flEnergyUsage,float,
ResourceHudCache,0x21,0xd,flMetalAmountDisp,float,
ResourceHudCache,0x21,0x11,flMetalIncome,float,
ResourceHudCache,0x21,0x15,flMetalUsage,float,
ResourceHudCache,0x21,0x19,flEnergyStorage,float,
ResourceHudCache,0x21,0x1d,flMetalStorage,float,
RingBuf1024Ptrs,0x100c,0x0,nCount,int,
RingBuf1024Ptrs,0x100c,0x4,nHead,int,
RingBuf1024Ptrs,0x100c,0x8,nTail,int,
RingBuf1024Ptrs,0x100c,0xc,apSlots,NetPacketPendingEntry *[1024],
SaveStore,0x4,0x0,pInternal,SaveStoreInternal *,
SaveStoreBlob,0x14,0x0,nNamed,int,
SaveStoreBlob,0x14,0x4,pNameOrIndex,void *,
SaveStoreBlob,0x14,0x8,nSize,int,
SaveStoreBlob,0x14,0xc,nCursor,int,
SaveStoreBlob,0x14,0x10,pData,void *,
SaveStoreInternal,0xc,0x0,nSectionCount,int,
SaveStoreInternal,0xc,0x4,pSections,SaveStoreSection *,
SaveStoreInternal,0xc,0x8,nSelectedSection,int,
SaveStoreKey,0x10,0x0,pName,char *,
SaveStoreKey,0x10,0x4,nType,int,
SaveStoreKey,0x10,0x8,qwUValue,ulonglong,
SaveStoreSection,0x18,0x0,pPszName,char *,
SaveStoreSection,0x18,0x4,nKeyCount,int,
SaveStoreSection,0x18,0x8,nBlobCount,int,
SaveStoreSection,0x18,0xc,nSelectedKey,int,
SaveStoreSection,0x18,0x10,pKeys,SaveStoreKey *,
SaveStoreSection,0x18,0x14,pBlobs,SaveStoreBlob *,
SelectionHoverSnapshot,0x30,0x0,pMissionOrderName,char *,
SelectionHoverSnapshot,0x30,0x4,wHoverUnitId,ushort,
SelectionHoverSnapshot,0x30,0x6,nHoverUnitHp,short,
SelectionHoverSnapshot,0x30,0x8,wKillCount,ushort,
SelectionHoverSnapshot,0x30,0xa,aWeaponReloadLeft,uint[3],
SelectionHoverSnapshot,0x30,0x16,flEnergyUsePrev,float,
SelectionHoverSnapshot,0x30,0x1a,flEnergyMakePrev,float,
SelectionHoverSnapshot,0x30,0x1e,flMetalUsePrev,float,
SelectionHoverSnapshot,0x30,0x22,flMetalMakePrev,float,
SelectionHoverSnapshot,0x30,0x26,wLinkedTargetUnitId,ushort,
SelectionHoverSnapshot,0x30,0x28,nLinkedTargetHp,short,
SelectionHoverSnapshot,0x30,0x2a,wHoverFeatureId,ushort,
SelectionHoverSnapshot,0x30,0x2c,nHoverGadgetIndex,int,
SelectionInfoCache,0x3c,0x0,hoverKey,-BAD-,Type 'SelectionHoverSnapshot' was deleted
SelectionInfoCache,0x3c,0x30,nTotalUnitsPanelSlide,int,
SelectionInfoCache,0x3c,0x34,pLightbarFrame,GafFrame *,
SelectionInfoCache,0x3c,0x38,nOptionsLightbarDirty,int,
SensorMarkQueryCtx,0x18,0x0,ppFn,void *,
SensorMarkQueryCtx,0x18,0x4,nRadarRadiusSq,int,
SensorMarkQueryCtx,0x18,0x8,nSonarRadiusSq,int,
SensorMarkQueryCtx,0x18,0xc,nCenterX,int,
SensorMarkQueryCtx,0x18,0x10,nCenterY,int,
SensorMarkQueryCtx,0x18,0x14,nCenterZ,int,
SideBuildMenuEntry,0x25,0x0,nEntryCountOrPad,int,
SideBuildMenuEntry,0x25,0x4,wBuilderUnitDefIndex,ushort,
SideBuildMenuEntry,0x25,0x6,bMenuPage,byte,
SideBuildMenuEntry,0x25,0x7,bButtonIndex,byte,
SideBuildMenuEntry,0x25,0x8,aBuildUnitName,char[29],
SideBuildMenuPage,0xbd,0x0,nEntryCount,int,
SideBuildMenuPage,0xbd,0x4,wEntry0_wBuilderUnitDefIndex,ushort,
SideBuildMenuPage,0xbd,0x6,bEntry0_bMenuPage,byte,
SideBuildMenuPage,0xbd,0x7,bEntry0_bButtonIndex,byte,
SideBuildMenuPage,0xbd,0x8,aEntry0_aBuildUnitName,char[29],
SideData,0xb9,0x0,aMapName,CHAR[128],
SideData,0xb9,0x80,aPassword,char[11],
SideData,0xb9,0x8b,wDisplayModeWidth,ushort,
SideData,0xb9,0x8d,wDisplayModeHeight,ushort,
SideData,0xb9,0x8f,bBattleInitReady,byte,
SideData,0xb9,0x90,dwPktNetIdOverlay,uint,
SideData,0xb9,0x94,bControllerType,byte,
SideData,0xb9,0x95,bSideId,byte,
SideData,0xb9,0x96,bPlayerColorIndex,byte,
SideData,0xb9,0x97,bHostFlags,byte,bHostFlags: bit0 IsHost; bit1 ShareMetal; bit2 ShareEnergy; bit5 ShareMapping; bit6 ShareRadar.
SideData,0xb9,0x98,bHostFlagsHi,byte,
SideData,0xb9,0x99,wMemoryTier,ushort,
SideData,0xb9,0x9b,wGameOptFlags,ushort,wGameOptFlags: bits0-3 playerCount; bit4 START; bit5 READY; bit6 spectator; bit7 WATCHING; bit8 MAPPING; bit9+10 LOSTYPE; bits11-12 COMMANDER; bit13 CHEATING; bit14 FIXEDLOC; bit15 GAMEOPEN inv.
SideData,0xb9,0x9d,wAllyWinFlags,ushort,wAllyWinFlags: bit0 HasPassword; bit1 AlliedWin; bit2 HasCD.
SideData,0xb9,0x9f,wHostMinPingMs,ushort,
SideData,0xb9,0xa1,wEnergyStart,ushort,
SideData,0xb9,0xa3,wMetalStart,ushort,
SideData,0xb9,0xa5,wMaxUnitsOpt,ushort,
SideData,0xb9,0xa7,bVersionMajor,byte,
SideData,0xb9,0xa8,bVersionMinor,byte,
SideData,0xb9,0xa9,dwMapPlotCookie,uint,
SideData,0xb9,0xad,aUnused_afterMapPlotCookie,byte[12],
SideDef,0x232,0x0,aName,char[30],
SideDef,0x232,0x1e,aNamePrefix,char[4],
SideDef,0x232,0x22,aCommander,CHAR[32],
SideDef,0x232,0x42,rcLogo,UiRect,
SideDef,0x232,0x52,rcEnergyBar,UiRect,
SideDef,0x232,0x62,rcEnergyNum,UiRect,
SideDef,0x232,0x72,rcMetalBar,UiRect,
SideDef,0x232,0x82,rcMetalNum,UiRect,
SideDef,0x232,0x92,rcTotalUnits,UiRect,
SideDef,0x232,0xa2,rcTotalTime,UiRect,
SideDef,0x232,0xb2,rcEnergyMax,UiRect,
SideDef,0x232,0xc2,rcMetalMax,UiRect,
SideDef,0x232,0xd2,rcEnergy0,UiRect,
SideDef,0x232,0xe2,rcMetal0,UiRect,
SideDef,0x232,0xf2,rcEnergyProduced,UiRect,
SideDef,0x232,0x102,rcEnergyConsumed,UiRect,
SideDef,0x232,0x112,rcMetalProduced,UiRect,
SideDef,0x232,0x122,rcMetalConsumed,UiRect,
SideDef,0x232,0x132,rcLogo2,UiRect,
SideDef,0x232,0x142,rcUnitName,UiRect,
SideDef,0x232,0x152,rcDamageBar,UiRect,
SideDef,0x232,0x162,rcUnitEnergyMake,UiRect,
SideDef,0x232,0x172,rcUnitEnergyUse,UiRect,
SideDef,0x232,0x182,rcUnitMetalMake,UiRect,
SideDef,0x232,0x192,rcUnitMetalUse,UiRect,
SideDef,0x232,0x1a2,rcMissionText,UiRect,
SideDef,0x232,0x1b2,rcUnitName2,UiRect,
SideDef,0x232,0x1c2,rcDamageBar2,UiRect,
SideDef,0x232,0x1d2,rcName,UiRect,
SideDef,0x232,0x1e2,rcDescription,UiRect,
SideDef,0x232,0x1f2,aReloadRects,UiRect[3],
SideDef,0x232,0x222,nEnergyColor,int,
SideDef,0x232,0x226,nMetalColor,int,
SideDef,0x232,0x22a,nSideIndex,int,
SideDef,0x232,0x22e,pFontData,FontData *,
SkirmishInfo,0x22c,0x0,aPlayers,SkirmishPlayerSlot[10],
SkirmishInfo,0x22c,0xf0,aUnused_0xF0,byte[24],
SkirmishInfo,0x22c,0x108,nCommanderDeath,int,
SkirmishInfo,0x22c,0x10c,nMapping,int,
SkirmishInfo,0x22c,0x110,nLineOfSight,int,
SkirmishInfo,0x22c,0x114,nLosType,int,
SkirmishInfo,0x22c,0x118,nFixedLocations,int,
SkirmishInfo,0x22c,0x11c,aMapName,char[256],
SkirmishInfo,0x22c,0x220,nBaseGadgetCount,int,
SkirmishInfo,0x22c,0x224,nSelectedSlot,int,
SkirmishInfo,0x22c,0x228,nDifficulty,int,
SkirmishPlayerSlot,0x18,0x0,nController,int,
SkirmishPlayerSlot,0x18,0x4,nSide,int,
SkirmishPlayerSlot,0x18,0x8,nAllyGroup,int,
SkirmishPlayerSlot,0x18,0xc,nMetal,int,
SkirmishPlayerSlot,0x18,0x10,nEnergy,int,
SkirmishPlayerSlot,0x18,0x14,nColor,int,
SoundBank,0x4404,0x0,nCount,int,
SoundBank,0x4404,0x4,apWaveSlots,SoundWaveSlot *[256],
SoundBank,0x4404,0x404,aAszNames,char[256][32],
SoundBank,0x4404,0x2404,aAszPaths,char[256][32],
SoundCategory,0x160,0x0,aName,char[64],
SoundCategory,0x160,0x4c,aSayChoices,SoundSayChoiceSlot[23],
SoundSample,0x10,0x0,apDsBuffers,void *[4],
SoundSayChoiceSlot,0xc,0x0,nCount,int,
SoundSayChoiceSlot,0xc,0x4,pAszSoundKeys,char *,
SoundSayChoiceSlot,0xc,0x8,pAszTextKeys,char *,
SoundWaveSlot,0x10,0x0,apDsBuffers,void *[4],
SpatialBucket,0xa,0x0,bMaxHeight,byte,
SpatialBucket,0xa,0x1,bMaxHeightScan,byte,
SpatialBucket,0xa,0x2,dwEdgeFlags,SpatialBucketEdgeFlags,
SpatialBucket,0xa,0x6,pUnitHead,UnitInstance *,
SpatialGrid,0x1c,0x0,pBuckets,SpatialBucket *,
SpatialGrid,0x1c,0x4,nWidth,int,
SpatialGrid,0x1c,0x8,nHeight,int,
SpatialGrid,0x1c,0xc,nBucketCount,int,
SpatialGrid,0x1c,0x10,nWorldWidthFixed,int,
SpatialGrid,0x1c,0x14,nWorldHeightFixed,int,
SpatialGrid,0x1c,0x18,pOverflowBucket,SpatialBucket *,
SpeechQueue,0xa5,0x0,aEntries,SpeechQueueEntry[8],
SpeechQueue,0xa5,0x99,nCount,int,
SpeechQueue,0xa5,0x9d,nLastVoiceTick,int,
SpeechQueue,0xa5,0xa1,nVoiceGapTicks,int,
SpeechQueueEntry,0x11,0x0,nSpeechType,int,
SpeechQueueEntry,0x11,0x4,nEnqueueTick,int,
SpeechQueueEntry,0x11,0x8,pUnit,void *,
SpeechQueueEntry,0x11,0xc,pPszChatText,char *,
SpeechQueueEntry,0x11,0x10,bPriority,byte,
SpeechTypeEntry,0x18,0x0,nSpeechTypeId,int,
SpeechTypeEntry,0x18,0x4,nPriority,int,
SpeechTypeEntry,0x18,0x8,nCooldownPeriods,int,
SpeechTypeEntry,0x18,0xc,pPszCategory,char *,
SpeechTypeEntry,0x18,0x10,pPszDefaultText,char *,
SpeechTypeEntry,0x18,0x14,dwNextOkTick,uint,
SquashContainerHeader,0x13,0x0,aMagic,char[4],
SquashContainerHeader,0x13,0x4,bHdrVer,byte,
SquashContainerHeader,0x13,0x5,bPackType,byte,
SquashContainerHeader,0x13,0x6,bObfuscate,byte,
SquashContainerHeader,0x13,0x7,dwCbPacked,uint,
SquashContainerHeader,0x13,0xb,dwCbUnpacked,uint,
SquashContainerHeader,0x13,0xf,dwChecksum,uint,
StlVec16,0x10,0x0,bAlloc,byte,
StlVec16,0x10,0x1,aPad,byte[3],
StlVec16,0x10,0x4,pBegin,void *,
StlVec16,0x10,0x8,pEnd,void *,
StlVec16,0x10,0xc,pCapacity,void *,
StlVec_Byte,0x10,0x0,bAlloc,byte,
StlVec_Byte,0x10,0x1,aPad,byte[3],
StlVec_Byte,0x10,0x4,pBegin,byte *,
StlVec_Byte,0x10,0x8,pEnd,byte *,
StlVec_Byte,0x10,0xc,pCapacity,byte *,
StlVec_Int,0x10,0x0,bAlloc,byte,
StlVec_Int,0x10,0x1,aPad,byte[3],
StlVec_Int,0x10,0x4,pBegin,int *,
StlVec_Int,0x10,0x8,pEnd,int *,
StlVec_Int,0x10,0xc,pCapacity,int *,
StlVec_ScoredCell,0x10,0x0,bAlloc,byte,
StlVec_ScoredCell,0x10,0x1,aPad,byte[3],
StlVec_ScoredCell,0x10,0x4,pBegin,void *,
StlVec_ScoredCell,0x10,0x8,pEnd,void *,
StlVec_ScoredCell,0x10,0xc,pCapacity,void *,
StlVec_Short,0x10,0x0,bAlloc,byte,
StlVec_Short,0x10,0x1,aPad,byte[3],
StlVec_Short,0x10,0x4,pBegin,short *,
StlVec_Short,0x10,0x8,pEnd,short *,
StlVec_Short,0x10,0xc,pCapacity,short *,
StlVec_UnitInstancePtr,0x10,0x0,bAlloc,byte,
StlVec_UnitInstancePtr,0x10,0x1,aPad,byte[3],
StlVec_UnitInstancePtr,0x10,0x4,ppBegin,UnitInstance * *,
StlVec_UnitInstancePtr,0x10,0x8,ppEnd,UnitInstance * *,
StlVec_UnitInstancePtr,0x10,0xc,ppCapacity,UnitInstance * *,
SyncChecksumEntry,0xe,0x0,dwFbiChecksum,uint,
SyncChecksumEntry,0xe,0x4,dwScriptChecksum,uint,
SyncChecksumEntry,0xe,0x8,wUnitEnabled,ushort,
SyncChecksumEntry,0xe,0xa,wChecksumMatch,ushort,
SyncChecksumEntry,0xe,0xc,nMaxThisUnit,short,
SyncMapCNode,0x24,0x0,pLeft,void *,
SyncMapCNode,0x24,0x4,pParent,void *,
SyncMapCNode,0x24,0x8,pRight,void *,
SyncMapCNode,0x24,0xc,dwFbiChecksumKey,uint,
SyncMapCNode,0x24,0x10,entry,SyncChecksumEntry,
SyncMapCNode,0x24,0x20,dwColor,uint,
SyncPlayerRecord,0x5c,0x0,dwPlayerNetId,uint,
SyncPlayerRecord,0x5c,0x4,bTagFbiChecksums,byte,
SyncPlayerRecord,0x5c,0x8,pFbiChecksumBegin,uint *,
SyncPlayerRecord,0x5c,0xc,pFbiChecksumEnd,uint *,
SyncPlayerRecord,0x5c,0x10,pFbiChecksumCap,uint *,
SyncPlayerRecord,0x5c,0x14,bTagScriptChecksums,byte,
SyncPlayerRecord,0x5c,0x18,pScriptChecksumBegin,uint *,
SyncPlayerRecord,0x5c,0x1c,pScriptChecksumEnd,uint *,
SyncPlayerRecord,0x5c,0x20,pScriptChecksumCap,uint *,
SyncPlayerRecord,0x5c,0x24,dwExpectedChecksumCount,uint,
SyncPlayerRecord,0x5c,0x28,dwPacketsSent,uint,
SyncPlayerRecord,0x5c,0x2c,dwPacketsRecv,uint,
SyncPlayerRecord,0x5c,0x30,dwPad0,uint,
SyncPlayerRecord,0x5c,0x34,dwPad1,uint,
SyncPlayerRecord,0x5c,0x38,dwPad2,uint,
SyncPlayerRecord,0x5c,0x3c,bTagChecksumA,byte,
SyncPlayerRecord,0x5c,0x40,pChecksumABegin,SyncChecksumEntry *,
SyncPlayerRecord,0x5c,0x44,pChecksumAEnd,SyncChecksumEntry *,
SyncPlayerRecord,0x5c,0x48,pChecksumACap,SyncChecksumEntry *,
SyncPlayerRecord,0x5c,0x4c,bTagChecksumB,byte,
SyncPlayerRecord,0x5c,0x50,pChecksumBBegin,SyncChecksumEntry *,
SyncPlayerRecord,0x5c,0x54,pChecksumBEnd,SyncChecksumEntry *,
SyncPlayerRecord,0x5c,0x58,pChecksumBCap,SyncChecksumEntry *,
SyncState,0x68,0x0,bTagMap,byte,
SyncState,0x68,0x4,pMapHead,void *,
SyncState,0x68,0x8,dwMapPad0,uint,
SyncState,0x68,0xc,pMapPad1,void *,
SyncState,0x68,0x10,bTagPlayerRecords,byte,
SyncState,0x68,0x14,pPlayerRecordsBegin,SyncPlayerRecord *,
SyncState,0x68,0x18,pPlayerRecordsEnd,SyncPlayerRecord *,
SyncState,0x68,0x1c,pPlayerRecordsCap,SyncPlayerRecord *,
SyncState,0x68,0x20,bTagIdList,byte,
SyncState,0x68,0x24,pIdListHead,void *,
SyncState,0x68,0x28,dwIdListCount,uint,
SyncState,0x68,0x2c,dwPad0,uint,
SyncState,0x68,0x30,dwPad1,uint,
SyncState,0x68,0x34,dwPad2,uint,
SyncState,0x68,0x38,bTagVecA,byte,
SyncState,0x68,0x3c,pVecABegin,void *,
SyncState,0x68,0x40,pVecAEnd,void *,
SyncState,0x68,0x44,pVecACap,void *,
SyncState,0x68,0x48,bTagVecB,byte,
SyncState,0x68,0x4c,pVecBBegin,void *,
SyncState,0x68,0x50,pVecBEnd,void *,
SyncState,0x68,0x54,pVecBCap,void *,
SyncState,0x68,0x58,dwIsServerMode,uint,
SyncState,0x68,0x5c,dwPendingPlayerCount,uint,
SyncState,0x68,0x60,dwChecksumProgress,uint,
SyncState,0x68,0x64,dwDisabled,uint,
TdfFile,0xc,0x0,pRoot,TdfSection *,
TdfFile,0xc,0x4,pCurrent,TdfSection *,
TdfFile,0xc,0x8,dwFlags,uint,
TdfKeyValue,0x8,0x0,pKey,char *,
TdfKeyValue,0x8,0x4,pValue,char *,
TdfSection,0x29,0x0,pPszName,char *,
TdfSection,0x29,0x4,bChildrenMarker,byte,
TdfSection,0x29,0x5,aPad05,byte[3],
TdfSection,0x29,0x8,ppChildrenBegin,TdfSection * *,
TdfSection,0x29,0xc,ppChildrenEnd,TdfSection * *,
TdfSection,0x29,0x10,ppChildrenCapacity,TdfSection * *,
TdfSection,0x29,0x14,bPad14,byte,
TdfSection,0x29,0x15,bKeysMarker,byte,
TdfSection,0x29,0x16,aPad16,byte[3],
TdfSection,0x29,0x19,pKeysBegin,TdfKeyValue *,
TdfSection,0x29,0x1d,pKeysEnd,TdfKeyValue *,
TdfSection,0x29,0x21,pKeysCapacity,TdfKeyValue *,
TdfSection,0x29,0x25,dwChecksum,uint,
TimerSlot,0x10,0x0,pfnCallback,void *,
TimerSlot,0x10,0x4,nCallbackArg,int,
TimerSlot,0x10,0x8,nPeriodTicks,int,
TimerSlot,0x10,0xc,nRemainingTicks,int,
TntFeatureEntry,0x84,0x0,nIndex,int,
TntFeatureEntry,0x84,0x4,aName,CHAR[128],
TntHeader,0x40,0x0,dwVersion,uint,
TntHeader,0x40,0x4,nWidthTiles,int,
TntHeader,0x40,0x8,nHeightTiles,int,
TntHeader,0x40,0xc,nTileMapOffset,int,
TntHeader,0x40,0x10,nMapDataOffset,int,
TntHeader,0x40,0x14,nTileGfxOffset,int,
TntHeader,0x40,0x18,dwTileCount,uint,
TntHeader,0x40,0x1c,nFeatureCount,int,
TntHeader,0x40,0x20,nFeatureOffset,int,
TntHeader,0x40,0x24,nSeaLevel,int,
TntHeader,0x40,0x28,nWindMinOrMinimapOff,int,
TntHeader,0x40,0x2c,nWindMaxOrFlags,int,
TntHeader,0x40,0x30,nReserved30,int,Unread by Map_LoadTnt (0x1020/0x2000); no other readers found.
TntHeader,0x40,0x34,nGravity,int,
TntHeader,0x40,0x38,nMinimapOffset,int,
TntHeader,0x40,0x3c,nFlags,int,
TntLoadContext,0x44,0x0,nVersion,int,
TntLoadContext,0x44,0x4,nWidthTiles,int,
TntLoadContext,0x44,0x8,nHeightTiles,int,
TntLoadContext,0x44,0xc,nSeaLevel,int,
TntLoadContext,0x44,0x10,nWindSpeedMin,int,
TntLoadContext,0x44,0x14,nWindSpeedMax,int,
TntLoadContext,0x44,0x18,nGravity,int,
TntLoadContext,0x44,0x1c,nFeatureCount,int,
TntLoadContext,0x44,0x20,pFeatures,TntFeatureEntry *,
TntLoadContext,0x44,0x24,pTileGfx,void *,
TntLoadContext,0x44,0x28,dwTileCount,uint,
TntLoadContext,0x44,0x2c,pTileMap,void *,
TntLoadContext,0x44,0x30,pMapDataV1020,byte *,
TntLoadContext,0x44,0x34,pMapDataV2000,byte *,
TntLoadContext,0x44,0x38,nFeatureIdThreshold,int,
TntLoadContext,0x44,0x3c,dwFlags,uint,
TntLoadContext,0x44,0x40,pMinimap,ushort *,
TntMapCellV1020,0x8,0x0,bHeight,byte,
TntMapCellV1020,0x8,0x1,bUnk01,byte,
TntMapCellV1020,0x8,0x2,bFeatureId,byte,
TntMapCellV1020,0x8,0x3,bUnk03,byte,
TntMapCellV1020,0x8,0x4,bUnk04,byte,
TntMapCellV1020,0x8,0x5,bUnk05,byte,
TntMapCellV1020,0x8,0x6,bMetal,byte,
TntMapCellV1020,0x8,0x7,bUnk07,byte,
TntMapCellV2000,0x4,0x0,bHeight,byte,
TntMapCellV2000,0x4,0x1,wFeatureId,ushort,
TntMapCellV2000,0x4,0x3,bUnk03,byte,
TranslateStringPair,0x8,0x0,pKey,char *,
TranslateStringPair,0x8,0x4,pValue,char *,
TranslateStringTable,0x11,0x0,bUnused0,byte,
TranslateStringTable,0x11,0x1,bAllocCookie,byte,
TranslateStringTable,0x11,0x2,aPadAlign,byte[3],
TranslateStringTable,0x11,0x5,pBegin,TranslateStringPair *,
TranslateStringTable,0x11,0x9,pEnd,TranslateStringPair *,
TranslateStringTable,0x11,0xd,pCapacity,TranslateStringPair *,
TypeDescriptor,0x8,0x0,pVFTable,void *,
TypeDescriptor,0x8,0x4,spare,void *,
TypeDescriptor,0x8,0x8,name,char[0],
UiRect,0x10,0x0,nX1,int,
UiRect,0x10,0x4,nY1,int,
UiRect,0x10,0x8,nX2,int,
UiRect,0x10,0xc,nY2,int,
UnitDef,0x249,0x0,aName,CHAR[32],
UnitDef,0x249,0x20,aUnitName,CHAR[32],
UnitDef,0x249,0x40,aDescription,char[64],
UnitDef,0x249,0x80,aObjectName,CHAR[32],
UnitDef,0x249,0xa0,aSide,char[30],
UnitDef,0x249,0xbe,aAiWeight,char[64],
UnitDef,0x249,0xfe,aAiLimit,char[64],
UnitDef,0x249,0x13e,dwFbiChecksum,uint,
UnitDef,0x249,0x142,dwScriptChecksum,uint,
UnitDef,0x249,0x146,dwWeaponHashXor,uint,
UnitDef,0x249,0x14a,nFootprintX,short,
UnitDef,0x249,0x14c,nFootprintZ,short,
UnitDef,0x249,0x14e,pYardMap,byte *,
UnitDef,0x249,0x152,nBuildOptionsCount,int,
UnitDef,0x249,0x156,pBuildOptions,ushort *,
UnitDef,0x249,0x15a,nMaxThisUnit,int,
UnitDef,0x249,0x15e,nModelMinX,int,
UnitDef,0x249,0x162,nModelMinY,int,
UnitDef,0x249,0x166,nModelMinZ,int,
UnitDef,0x249,0x16a,nModelMaxX,int,
UnitDef,0x249,0x16e,nModelMaxY,int,
UnitDef,0x249,0x172,nModelMaxZ,int,
UnitDef,0x249,0x176,nModelSizeX,int,
UnitDef,0x249,0x17a,nModelSizeY,int,
UnitDef,0x249,0x17e,nModelSizeZ,int,
UnitDef,0x249,0x182,nModelAvgSize,int,
UnitDef,0x249,0x186,flBuildCostEnergy,float,
UnitDef,0x249,0x18a,flBuildCostMetal,float,
UnitDef,0x249,0x18e,pCob,CobScript *,
UnitDef,0x249,0x192,nMaxVelocity,int,
UnitDef,0x249,0x196,nScaledMaxVelocity,int,
UnitDef,0x249,0x19a,nBrakeRate,int,
UnitDef,0x249,0x19e,nAcceleration,int,
UnitDef,0x249,0x1a2,nBankScale,int,
UnitDef,0x249,0x1a6,nPitchScale,int,
UnitDef,0x249,0x1aa,nDamageModifier,int,
UnitDef,0x249,0x1ae,nMoveRate1,int,
UnitDef,0x249,0x1b2,nMoveRate2,int,
UnitDef,0x249,0x1b6,pMovementClass,MoveInfo *,
UnitDef,0x249,0x1ba,wTurnRate,ushort,
UnitDef,0x249,0x1bc,nCorpseFeatureId,short,
UnitDef,0x249,0x1be,nMaxWaterDepth,short,
UnitDef,0x249,0x1c0,nMinWaterDepth,short,
UnitDef,0x249,0x1c2,flEnergyMake,float,
UnitDef,0x249,0x1c6,flEnergyUse,float,
UnitDef,0x249,0x1ca,flMetalMake,float,
UnitDef,0x249,0x1ce,flExtractsMetal,float,
UnitDef,0x249,0x1d2,flWindGenerator,float,
UnitDef,0x249,0x1d6,flTidalGenerator,float,
UnitDef,0x249,0x1da,flCloakCost,float,
UnitDef,0x249,0x1de,flCloakCostMoving,float,
UnitDef,0x249,0x1e2,flEnergyStorage,float,
UnitDef,0x249,0x1e6,flMetalStorage,float,
UnitDef,0x249,0x1ea,nBuildTime,int,
UnitDef,0x249,0x1ee,pWeapon1,WeaponDef *,
UnitDef,0x249,0x1f2,pWeapon2,WeaponDef *,
UnitDef,0x249,0x1f6,pWeapon3,WeaponDef *,
UnitDef,0x249,0x1fa,dwMaxDamage,uint,
UnitDef,0x249,0x1fe,nWorkerTime,short,
UnitDef,0x249,0x200,nHealTime,short,
UnitDef,0x249,0x202,nSightDistance,short,
UnitDef,0x249,0x204,nRadarDistance,short,
UnitDef,0x249,0x206,nSonarDistance,short,
UnitDef,0x249,0x208,nMinCloakDistance,short,
UnitDef,0x249,0x20a,nRadarDistanceJam,short,
UnitDef,0x249,0x20c,nSonarDistanceJam,short,
UnitDef,0x249,0x20e,nSoundCategory,short,
UnitDef,0x249,0x210,nBuildAngle,short,
UnitDef,0x249,0x212,nBuildDistance,short,
UnitDef,0x249,0x214,nManeuverLeashLength,short,
UnitDef,0x249,0x216,nAttackRunLength,short,
UnitDef,0x249,0x218,nKamikazeDistance,short,
UnitDef,0x249,0x21a,nSortBias,short,
UnitDef,0x249,0x21c,nCruiseAlt,short,
UnitDef,0x249,0x21e,wUnitDefIndex,ushort,
UnitDef,0x249,0x220,pExplodeAsWeapon,WeaponDef *,
UnitDef,0x249,0x224,pSelfDestructAsWeapon,WeaponDef *,
UnitDef,0x249,0x228,bMaxSlope,byte,
UnitDef,0x249,0x229,bMaxWaterSlope,byte,
UnitDef,0x249,0x22a,bTransportSize,byte,
UnitDef,0x249,0x22b,bTransportCapacity,byte,
UnitDef,0x249,0x22c,bWaterline,byte,
UnitDef,0x249,0x22d,bMakesMetal,byte,
UnitDef,0x249,0x22e,bBuildMenuPageCount,byte,
UnitDef,0x249,0x22f,bBmCode,byte,
UnitDef,0x249,0x230,bDefaultMissionType,byte,
UnitDef,0x249,0x231,pWpriBadTargetCategory,CategoryMaskBits *,
UnitDef,0x249,0x235,pWsecBadTargetCategory,CategoryMaskBits *,
UnitDef,0x249,0x239,pWspeBadTargetCategory,CategoryMaskBits *,
UnitDef,0x249,0x23d,pNoChaseCategory,CategoryMaskBits *,
UnitDef,0x249,0x241,dwUnitTypeFlags,UnitTypeFlags,
UnitDef,0x249,0x245,dwCanDoFlags,UnitCanDoFlags,
UnitInstance,0x118,0x0,pMotion,UnitMotion *,
UnitInstance,0x118,0x4,aWeapons,UnitWeaponSlot[3],
UnitInstance,0x118,0x58,flExtractMetalRate,float,
UnitInstance,0x118,0x5c,pMissionOrderHead,MissionOrder *,
UnitInstance,0x118,0x60,pSecondaryOrderHead,MissionOrder *,
UnitInstance,0x118,0x64,nPitch,short,
UnitInstance,0x118,0x66,wHeading,ushort,
UnitInstance,0x118,0x68,nBank,short,
UnitInstance,0x118,0x6a,nPosX,int,
UnitInstance,0x118,0x6e,nPosY,int,
UnitInstance,0x118,0x72,nPosZ,int,
UnitInstance,0x118,0x76,dwMapCellXZ,uint,
UnitInstance,0x118,0x7a,nLosCacheCellX,short,
UnitInstance,0x118,0x7c,nLosCacheCellZ,short,
UnitInstance,0x118,0x7e,nFootprintX,short,
UnitInstance,0x118,0x80,nFootprintZ,short,
UnitInstance,0x118,0x82,pSpatialBucket,SpatialBucket *,
UnitInstance,0x118,0x86,pCarrier,UnitInstance *,
UnitInstance,0x118,0x8a,pCargoHead,UnitInstance *,
UnitInstance,0x118,0x8e,pCargoNext,UnitInstance *,
UnitInstance,0x118,0x92,pUnitDef,UnitDef *,
UnitInstance,0x118,0x96,pOwnerPlayer,PlayerState *,
UnitInstance,0x118,0x9a,pScript,UnitScriptContext *,
UnitInstance,0x118,0x9e,pObjectState,UnitObjectState *,
UnitInstance,0x118,0xa2,pPathOrderAttachHead,PathOrderAttach *,
UnitInstance,0x118,0xa6,wUnitDefIndex,ushort,
UnitInstance,0x118,0xa8,wUnitId,ushort,
UnitInstance,0x118,0xaa,wHoverBobPhase,ushort,
UnitInstance,0x118,0xac,nPlayerGroupSlot,int,
UnitInstance,0x118,0xb0,dwCloakHoldoffTick,uint,
UnitInstance,0x118,0xb4,nUnused_betweenCloakAndKills,int,Confirmed soft pad: no readers/writers in engine code
UnitInstance,0x118,0xb8,wKillCount,ushort,
UnitInstance,0x118,0xba,wNetDirtyFlags,ushort,
UnitInstance,0x118,0xbc,resourceSlot,UnitResourceSlot,
UnitInstance,0x118,0xf0,pLastAttacker,UnitInstance *,
UnitInstance,0x118,0xf4,bLastAttackerSlot,byte,
UnitInstance,0x118,0xf5,bLastDamageType,byte,
UnitInstance,0x118,0xf6,bHealthPercent,byte,
UnitInstance,0x118,0xf7,bPrevHealthPercent,byte,
UnitInstance,0x118,0xf8,bLosSightFrameIdx,byte,
UnitInstance,0x118,0xf9,bTransportPiece,byte,
UnitInstance,0x118,0xfa,bRecentlyDamagedTimer,byte,
UnitInstance,0x118,0xfb,dwPostTransferHoldoff,uint,
UnitInstance,0x118,0xff,bOwnerSlot,byte,
UnitInstance,0x118,0x100,dwUnfinishedInitZero,int,Zeroed in Unit_InitInstanceFields when !bFinished; no other readers
UnitInstance,0x118,0x104,flBuildPercentLeft,float,
UnitInstance,0x118,0x108,nHitPoints,short,
UnitInstance,0x118,0x10a,nSfxOccupy,int,
UnitInstance,0x118,0x10e,bActivateFlags,UnitActivateFlags,
UnitInstance,0x118,0x10f,bCobStateFlags,UnitCobStateFlags,
UnitInstance,0x118,0x110,dwFlags,uint,"dwFlags (see Unit_InitInstanceFields plate + MissionTick_*). Key bits: [1:0] occupy layer; [3:2] moveRate; 0x10 SELECTED; 0x20 MakeSelectable; 0x100 radar; 0x200 sonar (also Init local-owner seed); 0x400 jammed; 0x800 want-cloak; 0x2000 build/HP dirty; 0x4000 dying; 0x10000 moved-this-tick; 0x20000 cargo piece==0xFF hide; [19:18] StandingMove; [21:20] StandingFire; 0x400000 build-shell; [24:22] build page; 0x10000000 ALIVE; 0x20000000 BUILDING; 0x40000000 ISAIRBASE; 0x80000000 HASWEAPONS. bit15 0x8000 CONFIRMED SOFT: clear=MakeSelectable AND CH,0x7f; GameSave pack/unpack only; no runtime OR setter; no TEST reader. Do not name."
UnitInstance,0x118,0x114,dwZBufferFlag,uint,
UnitMotion,0x2f,0x0,pPathGoal,-BAD-,Type 'PathGoal *' was deleted; PathGoal* factory in CtorGoalByUnitFlags; Tick via vtbl+8
UnitMotion,0x2f,0x4,pMoveInfo,MoveInfo *,UnitDef.pMovementClass (+0x1b6); AiSearch path-lock only — NOT read by seek/fly vel
UnitMotion,0x2f,0x8,nVelX,int,World delta X/tick; ApplyDeltaAndRelink adds to UnitInstance.nPosX
UnitMotion,0x2f,0xc,nVelY,int,World delta Y/tick; fly physics / carrier copy
UnitMotion,0x2f,0x10,nVelZ,int,World delta Z/tick; ApplyDeltaAndRelink
UnitMotion,0x2f,0x14,nDragVelX,int,Damped aim/impulse vel (*0xf333/tick); ApplyDragAndComputeAim
UnitMotion,0x2f,0x18,nDragVelY,int,Damped aim/impulse vel Y
UnitMotion,0x2f,0x1c,nDragVelZ,int,Damped aim/impulse vel Z
UnitMotion,0x2f,0x20,nSpeed,int,Scalar speed; UpdateVelocityFromHeading / seek accel-brake
UnitMotion,0x2f,0x24,nHeadingDelta,short,Turn this tick; clamped by UnitDef.wTurnRate (+0x1ba)
UnitMotion,0x2f,0x26,dwPathLockStamp,uint,Vs MoveInfo.dwPathLockTick: stamp<tick => occupy blocks path. Permanent write: InvalidatePassabilityRects=dwGameTick; Ctor=0; LoadMobBlob. AcquirePathLock temp-stamps then restores.
UnitMotion,0x2f,0x2a,dwLastMoveTick,uint,g_GameState.dwGameTick when ApplyDeltaAndRelink changes pos
UnitMotion,0x2f,0x2e,bOccupyFlags,byte,bits0-1 activate mode (SetActivateMode; fly needs ==2); bit2 placement-blocked (ApplyDelta)
UnitObjectState,0x58,0x0,nPieceCount,int,
UnitObjectState,0x58,0x4,nCacheDrawCount,int,
UnitObjectState,0x58,0x8,nAnimDirty,int,
UnitObjectState,0x58,0xc,pOwner,UnitInstance *,
UnitObjectState,0x58,0x10,pDrawFrame,GafFrame *,
UnitObjectState,0x58,0x14,pShadowFrame,GafFrame *,
UnitObjectState,0x58,0x18,nBaseAngZ,short,
UnitObjectState,0x58,0x1a,nBaseAngY,short,
UnitObjectState,0x58,0x1c,nBaseAngX,short,
UnitObjectState,0x58,0x1e,pRootPiece,ObjectPiece *,
UnitObjectState,0x58,0x22,aPieces,ObjectPiece[1],
UnitResourceSlot,0x34,0x0,flEnergyMake,float,
UnitResourceSlot,0x34,0x4,flEnergyUse,float,
UnitResourceSlot,0x34,0x8,flEnergyUsePaid,float,
UnitResourceSlot,0x34,0xc,flEnergyStall,float,
UnitResourceSlot,0x34,0x10,flEnergyMakePrev,float,
UnitResourceSlot,0x34,0x14,flEnergyUsePrev,float,
UnitResourceSlot,0x34,0x18,flMetalMake,float,
UnitResourceSlot,0x34,0x1c,flMetalUse,float,
UnitResourceSlot,0x34,0x20,flMetalUsePaid,float,
UnitResourceSlot,0x34,0x24,flMetalStall,float,
UnitResourceSlot,0x34,0x28,flMetalMakePrev,float,
UnitResourceSlot,0x34,0x2c,flMetalUsePrev,float,
UnitResourceSlot,0x34,0x30,pPlayer,PlayerState *,
UnitScriptContext,0x544,0x0,pVtable,void *,
UnitScriptContext,0x544,0x4,nTickRate,int,
UnitScriptContext,0x544,0x8,pCob,CobScript *,
UnitScriptContext,0x544,0xc,nSyncKey,int,
UnitScriptContext,0x544,0x10,pStaticVars,int *,
UnitScriptContext,0x544,0x14,pPieceAnimStates,CobPieceAnimState *,
UnitScriptContext,0x544,0x18,nAnimDirty,int,
UnitScriptContext,0x544,0x1c,aSlots,UnitScriptSlot[8],
UnitScriptContext,0x544,0x53c,nActiveSlots,int,
UnitScriptContext,0x544,0x540,pObjectState,UnitObjectState *,
UnitScriptSlot,0xa4,0x0,dwStatus,uint,
UnitScriptSlot,0xa4,0x4,nPC,int,
UnitScriptSlot,0xa4,0x8,nStackTop,int,
UnitScriptSlot,0xa4,0xc,nSleepRemain,int,
UnitScriptSlot,0xa4,0x10,nWaitPiece,int,
UnitScriptSlot,0xa4,0x14,nWaitAxis,int,
UnitScriptSlot,0xa4,0x18,nChildSlot,int,
UnitScriptSlot,0xa4,0x1c,dwSignalMask,uint,
UnitScriptSlot,0xa4,0x20,pCallback,void *,
UnitScriptSlot,0xa4,0x24,aStack,int[32],
UnitTable,0x14,0x0,cache,MemCache,
UnitTable,0x14,0x10,pCompositeFrame,GafFrame *,
UnitTbl,0x10d,0x0,pPlayer,PlayerState *,
UnitTbl,0x10d,0x4,bSlotIndex,byte,
UnitTbl,0x10d,0x5,vecVisibleEnemies,StlVec_UnitInstancePtr,
UnitTbl,0x10d,0x15,vecRadarDetectedEnemies,StlVec_UnitInstancePtr,
UnitTbl,0x10d,0x25,vecBuilderAirbases,StlVec_UnitInstancePtr,
UnitTbl,0x10d,0x35,nScoutAnchorX,int,
UnitTbl,0x10d,0x39,nScoutAnchorY,int,
UnitTbl,0x10d,0x3d,nScoutAnchorZ,int,
UnitTbl,0x10d,0x41,nUnusedPadX_0x41,int,
UnitTbl,0x10d,0x45,nUnusedPadY_0x45,int,
UnitTbl,0x10d,0x49,nUnusedPadZ_0x49,int,
UnitTbl,0x10d,0x4d,vecMetalSites,StlVec_ScoredCell,
UnitTbl,0x10d,0x5d,nMapCenterTileX,short,
UnitTbl,0x10d,0x5f,nMapCenterTileZ,short,
UnitTbl,0x10d,0x61,nUnusedPad_0x61,int,
UnitTbl,0x10d,0x65,vecUnitTypeBuildScoreTriplets,StlVec_Byte,
UnitTbl,0x10d,0x75,nBuilderCount,int,
UnitTbl,0x10d,0x79,nHasTargetingUpgradeActive,int,
UnitTbl,0x10d,0x7d,vecUnitTypeCounts,StlVec_Short,
UnitTbl,0x10d,0x8d,vecUnitTypeThreatScores,StlVec_Byte,
UnitTbl,0x10d,0x9d,vecUnitTypeWeights,StlVec_Byte,
UnitTbl,0x10d,0xad,vecAiWeightPct,StlVec_Byte,
UnitTbl,0x10d,0xbd,vecAiWeightOverrideFlags,StlVec_Int,
UnitTbl,0x10d,0xcd,vecAiLimit,StlVec_Int,
UnitTbl,0x10d,0xdd,vecAiLimitOverrideFlags,StlVec_Int,
UnitTbl,0x10d,0xed,dwLastUnitTblRefreshTick,uint,
UnitTbl,0x10d,0xf1,nLandPlaceTileW,short,
UnitTbl,0x10d,0xf3,nLandPlaceTileH,short,
UnitTbl,0x10d,0xf5,nLandPlaceOffX,short,
UnitTbl,0x10d,0xf7,nLandPlaceOffZ,short,
UnitTbl,0x10d,0xf9,nLandPlaceMargin,int,
UnitTbl,0x10d,0xfd,nWaterPlaceTileW,short,
UnitTbl,0x10d,0xff,nWaterPlaceTileH,short,
UnitTbl,0x10d,0x101,nWaterPlaceOffX,short,
UnitTbl,0x10d,0x103,nWaterPlaceOffZ,short,
UnitTbl,0x10d,0x105,nWaterPlaceMargin,int,
UnitTbl,0x10d,0x109,nPlacementSearchRadius,int,
UnitWeaponSlot,0x1c,0x0,nAimTargetXOrUnitId,short,
UnitWeaponSlot,0x1c,0x2,nAimTargetZOrUnitSentinel,short,
UnitWeaponSlot,0x1c,0x4,aimCob,WeaponAimCobCb,embedded; Cob Aim RETURN writes aimCob.nAimCobDone
UnitWeaponSlot,0x1c,0xc,pWeapon,WeaponDef *,
UnitWeaponSlot,0x1c,0x10,nMuzzleAimFromDeltaZ,int,
UnitWeaponSlot,0x1c,0x14,wReloadTimer,ushort,
UnitWeaponSlot,0x1c,0x16,nFireHeading,short,
UnitWeaponSlot,0x1c,0x18,nFirePitch,short,
UnitWeaponSlot,0x1c,0x1a,bStockpile,byte,
UnitWeaponSlot,0x1c,0x1b,bFlags,byte,
Vec3,0xc,0x0,nX,int,
Vec3,0xc,0x4,nY,int,
Vec3,0xc,0x8,nZ,int,
VictoryCondHeader,0xc,0x0,pVtbl,void *,
VictoryCondHeader,0xc,0x4,nSatisfied,int,
VictoryCondHeader,0xc,0x8,nCelebrated,int,
VictoryCond_BuildUnitType,0x32,0x0,ppVtbl,void * *,
VictoryCond_BuildUnitType,0x32,0x4,nSatisfied,int,
VictoryCond_BuildUnitType,0x32,0x8,nCelebrated,int,
VictoryCond_BuildUnitType,0x32,0xc,ppMatchVtbl,void * *,
VictoryCond_BuildUnitType,0x32,0x10,aUnitTypeName,char[32],
VictoryCond_BuildUnitType,0x32,0x30,wUnitDefId,ushort,
VictoryCond_CaptureUnitType,0x2c,0x0,ppVtbl,void * *,
VictoryCond_CaptureUnitType,0x2c,0x4,nSatisfied,int,
VictoryCond_CaptureUnitType,0x2c,0x8,nCelebrated,int,
VictoryCond_CaptureUnitType,0x2c,0xc,aUnitTypeName,char[32],
VictoryCond_KillAllMobileUnits,0x14,0x0,ppVtbl,void * *,
VictoryCond_KillAllMobileUnits,0x14,0x4,nSatisfied,int,
VictoryCond_KillAllMobileUnits,0x14,0x8,nCelebrated,int,
VictoryCond_KillAllMobileUnits,0x14,0xc,ppMatchVtbl,void * *,
VictoryCond_KillAllMobileUnits,0x14,0x10,nNumUnits,int,
VictoryCond_KillAllOfType,0x36,0x0,ppVtbl,void * *,
VictoryCond_KillAllOfType,0x36,0x4,nSatisfied,int,
VictoryCond_KillAllOfType,0x36,0x8,nCelebrated,int,
VictoryCond_KillAllOfType,0x36,0xc,ppMatchVtbl,void * *,
VictoryCond_KillAllOfType,0x36,0x10,aUnitTypeName,char[32],
VictoryCond_KillAllOfType,0x36,0x30,wUnitDefId,ushort,
VictoryCond_KillAllOfType,0x36,0x32,nMatchCount,int,
VictoryCond_KillUnitType,0x30,0x0,ppVtbl,void * *,
VictoryCond_KillUnitType,0x30,0x4,nSatisfied,int,
VictoryCond_KillUnitType,0x30,0x8,nCelebrated,int,
VictoryCond_KillUnitType,0x30,0xc,aUnitTypeName,char[32],
VictoryCond_KillUnitType,0x30,0x2c,nNumLeftToKill,int,
VictoryCond_MoveUnitToRadius,0x40,0x0,ppVtbl,void * *,
VictoryCond_MoveUnitToRadius,0x40,0x4,nSatisfied,int,
VictoryCond_MoveUnitToRadius,0x40,0x8,nCelebrated,int,
VictoryCond_MoveUnitToRadius,0x40,0xc,ppMatchVtbl,void * *,
VictoryCond_MoveUnitToRadius,0x40,0x10,aUnitTypeName,char[32],
VictoryCond_MoveUnitToRadius,0x40,0x30,nPosX,int,
VictoryCond_MoveUnitToRadius,0x40,0x34,nClampSentinel,int,
VictoryCond_MoveUnitToRadius,0x40,0x38,nPosZ,int,
VictoryCond_MoveUnitToRadius,0x40,0x3c,dwRadius,uint,
VictoryCond_UnitTypePassesX,0x34,0x0,ppVtbl,void * *,
VictoryCond_UnitTypePassesX,0x34,0x4,nSatisfied,int,
VictoryCond_UnitTypePassesX,0x34,0x8,nCelebrated,int,
VictoryCond_UnitTypePassesX,0x34,0xc,ppMatchVtbl,void * *,
VictoryCond_UnitTypePassesX,0x34,0x10,aUnitTypeName,char[32],
VictoryCond_UnitTypePassesX,0x34,0x30,nPosX,int,
VictoryCond_UnitTypePassesZ,0x34,0x0,ppVtbl,void * *,
VictoryCond_UnitTypePassesZ,0x34,0x4,nSatisfied,int,
VictoryCond_UnitTypePassesZ,0x34,0x8,nCelebrated,int,
VictoryCond_UnitTypePassesZ,0x34,0xc,ppMatchVtbl,void * *,
VictoryCond_UnitTypePassesZ,0x34,0x10,aUnitTypeName,char[32],
VictoryCond_UnitTypePassesZ,0x34,0x30,nPosZ,int,
VictoryCond_VictoryTimerRunsOut,0x10,0x0,pVtable,void *,
VictoryCond_VictoryTimerRunsOut,0x10,0x4,nSatisfied,int,
VictoryCond_VictoryTimerRunsOut,0x10,0x8,nCelebrated,int,
VictoryCond_VictoryTimerRunsOut,0x10,0xc,dwDeadlineTick,uint,
VictoryCondition,0x10,0x0,ppVtbl,void * *,
VictoryCondition,0x10,0x4,nSatisfied,int,
VictoryCondition,0x10,0x8,nCelebrated,int,
VictoryCondition,0x10,0xc,dwDeadlineTick,uint,
VictoryConditionBase,0xc,0x0,pVtable,void *,
VictoryConditionBase,0xc,0x4,nSatisfied,int,
VictoryConditionBase,0xc,0x8,nCelebrated,int,
VictoryConditionWithMatch,0x10,0x0,pVtable,void *,
VictoryConditionWithMatch,0x10,0x4,nSatisfied,int,
VictoryConditionWithMatch,0x10,0x8,nCelebrated,int,
VictoryConditionWithMatch,0x10,0xc,pMatchVtbl,void *,
VictoryConditions,0x8c,0x0,apWinConds,VictoryConditionBase *[16],
VictoryConditions,0x8c,0x40,nWinCondCount,int,
VictoryConditions,0x8c,0x44,apDefeatConds,VictoryConditionBase *[16],
VictoryConditions,0x8c,0x84,nDefeatCondCount,int,
VictoryConditions,0x8c,0x88,nActive,int,
VictoryState,0x8c,0x0,apVictoryConds,VictoryConditionBase *[16],
VictoryState,0x8c,0x40,nVictoryCount,int,
VictoryState,0x8c,0x44,apDefeatConds,VictoryConditionBase *[16],
VictoryState,0x8c,0x84,nDefeatCount,int,
VictoryState,0x8c,0x88,nEnabled,int,
WeaponAimCobCb,0x8,0x0,ppVtbl,void * *,
WeaponAimCobCb,0x8,0x4,nAimCobDone,int,
WeaponDef,0x115,0x0,aName,CHAR[32],
WeaponDef,0x115,0x20,aDescription,char[64],
WeaponDef,0x115,0x60,pfnFire,WeaponFireFn *,
WeaponDef,0x115,0x64,pDamageOverrides,WeaponDef_DamageMap *,"TDF DAMAGE subsection sorted {unitName,dmg} map"
WeaponDef,0x115,0x68,nWeaponVelocity,int,
WeaponDef,0x115,0x6c,nStartVelocity,int,
WeaponDef,0x115,0x70,nWeaponAcceleration,int,
WeaponDef,0x115,0x74,pModel,Model3do *,
WeaponDef,0x115,0x78,pExplosionSeq,GafSequence *,
WeaponDef,0x115,0x7c,pWaterExplosionSeq,GafSequence *,
WeaponDef,0x115,0x80,aModelName,char[64],
WeaponDef,0x115,0xc0,flEnergyPerShot,float,
WeaponDef,0x115,0xc4,flMetalPerShot,float,
WeaponDef,0x115,0xc8,flMinBarrelAngle,float,
WeaponDef,0x115,0xcc,nShakeMagnitude,int,
WeaponDef,0x115,0xd0,nShakeDuration,int,
WeaponDef,0x115,0xd4,nDefaultDamage,short,
WeaponDef,0x115,0xd6,nAreaOfEffect,short,
WeaponDef,0x115,0xd8,flEdgeEffectiveness,float,
WeaponDef,0x115,0xdc,nRange,int,
WeaponDef,0x115,0xe0,nCoverage,int,
WeaponDef,0x115,0xe4,nReloadTime,short,
WeaponDef,0x115,0xe6,nWeaponTimer,short,
WeaponDef,0x115,0xe8,nTurnRate,short,
WeaponDef,0x115,0xea,nBurst,short,
WeaponDef,0x115,0xec,nBurstRate,short,
WeaponDef,0x115,0xee,nSprayAngle,short,
WeaponDef,0x115,0xf0,nDuration,short,
WeaponDef,0x115,0xf2,nRandomDecay,short,
WeaponDef,0x115,0xf4,nSoundStart,short,
WeaponDef,0x115,0xf6,nSoundHit,short,
WeaponDef,0x115,0xf8,nSoundWater,short,
WeaponDef,0x115,0xfa,nSmokeDelay,short,
WeaponDef,0x115,0xfc,nFlightTime,short,
WeaponDef,0x115,0xfe,nHoldTime,short,
WeaponDef,0x115,0x100,aUnused_afterHoldTime,byte[4],Between nHoldTime and nAccuracy; TDF load skips; no consumers
WeaponDef,0x115,0x104,nAccuracy,short,
WeaponDef,0x115,0x106,nTolerance,short,
WeaponDef,0x115,0x108,nPitchTolerance,short,
WeaponDef,0x115,0x10a,bIndex,byte,
WeaponDef,0x115,0x10b,bFireStarter,byte,
WeaponDef,0x115,0x10c,bRenderType,byte,
WeaponDef,0x115,0x10d,bColor,byte,
WeaponDef,0x115,0x10e,bColor2,byte,
WeaponDef,0x115,0x10f,aUnused_beforeWeaponFlags,byte[2],Between bColor2 and dwWeaponFlags; TDF load skips; no consumers
WeaponDef,0x115,0x111,dwWeaponFlags,WeaponFlags,
WeaponDef_DamageMap,0x11,0x0,bUnused0,byte,
WeaponDef_DamageMap,0x11,0x1,bInitFlag,byte,
WeaponDef_DamageMap,0x11,0x2,aPad2,byte[3],
WeaponDef_DamageMap,0x11,0x5,pBegin,WeaponDef_DamagePair *,
WeaponDef_DamageMap,0x11,0x9,pEnd,WeaponDef_DamagePair *,
WeaponDef_DamageMap,0x11,0xd,pCapacityEnd,WeaponDef_DamagePair *,
WeaponDef_DamagePair,0x8,0x0,pUnitName,char *,
WeaponDef_DamagePair,0x8,0x4,nDamage,int,
WeaponNextFireSlot,0x4a,0x0,pWeapon,WeaponDef *,
WeaponNextFireSlot,0x4a,0x4,_pad_04,byte[54],
WeaponNextFireSlot,0x4a,0x3a,nWeaponVelocityParam,int,from CopyWeaponVelocityParam: StartVel else Vel if Accel==0 else 0
WeaponNextFireSlot,0x4a,0x3e,_pad_3e,byte[8],
WeaponNextFireSlot,0x4a,0x46,dwNextFireTick,uint,
WorldEffect,0x54,0x0,pExplodePiece,ExplodePieceSlot *,
WorldEffect,0x54,0x4,gafPrimary,GafFrameCursor,
WorldEffect,0x54,0x10,gafSecondary,GafFrameCursor,
WorldEffect,0x54,0x1c,nPosX,int,
WorldEffect,0x54,0x20,nPosY,int,
WorldEffect,0x54,0x24,nPosZ,int,
WorldEffect,0x54,0x28,nVelX,int,
WorldEffect,0x54,0x2c,nVelY,int,
WorldEffect,0x54,0x30,nVelZ,int,
WorldEffect,0x54,0x34,nForceX,int,
WorldEffect,0x54,0x38,nForceY,int,
WorldEffect,0x54,0x3c,nForceZ,int,
WorldEffect,0x54,0x40,nAngVelX,int,
WorldEffect,0x54,0x44,nAngVelY,int,
WorldEffect,0x54,0x48,nAngVelZ,int,
WorldEffect,0x54,0x4c,nAngleX,short,
WorldEffect,0x54,0x4e,nAngleY,short,
WorldEffect,0x54,0x50,nAngleZ,short,
WorldEffect,0x54,0x52,wFlags,ushort,
WorldOrient,0x8,0x0,nPitch,short,
WorldOrient,0x8,0x2,nHeading,short,
WorldOrient,0x8,0x4,nBank,short,
WorldOrient,0x8,0x6,nPad,short,
WorldPos3,0xc,0x0,nX,int,
WorldPos3,0xc,0x4,nY,int,
WorldPos3,0xc,0x8,nZ,int,
_s_FuncInfo,0x1c,0x0,magicNumber_and_bbtFlags,uint,
_s_FuncInfo,0x1c,0x4,maxState,__ehstate_t,
_s_FuncInfo,0x1c,0x8,pUnwindMap,UnwindMapEntry *,
_s_FuncInfo,0x1c,0xc,nTryBlocks,uint,
_s_FuncInfo,0x1c,0x10,pTryBlockMap,TryBlockMapEntry *,
_s_FuncInfo,0x1c,0x14,nIPMapEntries,uint,
_s_FuncInfo,0x1c,0x18,pIPToStateMap,void *,
_s_HandlerType,0x10,0x0,adjectives,uint,
_s_HandlerType,0x10,0x4,pType,TypeDescriptor *,
_s_HandlerType,0x10,0x8,dispCatchObj,ptrdiff_t,
_s_HandlerType,0x10,0xc,addressOfHandler,void *,
_s_TryBlockMapEntry,0x14,0x0,tryLow,__ehstate_t,
_s_TryBlockMapEntry,0x14,0x4,tryHigh,__ehstate_t,
_s_TryBlockMapEntry,0x14,0x8,catchHigh,__ehstate_t,
_s_TryBlockMapEntry,0x14,0xc,nCatches,int,
_s_TryBlockMapEntry,0x14,0x10,pHandlerArray,HandlerType *,
_s_UnwindMapEntry,0x8,0x0,toState,__ehstate_t,
_s_UnwindMapEntry,0x8,0x4,action,action *,
