address,size,model,batch,result,similarity,runs,notes
0x406f40,1,haiku,H0,matched,100.0,,
0x428c50,1,haiku,H0,matched,100.0,,
0x49ed90,1,haiku,H0,matched,100.0,,
0x4d82b0,1,haiku,H0,matched,100.0,,
0x4e1450,1,haiku,H0,matched,100.0,,
0x406c00,3,haiku,H0,matched,100.0,,
0x416500,3,haiku,H0,matched,100.0,,
0x43a1e0,3,haiku,H0,matched,100.0,,
0x44ef40,3,haiku,H0,matched,100.0,,
0x461d60,3,haiku,H0,matched,100.0,,
0x480e90,3,haiku,H0,matched,100.0,,
0x4b1e80,3,haiku,H0,matched,100.0,,
0x4cfef0,3,haiku,H0,matched,100.0,,
0x44cec0,5,haiku,H0,matched,100.0,,
0x4b1e70,5,haiku,H0,matched,100.0,,
0x44ce40,6,haiku,H0,matched,100.0,,
0x44fd60,6,haiku,H0,matched,100.0,,
0x4b6220,6,haiku,H0,matched,100.0,,
0x4353a0,7,haiku,H0,matched,100.0,,
0x4908b0,7,haiku,H0,matched,100.0,,
0x4c3e10,8,haiku,H0,matched,100.0,,
0x4cb7c0,10,haiku,H0,partial,40.0,,
0x462bf0,11,haiku,H0,matched,100.0,,
0x4767e0,12,haiku,H0,matched,100.0,,
0x464ac0,13,haiku,H0,matched,100.0,,
0x4ca9d0,13,haiku,H0,matched,100.0,,
0x49fc40,14,haiku,H0,matched,100.0,,
0x4e41e0,14,haiku,H0,matched,100.0,,
0x438870,15,haiku,H0,matched,100.0,,
0x46c8b0,16,haiku,H0,matched,100.0,,
0x40c230,17,haiku,H1,matched,100.0,,
0x47cb40,19,haiku,H1,matched,100.0,,
0x463c60,24,haiku,H1,matched,100.0,,
0x45b800,30,haiku,H1,matched,100.0,,
0x4d1ba0,35,haiku,H1,matched,100.0,,
0x434a30,42,haiku,H1,partial,40.0,,
0x4b6af0,48,haiku,H1,partial,51.1,,
0x474f80,56,haiku,H1,partial,76.2,,
0x40c4f0,17,sonnet,S1,matched,100.0,,
0x494ff0,19,sonnet,S1,matched,100.0,,
0x46e5c0,24,sonnet,S1,matched,100.0,,
0x4b7a10,30,sonnet,S1,matched,100.0,,
0x4d1bd0,35,sonnet,S1,matched,100.0,,
0x438450,42,sonnet,S1,partial,40.0,,
0x4cf150,48,sonnet,S1,matched,100.0,,
0x4c93b0,56,sonnet,S1,matched,100.0,,
0x489960,65,haiku,H2,matched,100.0,,
0x407930,75,haiku,H2,partial,17.1,,
0x476e90,86,haiku,H2,partial,38.1,,
0x4b66a0,96,haiku,H2,partial,28.6,,
0x45c6d0,110,haiku,H2,partial,33.3,,
0x4b6370,128,haiku,H2,partial,35.3,,
0x4a4930,65,sonnet,S2,matched,100.0,,
0x44dc60,75,sonnet,S2,partial,92.3,,
0x4b62d0,86,sonnet,S2,partial,50.0,,
0x41ea30,97,sonnet,S2,partial,94.9,,
0x4a1680,110,sonnet,S2,matched,100.0,,
0x4c9290,128,sonnet,S2,partial,89.5,,
0x415da0,17,haiku,H3,matched,100.0,,
0x406c70,19,haiku,H3,matched,100.0,,
0x4750f0,19,haiku,H3,matched,100.0,,
0x428f40,22,haiku,H3,matched,100.0,,
0x4423a0,24,haiku,H3,matched,100.0,,
0x45b640,27,haiku,H3,matched,100.0,,
0x4e21a0,29,haiku,H3,partial,76.2,,
0x475840,33,haiku,H3,partial,71.4,,
0x470770,35,haiku,H3,partial,66.7,,
0x4d8b30,37,haiku,H3,matched,100.0,,
0x407380,1,haiku,H4,matched,100.0,,
0x428bb0,1,haiku,H4,matched,100.0,,
0x428bd0,1,haiku,H4,matched,100.0,,
0x428be0,1,haiku,H4,matched,100.0,,
0x428bf0,1,haiku,H4,matched,100.0,,
0x428c30,1,haiku,H4,matched,100.0,,
0x428c40,1,haiku,H4,matched,100.0,,
0x437d30,1,haiku,H4,matched,100.0,,
0x440930,1,haiku,H4,matched,100.0,,
0x44efb0,1,haiku,H4,matched,100.0,,
0x461170,1,haiku,H4,matched,100.0,,
0x461610,1,haiku,H4,matched,100.0,,
0x463bd0,1,haiku,H4,matched,100.0,,
0x46c8d0,1,haiku,H4,matched,100.0,,
0x47caf0,1,haiku,H4,matched,100.0,,
0x4b7ac0,1,haiku,H4,matched,100.0,,
0x4c1aa0,1,haiku,H4,matched,100.0,,
0x4c9740,1,haiku,H4,matched,100.0,,
0x4cfee0,1,haiku,H4,matched,100.0,,
0x4cff00,1,haiku,H4,matched,100.0,,
0x4d8130,1,haiku,H4,matched,100.0,,
0x4d8190,1,haiku,H4,matched,100.0,,
0x4d8250,1,haiku,H4,matched,100.0,,
0x4d8390,1,haiku,H4,matched,100.0,,
0x4d83a0,1,haiku,H4,matched,100.0,,
0x4da7c0,1,haiku,H4,matched,100.0,,
0x4db7b0,1,haiku,H4,matched,100.0,,
0x4de4c0,1,haiku,H4,matched,100.0,,
0x4de540,1,haiku,H4,matched,100.0,,
0x4df1d0,1,haiku,H4,matched,100.0,,
0x4e0730,1,haiku,H4,matched,100.0,,
0x4e1b00,1,haiku,H4,matched,100.0,,
0x4e2cb0,1,haiku,H4,matched,100.0,,
0x4e4250,1,haiku,H4,matched,100.0,,
0x4e4260,1,haiku,H4,matched,100.0,,
0x4e4270,1,haiku,H4,matched,100.0,,
0x4e4280,1,haiku,H4,matched,100.0,,
0x4e4290,1,haiku,H4,matched,100.0,,
0x4e42a0,1,haiku,H4,matched,100.0,,
0x40cc30,3,haiku,H4,matched,100.0,,
0x438450,42,opus,O1,matched,100.0,,escalated from Sonnet S1: global std::vector initialiser
0x434a30,42,opus,O1,matched,100.0,,escalated from Haiku H1: global std::vector initialiser
0x40d280,3,haiku,H5,matched,100.0,,
0x40d4a0,3,haiku,H5,matched,100.0,,
0x40d4b0,3,haiku,H5,matched,100.0,,
0x40d4e0,3,haiku,H5,matched,100.0,,
0x416270,3,haiku,H5,matched,100.0,,
0x416370,3,haiku,H5,matched,100.0,,
0x416380,3,haiku,H5,matched,100.0,,
0x4251e0,3,haiku,H5,matched,100.0,,
0x425470,3,haiku,H5,matched,100.0,,
0x428bc0,3,haiku,H5,matched,100.0,,
0x42f900,3,haiku,H5,matched,100.0,,
0x433d90,3,haiku,H5,matched,100.0,,
0x4343f0,3,haiku,H5,matched,100.0,,
0x434430,3,haiku,H5,matched,100.0,,
0x435100,3,haiku,H5,matched,100.0,,
0x43c390,3,haiku,H5,matched,100.0,,
0x44cef0,3,haiku,H5,matched,100.0,,
0x44cf50,3,haiku,H5,matched,100.0,,
0x44e6b0,3,haiku,H5,matched,100.0,,
0x44ea50,3,haiku,H5,matched,100.0,,
0x44ec00,3,haiku,H5,matched,100.0,,
0x44ec10,3,haiku,H5,matched,100.0,,
0x44ee60,3,haiku,H5,matched,100.0,,
0x44ef50,3,haiku,H5,matched,100.0,,
0x44efc0,3,haiku,H5,matched,100.0,,
0x44efd0,3,haiku,H5,matched,100.0,,
0x44efe0,3,haiku,H5,matched,100.0,,
0x44eff0,3,haiku,H5,matched,100.0,,
0x44f000,3,haiku,H5,matched,100.0,,
0x4568b0,3,haiku,H5,matched,100.0,,
0x461620,3,haiku,H5,matched,100.0,,
0x46c8c0,3,haiku,H5,matched,100.0,,
0x46e870,3,haiku,H5,matched,100.0,,
0x470030,3,haiku,H5,matched,100.0,,
0x470290,3,haiku,H5,matched,100.0,,
0x470ef0,3,haiku,H5,matched,100.0,,
0x4732d0,3,haiku,H5,matched,100.0,,
0x475330,3,haiku,H5,matched,100.0,,
0x475870,3,haiku,H5,matched,100.0,,
0x480ea0,3,haiku,H5,matched,100.0,,
0x4287b0,17,haiku,H6,matched,100.0,,
0x4c5dc0,18,haiku,H6,matched,100.0,,
0x464ad0,19,haiku,H6,matched,100.0,,
0x4ab690,20,haiku,H6,matched,100.0,,
0x4c9180,22,haiku,H6,matched,100.0,,
0x4d1c60,24,haiku,H6,matched,100.0,,
0x45fc40,27,haiku,H6,matched,100.0,,
0x480e70,29,haiku,H6,matched,100.0,,
0x4bc300,32,haiku,H6,matched,100.0,,
0x48ef80,34,haiku,H6,matched,100.0,,
0x4b6b20,36,haiku,H6,matched,100.0,,
0x438700,39,haiku,H6,matched,100.0,,
0x40d5b0,41,sonnet,S3,matched,100.0,,
0x4702a0,46,sonnet,S3,matched,100.0,,
0x48a060,51,sonnet,S3,matched,100.0,,
0x41d3b0,59,sonnet,S3,matched,100.0,,
0x4b6af0,48,sonnet,S3,partial,60.9,,escalated from Haiku
0x474f80,56,sonnet,S3,matched,100.0,,escalated from Haiku
0x4e21a0,29,sonnet,S3,partial,76.2,,escalated from Haiku
0x475840,33,sonnet,S3,matched,100.0,,escalated from Haiku
0x470770,35,sonnet,S3,matched,100.0,,escalated from Haiku
0x4cb7c0,10,sonnet,S3,matched,100.0,,escalated from Haiku
0x48ea10,3,haiku,H7,matched,100.0,,
0x48ea20,3,haiku,H7,matched,100.0,,
0x48ea30,3,haiku,H7,matched,100.0,,
0x4b0650,3,haiku,H7,matched,100.0,,
0x4b0660,3,haiku,H7,matched,100.0,,
0x4b0670,3,haiku,H7,matched,100.0,,
0x4b06a0,3,haiku,H7,matched,100.0,,
0x4b1e90,3,haiku,H7,matched,100.0,,
0x4b1ea0,3,haiku,H7,matched,100.0,,
0x4b1eb0,3,haiku,H7,matched,100.0,,
0x4bab90,3,haiku,H7,matched,100.0,,
0x4c4440,3,haiku,H7,matched,100.0,,
0x4cd9b0,3,haiku,H7,matched,100.0,,
0x4cee40,3,haiku,H7,matched,100.0,,
0x4cfed0,3,haiku,H7,matched,100.0,,
0x4cff10,3,haiku,H7,matched,100.0,,
0x4d8680,3,haiku,H7,matched,100.0,,
0x48ea00,4,haiku,H7,matched,100.0,,
0x4b07a0,4,haiku,H7,matched,100.0,,
0x4c3e20,4,haiku,H7,matched,100.0,,
0x4cf220,4,haiku,H7,matched,100.0,,
0x4cfea0,4,haiku,H7,matched,100.0,,
0x443590,5,haiku,H7,matched,100.0,,
0x44ce80,5,haiku,H7,matched,100.0,,
0x44cf20,5,haiku,H7,matched,100.0,,
0x44cf40,5,haiku,H7,matched,100.0,,
0x4814b0,5,haiku,H7,matched,100.0,,
0x499880,5,haiku,H7,matched,100.0,,
0x4b0680,5,haiku,H7,matched,100.0,,
0x4b0690,5,haiku,H7,matched,100.0,,
0x4b07b0,5,haiku,H7,matched,100.0,,
0x4b1e50,5,haiku,H7,matched,100.0,,
0x4b1e60,5,haiku,H7,matched,100.0,,
0x4b62c0,5,haiku,H7,matched,100.0,,
0x4bd150,5,haiku,H7,matched,100.0,,
0x4ca9f0,5,haiku,H7,matched,100.0,,
0x41d8a0,6,haiku,H7,matched,100.0,,
0x41d8b0,6,haiku,H7,matched,100.0,,
0x428c00,6,haiku,H7,matched,100.0,,
0x428c10,6,haiku,H7,matched,100.0,,
0x437b30,17,haiku,H8,matched,100.0,,
0x44ce20,18,haiku,H8,matched,100.0,,
0x4335c0,19,haiku,H8,matched,100.0,,
0x4b6b60,19,haiku,H8,matched,100.0,,
0x49fb10,21,haiku,H8,matched,100.0,,
0x4caa20,22,haiku,H8,matched,100.0,,
0x44cf00,24,haiku,H8,partial,42.1,,
0x48ec00,26,haiku,H8,matched,100.0,,
0x470eb0,28,haiku,H8,partial,52.2,,
0x40cc80,30,haiku,H8,partial,76.9,,
0x43a940,33,haiku,H8,partial,83.3,,
0x416e30,34,haiku,H8,partial,0.0,,
0x473530,35,haiku,H8,partial,86.7,,
0x417090,37,haiku,H8,partial,0.0,,
0x4b6e80,39,haiku,H8,partial,69.2,,
0x44f010,41,haiku,H9,matched,100.0,,
0x48fb30,43,haiku,H9,partial,78.6,,
0x470f00,46,haiku,H9,matched,100.0,,
0x45ae80,49,haiku,H9,matched,100.0,,
0x4d6ba0,51,haiku,H9,partial,86.4,,
0x472fd0,55,haiku,H9,partial,62.2,,
0x44c7a0,59,haiku,H9,partial,18.2,,
0x4d1b00,61,haiku,H9,partial,36.4,,
0x41ea30,97,opus,O2,matched,100.0,,escalated from Sonnet
0x44dc60,75,opus,O2,matched,100.0,,escalated from Sonnet
0x4c9290,128,opus,O2,matched,100.0,,escalated from Sonnet
0x4b62d0,86,opus,O2,matched,100.0,,escalated from Sonnet
0x428c20,6,haiku,H10,matched,100.0,,
0x44cf30,6,haiku,H10,matched,100.0,,
0x44cfe0,6,haiku,H10,matched,100.0,,
0x44d440,6,haiku,H10,matched,100.0,,
0x44d900,6,haiku,H10,matched,100.0,,
0x44df70,6,haiku,H10,matched,100.0,,
0x44e7a0,6,haiku,H10,matched,100.0,,
0x44fd40,6,haiku,H10,matched,100.0,,
0x44fd50,6,haiku,H10,matched,100.0,,
0x44fd70,6,haiku,H10,matched,100.0,,
0x44fd80,6,haiku,H10,matched,100.0,,
0x44fd90,6,haiku,H10,matched,100.0,,
0x45b660,6,haiku,H10,matched,100.0,,
0x47c770,6,haiku,H10,matched,100.0,,
0x47c780,6,haiku,H10,matched,100.0,,
0x49f610,6,haiku,H10,matched,100.0,,
0x4aa8d0,6,haiku,H10,matched,100.0,,
0x4b6560,6,haiku,H10,matched,100.0,,
0x4c5de0,6,haiku,H10,matched,100.0,,
0x4d3d60,6,haiku,H10,matched,100.0,,
0x4d9f50,6,haiku,H10,matched,100.0,,
0x4da0b0,6,haiku,H10,matched,100.0,,
0x4db7c0,6,haiku,H10,matched,100.0,,
0x4e39a0,6,haiku,H10,matched,100.0,,
0x4e3e10,6,haiku,H10,matched,100.0,,
0x4358f0,7,haiku,H10,matched,100.0,,
0x435900,7,haiku,H10,matched,100.0,,
0x435910,7,haiku,H10,matched,100.0,,
0x435c20,7,haiku,H10,matched,100.0,,
0x435c30,7,haiku,H10,matched,100.0,,
0x435c50,7,haiku,H10,matched,100.0,,
0x44f290,7,haiku,H10,matched,100.0,,
0x471d00,7,haiku,H10,matched,100.0,,
0x4cd9c0,7,haiku,H10,matched,100.0,,
0x4ce020,7,haiku,H10,matched,100.0,,
0x4ce450,7,haiku,H10,matched,100.0,,
0x4ce5a0,7,haiku,H10,matched,100.0,,
0x4ce680,7,haiku,H10,matched,100.0,,
0x4ce7f0,7,haiku,H10,matched,100.0,,
0x4cff20,7,haiku,H10,matched,100.0,,
0x479530,41,sonnet,S4,partial,66.7,,
0x4a0f30,44,sonnet,S4,partial,46.2,,
0x4d09e0,47,sonnet,S4,matched,100.0,,
0x40cc40,52,sonnet,S4,matched,100.0,,
0x44fe00,56,sonnet,S4,matched,100.0,,
0x4afec0,60,sonnet,S4,partial,26.3,,
0x407930,75,sonnet,S4,matched,100.0,,escalated from Haiku
0x476e90,86,sonnet,S4,matched,100.0,,escalated from Haiku
0x4b66a0,96,sonnet,S4,partial,52.6,,escalated from Haiku
0x45c6d0,110,sonnet,S4,matched,100.0,,escalated from Haiku
0x4b6370,128,sonnet,S4,matched,100.0,,escalated from Haiku
0x470eb0,28,sonnet,S5,matched,100.0,,escalated from Haiku
0x44cf00,24,sonnet,S5,matched,100.0,,escalated from Haiku
0x40cc80,30,sonnet,S5,matched,100.0,,escalated from Haiku
0x43a940,33,sonnet,S5,matched,100.0,,escalated from Haiku
0x416e30,34,sonnet,S5,matched,100.0,,escalated from Haiku
0x473530,35,sonnet,S5,matched,100.0,,escalated from Haiku
0x417090,37,sonnet,S5,matched,100.0,,escalated from Haiku
0x4b6e80,39,sonnet,S5,matched,100.0,,escalated from Haiku
0x4d6ba0,51,sonnet,S6,matched,100.0,,escalated from Haiku
0x48fb30,43,sonnet,S6,matched,100.0,,escalated from Haiku
0x472fd0,55,sonnet,S6,partial,90.0,,escalated from Haiku
0x44c7a0,59,sonnet,S6,partial,29.6,,escalated from Haiku
0x4d1b00,61,sonnet,S6,partial,68.2,,escalated from Haiku
0x479560,41,sonnet,S6,matched,100.0,,
0x406c10,46,sonnet,S6,matched,100.0,,
0x40c9f0,50,sonnet,S6,partial,37.2,,
0x4b96a0,54,sonnet,S6,partial,79.2,,
0x4404c0,60,sonnet,S6,matched,100.0,,
0x40cfb0,66,opus,O3,matched,100.0,,
0x47e570,75,opus,O3,matched,100.0,,
0x4d0a10,86,opus,O3,matched,100.0,,
0x422dd0,97,opus,O3,matched,100.0,,
0x408090,111,opus,O3,matched,100.0,,
0x4c9310,128,opus,O3,matched,100.0,,
0x416390,8,haiku,H11,matched,100.0,,
0x4174d0,8,haiku,H11,matched,100.0,,
0x439ea0,8,haiku,H11,matched,100.0,,
0x492de0,8,haiku,H11,matched,100.0,,
0x4caa00,8,haiku,H11,matched,100.0,,
0x4caa10,8,haiku,H11,matched,100.0,,
0x4cfe80,8,haiku,H11,matched,100.0,,
0x4cfe90,8,haiku,H11,matched,100.0,,
0x4de100,8,haiku,H11,matched,100.0,,
0x4b3620,9,haiku,H11,matched,100.0,,
0x419550,10,haiku,H11,matched,100.0,,
0x420610,10,haiku,H11,matched,100.0,,
0x4814f0,10,haiku,H11,partial,0.0,,
0x49e630,10,haiku,H11,partial,0.0,,
0x4ab6b0,10,haiku,H11,matched,100.0,,
0x4c3e30,10,haiku,H11,matched,100.0,,
0x4cf210,10,haiku,H11,matched,100.0,,
0x4de0f0,10,haiku,H11,matched,100.0,,
0x406da0,11,haiku,H11,matched,100.0,,
0x4379a0,11,haiku,H11,matched,100.0,,
0x437d40,11,haiku,H11,matched,100.0,,
0x437d50,11,haiku,H11,matched,100.0,,
0x43c350,11,haiku,H11,matched,100.0,,
0x44ce70,11,haiku,H11,partial,57.1,,
0x44ef80,11,haiku,H11,matched,100.0,,
0x47efc0,11,haiku,H11,matched,100.0,,
0x488be0,11,haiku,H11,matched,100.0,,
0x4904b0,11,haiku,H11,matched,100.0,,
0x4c1470,11,haiku,H11,partial,28.6,,
0x41d4a0,12,haiku,H11,matched,100.0,,
0x41d4b0,12,haiku,H11,matched,100.0,,
0x41e260,12,haiku,H11,matched,100.0,,
0x44f5b0,12,haiku,H11,matched,100.0,,
0x4b6330,12,haiku,H11,matched,100.0,,
0x4b6700,12,haiku,H11,matched,100.0,,
0x4b6710,12,haiku,H11,matched,100.0,,
0x4b7f60,12,haiku,H11,partial,28.6,,
0x4c13f0,12,haiku,H11,matched,100.0,,
0x4c1400,12,haiku,H11,matched,100.0,,
0x4c1410,12,haiku,H11,matched,100.0,,
0x438650,161,opus,O4,partial,43.7,,
0x46df40,185,opus,O4,matched,100.0,,
0x4c48c0,212,opus,O4,matched,100.0,,
0x438070,260,opus,O4,partial,63.9,,
0x47e750,307,opus,O4,matched,100.0,,
0x428b60,66,opus,O5,matched,100.0,,
0x4c7080,72,opus,O5,matched,100.0,,
0x4e1a30,80,opus,O5,matched,100.0,,
0x4bb200,88,opus,O5,matched,100.0,,
0x450910,97,opus,O5,matched,100.0,,
0x4e2d90,106,opus,O5,matched,100.0,,
0x4b9ed0,120,opus,O5,matched,100.0,,
0x4a1080,134,opus,O5,matched,100.0,,
0x49fa50,17,sonnet,S7,matched,100.0,,
0x4e1540,21,sonnet,S7,matched,100.0,,
0x4581c0,28,sonnet,S7,matched,100.0,,
0x46cec0,33,sonnet,S7,matched,100.0,,
0x4222b0,38,sonnet,S7,partial,81.2,,
0x4bb120,45,sonnet,S7,partial,82.9,,
0x444ba0,52,sonnet,S7,matched,100.0,,
0x4cb330,58,sonnet,S7,matched,100.0,,
0x4c1440,12,haiku,H12,matched,100.0,,
0x4c2ba0,12,haiku,H12,matched,100.0,,
0x4c6b60,12,haiku,H12,matched,100.0,,
0x4ca9e0,12,haiku,H12,matched,100.0,,
0x403180,13,haiku,H12,partial,44.4,,fixed by Opus orchestrator
0x406bf0,13,haiku,H12,partial,44.4,,fixed by Opus orchestrator
0x415b20,13,haiku,H12,partial,44.4,,fixed by Opus orchestrator
0x42e2f0,13,haiku,H12,matched,100.0,,
0x42e300,13,haiku,H12,partial,66.7,,
0x437a20,13,haiku,H12,matched,100.0,,
0x43dd10,13,haiku,H12,partial,57.1,,
0x44fda0,13,haiku,H12,partial,72.7,,
0x45b480,13,haiku,H12,matched,100.0,,
0x464ab0,13,haiku,H12,matched,100.0,,
0x464af0,13,haiku,H12,matched,100.0,,
0x464b00,13,haiku,H12,matched,100.0,,
0x46bc60,13,haiku,H12,matched,100.0,,
0x47ed30,13,haiku,H12,matched,100.0,,
0x480d40,13,haiku,H12,matched,100.0,,
0x4aa8e0,13,haiku,H12,matched,100.0,,
0x4b73b0,13,haiku,H12,matched,100.0,,
0x4b7590,13,haiku,H12,matched,100.0,,
0x4c2ea0,13,haiku,H12,matched,100.0,,
0x4c3730,13,haiku,H12,matched,100.0,,
0x4d1800,13,haiku,H12,matched,100.0,,
0x4d1810,13,haiku,H12,matched,100.0,,
0x435c40,14,haiku,H12,matched,100.0,,
0x458d20,14,haiku,H12,partial,33.3,,
0x45baf0,14,haiku,H12,matched,100.0,,
0x467950,14,haiku,H12,matched,100.0,,
0x46bf20,14,haiku,H12,matched,100.0,,
0x46e880,14,haiku,H12,partial,60.0,,
0x49e6f0,14,haiku,H12,matched,100.0,,
0x4ab0a0,14,haiku,H12,matched,100.0,,
0x4b2840,14,haiku,H12,partial,60.0,,
0x4b4f10,14,opus,O6,matched,100.0,,operator new
0x4b4f20,14,opus,O6,matched,100.0,,operator delete
0x4b4f30,14,haiku,H12,matched,100.0,,
0x4b4f40,14,haiku,H12,matched,100.0,,
0x4b6b50,14,haiku,H12,partial,20.0,,
0x4ce1d0,14,haiku,H12,matched,100.0,,
0x4ce7e0,14,haiku,H12,matched,100.0,,
0x4d83b0,14,haiku,H12,matched,100.0,,
0x4d8450,14,haiku,H12,matched,100.0,,
0x4d85a0,14,haiku,H12,matched,100.0,,
0x4d8660,14,haiku,H12,matched,100.0,,
0x4d8670,14,haiku,H12,matched,100.0,,
0x4dbeb0,14,haiku,H12,partial,60.0,,
0x4e1a80,14,haiku,H12,partial,72.7,,
0x4e2240,14,haiku,H12,partial,60.0,,
0x4814f0,10,sonnet,S8,matched,100.0,,escalated from Haiku
0x49e630,10,sonnet,S8,matched,100.0,,escalated from Haiku
0x44ce70,11,sonnet,S8,matched,100.0,,escalated from Haiku
0x4c1470,11,sonnet,S8,matched,100.0,,escalated from Haiku
0x4b7f60,12,sonnet,S8,matched,100.0,,escalated from Haiku
0x4222b0,38,opus,O7,matched,100.0,,escalated from Sonnet
0x4bb120,45,opus,O7,matched,100.0,,escalated from Sonnet
0x4b6af0,48,opus,O7,matched,100.0,,escalated from Sonnet
0x4e21a0,29,opus,O7,matched,100.0,,escalated from Sonnet
0x438480,32,opus,O7,matched,100.0,,escalated from Opus orchestrator
0x42f910,65,opus,O8,matched,100.0,,
0x43e060,74,opus,O8,matched,100.0,,
0x495860,83,opus,O8,matched,100.0,,
0x44f8a0,92,opus,O8,matched,100.0,,
0x49f5a0,104,opus,O8,matched,100.0,,
0x448bf0,119,opus,O8,matched,100.0,,
0x40d670,132,opus,O8,matched,100.0,,
0x451180,146,opus,O8,partial,85.4,,
0x4b66a0,96,opus,O9,matched,100.0,,escalated from Sonnet
0x479530,41,opus,O9,matched,100.0,,escalated from Sonnet
0x4a0f30,44,opus,O9,matched,100.0,,escalated from Sonnet
0x4afec0,60,opus,O9,matched,100.0,,escalated from Sonnet
0x403180,13,opus,O6,matched,100.0,,escalated from Haiku: stdcall callee taking a table address
0x406bf0,13,opus,O6,matched,100.0,,escalated from Haiku: stdcall callee taking a table address
0x415b20,13,opus,O6,matched,100.0,,escalated from Haiku: stdcall callee taking a table address
0x42e300,13,sonnet,S9,matched,100.0,,escalated from Haiku
0x43dd10,13,sonnet,S9,matched,100.0,,escalated from Haiku
0x44fda0,13,sonnet,S9,matched,100.0,,escalated from Haiku
0x458d20,14,sonnet,S9,matched,100.0,,escalated from Haiku
0x46e880,14,sonnet,S9,matched,100.0,,escalated from Haiku
0x4b2840,14,sonnet,S9,matched,100.0,,escalated from Haiku
0x4b6b50,14,sonnet,S9,matched,100.0,,escalated from Haiku
0x4dbeb0,14,sonnet,S9,matched,100.0,,escalated from Haiku
0x4e1a80,14,sonnet,S9,matched,100.0,,escalated from Haiku
0x4e2240,14,sonnet,S9,matched,100.0,,escalated from Haiku
0x4e41f0,14,haiku,H13,matched,100.0,,
0x4e4200,14,haiku,H13,matched,100.0,,
0x4e4210,14,haiku,H13,matched,100.0,,
0x4e4220,14,haiku,H13,matched,100.0,,
0x4e4230,14,haiku,H13,matched,100.0,,
0x4e4240,14,haiku,H13,matched,100.0,,
0x40ad70,15,haiku,H13,matched,100.0,,
0x4194c0,15,haiku,H13,matched,100.0,,
0x419540,15,haiku,H13,matched,100.0,,
0x4609a0,15,haiku,H13,matched,100.0,,
0x461d70,15,haiku,H13,matched,100.0,,
0x461da0,15,haiku,H13,matched,100.0,,
0x46fac0,15,haiku,H13,partial,33.3,,
0x4da8c0,15,haiku,H13,matched,100.0,,
0x4dfd00,15,haiku,H13,matched,100.0,,
0x4e1400,15,haiku,H13,matched,100.0,,
0x416810,16,haiku,H13,matched,100.0,,
0x4335e0,16,haiku,H13,partial,40.0,,
0x433da0,16,haiku,H13,matched,100.0,,
0x437c80,16,haiku,H13,partial,57.1,,
0x44e720,16,haiku,H13,partial,60.0,,
0x44e730,16,haiku,H13,partial,60.0,,
0x44ec20,16,haiku,H13,partial,60.0,,
0x471cc0,16,haiku,H13,partial,100.0,,
0x47efd0,16,haiku,H13,matched,100.0,,
0x49fd10,16,haiku,H13,matched,100.0,,
0x4bbc30,16,haiku,H13,partial,60.0,,
0x4bc360,16,haiku,H13,partial,60.0,,
0x4c91a0,16,haiku,H13,partial,12.5,,
0x4d3d90,16,haiku,H13,matched,100.0,,
0x4d8710,16,haiku,H13,matched,100.0,,
0x4d8780,16,haiku,H13,matched,100.0,,
0x4d8e50,16,haiku,H13,matched,100.0,,
0x4e2150,16,haiku,H13,matched,100.0,,
0x440290,65,opus,O10,matched,100.0,,
0x450dd0,74,opus,O10,matched,100.0,,
0x4b8da0,83,opus,O10,matched,100.0,,
0x466aa0,92,opus,O10,matched,100.0,,
0x4a69d0,104,opus,O10,matched,100.0,,
0x48edb0,119,opus,O10,matched,100.0,,
0x46ea10,132,opus,O10,matched,100.0,,
0x463e50,146,opus,O10,matched,100.0,,
0x403010,41,sonnet,S10,partial,63.6,,
0x48fc40,43,sonnet,S10,matched,100.0,,
0x4619b0,46,sonnet,S10,matched,100.0,,
0x4d0ae0,48,sonnet,S10,matched,100.0,,
0x41bcd0,51,sonnet,S10,matched,100.0,,
0x49fd20,53,sonnet,S10,matched,100.0,,
0x4b0610,56,sonnet,S10,matched,100.0,,
0x44d7c0,58,sonnet,S10,matched,100.0,,
0x474130,60,sonnet,S10,partial,36.1,,
0x4da9f0,62,sonnet,S10,partial,73.1,,
0x49fa70,17,haiku,H14,matched,100.0,,
0x4ce7c0,18,haiku,H14,matched,100.0,,
0x472d30,19,haiku,H14,matched,100.0,,
0x4388b0,21,haiku,H14,matched,100.0,,
0x4ba730,22,haiku,H14,matched,100.0,,
0x40e9a0,25,haiku,H14,matched,100.0,,
0x432d20,27,haiku,H14,matched,100.0,,
0x4ac8a0,28,haiku,H14,matched,100.0,,
0x485e30,30,haiku,H14,matched,100.0,,
0x408810,32,haiku,H14,matched,100.0,,
0x416cf0,33,haiku,H14,matched,100.0,,
0x416630,34,haiku,H14,partial,13.3,,fixed afterwards by Opus orchestrator
0x470f30,35,haiku,H14,matched,100.0,,
0x418ca0,37,haiku,H14,partial,13.3,,fixed afterwards by Opus orchestrator
0x4623b0,39,haiku,H14,matched,100.0,,
0x472fd0,55,opus,O12,matched,100.0,,escalated from Sonnet
0x44c7a0,59,opus,O12,matched,100.0,,escalated from Sonnet
0x4d1b00,61,opus,O12,matched,100.0,,escalated from Sonnet
0x40c9f0,50,opus,O12,matched,100.0,,escalated from Sonnet
0x4b96a0,54,opus,O12,matched,100.0,,escalated from Sonnet
0x450d80,65,opus,O13,matched,100.0,,
0x41ac90,74,opus,O13,matched,100.0,,
0x48dfb0,82,opus,O13,matched,100.0,,
0x499e50,91,opus,O13,matched,100.0,,
0x4e3930,101,opus,O13,matched,100.0,,
0x4c2d60,115,opus,O13,matched,100.0,,
0x482090,127,opus,O13,matched,100.0,,
0x4619e0,143,opus,O13,matched,100.0,,
0x41d3f0,161,opus,O14,matched,100.0,,
0x48efb0,184,opus,O14,matched,100.0,,
0x4ca250,212,opus,O14,matched,100.0,,
0x486360,247,opus,O14,matched,100.0,,
0x4581e0,289,opus,O14,partial,98.1,,
0x4d1820,333,opus,O14,partial,96.2,,
0x416630,34,opus,O6,matched,100.0,,escalated from Haiku: bit toggle template
0x418ca0,37,opus,O6,matched,100.0,,escalated from Haiku: bit toggle template
0x47db20,65,opus,O15,matched,100.0,,
0x4b6df0,69,opus,O15,matched,100.0,,
0x4be3b0,73,opus,O15,matched,100.0,,
0x4b8e00,77,opus,O15,matched,100.0,,
0x4b8b30,81,opus,O15,matched,100.0,,
0x437cd0,86,opus,O15,matched,100.0,,
0x46feb0,90,opus,O15,matched,100.0,,
0x4318c0,94,opus,O15,matched,100.0,,
0x47cb60,99,opus,O15,matched,100.0,,
0x475150,105,opus,O15,matched,100.0,,
0x44e330,111,opus,O16,matched,100.0,,
0x4a0bf0,116,opus,O16,matched,100.0,,
0x456110,121,opus,O16,matched,100.0,,
0x4d0130,124,opus,O16,matched,100.0,,
0x4b0bc0,128,opus,O16,matched,100.0,,
0x4ddce0,133,opus,O16,matched,100.0,,
0x419560,138,opus,O16,matched,100.0,,
0x4b0a70,143,opus,O16,matched,100.0,,
0x476740,148,opus,O16,matched,100.0,,
0x406e40,156,opus,O16,matched,100.0,,
0x49fa90,17,haiku,H15,matched,100.0,,
0x4bb5b0,18,haiku,H15,matched,100.0,,
0x433520,19,haiku,H15,matched,100.0,,
0x4c45c0,19,haiku,H15,matched,100.0,,
0x462bd0,21,haiku,H15,matched,100.0,,
0x4b3000,22,haiku,H15,matched,100.0,,
0x4e2ce0,23,haiku,H15,partial,57.1,,
0x4d0640,25,haiku,H15,partial,50.0,,
0x437800,27,haiku,H15,partial,88.0,,
0x432b80,28,haiku,H15,partial,28.6,,
0x463c40,29,haiku,H15,matched,100.0,,
0x444910,31,haiku,H15,partial,45.5,,
0x408f10,32,haiku,H15,partial,77.4,,
0x4b7f70,32,haiku,H15,partial,54.5,,
0x490ee0,33,haiku,H15,partial,52.6,,
0x44f450,34,haiku,H15,partial,52.6,,
0x4afe90,35,haiku,H15,matched,100.0,,
0x4c69c0,36,haiku,H15,partial,14.3,,
0x40da40,38,haiku,H15,partial,37.5,,
0x4e1510,39,haiku,H15,partial,27.3,,
0x4b4b50,65,opus,O17,matched,100.0,,
0x4cfff0,71,opus,O17,matched,100.0,,
0x43dd20,79,opus,O17,matched,100.0,,
0x48ed50,86,opus,O17,matched,100.0,,
0x4dd770,92,opus,O17,matched,100.0,,
0x4df160,101,opus,O17,matched,100.0,,
0x463ef0,111,opus,O17,matched,100.0,,
0x416b50,123,opus,O17,matched,100.0,,
0x416280,134,opus,O17,matched,100.0,,
0x4dbe10,145,opus,O17,matched,100.0,,
0x4e2ce0,23,sonnet,S11,matched,100.0,,escalated from Haiku
0x4d0640,25,sonnet,S11,matched,100.0,,escalated from Haiku
0x437800,27,sonnet,S11,matched,100.0,,escalated from Haiku
0x432b80,28,sonnet,S11,matched,100.0,,escalated from Haiku
0x444910,31,sonnet,S11,matched,100.0,,escalated from Haiku
0x408f10,32,sonnet,S11,matched,100.0,,escalated from Haiku
0x4b7f70,32,sonnet,S11,matched,100.0,,escalated from Haiku
0x490ee0,33,sonnet,S11,matched,100.0,,escalated from Haiku
0x44f450,34,sonnet,S11,matched,100.0,,escalated from Haiku
0x4c69c0,36,sonnet,S11,matched,100.0,,escalated from Haiku
0x40da40,38,sonnet,S11,matched,100.0,,escalated from Haiku
0x403010,41,opus,O18,matched,100.0,,escalated from Sonnet/Opus
0x474130,60,opus,O18,matched,100.0,,escalated from Sonnet/Opus
0x4da9f0,62,opus,O18,matched,100.0,,escalated from Sonnet/Opus
0x438650,161,opus,O18,partial,87.6,,escalated from Sonnet/Opus
0x438070,260,opus,O18,matched,100.0,,escalated from Sonnet/Opus
0x451180,146,opus,O18,matched,100.0,,escalated from Sonnet/Opus
0x4b4ba0,65,opus,O19,matched,100.0,,
0x4292e0,72,opus,O19,matched,100.0,,
0x440470,79,opus,O19,matched,100.0,,
0x43acb0,87,opus,O19,matched,100.0,,
0x4e29b0,92,opus,O19,matched,100.0,,
0x432520,102,opus,O19,matched,100.0,,
0x46ded0,111,opus,O19,matched,100.0,,
0x44d010,123,opus,O19,matched,100.0,,
0x434020,134,opus,O19,matched,100.0,,
0x415250,146,opus,O19,matched,100.0,,
0x4bce10,65,opus,O20,matched,100.0,,
0x475040,72,opus,O20,matched,100.0,,
0x46f6d0,79,opus,O20,matched,100.0,,
0x456850,87,opus,O20,matched,100.0,,
0x4011c0,93,opus,O20,matched,100.0,,
0x444c40,102,opus,O20,matched,100.0,,
0x481340,111,opus,O20,matched,100.0,,
0x47ffa0,123,opus,O20,matched,100.0,,
0x434360,134,opus,O20,matched,100.0,,
0x416ab0,146,opus,O20,matched,100.0,,
0x49fab0,17,haiku,H16,matched,100.0,,
0x4c1450,18,haiku,H16,matched,100.0,,
0x4339c0,19,haiku,H16,matched,100.0,,
0x4d0620,19,haiku,H16,matched,100.0,,
0x481530,21,haiku,H16,matched,100.0,,
0x4b78e0,22,haiku,H16,matched,100.0,,
0x40c510,24,haiku,H16,matched,100.0,,
0x4e2160,25,haiku,H16,matched,100.0,,
0x437820,27,haiku,H16,matched,100.0,,
0x440320,28,haiku,H16,matched,100.0,,
0x463c80,29,haiku,H16,matched,100.0,,
0x442380,31,haiku,H16,matched,100.0,,
0x4167f0,32,haiku,H16,partial,47.6,,
0x4b6a00,32,haiku,H16,matched,100.0,,
0x4948b0,33,haiku,H16,matched,100.0,,
0x463ba0,34,haiku,H16,matched,100.0,,
0x4ce5b0,35,haiku,H16,matched,100.0,,
0x4c6ae0,36,haiku,H16,partial,16.7,,
0x417540,38,haiku,H16,matched,100.0,,
0x4e3a40,39,haiku,H16,partial,30.0,,
0x49faf0,17,haiku,H17,matched,100.0,,
0x4c22d0,18,haiku,H17,matched,100.0,,
0x433a60,19,haiku,H17,matched,100.0,,
0x4d7c20,19,haiku,H17,matched,100.0,,
0x49f620,21,haiku,H17,matched,100.0,,
0x4ba5f0,22,haiku,H17,matched,100.0,,
0x4205f0,24,haiku,H17,matched,100.0,,
0x41da10,26,haiku,H17,partial,94.7,,
0x438be0,27,haiku,H17,matched,100.0,,
0x480e50,28,haiku,H17,matched,100.0,,
0x4b4bf0,29,haiku,H17,partial,40.0,,
0x44ef90,31,haiku,H17,matched,100.0,,
0x439e80,32,haiku,H17,matched,100.0,,
0x4bcec0,32,haiku,H17,matched,100.0,,
0x49adf0,33,haiku,H17,matched,100.0,,
0x46e610,34,haiku,H17,partial,81.5,,
0x4d1b70,35,haiku,H17,matched,100.0,,
0x4cb560,36,haiku,H17,matched,100.0,,
0x41c2e0,38,haiku,H17,matched,100.0,,
0x407350,40,haiku,H17,partial,90.9,,
0x403040,41,sonnet,S12,matched,100.0,,
0x4b06f0,43,sonnet,S12,matched,100.0,,
0x473500,46,sonnet,S12,matched,100.0,,
0x4d6b70,48,sonnet,S12,matched,100.0,,
0x432cb0,51,sonnet,S12,matched,100.0,,
0x4ca590,53,sonnet,S12,matched,100.0,,
0x4ac300,56,sonnet,S12,matched,100.0,,
0x439fe0,58,sonnet,S12,matched,100.0,,
0x462370,60,sonnet,S12,matched,100.0,,
0x4d0680,62,sonnet,S12,matched,100.0,,
0x4167f0,32,sonnet,S12,matched,100.0,,escalated from Haiku
0x4c6ae0,36,sonnet,S12,matched,100.0,,escalated from Haiku
0x4da4f0,65,opus,O21,matched,100.0,,
0x4ce8c0,71,opus,O21,matched,100.0,,
0x4896f0,79,opus,O21,matched,100.0,,
0x464000,87,opus,O21,matched,100.0,,
0x438590,93,opus,O21,matched,100.0,,
0x44d930,102,opus,O21,matched,100.0,,
0x4a0570,111,opus,O21,matched,100.0,,
0x40d9c0,123,opus,O21,matched,100.0,,
0x4ddc00,133,opus,O21,matched,100.0,,
0x47f990,146,opus,O21,matched,100.0,,
0x4581e0,289,opus,O6,matched,100.0,,orchestrator: added a realistic header block (compiler-state dependent operand order)
0x4335e0,16,opus,O6,matched,100.0,,orchestrator: added a realistic header block (compiler-state dependent operand order)
0x4da540,65,opus,O22,matched,100.0,,
0x47c2a0,72,opus,O22,matched,100.0,,
0x48eeb0,79,opus,O22,matched,100.0,,
0x499c10,87,opus,O22,matched,100.0,,
0x4635b0,93,opus,O22,matched,100.0,,
0x47f7e0,102,opus,O22,matched,100.0,,
0x4b6a80,111,opus,O22,matched,100.0,,
0x4813b0,123,opus,O22,matched,100.0,,
0x46d630,134,opus,O22,matched,100.0,,
0x47fa30,146,opus,O22,matched,100.0,,
0x4e2f90,65,opus,O23,matched,100.0,,
0x4a1200,72,opus,O23,matched,100.0,,
0x493340,79,opus,O23,matched,100.0,,
0x49c920,87,opus,O23,matched,100.0,,
0x47f780,93,opus,O23,matched,100.0,,
0x47f850,102,opus,O23,matched,100.0,,
0x408c40,112,opus,O23,matched,100.0,,
0x4a04f0,123,opus,O23,matched,100.0,,
0x46e330,134,opus,O23,matched,100.0,,
0x48f250,146,opus,O23,matched,100.0,,
0x4ab040,17,haiku,H18,matched,100.0,,
0x4c61f0,18,haiku,H18,matched,100.0,,
0x433b00,19,haiku,H18,matched,100.0,,
0x4d84a0,19,haiku,H18,matched,100.0,,
0x49fad0,21,haiku,H18,matched,100.0,,
0x4ba640,22,haiku,H18,matched,100.0,,
0x433a10,24,haiku,H18,partial,11.1,,
0x425730,26,haiku,H18,matched,100.0,,
0x450010,27,haiku,H18,matched,100.0,,
0x482110,28,haiku,H18,matched,100.0,,
0x4b73c0,29,haiku,H18,matched,100.0,,
0x44f480,31,haiku,H18,partial,16.0,,
0x44ce50,32,haiku,H18,partial,69.6,,
0x4c1b00,32,haiku,H18,matched,100.0,,
0x4ada10,33,haiku,H18,partial,47.1,,
0x471cd0,34,haiku,H18,partial,75.0,,
0x4d8d40,35,haiku,H18,partial,44.4,,
0x4d1db0,36,haiku,H18,matched,100.0,,
0x490880,38,haiku,H18,partial,25.0,,
0x407a90,40,haiku,H18,partial,8.7,,
0x4166c0,66,opus,O24,matched,100.0,,
0x4bc290,72,opus,O24,matched,100.0,,
0x493390,79,opus,O24,matched,100.0,,
0x4a1990,87,opus,O24,matched,100.0,,
0x480100,93,opus,O24,matched,100.0,,
0x499ba0,102,opus,O24,matched,100.0,,
0x441bc0,112,opus,O24,matched,100.0,,
0x4b6750,123,opus,O24,matched,100.0,,
0x477510,134,opus,O24,matched,100.0,,
0x49fc50,146,opus,O24,matched,100.0,,
0x416db0,66,opus,O25,matched,100.0,,
0x408bf0,73,opus,O25,matched,100.0,,
0x4b2fb0,79,opus,O25,matched,100.0,,
0x4a19f0,87,opus,O25,matched,100.0,,
0x480d50,93,opus,O25,matched,100.0,,
0x4df1e0,102,opus,O25,matched,100.0,,
0x4a0880,112,opus,O25,matched,100.0,,
0x4cedc0,123,opus,O25,matched,100.0,,
0x490a10,134,opus,O25,matched,100.0,,
0x4e2580,146,opus,O25,matched,100.0,,
0x425750,66,opus,O26,matched,100.0,,
0x40ad20,73,opus,O26,matched,100.0,,
0x4b74f0,79,opus,O26,matched,100.0,,
0x4a1a50,87,opus,O26,matched,100.0,,
0x48f6b0,93,opus,O26,matched,100.0,,
0x4165c0,103,opus,O26,matched,100.0,,
0x437d60,113,opus,O26,matched,100.0,,
0x44e530,124,opus,O26,matched,100.0,,
0x4b6cc0,134,opus,O26,matched,100.0,,
0x415dc0,147,opus,O26,matched,100.0,,
0x415b30,41,sonnet,S13,matched,100.0,,
0x4e1560,45,sonnet,S13,matched,100.0,,
0x4dd1b0,49,sonnet,S13,matched,100.0,,
0x4da860,53,sonnet,S13,matched,100.0,,
0x48f840,57,sonnet,S13,matched,100.0,,
0x4597f0,61,sonnet,S13,matched,100.0,,
0x41da10,26,sonnet,S13,matched,100.0,,escalated from Haiku
0x4b4bf0,29,sonnet,S13,matched,100.0,,escalated from Haiku
0x46e610,34,sonnet,S13,matched,100.0,,escalated from Haiku
0x407350,40,sonnet,S13,matched,100.0,,escalated from Haiku
0x471f40,66,opus,O27,matched,100.0,,
0x40d620,73,opus,O27,matched,100.0,,
0x4dd250,79,opus,O27,matched,100.0,,
0x4ab510,87,opus,O27,matched,100.0,,
0x49d0c0,93,opus,O27,matched,100.0,,
0x417570,103,opus,O27,matched,100.0,,
0x44cf60,113,opus,O27,matched,100.0,,
0x452c40,124,opus,O27,matched,100.0,,
0x44b330,135,opus,O27,matched,100.0,,
0x435980,147,opus,O27,matched,100.0,,
0x433a10,24,sonnet,S14,matched,100.0,,escalated from Haiku
0x44f480,31,sonnet,S14,matched,100.0,,escalated from Haiku
0x44ce50,32,sonnet,S14,matched,100.0,,escalated from Haiku
0x4ada10,33,sonnet,S14,matched,100.0,,escalated from Haiku
0x471cd0,34,sonnet,S14,matched,100.0,,escalated from Haiku
0x4d8d40,35,sonnet,S14,matched,100.0,,escalated from Haiku
0x490880,38,sonnet,S14,matched,100.0,,escalated from Haiku
0x407a90,40,sonnet,S14,matched,100.0,,escalated from Haiku
0x4a1030,66,opus,O28,matched,100.0,,
0x42a3b0,73,opus,O28,matched,100.0,,
0x4dd7d0,79,opus,O28,matched,100.0,,
0x4c5bc0,87,opus,O28,matched,100.0,,
0x4acc70,93,opus,O28,matched,100.0,,
0x43e400,103,opus,O28,matched,100.0,,
0x44e250,113,opus,O28,matched,100.0,,
0x456290,124,opus,O28,matched,100.0,,
0x451540,135,opus,O28,matched,100.0,,
0x465fb0,147,opus,O28,matched,100.0,,
0x4c1ab0,66,opus,O29,partial,90.0,,
0x43c940,73,opus,O29,matched,100.0,,
0x4ddc90,79,opus,O29,matched,100.0,,
0x4d80d0,87,opus,O29,matched,100.0,,
0x4b0a10,93,opus,O29,matched,100.0,,
0x466b00,103,opus,O29,matched,100.0,,
0x4a5030,113,opus,O29,matched,100.0,,
0x46f720,124,opus,O29,matched,100.0,,
0x4afc60,135,opus,O29,matched,100.0,,
0x474d50,147,opus,O29,matched,100.0,,
0x4ab190,17,haiku,H19,matched,100.0,,
0x4c6b40,18,haiku,H19,matched,100.0,,
0x4345c0,19,haiku,H19,matched,100.0,,
0x415b90,20,haiku,H19,matched,100.0,,
0x49fcf0,21,haiku,H19,matched,100.0,,
0x4ba690,22,haiku,H19,matched,100.0,,
0x4352b0,24,haiku,H19,matched,100.0,,
0x439dd0,26,haiku,H19,matched,100.0,,
0x461990,27,haiku,H19,matched,100.0,,
0x4abd00,28,haiku,H19,matched,100.0,,
0x4c2340,29,haiku,H19,matched,100.0,,
0x471c80,31,haiku,H19,matched,100.0,,
0x44cff0,32,haiku,H19,matched,100.0,,
0x4c54d0,32,haiku,H19,partial,57.1,,
0x4b7e00,33,haiku,H19,matched,100.0,,
0x480cb0,34,haiku,H19,matched,100.0,,
0x4dbb90,35,haiku,H19,matched,100.0,,
0x40ba80,37,haiku,H19,partial,20.0,,
0x4afcf0,38,haiku,H19,matched,100.0,,
0x4085d0,40,haiku,H19,partial,27.3,,
0x4ca400,66,opus,O30,matched,100.0,,
0x48ecb0,73,opus,O30,matched,100.0,,
0x4e3030,79,opus,O30,matched,100.0,,
0x40f000,88,opus,O30,matched,100.0,,
0x403100,94,opus,O30,matched,100.0,,
0x48f370,103,opus,O30,matched,100.0,,
0x4ae300,113,opus,O30,matched,100.0,,
0x488f30,124,opus,O30,matched,100.0,,
0x4b0830,135,opus,O30,matched,100.0,,
0x49c880,147,opus,O30,partial,67.4,,
0x4e2ee0,66,opus,O31,matched,100.0,,
0x48f160,73,opus,O31,matched,100.0,,
0x479590,80,opus,O31,matched,100.0,,
0x423bf0,88,opus,O31,matched,100.0,,
0x45cf60,94,opus,O31,matched,100.0,,
0x48f4c0,103,opus,O31,matched,100.0,,
0x4b6ff0,113,opus,O31,matched,100.0,,
0x4bb5d0,124,opus,O31,matched,100.0,,
0x4bb710,135,opus,O31,matched,100.0,,
0x4a6a40,147,opus,O31,matched,100.0,,
0x416690,41,sonnet,S15,matched,100.0,,
0x4bab00,43,sonnet,S15,matched,100.0,,
0x4a1920,46,sonnet,S15,matched,100.0,,
0x4d8820,48,sonnet,S15,matched,100.0,,
0x439df0,51,sonnet,S15,matched,100.0,,
0x47c2f0,54,sonnet,S15,matched,100.0,,
0x4cfe40,56,sonnet,S15,matched,100.0,,
0x474d10,58,sonnet,S15,matched,100.0,,
0x4774d0,60,sonnet,S15,matched,100.0,,
0x401fd0,63,sonnet,S15,matched,100.0,,
0x4bb650,17,haiku,H20,matched,100.0,,
0x4ce7a0,18,haiku,H20,matched,100.0,,
0x438830,19,haiku,H20,matched,100.0,,
0x417130,20,haiku,H20,matched,100.0,,
0x4bbc10,21,haiku,H20,matched,100.0,,
0x4ba6e0,22,haiku,H20,matched,100.0,,
0x461d80,24,haiku,H20,matched,100.0,,
0x44f570,26,haiku,H20,matched,100.0,,
0x462a40,27,haiku,H20,matched,100.0,,
0x4ac080,28,haiku,H20,partial,73.7,,
0x4c2360,29,haiku,H20,matched,100.0,,
0x471ca0,31,haiku,H20,partial,11.1,,
0x44d450,32,haiku,H20,matched,100.0,,
0x4e2cc0,32,haiku,H20,partial,53.8,,
0x4b7e30,33,haiku,H20,partial,100.0,,did not compile; rewritten by Opus orchestrator
0x48f9a0,34,haiku,H20,matched,100.0,,
0x42db60,36,haiku,H20,partial,66.7,,
0x417030,37,haiku,H20,matched,100.0,,
0x4b73e0,38,haiku,H20,matched,100.0,,
0x4087e0,40,haiku,H20,partial,50.0,,
0x462470,41,sonnet,S16,matched,100.0,,
0x4e1700,44,sonnet,S16,matched,100.0,,
0x4addf0,48,sonnet,S16,matched,100.0,,
0x40eb30,52,sonnet,S16,matched,100.0,,
0x4b0d20,55,sonnet,S16,matched,100.0,,
0x4bce60,58,sonnet,S16,matched,100.0,,
0x4174e0,62,sonnet,S16,matched,100.0,,
0x4c54d0,32,sonnet,S16,matched,100.0,,escalated from Haiku
0x40ba80,37,sonnet,S16,matched,100.0,,escalated from Haiku
0x4085d0,40,sonnet,S16,matched,100.0,,escalated from Haiku
0x4b07c0,107,opus,O30,matched,100.0,,neighbour defined alongside 0x4b0830
0x421e60,67,opus,O32,matched,100.0,,
0x48f900,73,opus,O32,matched,100.0,,
0x47bf20,80,opus,O32,matched,100.0,,
0x461180,87,opus,O32,matched,100.0,,
0x47c4d0,94,opus,O32,matched,100.0,,
0x4958c0,103,opus,O32,matched,100.0,,
0x4ce1e0,114,opus,O32,matched,100.0,,
0x4428f0,125,opus,O32,matched,100.0,,
0x4be320,135,opus,O32,matched,100.0,,
0x432610,148,opus,O32,matched,100.0,,
0x4b7e30,33,opus,O6,matched,100.0,,escalated from Haiku: copy constructor with a handle member
0x4cb7d0,17,haiku,H21,matched,100.0,,
0x4e2180,18,haiku,H21,matched,100.0,,
0x438850,19,haiku,H21,matched,100.0,,
0x4615f0,20,haiku,H21,matched,100.0,,
0x4d3d70,21,haiku,H21,matched,100.0,,
0x4d0660,22,haiku,H21,matched,100.0,,
0x48df90,24,haiku,H21,matched,100.0,,
0x480e30,26,haiku,H21,matched,100.0,,
0x46bf00,27,haiku,H21,matched,100.0,,
0x4b6840,28,haiku,H21,matched,100.0,,
0x4c9d10,29,haiku,H21,matched,100.0,,
0x47acb0,31,haiku,H21,matched,100.0,,
0x44d910,32,haiku,H21,matched,100.0,,
0x416d20,33,haiku,H21,matched,100.0,,
0x4c5470,33,haiku,H21,matched,100.0,,
0x4b5910,34,haiku,H21,partial,40.0,,
0x4339e0,36,haiku,H21,matched,100.0,,
0x417060,37,haiku,H21,partial,10.5,,
0x4b7410,38,haiku,H21,matched,100.0,,
0x41c150,40,haiku,H21,matched,100.0,,
0x434a60,67,opus,O33,matched,100.0,,
0x4d8c00,73,opus,O33,matched,100.0,,
0x49fb50,80,opus,O33,matched,100.0,,
0x42a2c0,88,opus,O33,matched,100.0,,
0x4907e0,94,opus,O33,matched,100.0,,
0x49af90,103,opus,O33,matched,100.0,,
0x440a70,115,opus,O33,matched,100.0,,
0x445e50,125,opus,O33,matched,100.0,,
0x43b730,136,opus,O33,matched,100.0,,
0x496b10,148,opus,O33,matched,100.0,,
0x457af0,67,opus,O34,matched,100.0,,
0x4e0570,73,opus,O34,matched,100.0,,
0x49fba0,80,opus,O34,matched,100.0,,
0x432b00,88,opus,O34,matched,100.0,,
0x4bb260,94,opus,O34,matched,100.0,,
0x4cf4d0,103,opus,O34,matched,100.0,,
0x485420,115,opus,O34,matched,100.0,,
0x44f940,125,opus,O34,matched,100.0,,
0x48ff40,136,opus,O34,matched,100.0,,
0x4cf0b0,148,opus,O34,matched,100.0,,
0x463680,41,sonnet,S17,matched,100.0,,
0x4b6720,46,sonnet,S17,matched,100.0,,
0x471120,51,sonnet,S17,matched,100.0,,
0x4d7450,56,sonnet,S17,no file,0,,
0x48c150,60,sonnet,S17,matched,100.0,,
0x4ac080,28,sonnet,S17,matched,100.0,,escalated from Haiku
0x471ca0,31,sonnet,S17,matched,100.0,,escalated from Haiku
0x4e2cc0,32,sonnet,S17,matched,100.0,,escalated from Haiku
0x42db60,36,sonnet,S17,matched,100.0,,escalated from Haiku
0x4087e0,40,sonnet,S17,matched,100.0,,escalated from Haiku
0x492330,41,sonnet,S18,matched,100.0,,
0x4bbbe0,43,sonnet,S18,matched,100.0,,
0x4bbd00,46,sonnet,S18,matched,100.0,,
0x46d4c0,49,sonnet,S18,matched,100.0,,
0x474720,51,sonnet,S18,matched,100.0,,
0x49f640,54,sonnet,S18,matched,100.0,,
0x40d700,57,sonnet,S18,matched,100.0,,
0x475880,58,sonnet,S18,matched,100.0,,
0x490ac0,60,sonnet,S18,matched,100.0,,
0x45ba20,63,sonnet,S18,matched,100.0,,
0x417060,37,opus,O6,matched,100.0,,escalated from Haiku: bit toggle template
0x4cfeb0,17,haiku,H22,matched,100.0,,
0x403160,19,haiku,H22,matched,100.0,,
0x44ee70,19,haiku,H22,matched,100.0,,
0x470ed0,20,haiku,H22,matched,100.0,,
0x4d8580,21,haiku,H22,matched,100.0,,
0x4ddbe0,22,haiku,H22,matched,100.0,,
0x49e610,24,haiku,H22,matched,100.0,,
0x4897e0,26,haiku,H22,partial,69.2,,
0x46ff70,27,haiku,H22,matched,100.0,,
0x4c0310,28,haiku,H22,matched,100.0,,
0x4d9f30,29,haiku,H22,partial,52.6,,
0x480c30,31,haiku,H22,partial,50.0,,
0x44e7b0,32,haiku,H22,matched,100.0,,
0x432cf0,33,haiku,H22,partial,100.0,,
0x4c54a0,33,haiku,H22,partial,100.0,,
0x4b6340,34,haiku,H22,partial,55.6,,
0x434400,36,haiku,H22,partial,88.0,,
0x41cd20,37,haiku,H22,partial,42.1,,
0x4c13a0,38,haiku,H22,matched,100.0,,
0x41c390,40,haiku,H22,matched,100.0,,
0x457b40,67,opus,O35,matched,100.0,,
0x416460,74,opus,O35,matched,100.0,,
0x49fbf0,80,opus,O35,matched,100.0,,
0x4385f0,88,opus,O35,matched,100.0,,
0x4d81a0,94,opus,O35,matched,100.0,,
0x4d5c60,103,opus,O35,matched,100.0,,
0x49ff10,115,opus,O35,matched,100.0,,
0x4908c0,125,opus,O35,matched,100.0,,
0x4a1530,136,opus,O35,matched,100.0,,
0x42f740,149,opus,O35,matched,100.0,,
0x466580,67,opus,O36,matched,100.0,,
0x416730,74,opus,O36,matched,100.0,,
0x4b52e0,80,opus,O36,matched,100.0,,
0x446f50,88,opus,O36,matched,100.0,,
0x4010b0,95,opus,O36,matched,100.0,,
0x44afb0,104,opus,O36,matched,100.0,,
0x4b4cf0,115,opus,O36,matched,100.0,,
0x49ff90,125,opus,O36,matched,100.0,,
0x4c4630,136,opus,O36,matched,100.0,,
0x458d30,149,opus,O36,matched,100.0,,
0x4b7070,41,sonnet,S19,matched,100.0,,
0x4c43f0,43,sonnet,S19,matched,100.0,,
0x4df250,46,sonnet,S19,matched,100.0,,
0x480570,49,sonnet,S19,matched,100.0,,
0x47cb00,51,sonnet,S19,matched,100.0,,
0x4ac130,54,sonnet,S19,matched,100.0,,
0x428c90,57,sonnet,S19,matched,100.0,,
0x486ed0,58,sonnet,S19,matched,100.0,,
0x4a11c0,60,sonnet,S19,matched,100.0,,
0x46fb40,63,sonnet,S19,matched,100.0,,
0x488a00,67,opus,O37,matched,100.0,,
0x422460,74,opus,O37,matched,100.0,,
0x4c2de0,80,opus,O37,matched,100.0,,
0x45c510,88,opus,O37,matched,100.0,,
0x4c6a60,92,opus,O37,matched,100.0,,
0x4b6f00,101,opus,O37,matched,100.0,,
0x452370,111,opus,O37,matched,100.0,,
0x4e1d60,122,opus,O37,matched,100.0,,
0x41c3c0,137,opus,O37,matched,100.0,,
0x4c6d20,149,opus,O37,matched,100.0,,
0x4d80b0,17,haiku,H23,matched,100.0,,
0x40a5b0,19,haiku,H23,matched,100.0,,
0x458160,19,haiku,H23,matched,100.0,,
0x4c5ba0,19,haiku,H23,matched,100.0,,
0x4d8690,21,haiku,H23,matched,100.0,,
0x4e2a10,22,haiku,H23,matched,100.0,,
0x41d9f0,24,haiku,H23,matched,100.0,,
0x490aa0,26,haiku,H23,matched,100.0,,
0x49f580,27,haiku,H23,partial,72.0,,
0x4cfba0,28,haiku,H23,matched,100.0,,
0x4175e0,30,haiku,H23,matched,100.0,,
0x4b3750,31,haiku,H23,matched,100.0,,
0x44f590,32,haiku,H23,partial,75.0,,
0x43c360,33,haiku,H23,matched,100.0,,
0x40c200,34,haiku,H23,matched,100.0,,
0x4d87f0,34,haiku,H23,matched,100.0,,
0x43c020,36,haiku,H23,matched,100.0,,
0x431920,37,haiku,H23,matched,100.0,,
0x4d8bd0,38,haiku,H23,matched,100.0,,
0x41da30,40,haiku,H23,matched,100.0,,
0x48a0a0,67,opus,O38,matched,100.0,,
0x44dcb0,74,opus,O38,matched,100.0,,
0x4c5d10,80,opus,O38,matched,100.0,,
0x462ed0,88,opus,O38,matched,100.0,,
0x4dd1f0,92,opus,O38,matched,100.0,,
0x4b8bf0,101,opus,O38,matched,100.0,,
0x45d0c0,111,opus,O38,matched,100.0,,
0x4e2a30,122,opus,O38,matched,100.0,,
0x43cb20,137,opus,O38,matched,100.0,,
0x4c6e70,149,opus,O38,matched,100.0,,
0x48bd00,67,opus,O39,matched,100.0,,
0x44f150,74,opus,O39,matched,100.0,,
0x41d8c0,81,opus,O39,matched,100.0,,
0x46e9b0,88,opus,O39,matched,100.0,,
0x422e40,95,opus,O39,matched,100.0,,
0x4d0b10,101,opus,O39,matched,100.0,,
0x4b6f70,115,opus,O39,partial,76.3,,
0x4c5df0,124,opus,O39,matched,100.0,,
0x4469c0,137,opus,O39,matched,100.0,,
0x41df20,150,opus,O39,matched,100.0,,
0x4e33d0,41,sonnet,S20,matched,100.0,,
0x4d8360,43,sonnet,S20,matched,100.0,,
0x4e05c0,46,sonnet,S20,matched,100.0,,
0x489540,49,sonnet,S20,matched,100.0,,
0x4b3370,51,sonnet,S20,matched,100.0,,
0x4c1a60,54,sonnet,S20,matched,100.0,,
0x4d0c10,56,sonnet,S20,partial,32.3,,
0x475110,58,sonnet,S20,matched,100.0,,
0x4800c0,60,sonnet,S20,partial,24.0,,
0x471430,63,sonnet,S20,matched,100.0,,
0x4da8a0,17,haiku,H24,partial,44.4,,
0x40b370,19,haiku,H24,matched,100.0,,
0x464b10,19,haiku,H24,matched,100.0,,
0x474cb0,20,haiku,H24,partial,33.3,,
0x4d86f0,21,haiku,H24,matched,100.0,,
0x460f40,23,haiku,H24,matched,100.0,,
0x4b48f0,24,haiku,H24,matched,100.0,,
0x4ab170,26,haiku,H24,matched,100.0,,
0x4afd40,27,haiku,H24,matched,100.0,,
0x4d0a70,28,haiku,H24,matched,100.0,,
0x419bc0,30,haiku,H24,matched,100.0,,
0x4bb7a0,31,haiku,H24,matched,100.0,,
0x45b860,32,haiku,H24,matched,100.0,,
0x4628a0,33,haiku,H24,partial,70.0,,
0x40c530,34,haiku,H24,partial,81.5,,
0x4d8df0,34,haiku,H24,partial,44.4,,
0x46a400,36,haiku,H24,matched,100.0,,
0x4356c0,37,haiku,H24,partial,83.9,,
0x4e1680,38,haiku,H24,matched,100.0,,
0x439cf0,40,haiku,H24,partial,58.1,,
0x4b75d0,67,opus,O40,matched,100.0,,
0x44f650,74,opus,O40,matched,100.0,,
0x41f700,81,opus,O40,matched,100.0,,
0x485010,88,opus,O40,matched,100.0,,
0x42a870,95,opus,O40,matched,100.0,,
0x4515d0,104,opus,O40,matched,100.0,,
0x4befe0,115,opus,O40,matched,100.0,,
0x4a0010,125,opus,O40,matched,100.0,,
0x44b600,137,opus,O40,matched,100.0,,
0x45c630,150,opus,O40,matched,100.0,,
0x4bb0a0,67,opus,O41,matched,100.0,,
0x44fdb0,74,opus,O41,matched,100.0,,
0x435920,81,opus,O41,matched,100.0,,
0x490f80,88,opus,O41,matched,100.0,,
0x444be0,95,opus,O41,matched,100.0,,
0x47c230,104,opus,O41,matched,100.0,,
0x4c3410,115,opus,O41,matched,100.0,,
0x4a0180,125,opus,O41,matched,100.0,,
0x44d470,137,opus,O41,matched,100.0,,
0x47f8c0,150,opus,O41,matched,100.0,,
0x40c530,34,sonnet,S21,matched,100.0,,escalated from Haiku
0x4356c0,37,sonnet,S21,matched,100.0,,escalated from Haiku
0x439cf0,40,sonnet,S21,matched,100.0,,escalated from Haiku
0x44f590,32,sonnet,S21,matched,100.0,,escalated from Haiku
0x4628a0,33,sonnet,S21,matched,100.0,,escalated from Haiku
0x474cb0,20,sonnet,S21,matched,100.0,,escalated from Haiku
0x49f580,27,sonnet,S21,matched,100.0,,escalated from Haiku
0x4b5910,34,sonnet,S21,matched,100.0,,escalated from Haiku
0x4d8df0,34,sonnet,S21,matched,100.0,,escalated from Haiku
0x4da8a0,17,sonnet,S21,matched,100.0,,escalated from Haiku
0x40d000,18,haiku,H25,matched,100.0,,
0x40c560,19,haiku,H25,matched,100.0,,
0x470250,19,haiku,H25,matched,100.0,,
0x475090,20,haiku,H25,matched,100.0,,
0x4da2a0,21,haiku,H25,matched,100.0,,
0x471d70,23,haiku,H25,matched,100.0,,
0x4c1420,24,haiku,H25,matched,100.0,,
0x4ab290,26,haiku,H25,matched,100.0,,
0x4afd60,27,haiku,H25,matched,100.0,,
0x4d0a90,28,haiku,H25,partial,38.1,,
0x432c00,30,haiku,H25,matched,100.0,,
0x4c9390,31,haiku,H25,partial,71.4,,
0x481470,32,haiku,H25,partial,70.0,,
0x46d500,33,haiku,H25,partial,50.0,,
0x40c580,34,haiku,H25,partial,81.5,,
0x4d8e20,34,haiku,H25,partial,44.4,,
0x4b7f30,36,haiku,H25,partial,12.5,,
0x44f260,37,haiku,H25,partial,61.5,,
0x416590,39,haiku,H25,matched,100.0,,
0x44df80,40,haiku,H25,partial,53.3,,
0x4c9d30,67,opus,O42,matched,100.0,,
0x46faf0,74,opus,O42,matched,100.0,,
0x439d20,81,opus,O42,matched,100.0,,
0x499c70,88,opus,O42,matched,100.0,,
0x44e2d0,95,opus,O42,matched,100.0,,
0x4a15c0,104,opus,O42,matched,100.0,,
0x41f680,116,opus,O42,matched,100.0,,
0x4a0200,125,opus,O42,matched,100.0,,
0x44f5c0,137,opus,O42,matched,100.0,,
0x491d70,150,opus,O42,matched,100.0,,
0x4c9d80,67,opus,O43,matched,100.0,,
0x486460,74,opus,O43,matched,100.0,,
0x45bcc0,81,opus,O43,matched,100.0,,
0x49b680,88,opus,O43,matched,100.0,,
0x470e50,95,opus,O43,matched,100.0,,
0x4b8e50,104,opus,O43,matched,100.0,,
0x428730,116,opus,O43,matched,100.0,,
0x4a0280,125,opus,O43,matched,100.0,,
0x45b920,137,opus,O43,matched,100.0,,
0x4aeee0,150,opus,O43,matched,100.0,,
0x4d0a90,28,sonnet,S22,matched,100.0,,escalated from Haiku
0x4c9390,31,sonnet,S22,matched,100.0,,escalated from Haiku
0x481470,32,sonnet,S22,matched,100.0,,escalated from Haiku
0x46d500,33,sonnet,S22,matched,100.0,,escalated from Haiku
0x40c580,34,sonnet,S22,matched,100.0,,escalated from Haiku
0x4d8e20,34,sonnet,S22,matched,100.0,,escalated from Haiku
0x4b7f30,36,sonnet,S22,matched,100.0,,escalated from Haiku
0x44f260,37,sonnet,S22,matched,100.0,,escalated from Haiku
0x44df80,40,sonnet,S22,matched,100.0,,escalated from Haiku
0x458d20,14,opus,O44,matched,100.0,,escalated: replace volatile or close register gap
0x474d10,58,opus,O44,matched,100.0,,escalated: replace volatile or close register gap
0x475110,58,opus,O44,matched,100.0,,escalated: replace volatile or close register gap
0x4d0c10,56,opus,O44,matched,100.0,,escalated: replace volatile or close register gap
0x4800c0,60,opus,O44,matched,100.0,,escalated: replace volatile or close register gap
0x4b6f70,115,opus,O44,matched,100.0,,escalated: replace volatile or close register gap
0x4e0520,67,opus,O45,matched,100.0,,
0x4b67d0,74,opus,O45,matched,100.0,,
0x4636b0,81,opus,O45,matched,100.0,,
0x49e010,88,opus,O45,matched,100.0,,
0x480c50,95,opus,O45,matched,100.0,,
0x41c450,105,opus,O45,matched,100.0,,
0x4287d0,116,opus,O45,matched,100.0,,
0x4de020,125,opus,O45,matched,100.0,,
0x45f770,137,opus,O45,matched,100.0,,
0x4ce5e0,150,opus,O45,matched,100.0,,
0x4251f0,18,haiku,H26,matched,100.0,,
0x40c5b0,19,haiku,H26,matched,100.0,,
0x470270,19,haiku,H26,matched,100.0,,
0x48f610,20,haiku,H26,partial,61.5,,
0x410830,22,haiku,H26,partial,66.7,,
0x491c60,23,haiku,H26,partial,30.8,,
0x4c4420,24,haiku,H26,matched,100.0,,
0x4ab4c0,26,haiku,H26,partial,66.7,,
0x4b3410,27,haiku,H26,matched,100.0,,
0x4dfe80,28,haiku,H26,matched,100.0,,
0x432c20,30,haiku,H26,partial,56.0,,
0x4c9790,31,haiku,H26,partial,28.6,,
0x489a70,32,haiku,H26,matched,100.0,,
0x472e00,33,haiku,H26,partial,66.7,,
0x40c5d0,34,haiku,H26,partial,81.5,,
0x406c40,35,haiku,H26,partial,51.6,,
0x4ba590,36,haiku,H26,partial,63.2,,
0x4794d0,37,haiku,H26,partial,51.9,,
0x417300,39,haiku,H26,partial,0.0,,
0x467a20,40,haiku,H26,partial,14.3,,
0x401000,42,sonnet,S23,matched,100.0,,
0x414350,44,sonnet,S23,matched,100.0,,
0x403070,47,sonnet,S23,matched,100.0,,
0x490f40,49,sonnet,S23,matched,100.0,,
0x4dfd10,51,sonnet,S23,matched,100.0,,
0x416420,55,sonnet,S23,matched,100.0,,
0x440a00,57,sonnet,S23,matched,100.0,,
0x4909a0,58,sonnet,S23,matched,100.0,,
0x4d9c60,60,sonnet,S23,matched,100.0,,
0x471560,63,sonnet,S23,matched,100.0,,
0x4e0740,67,opus,O46,matched,100.0,,
0x4c45e0,74,opus,O46,matched,100.0,,
0x4c5840,81,opus,O46,matched,100.0,,
0x4c2ac0,88,opus,O46,matched,100.0,,
0x496db0,95,opus,O46,matched,100.0,,
0x456050,105,opus,O46,matched,100.0,,
0x428850,116,opus,O46,matched,100.0,,
0x4012a0,126,opus,O46,matched,100.0,,
0x4623e0,137,opus,O46,matched,100.0,,
0x429660,151,opus,O46,matched,100.0,,
0x48f610,20,sonnet,S24,matched,100.0,,escalated from H26
0x410830,22,sonnet,S24,matched,100.0,,escalated from H26
0x491c60,23,sonnet,S24,matched,100.0,,escalated from H26
0x4ab4c0,26,sonnet,S24,matched,100.0,,escalated from H26
0x432c20,30,sonnet,S24,matched,100.0,,escalated from H26
0x4c9790,31,sonnet,S24,matched,100.0,,escalated from H26
0x472e00,33,sonnet,S24,matched,100.0,,escalated from H26
0x40c5d0,34,sonnet,S24,matched,100.0,,escalated from H26
0x406c40,35,sonnet,S24,matched,100.0,,escalated from H26
0x4ba590,36,sonnet,S24,matched,100.0,,escalated from H26
0x4794d0,37,sonnet,S24,matched,100.0,,escalated from H26
0x417300,39,sonnet,S24,matched,100.0,,escalated from H26
0x467a20,40,sonnet,S24,matched,100.0,,escalated from H26
0x429850,18,haiku,H27,matched,100.0,,
0x40ca30,19,haiku,H27,matched,100.0,,
0x470f60,19,haiku,H27,matched,100.0,,
0x48fd50,20,haiku,H27,partial,11.8,,
0x44ced0,22,haiku,H27,matched,100.0,,
0x49f6a0,23,haiku,H27,matched,100.0,,
0x4c5170,24,haiku,H27,matched,100.0,,
0x4b6820,26,haiku,H27,matched,100.0,,
0x4da590,27,haiku,H27,matched,100.0,,
0x4e1460,28,haiku,H27,matched,100.0,,
0x435c00,30,haiku,H27,matched,100.0,,
0x4d8850,31,haiku,H27,matched,100.0,,
0x490630,32,haiku,H27,matched,100.0,,
0x472f60,33,haiku,H27,partial,23.1,,
0x416660,34,haiku,H27,partial,10.5,,
0x40d4f0,35,haiku,H27,partial,82.4,,
0x4ba5c0,36,haiku,H27,matched,100.0,,
0x479500,37,haiku,H27,matched,100.0,,
0x441430,39,haiku,H27,matched,100.0,,
0x47a8e0,40,haiku,H27,partial,23.5,,
0x450090,161,opus,O47,matched,100.0,,
0x48aac0,173,opus,O47,matched,100.0,,
0x4605c0,187,opus,O47,matched,100.0,,
0x41bd10,203,opus,O47,matched,100.0,,
0x4ca6a0,223,opus,O47,matched,100.0,,
0x4de600,243,opus,O47,matched,100.0,,
0x4e0790,67,opus,O48,matched,100.0,,
0x4d8200,74,opus,O48,matched,100.0,,
0x4d00d0,81,opus,O48,matched,100.0,,
0x4d0070,88,opus,O48,matched,100.0,,
0x4c38f0,95,opus,O48,matched,100.0,,
0x45b030,105,opus,O48,matched,100.0,,
0x437320,116,opus,O48,matched,100.0,,
0x44f720,126,opus,O48,matched,100.0,,
0x4cee50,137,opus,O48,matched,100.0,,
0x440cd0,151,opus,O48,matched,100.0,,
0x48fd50,20,sonnet,S25,matched,100.0,,escalated from H27
0x472f60,33,sonnet,S25,matched,100.0,,escalated from H27
0x416660,34,sonnet,S25,matched,100.0,,escalated from H27
0x40d4f0,35,sonnet,S25,matched,100.0,,escalated from H27
0x47a8e0,40,sonnet,S25,partial,50.0,,escalated from H27; matched afterwards by the orchestrator (the function returns void)
0x4b06b0,63,opus,O49,matched,100.0,,consolidation of Class_004b0610
0x4e2fe0,67,opus,O50,matched,100.0,,
0x40a100,75,opus,O50,matched,100.0,,
0x4d1aa0,81,opus,O50,matched,100.0,,
0x4dce00,88,opus,O50,matched,100.0,,
0x4c3c60,95,opus,O50,matched,100.0,,
0x45b9b0,105,opus,O50,matched,100.0,,
0x45a8d0,116,opus,O50,matched,100.0,,
0x44f7e0,126,opus,O50,matched,100.0,,
0x4d0b80,137,opus,O50,matched,100.0,,
0x470ae0,151,opus,O50,matched,100.0,,
0x40b320,68,opus,O51,matched,100.0,,
0x4161f0,75,opus,O51,matched,100.0,,
0x4d1c00,81,opus,O51,matched,100.0,,
0x4e03f0,88,opus,O51,matched,100.0,,
0x4cb590,95,opus,O51,matched,100.0,,
0x4769f0,105,opus,O51,matched,100.0,,
0x45fbc0,116,opus,O51,matched,100.0,,
0x457cb0,126,opus,O51,matched,100.0,,
0x443070,138,opus,O51,matched,100.0,,
0x4ba880,151,opus,O51,matched,100.0,,
0x4578d0,18,haiku,H28,matched,100.0,,
0x40d4c0,19,haiku,H28,matched,100.0,,
0x4736c0,19,haiku,H28,matched,100.0,,
0x4bcee0,20,haiku,H28,matched,100.0,,
0x44e3a0,22,haiku,H28,matched,100.0,,
0x4a1950,23,haiku,H28,matched,100.0,,
0x40d5e0,25,haiku,H28,matched,100.0,,
0x4b6b80,26,haiku,H28,partial,53.3,,
0x40e9c0,28,haiku,H28,matched,100.0,,
0x4e2d70,28,haiku,H28,matched,100.0,,
0x4da840,30,haiku,H28,matched,100.0,,
0x407390,32,haiku,H28,partial,64.0,,
0x490840,32,haiku,H28,partial,64.0,,
0x4730c0,33,haiku,H28,matched,100.0,,
0x416e00,34,haiku,H28,partial,10.5,,
0x40d520,35,haiku,H28,matched,100.0,,
0x4ba610,36,haiku,H28,matched,100.0,,
0x47f750,37,haiku,H28,partial,26.1,,
0x47f960,39,haiku,H28,partial,23.5,,
0x47f090,40,haiku,H28,partial,59.3,,
0x4232a0,68,opus,O52,matched,100.0,,
0x4163d0,75,opus,O52,matched,100.0,,
0x4d8790,81,opus,O52,matched,100.0,,
0x417430,89,opus,O52,matched,100.0,,
0x415e90,96,opus,O52,matched,100.0,,
0x48fdf0,105,opus,O52,matched,100.0,,
0x4b0510,116,opus,O52,matched,100.0,,
0x4679a0,126,opus,O52,matched,100.0,,
0x45ba60,138,opus,O52,matched,100.0,,
0x43a020,152,opus,O52,matched,100.0,,
0x45bf60,161,opus,O53,matched,100.0,,
0x4c9b70,169,opus,O53,matched,100.0,,
0x45bea0,179,opus,O53,matched,100.0,,
0x419400,192,opus,O53,partial,85.7,,
0x41d920,203,opus,O53,matched,100.0,,
0x43a1f0,218,opus,O53,matched,100.0,,
0x417a60,232,opus,O53,matched,100.0,,
0x4468c0,248,opus,O53,matched,100.0,,
0x438730,42,opus,O54,matched,100.0,,
0x41c2b0,43,opus,O54,matched,100.0,,
0x416d50,46,opus,O54,matched,100.0,,
0x4c22a0,47,opus,O54,matched,100.0,,
0x42a400,50,opus,O54,matched,100.0,,
0x4177a0,52,opus,O54,matched,100.0,,
0x49e570,53,opus,O54,matched,100.0,,
0x41b2a0,56,opus,O54,matched,100.0,,
0x48fcd0,57,opus,O54,matched,100.0,,
0x48f5d0,59,opus,O54,matched,100.0,,
0x4ce190,61,opus,O54,matched,100.0,,
0x490650,63,opus,O54,matched,100.0,,
0x4b6b80,26,sonnet,S26,matched,100.0,,escalated from H28
0x407390,32,sonnet,S26,matched,100.0,,escalated from H28
0x490840,32,sonnet,S26,matched,100.0,,escalated from H28
0x416e00,34,sonnet,S26,matched,100.0,,escalated from H28
0x47f750,37,sonnet,S26,matched,100.0,,escalated from H28
0x47f960,39,sonnet,S26,matched,100.0,,escalated from H28
0x47f090,40,sonnet,S26,matched,100.0,,escalated from H28
0x471d50,18,opus,O55,matched,100.0,,
0x40d600,19,opus,O55,matched,100.0,,
0x473b30,19,opus,O55,matched,100.0,,
0x4c1a40,20,opus,O55,matched,100.0,,
0x44feb0,22,opus,O55,matched,100.0,,
0x4a1970,23,opus,O55,matched,100.0,,
0x40f1e0,25,opus,O55,matched,100.0,,
0x4c6ac0,26,opus,O55,matched,100.0,,
0x416a90,28,opus,O55,matched,100.0,,
0x4e2e00,28,opus,O55,matched,100.0,,
0x4e1d20,30,opus,O55,matched,100.0,,
0x407980,32,opus,O55,matched,100.0,,
0x4ae610,32,opus,O55,matched,100.0,,
0x473220,33,opus,O55,matched,100.0,,
0x416e60,34,opus,O55,matched,100.0,,
0x40d580,35,opus,O55,matched,100.0,,
0x4ba660,36,opus,O55,matched,100.0,,
0x48a980,37,opus,O55,matched,100.0,,
0x4a81b0,39,opus,O55,matched,100.0,,
0x4804e0,40,opus,O55,matched,100.0,,
0x4560c0,68,opus,O56,matched,100.0,,
0x417290,71,opus,O56,matched,100.0,,
0x417bb0,78,opus,O56,matched,100.0,,
0x462d30,84,opus,O56,matched,100.0,,
0x4ab2b0,90,opus,O56,matched,100.0,,
0x4a18c0,96,opus,O56,matched,100.0,,
0x48fe60,105,opus,O56,matched,100.0,,
0x43cbb0,109,opus,O56,matched,100.0,,
0x47efe0,121,opus,O56,matched,100.0,,
0x4b6ba0,129,opus,O56,matched,100.0,,
0x484d60,142,opus,O56,matched,100.0,,
0x457a50,154,opus,O56,matched,100.0,,
0x43b700,42,opus,O57,matched,100.0,,
0x4b75a0,42,opus,O57,matched,100.0,,
0x4030d0,45,opus,O57,matched,100.0,,
0x4030a0,47,opus,O57,matched,100.0,,
0x4626e0,48,opus,O57,matched,100.0,,
0x433d50,50,opus,O57,matched,100.0,,
0x44d310,51,opus,O57,matched,100.0,,
0x401180,53,opus,O57,matched,100.0,,
0x464990,55,opus,O57,matched,100.0,,
0x4ca990,56,opus,O57,matched,100.0,,
0x48fd70,57,opus,O57,matched,100.0,,
0x48ef40,59,opus,O57,matched,100.0,,
0x401220,61,opus,O57,matched,100.0,,
0x471f90,62,opus,O57,matched,100.0,,
0x4ddfa0,63,opus,O57,matched,100.0,,
0x44ef60,32,opus,O58,matched,100.0,,consolidation of the 0x4fd428 class family
0x471d90,68,opus,O59,matched,100.0,,
0x44d2c0,71,opus,O59,matched,100.0,,
0x41f630,78,opus,O59,matched,100.0,,
0x47dac0,84,opus,O59,matched,100.0,,
0x4ab3a0,90,opus,O59,matched,100.0,,
0x434470,97,opus,O59,matched,100.0,,
0x494220,105,opus,O59,matched,100.0,,
0x463610,109,opus,O59,matched,100.0,,
0x47f210,121,opus,O59,matched,100.0,,
0x4c23e0,129,opus,O59,matched,100.0,,
0x484df0,142,opus,O59,matched,100.0,,
0x470fb0,154,opus,O59,matched,100.0,,
0x481490,18,opus,O60,matched,100.0,,
0x416710,19,opus,O60,matched,100.0,,
0x4742a0,19,opus,O60,matched,100.0,,
0x4c2bb0,20,opus,O60,matched,100.0,,
0x42e120,21,opus,O60,matched,100.0,,
0x4afd20,23,opus,O60,matched,100.0,,
0x4da0c0,26,opus,O60,matched,100.0,,
0x489260,27,opus,O60,matched,100.0,,
0x4c69a0,28,opus,O60,matched,100.0,,
0x4257a0,31,opus,O60,matched,100.0,,
0x4079d0,32,opus,O60,matched,100.0,,
0x4aef80,32,opus,O60,matched,100.0,,
0x475440,33,opus,O60,matched,100.0,,
0x41b200,34,opus,O60,matched,100.0,,
0x417f30,35,opus,O60,matched,100.0,,
0x4ba6b0,36,opus,O60,matched,100.0,,
0x4909e0,37,opus,O60,matched,100.0,,
0x4b7f00,39,opus,O60,matched,100.0,,
0x4a50b0,40,opus,O60,matched,100.0,,
0x4894f0,68,opus,O61,matched,100.0,,
0x486e80,71,opus,O61,matched,100.0,,
0x424840,78,opus,O61,matched,100.0,,
0x4904c0,84,opus,O61,matched,100.0,,
0x4b3310,90,opus,O61,matched,100.0,,
0x4356f0,97,opus,O61,matched,100.0,,
0x4c33a0,105,opus,O61,matched,100.0,,
0x48c320,109,opus,O61,matched,100.0,,
0x4adf10,121,opus,O61,matched,100.0,,
0x45fb30,130,opus,O61,matched,100.0,,
0x4a1250,142,opus,O61,matched,100.0,,
0x401c20,155,opus,O61,matched,100.0,,
0x440ca0,42,opus,O62,matched,100.0,,
0x4bab60,42,opus,O62,matched,100.0,,
0x473560,45,opus,O62,matched,100.0,,
0x4079a0,47,opus,O62,matched,100.0,,
0x4649d0,48,opus,O62,matched,100.0,,
0x437c90,50,opus,O62,matched,100.0,,
0x4e1410,51,opus,O62,matched,100.0,,
0x401320,53,opus,O62,matched,100.0,,
0x464da0,55,opus,O62,matched,100.0,,
0x44b100,57,opus,O62,matched,100.0,,
0x491e10,57,opus,O62,matched,100.0,,
0x48f0b0,59,opus,O62,matched,100.0,,
0x401260,61,opus,O62,matched,100.0,,
0x480df0,62,opus,O62,matched,100.0,,
0x419ac0,64,opus,O62,matched,100.0,,
0x490da0,68,opus,O63,matched,100.0,,
0x48a440,71,opus,O63,matched,100.0,,
0x429290,78,opus,O63,matched,100.0,,
0x490520,84,opus,O63,matched,100.0,,
0x4b96e0,90,opus,O63,matched,100.0,,
0x452bd0,97,opus,O63,matched,100.0,,
0x4cbb70,105,opus,O63,matched,100.0,,
0x48c9b0,109,opus,O63,matched,100.0,,
0x4b7e60,121,opus,O63,matched,100.0,,
0x470b80,130,opus,O63,matched,100.0,,
0x4acbe0,142,opus,O63,matched,100.0,,
0x411840,155,opus,O63,matched,100.0,,
0x41cd20,37,opus,O64,matched,100.0,,escalated from haiku (never retried)
0x434400,36,opus,O64,matched,100.0,,escalated from haiku (never retried)
0x437c80,16,opus,O64,matched,100.0,,escalated from haiku (never retried)
0x44e720,16,opus,O64,matched,100.0,,escalated from haiku (never retried)
0x44e730,16,opus,O64,matched,100.0,,escalated from haiku (never retried)
0x44ec20,16,opus,O64,matched,100.0,,escalated from haiku (never retried)
0x46fac0,15,opus,O64,matched,100.0,,escalated from haiku (never retried)
0x480c30,31,opus,O64,matched,100.0,,escalated from haiku (never retried)
0x4897e0,26,opus,O64,matched,100.0,,escalated from haiku (never retried)
0x4b6340,34,opus,O64,matched,100.0,,escalated from haiku (never retried)
0x4bbc30,16,opus,O64,matched,100.0,,escalated from haiku (never retried)
0x4bc360,16,opus,O64,matched,100.0,,escalated from haiku (never retried)
0x4d9f30,29,opus,O64,matched,100.0,,escalated from haiku (never retried)
0x49f6c0,68,opus,O65,matched,100.0,,
0x496e90,71,opus,O65,matched,100.0,,
0x442000,78,opus,O65,matched,100.0,,
0x4b3430,84,opus,O65,matched,100.0,,
0x4dd150,90,opus,O65,matched,100.0,,
0x457c10,97,opus,O65,matched,100.0,,
0x417c00,106,opus,O65,matched,100.0,,
0x4da7d0,109,opus,O65,matched,100.0,,
0x4bcf00,121,opus,O65,matched,100.0,,
0x4de810,130,opus,O65,matched,100.0,,
0x4ad980,142,opus,O65,matched,100.0,,
0x4c46c0,155,opus,O65,matched,100.0,,
0x407ac0,32,opus,O66,matched,100.0,,consolidation of the 0x4fc980 family
0x407e70,32,opus,O66,matched,100.0,,consolidation of the 0x4fc980 family
0x408600,32,opus,O66,matched,100.0,,consolidation of the 0x4fc980 family
0x4ca940,68,opus,O67,matched,100.0,,
0x4b6eb0,71,opus,O67,matched,100.0,,
0x480720,78,opus,O67,matched,100.0,,
0x4b3490,84,opus,O67,matched,100.0,,
0x4dd710,90,opus,O67,matched,100.0,,
0x484fa0,97,opus,O67,matched,100.0,,
0x456190,106,opus,O67,matched,100.0,,
0x4de4d0,109,opus,O67,matched,100.0,,
0x4ced40,121,opus,O67,matched,100.0,,
0x402d10,131,opus,O67,matched,100.0,,
0x4add60,142,opus,O67,matched,100.0,,
0x4c4760,155,opus,O67,matched,100.0,,
0x44eef0,42,opus,O68,matched,100.0,,
0x4e21c0,42,opus,O68,matched,100.0,,
0x47ae30,45,opus,O68,matched,100.0,,
0x428c60,47,opus,O68,matched,100.0,,
0x476710,48,opus,O68,matched,100.0,,
0x41dee0,50,opus,O68,matched,100.0,,
0x40f790,51,opus,O68,matched,100.0,,
0x4e3710,52,opus,O68,matched,100.0,,
0x472e70,55,opus,O68,matched,100.0,,
0x473130,57,opus,O68,matched,100.0,,
0x4a4620,57,opus,O68,matched,100.0,,
0x48f330,59,opus,O68,matched,100.0,,
0x416820,61,opus,O68,matched,100.0,,
0x481430,62,opus,O68,matched,100.0,,
0x420920,64,opus,O68,matched,100.0,,
0x4ac970,161,opus,O69,partial,78.0,,
0x41c640,170,opus,O69,matched,100.0,,
0x4ac710,179,opus,O69,matched,100.0,,
0x41eaa0,192,opus,O69,matched,100.0,,
0x439eb0,203,opus,O69,matched,100.0,,
0x4571c0,218,opus,O69,matched,100.0,,
0x43afc0,233,opus,O69,matched,100.0,,
0x450f90,248,opus,O69,matched,100.0,,
0x4d82c0,68,opus,O70,matched,100.0,,
0x4c4470,71,opus,O70,matched,100.0,,
0x484f50,78,opus,O70,matched,100.0,,
0x4bc8d0,84,opus,O70,matched,100.0,,
0x4e2950,90,opus,O70,matched,100.0,,
0x49fe60,97,opus,O70,matched,100.0,,
0x462cc0,106,opus,O70,matched,100.0,,
0x4b9e60,110,opus,O70,matched,100.0,,
0x44f080,122,opus,O70,matched,100.0,,
0x41f760,131,opus,O70,matched,100.0,,
0x4b7a30,142,opus,O70,matched,100.0,,
0x45a470,156,opus,O70,matched,100.0,,
0x49f680,18,opus,O71,matched,100.0,,
0x41e240,19,opus,O71,matched,100.0,,
0x494890,19,opus,O71,matched,100.0,,
0x4c5190,20,opus,O71,matched,100.0,,
0x45c3d0,22,opus,O71,matched,100.0,,
0x4b4fd0,22,opus,O71,matched,100.0,,
0x4e1e30,23,opus,O71,matched,100.0,,
0x467980,25,opus,O71,matched,100.0,,
0x417520,27,opus,O71,matched,100.0,,
0x42f980,28,opus,O71,matched,100.0,,
0x463710,29,opus,O71,matched,100.0,,
0x44eb40,31,opus,O71,matched,100.0,,
0x4b69b0,32,opus,O71,matched,100.0,,
0x48a160,33,opus,O71,matched,100.0,,
0x433a30,34,opus,O71,matched,100.0,,
0x445e20,35,opus,O71,matched,100.0,,
0x4ba700,36,opus,O71,matched,100.0,,
0x499a80,37,opus,O71,matched,100.0,,
0x4c5d60,39,opus,O71,matched,100.0,,
0x4c2310,40,opus,O71,matched,100.0,,
0x4702d0,42,opus,O72,matched,100.0,,
0x416240,43,opus,O72,matched,100.0,,
0x4ae410,45,opus,O72,matched,100.0,,
0x440a40,47,opus,O72,matched,100.0,,
0x490b00,48,opus,O72,matched,100.0,,
0x44f6e0,50,opus,O72,matched,100.0,,
0x406f00,52,opus,O72,matched,100.0,,
0x419630,53,opus,O72,matched,100.0,,
0x473290,55,opus,O72,matched,100.0,,
0x48eac0,57,opus,O72,matched,100.0,,
0x4b5330,57,opus,O72,matched,100.0,,
0x48f480,59,opus,O72,matched,100.0,,
0x4195f0,61,opus,O72,matched,100.0,,
0x4a0ff0,62,opus,O72,matched,100.0,,
0x472e30,64,opus,O72,matched,100.0,,
0x438b90,69,opus,O73,matched,100.0,,
0x494290,75,opus,O73,matched,100.0,,
0x4b4800,78,opus,O73,matched,100.0,,
0x4c1b20,84,opus,O73,matched,100.0,,
0x439f80,91,opus,O73,matched,100.0,,
0x4c1480,97,opus,O73,matched,100.0,,
0x46e550,106,opus,O73,matched,100.0,,
0x4b0590,116,opus,O73,matched,100.0,,
0x46d530,122,opus,O73,matched,100.0,,
0x437910,131,opus,O73,matched,100.0,,
0x407410,143,opus,O73,matched,100.0,,
0x4c2cc0,156,opus,O73,matched,100.0,,
0x470f80,42,opus,O74,matched,100.0,,
0x4467c0,43,opus,O74,matched,100.0,,
0x4b7ad0,45,opus,O74,matched,100.0,,
0x44ce90,47,opus,O74,matched,100.0,,
0x4b6a20,48,opus,O74,matched,100.0,,
0x45b820,50,opus,O74,matched,100.0,,
0x40d240,52,opus,O74,matched,100.0,,
0x4402e0,53,opus,O74,matched,100.0,,
0x48eb40,55,opus,O74,matched,100.0,,
0x48eb80,57,opus,O74,matched,100.0,,
0x4b5940,57,opus,O74,matched,100.0,,
0x48f670,59,opus,O74,matched,100.0,,
0x44ffd0,61,opus,O74,matched,100.0,,
0x4c2470,62,opus,O74,matched,100.0,,
0x472f90,64,opus,O74,matched,100.0,,
0x4739b0,69,opus,O75,matched,100.0,,
0x4e21f0,75,opus,O75,matched,100.0,,
0x4b4850,78,opus,O75,matched,100.0,,
0x4cb5f0,84,opus,O75,matched,100.0,,
0x446020,91,opus,O75,matched,100.0,,
0x4d8b60,97,opus,O75,matched,100.0,,
0x47c330,106,opus,O75,matched,100.0,,
0x4b08c0,116,opus,O75,matched,100.0,,
0x46e450,122,opus,O75,matched,100.0,,
0x43a2d0,131,opus,O75,matched,100.0,,
0x440c10,143,opus,O75,matched,100.0,,
0x4cb4c0,156,opus,O75,matched,100.0,,
0x4a5d30,18,opus,O76,matched,100.0,,
0x4257c0,19,opus,O76,matched,100.0,,
0x4b6ca0,19,opus,O76,matched,100.0,,
0x4172e0,21,opus,O76,matched,100.0,,
0x46fad0,22,opus,O76,matched,100.0,,
0x4b7ee0,23,opus,O76,matched,100.0,,
0x44ef20,25,opus,O76,matched,100.0,,
0x490860,25,opus,O76,matched,100.0,,
0x489240,27,opus,O76,matched,100.0,,
0x437a00,28,opus,O76,matched,100.0,,
0x401cc0,30,opus,O76,matched,100.0,,
0x4a5010,31,opus,O76,matched,100.0,,
0x4bcea0,32,opus,O76,matched,100.0,,
0x490f10,33,opus,O76,matched,100.0,,
0x440be0,34,opus,O76,matched,100.0,,
0x44eec0,35,opus,O76,matched,100.0,,
0x4bb670,36,opus,O76,matched,100.0,,
0x4ae4b0,37,opus,O76,matched,100.0,,
0x4cd9d0,39,opus,O76,matched,100.0,,
0x4c51b0,40,opus,O76,matched,100.0,,
0x476c70,42,opus,O77,matched,100.0,,
0x4baad0,43,opus,O77,matched,100.0,,
0x406f50,46,opus,O77,matched,100.0,,
0x44d290,47,opus,O77,matched,100.0,,
0x4c5b70,48,opus,O77,matched,100.0,,
0x4767f0,50,opus,O77,matched,100.0,,
0x41c110,52,opus,O77,matched,100.0,,
0x474cd0,53,opus,O77,matched,100.0,,
0x49c980,55,opus,O77,matched,100.0,,
0x48ee30,57,opus,O77,matched,100.0,,
0x4ddfe0,57,opus,O77,matched,100.0,,
0x48f750,59,opus,O77,matched,100.0,,
0x461820,61,opus,O77,matched,100.0,,
0x4c2a80,62,opus,O77,matched,100.0,,
0x4730f0,64,opus,O77,matched,100.0,,
0x476ca0,42,opus,O78,matched,100.0,,
0x4bab30,43,opus,O78,matched,100.0,,
0x40d550,46,opus,O78,matched,100.0,,
0x46cbe0,47,opus,O78,matched,100.0,,
0x4d0ab0,48,opus,O78,matched,100.0,,
0x479620,50,opus,O78,matched,100.0,,
0x425430,52,opus,O78,matched,100.0,,
0x4750b0,53,opus,O78,matched,100.0,,
0x49fed0,55,opus,O78,matched,100.0,,
0x48ef00,57,opus,O78,matched,100.0,,
0x46c8e0,58,opus,O78,matched,100.0,,
0x48f880,59,opus,O78,matched,100.0,,
0x480db0,61,opus,O78,matched,100.0,,
0x4c61b0,62,opus,O78,matched,100.0,,
0x473250,64,opus,O78,matched,100.0,,
0x48bcb0,69,opus,O79,matched,100.0,,
0x4352d0,76,opus,O79,matched,100.0,,
0x4b48a0,78,opus,O79,matched,100.0,,
0x40b2c0,85,opus,O79,matched,100.0,,
0x463730,91,opus,O79,matched,100.0,,
0x419940,98,opus,O79,matched,100.0,,
0x47f290,106,opus,O79,matched,100.0,,
0x4c2b20,116,opus,O79,matched,100.0,,
0x46e4d0,122,opus,O79,matched,100.0,,
0x49f930,131,opus,O79,matched,100.0,,
0x45ca50,143,opus,O79,matched,100.0,,
0x4079f0,157,opus,O79,matched,100.0,,
0x4c2eb0,171,opus,O76,matched,100.0,,found by the 0x4c51b0 reconstruction
0x4bb2c0,18,opus,O80,matched,100.0,,
0x432be0,19,opus,O80,matched,100.0,,
0x4c22f0,19,opus,O80,matched,100.0,,
0x428fc0,21,opus,O80,matched,100.0,,
0x49fb30,22,opus,O80,matched,100.0,,
0x4bc2e0,23,opus,O80,matched,100.0,,
0x456030,25,opus,O80,matched,100.0,,
0x4dbd00,26,opus,O80,matched,100.0,,
0x421150,28,opus,O80,matched,100.0,,
0x406ee0,29,opus,O80,matched,100.0,,
0x432b60,31,opus,O80,matched,100.0,,
0x425b60,32,opus,O80,matched,100.0,,
0x438880,33,opus,O80,matched,100.0,,
0x4c6b10,33,opus,O80,matched,100.0,,
0x46e5e0,34,opus,O80,matched,100.0,,
0x4b4c50,35,opus,O80,matched,100.0,,
0x4c5d90,36,opus,O80,matched,100.0,,
0x4ae550,37,opus,O80,matched,100.0,,
0x4ce3e0,39,opus,O80,matched,100.0,,
0x4c9c20,40,opus,O80,matched,100.0,,
0x480160,42,opus,O81,matched,100.0,,
0x4256a0,44,opus,O81,matched,100.0,,
0x40d880,46,opus,O81,matched,100.0,,
0x47f060,47,opus,O81,matched,100.0,,
0x401030,49,opus,O81,matched,100.0,,
0x4ab060,50,opus,O81,matched,100.0,,
0x44f6a0,52,opus,O81,matched,100.0,,
0x485940,53,opus,O81,matched,100.0,,
0x4ab570,55,opus,O81,matched,100.0,,
0x48f070,57,opus,O81,matched,100.0,,
0x431a20,59,opus,O81,matched,100.0,,
0x48faf0,59,opus,O81,matched,100.0,,
0x4c5cd0,61,opus,O81,matched,100.0,,
0x4103a0,63,opus,O81,matched,100.0,,
0x4895c0,64,opus,O81,matched,100.0,,
0x499a30,69,opus,O82,matched,100.0,,
0x439d80,76,opus,O82,matched,100.0,,
0x4e1de0,78,opus,O82,matched,100.0,,
0x4587b0,85,opus,O82,matched,100.0,,
0x49e5b0,91,opus,O82,matched,100.0,,
0x488960,98,opus,O82,matched,100.0,,
0x47f610,106,opus,O82,matched,100.0,,
0x408920,117,opus,O82,matched,100.0,,
0x479760,122,opus,O82,matched,100.0,,
0x49f9c0,131,opus,O82,matched,100.0,,
0x464de0,143,opus,O82,matched,100.0,,
0x417150,157,opus,O82,matched,100.0,,
0x4c13d0,18,opus,O83,matched,100.0,,
0x433500,19,opus,O83,matched,100.0,,
0x4c4450,19,opus,O83,matched,100.0,,
0x428fe0,21,opus,O83,matched,100.0,,
0x4ab5b0,22,opus,O83,matched,100.0,,
0x4ce580,23,opus,O83,matched,100.0,,
0x467960,25,opus,O83,matched,100.0,,
0x4e1d40,26,opus,O83,matched,100.0,,
0x42f960,28,opus,O83,matched,100.0,,
0x432590,29,opus,O83,matched,100.0,,
0x437300,31,opus,O83,matched,100.0,,
0x4b6860,32,opus,O83,matched,100.0,,
0x47cac0,33,opus,O83,matched,100.0,,
0x4336c0,34,opus,O83,matched,100.0,,
0x415b60,35,opus,O83,matched,100.0,,
0x434440,36,opus,O83,matched,100.0,,
0x421170,37,opus,O83,matched,100.0,,
0x415e60,38,opus,O83,matched,100.0,,
0x4d1b40,39,opus,O83,matched,100.0,,
0x4cf540,40,opus,O83,matched,100.0,,
0x4814c0,42,opus,O84,matched,100.0,,
0x457b90,44,opus,O84,matched,100.0,,
0x416d80,46,opus,O84,matched,100.0,,
0x4ab4e0,47,opus,O84,matched,100.0,,
0x451770,49,opus,O84,matched,100.0,,
0x4ab400,50,opus,O84,matched,100.0,,
0x44f900,52,opus,O84,matched,100.0,,
0x489580,53,opus,O84,matched,100.0,,
0x4acda0,55,opus,O84,matched,100.0,,
0x48f2f0,57,opus,O84,matched,100.0,,
0x4504f0,59,opus,O84,matched,100.0,,
0x48fc00,59,opus,O84,matched,100.0,,
0x4e2e20,61,opus,O84,matched,100.0,,
0x428cd0,63,opus,O84,matched,100.0,,
0x49a850,64,opus,O84,matched,100.0,,
0x4b6510,69,opus,O85,matched,100.0,,
0x44d090,76,opus,O85,matched,100.0,,
0x4e38e0,78,opus,O85,matched,100.0,,
0x49a0c0,85,opus,O85,matched,100.0,,
0x4aafe0,91,opus,O85,matched,100.0,,
0x4abd20,98,opus,O85,matched,100.0,,
0x4853b0,106,opus,O85,matched,100.0,,
0x433a80,117,opus,O85,matched,100.0,,
0x48a7f0,122,opus,O85,matched,100.0,,
0x4dbd80,131,opus,O85,matched,100.0,,
0x471eb0,143,opus,O85,matched,100.0,,
0x4171f0,157,opus,O85,matched,100.0,,
0x4b6d50,69,opus,O86,matched,100.0,,
0x44f100,76,opus,O86,matched,100.0,,
0x402fc0,79,opus,O86,matched,100.0,,
0x4a8150,85,opus,O86,matched,100.0,,
0x4b6230,91,opus,O86,matched,100.0,,
0x4b4c80,98,opus,O86,matched,100.0,,
0x49f8c0,106,opus,O86,matched,100.0,,
0x46d5b0,117,opus,O86,matched,100.0,,
0x4ab440,122,opus,O86,matched,100.0,,
0x4031d0,132,opus,O86,matched,100.0,,
0x4a1ab0,143,opus,O86,matched,100.0,,
0x44d720,157,opus,O86,matched,100.0,,
0x43e470,29,opus,O87,matched,100.0,,
0x4accd0,42,opus,O87,matched,100.0,,
0x4baba0,44,opus,O87,matched,100.0,,
0x44ee90,46,opus,O87,matched,100.0,,
0x40d470,48,opus,O87,matched,100.0,,
0x4e04e0,49,opus,O87,matched,100.0,,
0x4ce880,50,opus,O87,matched,100.0,,
0x48a9b0,52,opus,O87,matched,100.0,,
0x417490,55,opus,O87,matched,100.0,,
0x432ba0,56,opus,O87,matched,100.0,,
0x48f630,57,opus,O87,matched,100.0,,
0x4795e0,59,opus,O87,matched,100.0,,
0x48fdb0,59,opus,O87,matched,100.0,,
0x4e2ea0,61,opus,O87,matched,100.0,,
0x4717e0,63,opus,O87,matched,100.0,,
0x49e640,64,opus,O87,matched,100.0,,
0x4b6da0,69,opus,O88,matched,100.0,,
0x457bc0,76,opus,O88,matched,100.0,,
0x46fe60,79,opus,O88,matched,100.0,,
0x4b8d40,85,opus,O88,matched,100.0,,
0x4b8b90,91,opus,O88,matched,100.0,,
0x4c2e30,98,opus,O88,matched,100.0,,
0x4c07b0,106,opus,O88,matched,100.0,,
0x47bd70,117,opus,O88,matched,100.0,,
0x4abb20,122,opus,O88,matched,100.0,,
0x470300,132,opus,O88,matched,100.0,,
0x406db0,144,opus,O88,matched,100.0,,
0x45c330,157,opus,O88,matched,100.0,,
0x4889d0,42,opus,O89,matched,100.0,,
0x457c80,44,opus,O89,matched,100.0,,
0x4211a0,46,opus,O89,matched,100.0,,
0x4aeda0,47,opus,O89,matched,100.0,,
0x4b64d0,49,opus,O89,matched,100.0,,
0x4b0d60,50,opus,O89,matched,100.0,,
0x453320,52,opus,O89,matched,100.0,,
0x485e50,54,opus,O89,matched,100.0,,
0x4ca450,55,opus,O89,matched,100.0,,
0x48f440,57,opus,O89,matched,100.0,,
0x462860,59,opus,O89,matched,100.0,,
0x48fd10,59,opus,O89,matched,100.0,,
0x4e2e60,61,opus,O89,matched,100.0,,
0x4716a0,63,opus,O89,matched,100.0,,
0x49b6e0,64,opus,O89,matched,100.0,,
0x4b8ae0,69,opus,O90,matched,100.0,,
0x48ed00,76,opus,O90,matched,100.0,,
0x4e2f30,81,opus,O90,matched,100.0,,
0x4c2380,85,opus,O90,matched,100.0,,
0x4d85b0,91,opus,O90,matched,100.0,,
0x4caec0,98,opus,O90,matched,100.0,,
0x4da040,106,opus,O90,matched,100.0,,
0x484ce0,117,opus,O90,matched,100.0,,
0x48ffd0,126,opus,O90,matched,100.0,,
0x471050,132,opus,O90,matched,100.0,,
0x409e90,144,opus,O90,matched,100.0,,
0x467b60,157,opus,O90,matched,100.0,,
0x490050,42,opus,O91,matched,100.0,,
0x4897b0,44,opus,O91,matched,100.0,,
0x42bd10,46,opus,O91,matched,100.0,,
0x4b04b0,47,opus,O91,matched,100.0,,
0x4b6e40,49,opus,O91,matched,100.0,,
0x4c9f90,50,opus,O91,matched,100.0,,
0x45f190,52,opus,O91,matched,100.0,,
0x416510,55,opus,O91,matched,100.0,,
0x4ca780,55,opus,O91,matched,100.0,,
0x48f590,57,opus,O91,matched,100.0,,
0x488920,59,opus,O91,matched,100.0,,
0x4a3eb0,59,opus,O91,matched,100.0,,
0x42f8c0,62,opus,O91,matched,100.0,,
0x483370,63,opus,O91,matched,100.0,,
0x4a0300,64,opus,O91,matched,100.0,,
0x4ba1b0,69,opus,O93,matched,100.0,,
0x48f1b0,76,opus,O93,matched,100.0,,
0x44e740,82,opus,O93,matched,100.0,,
0x4d06c0,85,opus,O93,matched,100.0,,
0x408670,92,opus,O93,matched,100.0,,
0x401110,99,opus,O93,matched,100.0,,
0x4e2d00,106,opus,O93,matched,100.0,,
0x485140,117,opus,O93,partial,70.5,,
0x4c1320,126,opus,O93,matched,100.0,,
0x4b3590,132,opus,O93,matched,100.0,,
0x42a320,144,opus,O93,matched,100.0,,
0x46c810,157,opus,O93,matched,100.0,,
0x4c9840,69,opus,O94,matched,100.0,,
0x48f200,76,opus,O94,matched,100.0,,
0x452b70,82,opus,O94,matched,100.0,,
0x415f40,86,opus,O94,matched,100.0,,
0x415bb0,92,opus,O94,matched,100.0,,
0x4170c0,99,opus,O94,matched,100.0,,
0x4a1450,107,opus,O94,matched,100.0,,
0x485330,117,opus,O94,matched,100.0,,
0x4ddd70,126,opus,O94,matched,100.0,,
0x4dd340,132,opus,O94,matched,100.0,,
0x42e140,144,opus,O94,matched,100.0,,
0x4cb940,157,opus,O94,matched,100.0,,
0x4cb650,69,opus,O95,matched,100.0,,
0x48f950,76,opus,O95,matched,100.0,,
0x463be0,82,opus,O95,matched,100.0,,
0x416a30,86,opus,O95,matched,100.0,,
0x4169d0,92,opus,O95,matched,100.0,,
0x41f5c0,99,opus,O95,matched,100.0,,
0x4a14c0,107,opus,O95,matched,100.0,,
0x4b4f50,117,opus,O95,matched,100.0,,
0x4dddf0,126,opus,O95,matched,100.0,,
0x4dde70,132,opus,O95,matched,100.0,,
0x42e1d0,144,opus,O95,matched,100.0,,
0x40f200,158,opus,O95,matched,100.0,,
0x490200,42,opus,O96,matched,100.0,,
0x498cd0,44,opus,O96,matched,100.0,,
0x432c80,46,opus,O96,matched,100.0,,
0x4b04e0,47,opus,O96,matched,100.0,,
0x4be070,49,opus,O96,matched,100.0,,
0x4ce410,50,opus,O96,matched,100.0,,
0x46eb60,52,opus,O96,matched,100.0,,
0x416550,55,opus,O96,matched,100.0,,
0x43ad10,56,opus,O96,matched,100.0,,
0x48f710,57,opus,O96,matched,100.0,,
0x489650,59,opus,O96,matched,100.0,,
0x4bb150,59,opus,O96,matched,100.0,,
0x43e3c0,62,opus,O96,matched,100.0,,
0x4c5c20,63,opus,O96,matched,100.0,,
0x4c9750,64,opus,O96,matched,100.0,,
0x495200,42,opus,O97,matched,100.0,,
0x4abba0,44,opus,O97,matched,100.0,,
0x4349c0,46,opus,O97,matched,100.0,,
0x4e1650,47,opus,O97,matched,100.0,,
0x4d8460,49,opus,O97,matched,100.0,,
0x4da780,50,opus,O97,matched,100.0,,
0x49f540,52,opus,O97,matched,100.0,,
0x432c40,55,opus,O97,matched,100.0,,
0x461860,56,opus,O97,matched,100.0,,
0x48f8c0,57,opus,O97,matched,100.0,,
0x48eb00,59,opus,O97,matched,100.0,,
0x4ca7c0,59,opus,O97,matched,100.0,,
0x44d800,62,opus,O97,matched,100.0,,
0x4c9800,63,opus,O97,matched,100.0,,
0x4ca840,64,opus,O97,matched,100.0,,
0x4d8260,69,opus,O98,matched,100.0,,
0x4d8610,76,opus,O98,matched,100.0,,
0x490940,82,opus,O98,matched,100.0,,
0x490580,84,opus,O98,matched,100.0,,
0x434b90,92,opus,O98,matched,100.0,,
0x420cb0,99,opus,O98,matched,100.0,,
0x4de110,105,opus,O98,matched,100.0,,
0x4bb6a0,109,opus,O98,matched,100.0,,
0x4223e0,127,opus,O98,partial,48.3,,
0x4e0450,132,opus,O98,matched,100.0,,
0x42e260,144,opus,O98,matched,100.0,,
0x437be0,158,opus,O98,matched,100.0,,
0x40d8b0,70,opus,O99,matched,100.0,,
0x4df330,76,opus,O99,matched,100.0,,
0x4ab6c0,82,opus,O99,matched,100.0,,
0x428f60,86,opus,O99,matched,100.0,,
0x440230,92,opus,O99,matched,100.0,,
0x44fe40,99,opus,O99,matched,100.0,,
0x4bb190,107,opus,O99,matched,100.0,,
0x4c91b0,117,opus,O99,matched,100.0,,
0x437280,127,opus,O99,matched,100.0,,
0x4e1730,132,opus,O99,matched,100.0,,
0x459170,144,opus,O99,matched,100.0,,
0x47ddc0,158,opus,O99,matched,100.0,,
0x4b69d0,42,opus,O100,matched,100.0,,
0x4bb0f0,44,opus,O100,matched,100.0,,
0x481500,46,opus,O100,matched,100.0,,
0x4163a0,48,opus,O100,matched,100.0,,
0x403190,50,opus,O100,matched,100.0,,
0x4e06f0,50,opus,O100,matched,100.0,,
0x4b4c10,52,opus,O100,matched,100.0,,
0x4340b0,55,opus,O100,matched,100.0,,
0x491c80,56,opus,O100,matched,100.0,,
0x48fab0,57,opus,O100,matched,100.0,,
0x48ebc0,59,opus,O100,matched,100.0,,
0x4ca800,59,opus,O100,matched,100.0,,
0x461f90,62,opus,O100,matched,100.0,,
0x4ca900,63,opus,O100,matched,100.0,,
0x4ca880,64,opus,O100,matched,100.0,,
0x4b6a50,42,opus,O101,matched,100.0,,
0x4e1a90,44,opus,O101,matched,100.0,,
0x4b6290,46,opus,O101,matched,100.0,,
0x418c70,48,opus,O101,matched,100.0,,
0x417760,50,opus,O101,matched,100.0,,
0x4e1ac0,50,opus,O101,matched,100.0,,
0x4bc320,52,opus,O101,matched,100.0,,
0x4349f0,55,opus,O101,matched,100.0,,
0x458180,57,opus,O101,matched,100.0,,
0x48fbc0,57,opus,O101,matched,100.0,,
0x48ee70,59,opus,O101,matched,100.0,,
0x4cb2f0,59,opus,O101,matched,100.0,,
0x471d10,62,opus,O101,matched,100.0,,
0x4d86b0,63,opus,O101,matched,100.0,,
0x4ca8c0,64,opus,O101,matched,100.0,,
0x41d360,70,opus,O102,matched,100.0,,
0x4e06a0,76,opus,O102,matched,100.0,,
0x4cfb40,82,opus,O102,matched,100.0,,
0x43e1e0,86,opus,O102,matched,100.0,,
0x46ff10,92,opus,O102,matched,100.0,,
0x45fac0,99,opus,O102,matched,100.0,,
0x4c69f0,107,opus,O102,matched,100.0,,
0x4c9dd0,117,opus,O102,matched,100.0,,
0x43d210,127,opus,O102,matched,100.0,,
0x437b50,133,opus,O102,matched,100.0,,
0x461900,144,opus,O102,matched,100.0,,
0x4a4890,158,opus,O102,matched,100.0,,
0x4710e0,55,opus,O102,matched,100.0,,
0x4da0e0,64,opus,O102,matched,100.0,,
0x439e30,70,opus,O103,matched,100.0,,
0x415ef0,77,opus,O103,matched,100.0,,
0x4d8720,82,opus,O103,matched,100.0,,
0x480190,86,opus,O103,matched,100.0,,
0x479bf0,92,opus,O103,matched,100.0,,
0x48a0f0,99,opus,O103,matched,100.0,,
0x40d740,108,opus,O103,matched,100.0,,
0x4ce800,117,opus,O103,matched,100.0,,
0x446450,127,opus,O103,matched,100.0,,
0x49fd60,138,opus,O103,matched,100.0,,
0x4629b0,144,opus,O103,matched,100.0,,
0x4dba40,158,opus,O103,matched,100.0,,
0x440420,70,opus,O104,matched,100.0,,
0x4173e0,77,opus,O104,matched,100.0,,
0x4073b0,83,opus,O104,matched,100.0,,
0x42a0e0,89,opus,O104,matched,100.0,,
0x48f3e0,92,opus,O104,matched,100.0,,
0x48f0f0,99,opus,O104,matched,100.0,,
0x416780,108,opus,O104,matched,100.0,,
0x41c310,118,opus,O104,matched,100.0,,
0x474b00,127,opus,O104,matched,100.0,,
0x4ac0a0,138,opus,O104,matched,100.0,,
0x48ec20,144,opus,O104,matched,100.0,,
0x4ddf00,158,opus,O104,partial,85.4,,
0x461a70,70,opus,O105,matched,100.0,,
0x42bcc0,77,opus,O105,matched,100.0,,
0x409f20,83,opus,O105,matched,100.0,,
0x4388d0,89,opus,O105,matched,100.0,,
0x48f530,92,opus,O105,matched,100.0,,
0x49fdf0,99,opus,O105,matched,100.0,,
0x421eb0,108,opus,O105,matched,100.0,,
0x434f70,118,opus,O105,matched,100.0,,
0x474fc0,127,opus,O105,matched,100.0,,
0x4b4630,138,opus,O105,matched,100.0,,
0x4a0f60,144,opus,O105,matched,100.0,,
0x4e1990,158,opus,O105,matched,100.0,,
0x461ac0,70,opus,O106,matched,100.0,,
0x4379b0,77,opus,O106,matched,100.0,,
0x44d8a0,83,opus,O106,matched,100.0,,
0x46ba80,89,opus,O106,matched,100.0,,
0x48f7e0,92,opus,O106,matched,100.0,,
0x416860,100,opus,O106,matched,100.0,,
0x468310,108,opus,O106,matched,100.0,,
0x4353b0,118,opus,O106,matched,100.0,,
0x4827b0,127,opus,O106,matched,100.0,,
0x4b46c0,138,opus,O106,matched,100.0,,
0x4ae380,144,opus,O106,matched,100.0,,
0x42a570,159,opus,O106,matched,100.0,,
0x470a40,70,opus,O107,matched,100.0,,
0x4815a0,77,opus,O107,matched,100.0,,
0x44d9a0,83,opus,O107,matched,100.0,,
0x47a700,89,opus,O107,matched,100.0,,
0x48fb60,92,opus,O107,matched,100.0,,
0x426190,100,opus,O107,matched,100.0,,
0x46bc70,108,opus,O107,matched,100.0,,
0x48ea40,118,opus,O107,matched,100.0,,
0x4b4ff0,127,opus,O107,matched,100.0,,
0x4cf180,138,opus,O107,matched,100.0,,
0x416150,145,opus,O107,matched,100.0,,
0x44eb60,159,opus,O107,matched,100.0,,
0x470a90,70,opus,O108,matched,100.0,,
0x489600,77,opus,O108,matched,100.0,,
0x47cbd0,83,opus,O108,matched,100.0,,
0x4b8a80,89,opus,O108,matched,100.0,,
0x48fc70,92,opus,O108,matched,100.0,,
0x435d30,100,opus,O108,matched,100.0,,
0x475700,108,opus,O108,matched,100.0,,
0x4c0a90,118,opus,O108,partial,85.7,,
0x425930,128,opus,O108,matched,100.0,,
0x456200,139,opus,O108,matched,100.0,,
0x43e240,145,opus,O108,matched,100.0,,
0x458430,159,opus,O108,matched,100.0,,
0x47aaa0,70,opus,O109,matched,100.0,,
0x48a190,77,opus,O109,matched,100.0,,
0x4801f0,83,opus,O109,matched,100.0,,
0x4c9230,89,opus,O109,matched,100.0,,
0x4b33b0,92,opus,O109,matched,100.0,,
0x43ad50,100,opus,O109,matched,100.0,,
0x48fed0,108,opus,O109,matched,100.0,,
0x4d9f60,118,opus,O109,matched,100.0,,
0x496e10,128,opus,O109,matched,100.0,,
0x4a0c70,139,opus,O109,matched,100.0,,
0x498d00,145,opus,O109,matched,100.0,,
0x46ff90,159,opus,O109,matched,100.0,,
0x481550,70,opus,O110,matched,100.0,,
0x48f790,77,opus,O110,matched,100.0,,
0x480510,83,opus,O110,matched,100.0,,
0x4d9fe0,89,opus,O110,matched,100.0,,
0x416310,96,opus,O110,matched,100.0,,
0x43c6b0,100,opus,O110,matched,100.0,,
0x4a7560,108,opus,O110,matched,100.0,,
0x4330b0,119,opus,O110,matched,100.0,,
0x4aa850,128,opus,O110,matched,100.0,,
0x4c9890,139,opus,O110,matched,100.0,,
0x4c93f0,145,opus,O110,matched,100.0,,
0x4acd00,159,opus,O110,matched,100.0,,
0x494840,70,opus,O111,matched,100.0,,
0x4b7540,77,opus,O111,matched,100.0,,
0x4325b0,84,opus,O111,matched,100.0,,
0x474580,90,opus,O111,matched,100.0,,
0x480ce0,96,opus,O111,matched,100.0,,
0x4a9660,108,opus,O111,matched,100.0,,
0x462a60,120,opus,O111,matched,100.0,,
0x49b000,129,opus,O111,matched,100.0,,
0x44d3b0,141,opus,O111,matched,100.0,,
0x4cf8a0,153,opus,O111,matched,100.0,,
0x4d8140,70,opus,O112,matched,100.0,,
0x4c5fa0,77,opus,O112,matched,100.0,,
0x44d350,84,opus,O112,matched,100.0,,
0x488bf0,90,opus,O112,matched,100.0,,
0x489690,96,opus,O112,matched,100.0,,
0x4acde0,108,opus,O112,matched,100.0,,
0x480460,120,opus,O112,matched,100.0,,
0x49d1e0,129,opus,O112,matched,100.0,,
0x450980,141,opus,O112,matched,100.0,,
0x4b34f0,159,opus,O112,matched,100.0,,
0x402160,141,deepseek-v4.1-flash,#1,matched,100.0,,issue #1
0x408620,71,deepseek-v4.1-flash,#1,matched,100.0,,issue #1
0x40bab0,78,deepseek-v4.1-flash,#1,matched,100.0,,issue #1
0x4164b0,71,deepseek-v4.1-flash,#1,matched,100.0,,issue #1
0x417b50,90,deepseek-v4.1-flash,#1,matched,100.0,,issue #1
0x4194d0,109,deepseek-v4.1-flash,#1,matched,100.0,,issue #1
0x41b230,109,deepseek-v4.1-flash,#1,matched,100.0,,issue #1
0x41c5e0,96,deepseek-v4.1-flash,#1,matched,100.0,,issue #1
0x41f040,96,deepseek-v4.1-flash,#1,matched,100.0,,issue #1
0x4256d0,90,deepseek-v4.1-flash,#1,matched,100.0,,issue #1
0x4257e0,121,deepseek-v4.1-flash,#1,matched,100.0,,issue #1
0x432a80,120,deepseek-v4.1-flash,#1,matched,100.0,,issue #1
0x433540,119,deepseek-v4.1-flash,#2,matched,100.0,,issue #2
0x435320,121,deepseek-v4.1-flash,#2,matched,100.0,,issue #2
0x43ac60,78,deepseek-v4.1-flash,#2,matched,100.0,,issue #2
0x43e180,96,deepseek-v4.1-flash,#2,matched,100.0,,issue #2
0x445300,152,deepseek-v4.1-flash,#2,matched,100.0,,issue #2
0x44d500,90,deepseek-v4.1-flash,#2,matched,100.0,,issue #2
0x44d840,96,deepseek-v4.1-flash,#2,matched,100.0,,issue #2
0x44e6c0,90,deepseek-v4.1-flash,#2,matched,100.0,,issue #2
0x44e930,129,deepseek-v4.1-flash,#2,matched,100.0,,issue #2
0x44e9c0,140,deepseek-v4.1-flash,#2,matched,100.0,,issue #2
0x450030,96,deepseek-v4.1-flash,#2,matched,100.0,,issue #2
0x451b60,84,deepseek-v4.1-flash,#2,matched,100.0,,issue #2
0x45aaa0,100,deepseek-v4.1-flash,#3,matched,100.0,,issue #3
0x45af90,152,deepseek-v4.1-flash,#3,matched,100.0,,issue #3
0x45b880,153,deepseek-v4.1-flash,#3,matched,100.0,,issue #3
0x45c010,90,deepseek-v4.1-flash,#3,matched,100.0,,issue #3
0x45cde0,160,deepseek-v4.1-flash,#3,matched,100.0,,issue #3
0x4618a0,84,deepseek-v4.1-flash,#3,matched,100.0,,issue #3
0x463f60,160,deepseek-v4.1-flash,#3,matched,100.0,,issue #3
0x46e3c0,129,deepseek-v4.1-flash,#3,matched,100.0,,issue #3
0x477940,153,deepseek-v4.1-flash,#3,matched,100.0,,issue #3
0x47f1a0,101,deepseek-v4.1-flash,#3,matched,100.0,,issue #3
0x480020,160,deepseek-v4.1-flash,#3,matched,100.0,,issue #3
0x489740,101,deepseek-v4.1-flash,#3,matched,100.0,,issue #3
0x48d920,120,deepseek-v4.1-flash,#4,matched,100.0,,issue #4
0x491e50,101,deepseek-v4.1-flash,#4,matched,100.0,,issue #4
0x49d880,140,deepseek-v4.1-flash,#4,matched,100.0,,issue #4
0x4a1630,77,deepseek-v4.1-flash,#4,matched,100.0,,issue #4
0x4a7ee0,129,deepseek-v4.1-flash,#4,matched,100.0,,issue #4
0x4ab310,129,deepseek-v4.1-flash,#4,matched,100.0,,issue #4
0x4ae440,108,deepseek-v4.1-flash,#4,matched,100.0,,issue #4
0x4ae4e0,108,deepseek-v4.1-flash,#4,matched,100.0,,issue #4
0x4ae580,141,deepseek-v4.1-flash,#4,matched,100.0,,issue #4
0x4b0720,120,deepseek-v4.1-flash,#4,matched,100.0,,issue #4
0x4b6c30,101,deepseek-v4.1-flash,#4,partial,57.5,,issue #4
0x4be010,90,deepseek-v4.1-flash,#4,matched,100.0,,issue #4
0x4c42a0,159,deepseek-v4.1-flash,#5,matched,100.0,,issue #5
0x4c5c60,108,deepseek-v4.1-flash,#5,matched,100.0,,issue #5
0x4c6f10,100,deepseek-v4.1-flash,#5,matched,100.0,,issue #5
0x4c9490,152,deepseek-v4.1-flash,#5,partial,77.7,,issue #5
0x4c97b0,77,deepseek-v4.1-flash,#5,matched,100.0,,issue #5
0x4ce530,77,deepseek-v4.1-flash,#5,matched,100.0,,issue #5
0x4cf800,153,deepseek-v4.1-flash,#5,matched,100.0,,issue #5
0x4d83c0,139,deepseek-v4.1-flash,#5,matched,100.0,,issue #5
0x4d8ae0,70,deepseek-v4.1-flash,#5,matched,100.0,,issue #5
0x4da3f0,130,deepseek-v4.1-flash,#5,partial,95.6,,issue #5
0x4da480,100,deepseek-v4.1-flash,#5,matched,100.0,,issue #5
0x4dab10,160,deepseek-v4.1-flash,#5,matched,100.0,,issue #5
0x4db760,70,deepseek-v4.1-flash,#6,matched,100.0,,issue #6
0x4dbd20,83,deepseek-v4.1-flash,#6,matched,100.0,,issue #6
0x4dc620,83,deepseek-v4.1-flash,#6,matched,100.0,,issue #6
0x4dd2a0,159,deepseek-v4.1-flash,#6,matched,100.0,,issue #6
0x4dd3d0,83,deepseek-v4.1-flash,#6,matched,100.0,,issue #6
0x4dd820,159,deepseek-v4.1-flash,#6,matched,100.0,,issue #6
0x4de0a0,70,deepseek-v4.1-flash,#6,matched,100.0,,issue #6
0x401ce0,275,gpt-6,#7,matched,100.0,,issue #7
0x402010,330,gpt-6,#7,matched,100.0,,issue #7
0x403260,317,gpt-6,#7,matched,100.0,,issue #7
0x4033a0,242,gpt-6,#7,matched,100.0,,issue #7
0x4038a0,380,gpt-6,#7,matched,100.0,,issue #7
0x405fe0,162,gpt-6,#7,matched,100.0,,issue #7
0x406090,257,gpt-6,#8,matched,100.0,,issue #8
0x4061a0,346,gpt-6,#8,matched,100.0,,issue #8
0x406780,384,gpt-6,#8,matched,100.0,,issue #8
0x406aa0,331,gpt-6,#8,matched,100.0,,issue #8
0x406c90,257,gpt-6,#8,matched,100.0,,issue #8
0x4071f0,340,gpt-6,#8,matched,100.0,,issue #8
0x4074a0,189,gpt-6,#9,matched,100.0,,issue #9
0x4077e0,329,gpt-6,#9,matched,100.0,,issue #9
0x407d40,296,gpt-6,#9,partial,77.5,,issue #9
0x4086d0,268,gpt-6,#9,matched,100.0,,issue #9
0x408830,229,gpt-6,#9,matched,100.0,,issue #9
0x409470,176,gpt-6,#9,matched,100.0,,issue #9
0x409520,166,deepseek-v4.1-flash,#10,matched,100.0,,issue #10
0x4095d0,346,deepseek-v4.1-flash,#10,matched,100.0,,issue #10
0x409dc0,208,deepseek-v4.1-flash,#10,matched,100.0,,issue #10
0x409f80,185,deepseek-v4.1-flash,#10,matched,100.0,,issue #10
0x40a040,185,deepseek-v4.1-flash,#10,matched,100.0,,issue #10
0x40a150,265,deepseek-v4.1-flash,#10,matched,100.0,,issue #10
0x40b0d0,229,deepseek-v4.1-flash,#11,matched,100.0,,issue #11
0x40b1c0,244,deepseek-v4.1-flash,#11,matched,100.0,,issue #11
0x40bdb0,244,deepseek-v4.1-flash,#11,matched,100.0,,issue #11
0x40beb0,302,deepseek-v4.1-flash,#11,partial,53.5,,issue #11
0x40d7b0,195,deepseek-v4.1-flash,#11,partial,67.5,,issue #11
0x40d900,191,deepseek-v4.1-flash,#11,partial,72.7,,issue #11
0x40df00,330,deepseek-v4.1-flash,#12,matched,100.0,,issue #12
0x40e050,270,deepseek-v4.1-flash,#12,partial,80.9,,issue #12
0x40e9e0,326,deepseek-v4.1-flash,#12,matched,100.0,,issue #12
0x40ef20,223,deepseek-v4.1-flash,#12,partial,74.1,,issue #12
0x40f060,172,deepseek-v4.1-flash,#12,matched,100.0,,issue #12
0x40f110,204,deepseek-v4.1-flash,#12,matched,100.0,,issue #12
0x419400,192,opus,#106,matched,100.0,,fixed on main with the #106 fix (was in #13)
0x4223e0,127,gpt-6,#13,partial,48.3,,"issue #13, escalated"
0x438650,161,gpt-6,#13,partial,87.6,,"issue #13, escalated"
0x485140,117,gpt-6,#13,partial,70.5,,"issue #13, escalated"
0x49c880,147,gpt-6,#13,partial,67.4,,"issue #13, escalated"
0x4ac970,161,gpt-6,#13,partial,78.0,,"issue #13, escalated"
0x4c0a90,118,gpt-6,#13,partial,85.7,,"issue #13, escalated"
0x4c1ab0,66,gpt-6,#13,partial,90.0,,"issue #13, escalated"
0x4d1820,333,gpt-6,#13,partial,96.2,,"issue #13, escalated"
0x4ddf00,158,gpt-6,#13,partial,85.4,,"issue #13, escalated"
0x415c10,395,deepseek-v4.1-flash,#15,matched,100.0,,issue #15
0x4168d0,253,deepseek-v4.1-flash,#15,matched,100.0,,issue #15
0x416bd0,284,deepseek-v4.1-flash,#15,matched,100.0,,issue #15
0x417330,175,deepseek-v4.1-flash,#15,matched,100.0,,issue #15
0x417600,347,deepseek-v4.1-flash,#15,matched,100.0,,issue #15
0x4177e0,171,deepseek-v4.1-flash,#15,matched,100.0,,issue #15
0x417c70,178,deepseek-v4.1-flash,#16,matched,100.0,,issue #16
0x417d30,199,deepseek-v4.1-flash,#16,matched,100.0,,issue #16
0x417e00,296,deepseek-v4.1-flash,#16,matched,100.0,,issue #16
0x4181d0,315,deepseek-v4.1-flash,#16,partial,62.3,,issue #16
0x418bb0,177,deepseek-v4.1-flash,#16,matched,100.0,,issue #16
0x418cd0,178,deepseek-v4.1-flash,#16,matched,100.0,,issue #16
0x418d90,178,deepseek-v4.1-flash,#17,matched,100.0,,issue #17
0x418e50,178,deepseek-v4.1-flash,#17,matched,100.0,,issue #17
0x418f10,178,deepseek-v4.1-flash,#17,matched,100.0,,issue #17
0x418fd0,178,deepseek-v4.1-flash,#17,matched,100.0,,issue #17
0x419340,192,deepseek-v4.1-flash,#17,partial,85.7,,issue #17
0x419670,341,deepseek-v4.1-flash,#17,partial,75.0,,issue #17
0x4197d0,368,deepseek-v4.1-flash,#18,matched,100.0,,issue #18
0x4199b0,260,deepseek-v4.1-flash,#18,matched,100.0,,issue #18
0x419b00,179,deepseek-v4.1-flash,#18,matched,100.0,,issue #18
0x41a920,213,deepseek-v4.1-flash,#18,matched,100.0,,issue #18
0x41b0f0,260,deepseek-v4.1-flash,#18,matched,100.0,,issue #18
0x41b8d0,388,deepseek-v4.1-flash,#18,matched,100.0,,issue #18
0x41bde0,299,deepseek-v4.1-flash,#19,partial,64.5,,issue #19
0x41bf10,325,deepseek-v4.1-flash,#19,matched,100.0,,issue #19
0x41c060,173,deepseek-v4.1-flash,#19,partial,50.0,,issue #19
0x41c180,300,deepseek-v4.1-flash,#19,matched,100.0,,issue #19
0x41c4c0,280,deepseek-v4.1-flash,#19,matched,100.0,,issue #19
0x41c6f0,200,deepseek-v4.1-flash,#19,matched,100.0,,issue #19
0x41c7c0,273,deepseek-v4.1-flash,#20,matched,100.0,,issue #20
0x41c8e0,294,deepseek-v4.1-flash,#20,matched,100.0,,issue #20
0x41cc60,177,deepseek-v4.1-flash,#20,matched,100.0,,issue #20
0x41cd50,315,deepseek-v4.1-flash,#20,partial,82.8,,issue #20
0x41d0f0,247,deepseek-v4.1-flash,#20,matched,100.0,,issue #20
0x41d1f0,179,deepseek-v4.1-flash,#20,matched,100.0,,issue #20
0x41d2b0,163,deepseek-v4.1-flash,#21,matched,100.0,,issue #21
0x41d6a0,271,deepseek-v4.1-flash,#21,matched,100.0,,issue #21
0x41d7b0,229,deepseek-v4.1-flash,#21,matched,100.0,,issue #21
0x41eb60,238,deepseek-v4.1-flash,#21,matched,100.0,,issue #21
0x420960,193,deepseek-v4.1-flash,#21,matched,100.0,,issue #21
0x420a30,194,deepseek-v4.1-flash,#21,matched,100.0,,issue #21
0x420e50,224,deepseek-v4.1-flash,#22,matched,100.0,,issue #22
0x421550,196,deepseek-v4.1-flash,#22,matched,100.0,,issue #22
0x421620,210,deepseek-v4.1-flash,#22,matched,100.0,,issue #22
0x421da0,178,deepseek-v4.1-flash,#22,matched,100.0,,issue #22
0x421f20,288,deepseek-v4.1-flash,#22,matched,100.0,,issue #22
0x422040,298,deepseek-v4.1-flash,#22,partial,73.6,,issue #22
0x422170,306,deepseek-v4.1-flash,#23,matched,100.0,,issue #23
0x4222e0,254,deepseek-v4.1-flash,#23,matched,100.0,,issue #23
0x423160,305,deepseek-v4.1-flash,#23,partial,65.9,,issue #23
0x4232f0,175,deepseek-v4.1-flash,#23,matched,100.0,,issue #23
0x423710,185,deepseek-v4.1-flash,#23,matched,100.0,,issue #23
0x4246b0,387,deepseek-v4.1-flash,#23,partial,93.8,,issue #23
0x425860,201,deepseek-v4.1-flash,#24,matched,100.0,,issue #24
0x4259b0,219,deepseek-v4.1-flash,#24,matched,100.0,,issue #24
0x425a90,196,deepseek-v4.1-flash,#24,matched,100.0,,issue #24
0x426780,289,deepseek-v4.1-flash,#24,matched,100.0,,issue #24
0x4268b0,275,deepseek-v4.1-flash,#24,matched,100.0,,issue #24
0x426d20,339,deepseek-v4.1-flash,#24,matched,100.0,,issue #24
0x428d10,378,space-bunny-free,#25,matched,100.0,,issue #25
0x428e90,164,space-bunny-free,#25,matched,100.0,,issue #25
0x429000,235,space-bunny-free,#25,matched,100.0,,issue #25
0x429330,310,space-bunny-free,#25,matched,100.0,,issue #25
0x429470,317,space-bunny-free,#25,matched,100.0,,issue #25
0x4295b0,168,space-bunny-free,#25,matched,100.0,,issue #25
0x429700,334,deepseek-v4.1-flash,#26,matched,100.0,,issue #26
0x42a010,204,deepseek-v4.1-flash,#26,matched,100.0,,issue #26
0x42a140,378,deepseek-v4.1-flash,#26,partial,86.8,,issue #26
0x42a440,295,deepseek-v4.1-flash,#26,matched,100.0,,issue #26
0x42bd40,225,deepseek-v4.1-flash,#26,matched,100.0,,issue #26
0x42be30,262,deepseek-v4.1-flash,#26,matched,100.0,,issue #26
0x42d1f0,239,space-bunny-free,#27,matched,100.0,,issue #27
0x42db90,351,space-bunny-free,#27,matched,100.0,,issue #27
0x42e310,289,space-bunny-free,#27,matched,100.0,,issue #27
0x42f3a0,167,space-bunny-free,#27,matched,100.0,,issue #27
0x42f450,297,space-bunny-free,#27,matched,100.0,,issue #27
0x42f7e0,215,space-bunny-free,#27,matched,100.0,,issue #27
0x431740,382,space-bunny-free,#28,matched,100.0,,issue #28
0x431950,199,space-bunny-free,#28,matched,100.0,,issue #28
0x432fb0,244,space-bunny-free,#28,matched,100.0,,issue #28
0x433130,312,space-bunny-free,#28,matched,100.0,,issue #28
0x433270,270,space-bunny-free,#28,matched,100.0,,issue #28 (names fixed in #187)
0x433380,377,space-bunny-free,#28,partial,42.0,,issue #28
0x4335f0,194,space-bunny-free,#29,partial,77.2,,issue #29
0x4344e0,220,space-bunny-free,#29,matched,100.0,,issue #29
0x4345e0,386,space-bunny-free,#29,matched,100.0,,issue #29
0x434ab0,212,space-bunny-free,#29,matched,100.0,,issue #29
0x434ff0,259,space-bunny-free,#29,matched,100.0,,issue #29
0x435760,394,space-bunny-free,#29,matched,100.0,,issue #29
0x435c60,196,deepseek-v4.1-flash,#30,matched,100.0,,issue #30 (callee declaration fixed at merge)
0x437840,207,deepseek-v4.1-flash,#30,matched,100.0,,issue #30
0x437a30,247,deepseek-v4.1-flash,#30,matched,100.0,,issue #30
0x438180,194,deepseek-v4.1-flash,#30,matched,100.0,,issue #30
0x438250,196,deepseek-v4.1-flash,#30,matched,100.0,,issue #30
0x438320,290,deepseek-v4.1-flash,#30,matched,100.0,,issue #30
0x4384a0,230,space-bunny-free,#31,matched,100.0,,issue #31
0x438760,198,space-bunny-free,#31,matched,100.0,,issue #31
0x438930,196,space-bunny-free,#31,matched,100.0,,issue #31
0x438a00,205,space-bunny-free,#31,matched,100.0,,issue #31
0x438ad0,191,space-bunny-free,#31,matched,100.0,,issue #31
0x4399f0,312,space-bunny-free,#31,partial,88.7,,issue #31
0x43a0c0,274,space-bunny-free,#32,partial,92.0,,issue #32
0x43a360,186,space-bunny-free,#32,matched,100.0,,issue #32
0x43b0b0,310,space-bunny-free,#32,matched,100.0,,issue #32
0x43c990,209,space-bunny-free,#32,matched,100.0,,issue #32
0x43ca70,163,space-bunny-free,#32,partial,85.5,,issue #32
0x43cc20,254,space-bunny-free,#32,matched,100.0,,issue #32
0x43d0d0,306,deepseek-v4.1-flash,#33,matched,100.0,,issue #33
0x43da70,216,deepseek-v4.1-flash,#33,matched,100.0,,issue #33
0x43db50,170,deepseek-v4.1-flash,#33,matched,100.0,,issue #33
0x43dc00,267,deepseek-v4.1-flash,#33,matched,100.0,,issue #33
0x43dd70,180,deepseek-v4.1-flash,#33,matched,100.0,,issue #33
0x43de30,180,deepseek-v4.1-flash,#33,matched,100.0,,issue #33
0x43def0,359,space-bunny-free,#34,partial,63.6,,issue #34
0x43e0b0,202,space-bunny-free,#34,matched,100.0,,issue #34
0x43e2e0,217,space-bunny-free,#34,matched,100.0,,issue #34
0x440340,222,space-bunny-free,#34,matched,100.0,,issue #34
0x440830,242,space-bunny-free,#34,partial,71.2,,issue #34
0x440940,189,space-bunny-free,#34,matched,100.0,,issue #34
0x401360,2239,opus,#35,partial,50.7,,issue #35
0x401e00,463,opus,#35,matched,100.0,,issue #35
0x4021f0,564,opus,#35,matched,100.0,,issue #35
0x402430,522,opus,#36,matched,100.0,,issue #36
0x402640,1328,opus,#36,matched,100.0,,issue #36
0x402b70,401,opus,#36,matched,100.0,,issue #36
0x402da0,537,gpt-6-astra,#37,partial,78.4,,issue #37
0x4034a0,1016,gpt-6-astra,#37,partial,79.4,,issue #37
0x403a20,1360,gpt-6-astra,#37,matched,100.0,,issue #37
0x403f70,768,gpt-6-astra,#38,matched,100.0,,issue #38
0x404270,1212,gpt-6-astra,#38,partial,83.4,,issue #38
0x404730,920,gpt-6-astra,#38,matched,100.0,,issue #38
0x404ad0,724,opus,#39,matched,100.0,,issue #39
0x404db0,1348,opus,#39,matched,100.0,,issue #39
0x405300,1080,opus,#39,matched,100.0,,issue #39
0x405740,574,gpt-6-astra,#40,matched,100.0,,issue #40
0x405980,1040,gpt-6-astra,#40,partial,64.1,,issue #40
0x405d90,578,gpt-6-astra,#40,matched,100.0,,issue #40
0x407d40,296,opus,#43,partial,77.5,,"issue #43, escalated"
0x402da0,537,opus,#52,partial,79.5,,"issue #52, escalated"
0x4034a0,1016,opus,#52,matched,100.0,,"issue #52, escalated"
0x406300,1152,gpt-6-astra,#53,partial,73.4,,issue #53
0x406900,408,gpt-6-astra,#53,matched,100.0,,issue #53
0x406f80,613,gpt-6-astra,#53,matched,100.0,,issue #53
0x407560,639,opus,#54,matched,100.0,,issue #54
0x407ae0,601,opus,#54,partial,82.7,,issue #54
0x407e90,500,opus,#54,partial,88.2,,issue #54
0x408100,1221,opus,#55,partial,75.1,,issue #55
0x4089a0,578,opus,#55,matched,100.0,,issue #55
0x408cb0,602,opus,#55,matched,100.0,,issue #55
0x408f30,546,opus,#56,partial,88.7,,issue #56
0x409160,783,opus,#56,matched,100.0,,issue #56 (names fixed in #88)
0x409730,1678,opus,#56,partial,88.1,,issue #56
0x40a260,834,opus,#57,matched,100.0,,issue #57 (names fixed in #88)
0x40a5d0,473,opus,#57,matched,100.0,,issue #57
0x40a7b0,644,opus,#57,partial,81.4,,issue #57
0x40aa40,725,gpt-6,#58,matched,100.0,,issue #58 (names fixed in #135)
0x40ad80,834,gpt-6,#58,matched,100.0,,issue #58 (names fixed in #135)
0x40b390,401,gpt-6,#58,matched,100.0,,issue #58
0x404270,1212,opus,#60,matched,100.0,,"issue #60, escalated"
0x405980,1040,opus,#63,partial,80.4,,"issue #63, escalated"
0x406300,1152,opus,#65,partial,85.3,,"issue #65, escalated"
0x4b6c30,101,opus,#72,partial,86.1,,"issue #72, escalated"
0x40b530,627,gpt-6,#77,matched,100.0,,issue #77
0x40b7b0,720,gpt-6,#77,matched,100.0,,issue #77
0x40bb00,686,gpt-6,#77,partial,92.4,,issue #77
0x40bfe0,535,gpt-6-astra,#78,matched,100.0,,issue #78
0x40c250,664,gpt-6-astra,#78,matched,100.0,,issue #78
0x40c600,494,gpt-6-astra,#78,matched,100.0,,issue #78
0x40c7f0,511,gpt-6-astra,#79,matched,100.0,,issue #79 (callee renamed at merge)
0x40ca50,467,gpt-6-astra,#79,matched,100.0,,issue #79
0x40cca0,781,gpt-6-astra,#79,partial,98.9,,issue #79
0x40d020,532,opus,#80,partial,57.0,,issue #80
0x40d290,477,opus,#80,partial,92.3,,issue #80
0x40da70,1167,opus,#80,partial,82.3,,issue #80
0x40e160,1224,opus,#81,matched,100.0,,issue #81
0x40e630,880,opus,#81,partial,85.6,,issue #81
0x40eb70,937,opus,#81,matched,100.0,,issue #81 (one name fixed at merge)
0x40f2a0,1260,opus,#82,matched,100.0,,issue #82
0x40f7d0,590,opus,#82,matched,100.0,,issue #82
0x40fa20,435,opus,#82,matched,100.0,,issue #82
0x4c9490,152,opus,#84,matched,100.0,,"issue #84, escalated"
0x4da3f0,130,opus,#84,matched,100.0,,"issue #84, escalated"
0x40beb0,302,opus,#90,matched,100.0,,"issue #90, escalated"
0x40d7b0,195,opus,#90,matched,100.0,,"issue #90, escalated"
0x40d900,191,opus,#90,partial,93.7,,"issue #90, escalated"
0x40fbe0,1976,gpt-6-astra,#95,partial,62.2,,issue #95
0x4103e0,1102,gpt-6-astra,#95,matched,100.0,,issue #95
0x410850,1051,gpt-6-astra,#95,partial,79.1,,issue #95
0x410c70,508,opus,#96,matched,100.0,,issue #96
0x410e70,824,opus,#96,partial,80.6,,issue #96
0x4111b0,932,opus,#96,matched,100.0,,issue #96
0x411560,728,opus,#97,matched,100.0,,issue #97
0x4118e0,1636,opus,#97,matched,100.0,,issue #97
0x411f50,1980,opus,#97,partial,84.1,,issue #97
0x412710,1572,opus,#98,partial,82.2,,issue #98
0x412d40,1838,opus,#98,matched,100.0,,issue #98
0x413470,1864,opus,#98,partial,85.2,,issue #98
0x40e050,270,opus,#99,matched,100.0,,"issue #99, escalated"
0x40ef20,223,opus,#99,matched,100.0,,"issue #99, escalated"
0x4181d0,315,opus,#103,partial,62.3,,"issue #103, escalated"
0x419340,192,opus,#106,matched,100.0,,"issue #106, escalated"
0x419670,341,opus,#106,matched,100.0,,"issue #106, escalated"
0x417f60,617,opus,#111,matched,100.0,,"issue #111, escalated"
0x4181d0,315,opus,#111,matched,100.0,,"issue #111, escalated"
0x41bde0,299,opus,#113,matched,100.0,,"issue #113, escalated"
0x41c060,173,opus,#113,matched,100.0,,"issue #113, escalated"
0x41cd50,315,opus,#118,matched,100.0,,"issue #118, escalated"
0x440af0,225,space-bunny-free,#123,matched,100.0,,issue #123
0x4421f0,398,space-bunny-free,#123,matched,100.0,,issue #123
0x442560,384,space-bunny-free,#123,matched,100.0,,issue #123
0x4426e0,182,space-bunny-free,#123,matched,100.0,,issue #123
0x4427a0,322,space-bunny-free,#123,matched,100.0,,issue #123
0x442970,185,space-bunny-free,#123,matched,100.0,,issue #123
0x443480,261,deepseek-v4.1-flash,#124,matched,100.0,,issue #124
0x4435a0,316,deepseek-v4.1-flash,#124,matched,100.0,,issue #124
0x4436e0,223,deepseek-v4.1-flash,#124,matched,100.0,,issue #124
0x4444d0,173,deepseek-v4.1-flash,#124,matched,100.0,,issue #124
0x444930,229,deepseek-v4.1-flash,#124,matched,100.0,,issue #124
0x444a20,372,deepseek-v4.1-flash,#124,matched,100.0,,issue #124
0x4453a0,176,space-bunny-free,#125,matched,100.0,,issue #125
0x445450,341,space-bunny-free,#125,partial,91.5,,issue #125
0x445b70,249,space-bunny-free,#125,matched,100.0,,issue #125
0x445c70,227,space-bunny-free,#125,matched,100.0,,issue #125
0x445d60,187,space-bunny-free,#125,matched,100.0,,issue #125
0x445ed0,324,space-bunny-free,#125,matched,100.0,,issue #125
0x446080,324,deepseek-v4.1-flash,#126,matched,100.0,,issue #126
0x4461d0,311,deepseek-v4.1-flash,#126,matched,100.0,,issue #126
0x446310,319,deepseek-v4.1-flash,#126,matched,100.0,,issue #126
0x4466b0,262,deepseek-v4.1-flash,#126,matched,100.0,,issue #126
0x4467f0,204,deepseek-v4.1-flash,#126,matched,100.0,,issue #126
0x446e90,177,deepseek-v4.1-flash,#126,matched,100.0,,issue #126
0x44b020,219,deepseek-v4.1-flash,#127,matched,100.0,,issue #127
0x44b140,226,deepseek-v4.1-flash,#127,matched,100.0,,issue #127
0x44b230,244,deepseek-v4.1-flash,#127,matched,100.0,,issue #127
0x44b3c0,281,deepseek-v4.1-flash,#127,matched,100.0,,issue #127
0x44b4e0,279,deepseek-v4.1-flash,#127,matched,100.0,,issue #127
0x44be70,351,deepseek-v4.1-flash,#127,matched,100.0,,issue #127
0x44bfd0,249,deepseek-v4.1-flash,#128,partial,82.1,,issue #128
0x44c0d0,335,deepseek-v4.1-flash,#128,partial,49.7,,issue #128
0x44c220,333,deepseek-v4.1-flash,#128,matched,100.0,,issue #128
0x44c370,166,deepseek-v4.1-flash,#128,matched,100.0,,issue #128
0x44dd00,182,deepseek-v4.1-flash,#128,matched,100.0,,issue #128
0x44ddc0,189,deepseek-v4.1-flash,#128,matched,100.0,,issue #128
0x413bc0,441,gpt-6-astra,#129,matched,100.0,,issue #129
0x413d80,1480,gpt-6-astra,#129,matched,100.0,,issue #129
0x414380,1000,gpt-6-astra,#129,partial,91.3,,issue #129
0x414770,784,opus,#130,matched,100.0,,issue #130
0x414a80,997,opus,#130,matched,100.0,,issue #130
0x414e70,988,opus,#130,matched,100.0,,issue #130
0x4152f0,1504,opus,#131,partial,74.9,,issue #131
0x4158d0,578,opus,#131,matched,100.0,,issue #131
0x415fa0,426,opus,#131,matched,100.0,,issue #131
0x44de80,226,deepseek-v4.1-flash,#136,matched,100.0,,issue #136
0x44dfb0,206,deepseek-v4.1-flash,#136,matched,100.0,,issue #136
0x44e080,258,deepseek-v4.1-flash,#136,matched,100.0,,issue #136
0x44e190,183,deepseek-v4.1-flash,#136,matched,100.0,,issue #136
0x44e3c0,355,deepseek-v4.1-flash,#136,matched,100.0,,issue #136
0x44e5b0,251,deepseek-v4.1-flash,#136,matched,100.0,,issue #136
0x44e7d0,170,space-bunny-free,#137,matched,100.0,,issue #137
0x44e880,163,space-bunny-free,#137,matched,100.0,,issue #137
0x44ea60,217,space-bunny-free,#137,matched,100.0,,issue #137
0x44f1a0,185,space-bunny-free,#137,matched,100.0,,issue #137
0x44f4a0,196,space-bunny-free,#137,matched,100.0,,issue #137
0x44fc10,300,space-bunny-free,#137,matched,100.0,,issue #137
0x44fed0,243,deepseek-v4.1-flash,#138,matched,100.0,,issue #138
0x450140,252,deepseek-v4.1-flash,#138,matched,100.0,,issue #138
0x450240,305,deepseek-v4.1-flash,#138,partial,19.9,,issue #138
0x450380,359,deepseek-v4.1-flash,#138,matched,100.0,,issue #138
0x450e20,360,deepseek-v4.1-flash,#138,matched,100.0,,issue #138
0x451090,236,deepseek-v4.1-flash,#138,matched,100.0,,issue #138
0x451640,300,deepseek-v4.1-flash,#139,matched,100.0,,issue #139
0x4523e0,385,deepseek-v4.1-flash,#139,partial,51.0,,issue #139
0x452570,330,deepseek-v4.1-flash,#139,matched,100.0,,issue #139
0x4526c0,307,deepseek-v4.1-flash,#139,partial,72.6,,issue #139
0x452800,350,deepseek-v4.1-flash,#139,partial,94.5,,issue #139
0x453360,380,deepseek-v4.1-flash,#139,partial,54.4,,issue #139
0x4534e0,349,deepseek-v4.1-flash,#140,partial,99.0,,issue #140
0x4538f0,338,deepseek-v4.1-flash,#140,no file,0,,issue #140
0x453c20,273,deepseek-v4.1-flash,#140,partial,68.9,,issue #140
0x456760,225,deepseek-v4.1-flash,#140,partial,49.4,,issue #140
0x456de0,243,deepseek-v4.1-flash,#140,partial,47.8,,issue #140
0x456ee0,368,deepseek-v4.1-flash,#140,matched,100.0,,issue #140
0x457050,368,space-bunny-free,#141,matched,100.0,,issue #141
0x4572a0,293,space-bunny-free,#141,partial,35.7,,issue #141
0x4573d0,358,space-bunny-free,#141,matched,100.0,,issue #141
0x4578f0,340,space-bunny-free,#141,matched,100.0,,issue #141
0x458310,281,space-bunny-free,#141,matched,100.0,,issue #141
0x4586a0,267,space-bunny-free,#141,matched,100.0,,issue #141
0x45a510,254,space-bunny-free,#142,matched,100.0,,issue #142
0x45a610,379,space-bunny-free,#142,partial,94.5,,issue #142
0x45a790,307,space-bunny-free,#142,matched,100.0,,issue #142
0x45a950,322,space-bunny-free,#142,matched,100.0,,issue #142
0x45ab10,260,space-bunny-free,#142,partial,84.3,,issue #142
0x45aec0,202,space-bunny-free,#142,matched,100.0,,issue #142
0x45b0a0,174,space-bunny-free,#143,matched,100.0,,issue #143
0x45b150,242,space-bunny-free,#143,matched,100.0,,issue #143
0x45bb00,228,space-bunny-free,#143,matched,100.0,,issue #143
0x45bbf0,194,space-bunny-free,#143,matched,100.0,,issue #143
0x45bd20,179,space-bunny-free,#143,matched,100.0,,issue #143
0x45bde0,179,space-bunny-free,#143,matched,100.0,,issue #143
0x422040,298,opus,#146,matched,100.0,,"issue #146, escalated"
0x43def0,359,space-bunny-free,#154,partial,63.6,,"issue #154, escalated"
0x440830,242,space-bunny-free,#154,matched,100.0,,"issue #154, escalated"
0x4399f0,312,space-bunny-free,#158,partial,94.8,,"issue #158, escalated"
0x42a140,378,opus,#160,matched,100.0,,"issue #160, escalated"
0x423160,305,opus,#161,matched,100.0,,"issue #161, escalated"
0x4246b0,387,opus,#161,matched,100.0,,"issue #161, escalated"
0x45c070,251,space-bunny-free,#164,matched,100.0,,issue #164
0x45c170,173,space-bunny-free,#164,matched,100.0,,issue #164
0x45c220,268,space-bunny-free,#164,matched,100.0,,issue #164
0x45c3f0,274,space-bunny-free,#164,matched,100.0,,issue #164
0x45c570,187,space-bunny-free,#164,matched,100.0,,issue #164
0x45c740,214,space-bunny-free,#164,matched,100.0,,issue #164
0x45c820,302,deepseek-v4.1-flash,#165,matched,100.0,,issue #165
0x45c950,246,deepseek-v4.1-flash,#165,matched,100.0,,issue #165
0x45cae0,353,deepseek-v4.1-flash,#165,matched,100.0,,issue #165
0x45cc50,399,deepseek-v4.1-flash,#165,matched,100.0,,issue #165
0x45ce80,224,deepseek-v4.1-flash,#165,matched,100.0,,issue #165
0x45cfc0,244,deepseek-v4.1-flash,#165,matched,100.0,,issue #165
0x45d130,326,space-bunny-free,#166,partial,94.4,,issue #166
0x45d9d0,177,space-bunny-free,#166,matched,100.0,,issue #166
0x45e4c0,287,space-bunny-free,#166,matched,100.0,,issue #166
0x45f800,185,space-bunny-free,#166,matched,100.0,,issue #166
0x460340,349,space-bunny-free,#166,matched,100.0,,issue #166
0x4604a0,286,space-bunny-free,#166,matched,100.0,,issue #166
0x460680,370,deepseek-v4.1-flash,#167,matched,100.0,,issue #167
0x460800,168,deepseek-v4.1-flash,#167,matched,100.0,,issue #167
0x4608b0,233,deepseek-v4.1-flash,#167,matched,100.0,,issue #167
0x460cc0,345,deepseek-v4.1-flash,#167,matched,100.0,,issue #167
0x460e20,281,deepseek-v4.1-flash,#167,partial,69.0,,issue #167
0x460f60,184,deepseek-v4.1-flash,#167,matched,100.0,,issue #167
0x461020,333,space-bunny-free,#169,partial,86.6,,issue #169
0x4611e0,352,space-bunny-free,#169,partial,70.4,,issue #169
0x461340,209,space-bunny-free,#169,matched,100.0,,issue #169
0x461420,186,space-bunny-free,#169,matched,100.0,,issue #169
0x4614e0,260,space-bunny-free,#169,matched,100.0,,issue #169
0x461630,281,space-bunny-free,#169,matched,100.0,,issue #169
0x461750,208,deepseek-v4.1-flash,#171,partial,86.5,,issue #171
0x461b10,272,deepseek-v4.1-flash,#171,partial,65.7,,issue #171
0x461c20,310,deepseek-v4.1-flash,#171,partial,88.7,,issue #171
0x462710,324,deepseek-v4.1-flash,#171,matched,100.0,,issue #171
0x4628d0,219,deepseek-v4.1-flash,#171,partial,95.3,,issue #171
0x462ae0,233,deepseek-v4.1-flash,#171,matched,100.0,,issue #171
0x462c00,188,space-bunny-free,#172,matched,100.0,,issue #172
0x462d90,314,space-bunny-free,#172,matched,100.0,,issue #172
0x4648e0,174,space-bunny-free,#172,matched,100.0,,issue #172
0x464a00,162,space-bunny-free,#172,matched,100.0,,issue #172
0x464b30,301,space-bunny-free,#172,matched,100.0,,issue #172
0x464c60,305,space-bunny-free,#172,matched,100.0,,issue #172
0x464e70,263,space-bunny-free,#173,matched,100.0,,issue #173
0x465e30,371,space-bunny-free,#173,partial,79.6,,issue #173
0x4669b0,227,space-bunny-free,#173,matched,100.0,,issue #173
0x466b70,165,space-bunny-free,#173,partial,75.0,,issue #173
0x467840,272,space-bunny-free,#173,matched,100.0,,issue #173
0x467a50,259,space-bunny-free,#173,matched,100.0,,issue #173
0x416e90,410,gpt-6-astra,#174,matched,100.0,,issue #174
0x417890,460,gpt-6-astra,#174,matched,100.0,,issue #174
0x418310,2203,gpt-6-astra,#174,partial,36.8,,issue #174
0x419090,683,opus,#175,matched,100.0,,issue #175
0x419be0,1329,opus,#175,partial,60.5,,issue #175
0x41a120,880,opus,#175,matched,100.0,,issue #175
0x41a490,1168,opus,#176,matched,100.0,,issue #176
0x41aa00,646,opus,#176,matched,100.0,,issue #176
0x41ace0,1030,opus,#176,partial,82.6,,issue #176
0x4335f0,194,deepseek-v4.1-flash,#180,matched,100.0,,"issue #180, escalated"
0x433380,377,deepseek-v4.1-flash,#186,partial,54.5,,"issue #186, escalated"
0x43a0c0,274,space-bunny-free,#189,partial,98.9,,"issue #189, escalated"
0x43ca70,163,space-bunny-free,#189,matched,100.0,,"issue #189, escalated"
0x445450,341,deepseek-v4.1-flash,#194,matched,100.0,,"issue #194, escalated"
0x450240,305,opus,#195,partial,19.9,,"issue #195, escalated"
0x44bfd0,249,opus,#197,matched,100.0,,"issue #197, escalated"
0x44c0d0,335,opus,#197,partial,77.0,,"issue #197, escalated"
0x467c00,175,deepseek-v4.1-flash,#198,matched,100.0,,issue #198
0x467cb0,192,,#198,not reached,,,issue #198 (session stopped)
0x467d70,218,,#198,not reached,,,issue #198 (session stopped)
0x46a430,256,,#198,not reached,,,issue #198 (session stopped)
0x46a530,216,,#198,not reached,,,issue #198 (session stopped)
0x46b900,196,,#198,not reached,,,issue #198 (session stopped)
0x46b9d0,165,deepseek-v4.1-flash,#199,matched,100.0,,issue #199
0x46bae0,380,,#199,not reached,,,issue #199 (session stopped)
0x46c190,259,,#199,not reached,,,issue #199 (session stopped)
0x46c920,317,,#199,not reached,,,issue #199 (session stopped)
0x46ca60,381,,#199,not reached,,,issue #199 (session stopped)
0x46cef0,325,,#199,not reached,,,issue #199 (session stopped)
0x46d040,342,space-bunny-free,#200,partial,85.3,,issue #200
0x46d1a0,312,space-bunny-free,#200,partial,85.0,,issue #200
0x46d860,259,space-bunny-free,#200,partial,73.4,,issue #200
0x46d970,351,space-bunny-free,#200,matched,100.0,,issue #200
0x46e000,166,space-bunny-free,#200,matched,100.0,,issue #200
0x46e0b0,163,space-bunny-free,#200,matched,100.0,,issue #200
0x46e160,276,deepseek-v4.1-flash,#201,matched,100.0,,issue #201
0x46e280,173,deepseek-v4.1-flash,#201,matched,100.0,,issue #201
0x46e890,276,deepseek-v4.1-flash,#201,partial,100.0,,issue #201
0x46eaa0,189,deepseek-v4.1-flash,#201,partial,52.3,,issue #201
0x471340,239,deepseek-v4.1-flash,#201,matched,100.0,,issue #201
0x471470,239,deepseek-v4.1-flash,#201,matched,100.0,,issue #201
0x4715a0,244,space-bunny-free,#202,matched,100.0,,issue #202
0x4716e0,249,space-bunny-free,#202,matched,100.0,,issue #202
0x471de0,195,space-bunny-free,#202,partial,68.5,,issue #202
0x471fd0,248,space-bunny-free,#202,matched,100.0,,issue #202
0x4720d0,297,space-bunny-free,#202,matched,100.0,,issue #202
0x472200,297,space-bunny-free,#202,matched,100.0,,issue #202
0x472330,253,space-bunny-free,#203,matched,100.0,,issue #203
0x472430,252,space-bunny-free,#203,matched,100.0,,issue #203
0x472530,251,space-bunny-free,#203,matched,100.0,,issue #203
0x472630,230,space-bunny-free,#203,no file,0,,issue #203
0x472720,230,space-bunny-free,#203,no file,0,,issue #203
0x472810,224,space-bunny-free,#203,no file,0,,issue #203
0x4728f0,224,space-bunny-free,#204,no file,0,,issue #204
0x4729d0,224,space-bunny-free,#204,no file,0,,issue #204
0x472c50,223,space-bunny-free,#204,no file,0,,issue #204
0x472d50,163,space-bunny-free,#204,matched,100.0,,issue #204
0x472eb0,163,space-bunny-free,#204,matched,100.0,,issue #204
0x473010,163,space-bunny-free,#204,matched,100.0,,issue #204
0x473170,163,space-bunny-free,#205,matched,100.0,,issue #205
0x473590,301,space-bunny-free,#205,no file,0,,issue #205
0x4736e0,212,space-bunny-free,#205,matched,100.0,,issue #205
0x473a00,300,space-bunny-free,#205,partial,61.5,,issue #205
0x474170,301,space-bunny-free,#205,no file,0,,issue #205
0x4742c0,220,space-bunny-free,#205,matched,100.0,,issue #205
0x4745e0,306,space-bunny-free,#206,no file,0,,issue #206
0x474760,284,space-bunny-free,#206,matched,100.0,,issue #206
0x474b80,303,space-bunny-free,#206,no file,0,,issue #206
0x474df0,395,space-bunny-free,#206,matched,100.0,,issue #206
0x4751c0,367,space-bunny-free,#206,matched,100.0,,issue #206
0x475340,248,space-bunny-free,#206,matched,100.0,,issue #206
0x475470,398,space-bunny-free,#207,partial,35.7,,issue #207
0x475600,248,space-bunny-free,#207,matched,100.0,,issue #207
0x475770,208,space-bunny-free,#207,partial,77.6,,issue #207
0x476830,229,space-bunny-free,#207,matched,100.0,,issue #207
0x476920,196,space-bunny-free,#207,matched,100.0,,issue #207
0x476cd0,169,space-bunny-free,#207,matched,100.0,,issue #207
0x41b2e0,1512,opus,#208,partial,41.3,,issue #208
0x41ba60,624,opus,#208,matched,100.0,,issue #208
0x41ca10,587,opus,#208,matched,100.0,,issue #208
0x41ce90,602,opus,#209,matched,100.0,,issue #209
0x41d4c0,471,opus,#209,matched,100.0,,issue #209
0x41da60,435,opus,#209,matched,100.0,,issue #209
0x41dfc0,633,opus,#210,matched,100.0,,issue #210
0x41e270,430,opus,#210,matched,100.0,,issue #210
0x41e420,1544,opus,#210,matched,100.0,,issue #210
0x41ec50,1008,opus,#211,matched,100.0,,issue #211
0x41f0a0,852,opus,#211,matched,100.0,,issue #211
0x41f400,439,opus,#211,matched,100.0,,issue #211
0x4340f0,622,opus,#216,matched,100.0,,issue #216
0x434770,586,opus,#216,matched,100.0,,issue #216
0x45a610,379,space-bunny-free,#221,partial,100.0,,"issue #221, escalated"
0x45ab10,260,space-bunny-free,#221,partial,86.5,,"issue #221, escalated"
0x43def0,359,opus,#223,partial,94.2,,"issue #223, escalated"
0x460e20,281,opus,#225,matched,100.0,,"issue #225, escalated (0x401000 renamed at merge)"
0x4523e0,385,opus,#228,matched,100.0,,"issue #228, escalated"
0x4526c0,307,opus,#228,matched,100.0,,"issue #228, escalated"
0x452800,350,opus,#228,matched,100.0,,"issue #228, escalated"
0x453360,380,opus,#228,partial,54.4,,"issue #228, escalated"
0x475470,398,space-bunny-free,#232,partial,42.4,,"issue #232, escalated"
0x475770,208,space-bunny-free,#232,matched,100.0,,"issue #232, escalated"
0x461750,208,opus,#239,partial,98.6,,"issue #239, escalated"
0x461b10,272,opus,#239,partial,84.5,,"issue #239, escalated"
0x461c20,310,opus,#239,matched,100.0,,"issue #239, escalated"
0x4628d0,219,opus,#239,partial,96.6,,"issue #239, escalated"
0x461020,333,space-bunny-free,#240,matched,100.0,,"issue #240, escalated"
0x4611e0,352,space-bunny-free,#240,matched,100.0,,"issue #240, escalated"
0x467cb0,192,space-bunny-free,#246,matched,100.0,,issue #246
0x467d70,218,space-bunny-free,#246,partial,95.7,,issue #246
0x46a430,256,space-bunny-free,#246,matched,100.0,,issue #246
0x46a530,216,space-bunny-free,#246,matched,100.0,,issue #246
0x46b900,196,space-bunny-free,#246,partial,59.7,,issue #246
0x46bae0,380,space-bunny-free,#247,no file,0,,issue #247
0x46c190,259,space-bunny-free,#247,matched,100.0,,issue #247
0x46c920,317,space-bunny-free,#247,partial,94.2,,issue #247
0x46ca60,381,space-bunny-free,#247,partial,95.1,,issue #247
0x46cef0,325,space-bunny-free,#247,matched,100.0,,issue #247
0x433380,377,opus,#248,matched,100.0,,"issue #248, escalated"
0x46e890,276,opus,#249,matched,100.0,,"issue #249, escalated (overload alias added at merge)"
0x46eaa0,189,opus,#249,matched,100.0,,"issue #249, escalated"
0x45d130,326,space-bunny-free,#250,matched,100.0,,"issue #250, escalated"
0x4572a0,293,space-bunny-free,#252,matched,100.0,,"issue #252, escalated"
0x476d80,260,space-bunny-free,#253,matched,100.0,,issue #253
0x477360,174,space-bunny-free,#253,matched,100.0,,issue #253
0x477410,188,space-bunny-free,#253,matched,100.0,,issue #253
0x4779e0,200,space-bunny-free,#253,matched,100.0,,issue #253
0x478b40,364,space-bunny-free,#253,matched,100.0,,issue #253
0x479660,249,space-bunny-free,#253,matched,100.0,,issue #253
0x47a760,372,space-bunny-free,#254,no file,0,,issue #254
0x47a910,390,space-bunny-free,#254,matched,100.0,,issue #254
0x47acd0,346,space-bunny-free,#254,matched,100.0,,issue #254
0x47bdf0,304,space-bunny-free,#254,partial,88.9,,issue #254
0x47c150,214,space-bunny-free,#254,matched,100.0,,issue #254
0x47c3a0,294,space-bunny-free,#254,matched,100.0,,issue #254
0x47c530,398,space-bunny-free,#255,partial,77.5,,issue #255
0x47c6c0,176,space-bunny-free,#255,matched,100.0,,issue #255
0x47d820,333,space-bunny-free,#255,partial,63.6,,issue #255
0x47d970,322,space-bunny-free,#255,no file,0,,issue #255
0x47de60,342,space-bunny-free,#255,no file,0,,issue #255
0x47e1f0,224,space-bunny-free,#255,matched,100.0,,issue #255
0x47e5c0,386,space-bunny-free,#256,partial,64.2,,issue #256
0x47ed40,236,space-bunny-free,#256,matched,100.0,,issue #256
0x47ee30,171,space-bunny-free,#256,partial,65.0,,issue #256
0x47eee0,224,space-bunny-free,#256,partial,86.2,,issue #256
0x47f0c0,213,space-bunny-free,#256,matched,100.0,,issue #256
0x47f680,196,space-bunny-free,#256,matched,100.0,,issue #256
0x47fca0,194,space-bunny-free,#257,partial,100.0,,issue #257
0x4805b0,366,space-bunny-free,#257,no file,0,,issue #257
0x480b20,268,space-bunny-free,#257,partial,65.6,,issue #257
0x4815f0,166,space-bunny-free,#257,matched,100.0,,issue #257
0x482130,318,space-bunny-free,#257,partial,63.7,,issue #257
0x482830,221,space-bunny-free,#257,partial,87.3,,issue #257
0x482ac0,342,space-bunny-free,#258,matched,100.0,,issue #258
0x483210,347,space-bunny-free,#258,no file,0,,issue #258
0x484b50,391,space-bunny-free,#258,partial,65.9,,issue #258
0x484e80,194,space-bunny-free,#258,matched,100.0,,issue #258
0x485070,208,space-bunny-free,#258,partial,64.6,,issue #258
0x4851c0,354,space-bunny-free,#258,no file,0,,issue #258
0x485980,178,space-bunny-free,#259,matched,100.0,,issue #259
0x485d40,233,space-bunny-free,#259,matched,100.0,,issue #259
0x485e90,186,space-bunny-free,#259,matched,100.0,,issue #259
0x4861d0,395,space-bunny-free,#259,no file,0,,issue #259
0x486f10,185,space-bunny-free,#259,matched,100.0,,issue #259
0x486fd0,162,space-bunny-free,#259,matched,100.0,,issue #259
0x487af0,241,space-bunny-free,#260,matched,100.0,,issue #260
0x488810,263,space-bunny-free,#260,matched,100.0,,issue #260
0x488a50,191,space-bunny-free,#260,matched,100.0,,issue #260
0x488b10,203,space-bunny-free,#260,matched,100.0,,issue #260
0x488c50,217,space-bunny-free,#260,matched,100.0,,issue #260
0x488d30,309,space-bunny-free,#260,matched,100.0,,issue #260
0x465e30,371,space-bunny-free,#264,partial,79.6,,"issue #264, escalated"
0x466b70,165,space-bunny-free,#264,partial,75.0,,"issue #264, escalated"
0x4399f0,312,opus,#267,matched,100.0,,"issue #267, escalated"
0x41f7f0,3580,gpt-6,#271,matched,100.0,,issue #271
0x420620,766,gpt-6,#271,matched,100.0,,issue #271
0x420b00,420,gpt-6,#271,partial,58.2,,issue #271
0x420f30,536,,#272,assigned,,,issue #272
0x4211d0,469,,#272,assigned,,,issue #272
0x4213b0,409,,#272,assigned,,,issue #272
0x421700,1692,opus,#273,partial,68.8,,issue #273
0x4224b0,2324,opus,#273,matched,100.0,,issue #273
0x422ea0,704,opus,#273,matched,100.0,,issue #273
0x4233a0,422,opus,#274,matched,100.0,,issue #274
0x423550,433,opus,#274,matched,100.0,,issue #274
0x4237d0,488,opus,#274,matched,100.0,,issue #274
0x4239c0,559,opus,#275,matched,100.0,,issue #275
0x423c50,1012,opus,#275,matched,100.0,,issue #275
0x424050,1117,opus,#275,matched,100.0,,issue #275
0x4244b0,505,opus,#276,matched,100.0,,issue #276
0x424890,874,opus,#276,partial,91.9,,issue #276
0x424c00,1496,opus,#276,partial,69.2,,issue #276
0x488e70,188,space-bunny-free,#277,matched,100.0,,issue #277
0x489800,162,space-bunny-free,#277,matched,100.0,,issue #277
0x4898b0,162,space-bunny-free,#277,matched,100.0,,issue #277
0x4899b0,186,space-bunny-free,#277,matched,100.0,,issue #277
0x489a90,275,space-bunny-free,#277,matched,100.0,,issue #277
0x489bb0,299,space-bunny-free,#277,matched,100.0,,issue #277
0x489fa0,186,space-bunny-free,#278,matched,100.0,,issue #278
0x48a870,261,space-bunny-free,#278,no file,0,,issue #278
0x48a9f0,206,space-bunny-free,#278,no file,0,,issue #278
0x48b090,367,space-bunny-free,#278,no file,0,,issue #278
0x48bd50,169,space-bunny-free,#278,matched,100.0,,issue #278
0x48be00,290,space-bunny-free,#278,no file,0,,issue #278
0x48bf30,241,space-bunny-free,#279,no file,0,,issue #279
0x48c030,275,space-bunny-free,#279,no file,0,,issue #279
0x48c190,386,space-bunny-free,#279,no file,0,,issue #279
0x48c6a0,331,space-bunny-free,#279,no file,0,,issue #279
0x48cc30,323,space-bunny-free,#279,no file,0,,issue #279
0x48d420,175,space-bunny-free,#279,matched,100.0,,issue #279
0x48d4d0,348,space-bunny-free,#280,no file,0,,issue #280
0x48d630,348,space-bunny-free,#280,no file,0,,issue #280
0x48d790,388,space-bunny-free,#280,no file,0,,issue #280
0x48dc30,215,space-bunny-free,#280,matched,100.0,,issue #280
0x48dd10,170,space-bunny-free,#280,no file,0,,issue #280
0x48f9d0,217,space-bunny-free,#280,no file,0,,issue #280
0x490080,378,space-bunny-free,#281,partial,99.1,,issue #281
0x490230,301,space-bunny-free,#281,partial,99.2,,issue #281
0x490360,334,space-bunny-free,#281,matched,100.0,,issue #281
0x490690,326,space-bunny-free,#281,matched,100.0,,issue #281
0x490b30,260,space-bunny-free,#281,matched,100.0,,issue #281
0x490c40,338,space-bunny-free,#281,matched,100.0,,issue #281
0x490df0,239,deepseek-v4.1-flash,#282,matched,100.0,,issue #282
0x4916a0,294,deepseek-v4.1-flash,#282,matched,100.0,,issue #282
0x491a70,238,deepseek-v4.1-flash,#282,matched,100.0,,issue #282
0x491b60,250,deepseek-v4.1-flash,#282,matched,100.0,,issue #282
0x491cc0,175,deepseek-v4.1-flash,#282,matched,100.0,,issue #282
0x493060,363,deepseek-v4.1-flash,#282,matched,100.0,,issue #282
0x4931d0,361,deepseek-v4.1-flash,#283,matched,100.0,,issue #283
0x4933e0,205,deepseek-v4.1-flash,#283,partial,98.5,,issue #283
0x493ae0,264,deepseek-v4.1-flash,#283,matched,100.0,,issue #283
0x494740,250,deepseek-v4.1-flash,#283,matched,100.0,,issue #283
0x494e70,371,deepseek-v4.1-flash,#283,partial,78.9,,issue #283
0x495930,256,deepseek-v4.1-flash,#283,matched,100.0,,issue #283
0x496a60,175,deepseek-v4.1-flash,#284,matched,100.0,,issue #284
0x496bb0,298,deepseek-v4.1-flash,#284,partial,84.1,,issue #284
0x496ce0,207,deepseek-v4.1-flash,#284,partial,79.2,,issue #284
0x497080,248,deepseek-v4.1-flash,#284,partial,44.0,,issue #284
0x498f70,395,deepseek-v4.1-flash,#284,matched,100.0,,issue #284
0x499100,254,deepseek-v4.1-flash,#284,matched,100.0,,issue #284
0x499ab0,230,deepseek-v4.1-flash,#285,matched,100.0,,issue #285
0x499cd0,376,deepseek-v4.1-flash,#285,matched,100.0,,issue #285
0x49aa80,301,deepseek-v4.1-flash,#285,partial,61.8,,issue #285
0x49ae20,356,deepseek-v4.1-flash,#285,matched,100.0,,issue #285
0x49b3e0,317,deepseek-v4.1-flash,#285,matched,100.0,,issue #285
0x49b520,347,deepseek-v4.1-flash,#285,partial,74.7,,issue #285
0x49c740,306,space-bunny-free,#286,matched,100.0,,issue #286
0x49d000,188,space-bunny-free,#286,matched,100.0,,issue #286
0x49d120,182,space-bunny-free,#286,matched,100.0,,issue #286
0x49d910,164,space-bunny-free,#286,matched,100.0,,issue #286
0x49df10,249,space-bunny-free,#286,matched,100.0,,issue #286
0x49e070,293,space-bunny-free,#286,partial,79.4,,issue #286
0x49e700,291,space-bunny-free,#287,matched,100.0,,issue #287
0x4a0090,230,space-bunny-free,#287,matched,100.0,,issue #287
0x4a0340,170,space-bunny-free,#287,matched,100.0,,issue #287
0x4a03f0,247,space-bunny-free,#287,matched,100.0,,issue #287
0x4a07d0,164,space-bunny-free,#287,matched,100.0,,issue #287
0x4a08f0,207,space-bunny-free,#287,matched,100.0,,issue #287
0x4a0d00,241,space-bunny-free,#288,matched,100.0,,issue #288
0x4a0e00,299,space-bunny-free,#288,partial,88.9,,issue #288
0x4a1110,164,space-bunny-free,#288,matched,100.0,,issue #288
0x4a12e0,368,space-bunny-free,#288,matched,100.0,,issue #288
0x4a16f0,285,space-bunny-free,#288,matched,100.0,,issue #288
0x4a1810,164,space-bunny-free,#288,matched,100.0,,issue #288
0x43a0c0,274,opus,#294,matched,100.0,,"issue #294, escalated"
0x4534e0,349,opus,#295,partial,99.0,,"issue #295, escalated"
0x4538f0,338,opus,#295,matched,100.0,,"issue #295, escalated"
0x453c20,273,opus,#295,matched,100.0,,"issue #295, escalated"
0x456760,225,opus,#295,matched,100.0,,"issue #295, escalated"
0x456de0,243,opus,#295,partial,73.2,,"issue #295, escalated"
0x4861d0,395,space-bunny-free,#307,partial,62.9,,"issue #307, escalated"
0x4745e0,306,space-bunny-free,#311,partial,66.3,,"issue #311, escalated"
0x474b80,303,space-bunny-free,#311,partial,84.6,,"issue #311, escalated"
0x47e5c0,386,deepseek-v4.1-flash,#312,partial,67.5,,"issue #312, escalated"
0x47ee30,171,deepseek-v4.1-flash,#312,partial,91.2,,"issue #312, escalated"
0x47eee0,224,deepseek-v4.1-flash,#312,partial,86.2,,"issue #312, escalated"
0x47a760,372,deepseek-v4.1-flash,#317,partial,71.6,,"issue #317, escalated"
0x47bdf0,304,deepseek-v4.1-flash,#317,matched,100.0,,"issue #317, escalated"
0x46d040,342,deepseek-v4.1-flash,#319,matched,100.0,,"issue #319, escalated"
0x46d1a0,312,deepseek-v4.1-flash,#319,matched,100.0,,"issue #319, escalated"
0x46d860,259,deepseek-v4.1-flash,#319,matched,100.0,,"issue #319, escalated"
0x45a610,379,opus,#321,matched,100.0,,"issue #321, escalated"
0x45ab10,260,opus,#321,matched,100.0,,"issue #321, escalated"
0x473590,301,space-bunny-free,#323,partial,70.7,,"issue #323, escalated"
0x473a00,300,space-bunny-free,#323,partial,83.5,,"issue #323, escalated"
0x474170,301,space-bunny-free,#323,partial,70.7,,"issue #323, escalated"
0x475470,398,opus,#324,partial,84.6,,"issue #324, escalated"
0x467d70,218,deepseek-v4.1-flash,#325,matched,100.0,,"issue #325, escalated"
0x46b900,196,deepseek-v4.1-flash,#325,partial,93.7,,"issue #325, escalated"
0x46bae0,380,deepseek-v4.1-flash,#326,matched,100.0,,"issue #326, escalated"
0x46c920,317,deepseek-v4.1-flash,#326,partial,94.2,,"issue #326, escalated"
0x46ca60,381,deepseek-v4.1-flash,#326,partial,95.1,,"issue #326, escalated"
0x47c530,398,space-bunny-free,#327,matched,100.0,,"issue #327, escalated"
0x47d820,333,space-bunny-free,#327,partial,99.1,,"issue #327, escalated"
0x47d970,322,space-bunny-free,#327,partial,57.6,,"issue #327, escalated"
0x47de60,342,space-bunny-free,#327,partial,86.8,,"issue #327, escalated"
0x47fca0,194,space-bunny-free,#328,matched,100.0,,"issue #328, escalated"
0x4805b0,366,space-bunny-free,#328,partial,49.4,,"issue #328, escalated"
0x480b20,268,space-bunny-free,#328,matched,100.0,,"issue #328, escalated"
0x482130,318,space-bunny-free,#328,partial,86.3,,"issue #328, escalated"
0x482830,221,space-bunny-free,#328,partial,87.3,,"issue #328, escalated"
0x483210,347,space-bunny-free,#329,matched,100.0,,"issue #329, escalated"
0x484b50,391,space-bunny-free,#329,partial,96.9,,"issue #329, escalated"
0x485070,208,space-bunny-free,#329,partial,87.0,,"issue #329, escalated"
0x4851c0,354,space-bunny-free,#329,partial,75.3,,"issue #329, escalated"
0x465e30,371,opus,#330,matched,100.0,,"issue #330, escalated"
0x466b70,165,opus,#330,matched,100.0,,"issue #330, escalated"
0x4861d0,395,opus,#333,matched,100.0,,"issue #333, escalated"
0x471de0,195,space-bunny-free,#340,partial,98.6,,"issue #340, escalated"
0x472630,230,space-bunny-free,#342,matched,100.0,,"issue #342, escalated"
0x472720,230,space-bunny-free,#342,matched,100.0,,"issue #342, escalated"
0x472810,224,space-bunny-free,#342,matched,100.0,,"issue #342, escalated"
0x4728f0,224,space-bunny-free,#343,matched,100.0,,"issue #343, escalated"
0x4729d0,224,space-bunny-free,#343,matched,100.0,,"issue #343, escalated"
0x472c50,223,space-bunny-free,#343,matched,100.0,,"issue #343, escalated"
0x471de0,195,opus,#349,partial,98.6,,"issue #349, escalated"
0x48bf30,241,space-bunny-free,#353,matched,100.0,,"issue #353, escalated"
0x48c030,275,space-bunny-free,#353,matched,100.0,,"issue #353, escalated"
0x48c190,386,space-bunny-free,#353,partial,78.4,,"issue #353, escalated"
0x48c6a0,331,space-bunny-free,#353,no file,0,,"issue #353, escalated"
0x48cc30,323,space-bunny-free,#353,matched,100.0,,"issue #353, escalated"
0x48a870,261,space-bunny-free,#357,partial,86.9,,"issue #357, escalated"
0x48a9f0,206,space-bunny-free,#357,partial,85.7,,"issue #357, escalated"
0x48b090,367,space-bunny-free,#357,partial,92.3,,"issue #357, escalated"
0x48be00,290,space-bunny-free,#357,partial,97.7,,"issue #357, escalated"
0x48d4d0,348,space-bunny-free,#358,matched,100.0,,"issue #358, escalated"
0x48d630,348,space-bunny-free,#358,matched,100.0,,"issue #358, escalated"
0x48d790,388,space-bunny-free,#358,partial,57.1,,"issue #358, escalated"
0x48dd10,170,space-bunny-free,#358,matched,100.0,,"issue #358, escalated"
0x48f9d0,217,space-bunny-free,#358,matched,100.0,,"issue #358, escalated"
0x4a23b0,196,deepseek-v4.1-flash,#363,matched,100.0,,issue #363
0x4a2480,242,deepseek-v4.1-flash,#363,matched,100.0,,issue #363
0x4a30c0,244,deepseek-v4.1-flash,#363,matched,100.0,,issue #363
0x4a31c0,210,deepseek-v4.1-flash,#363,matched,100.0,,issue #363
0x4a35a0,246,deepseek-v4.1-flash,#363,partial,96.9,,issue #363
0x4a36a0,224,deepseek-v4.1-flash,#363,matched,100.0,,issue #363
0x4a4b50,309,deepseek-v4.1-flash,#364,matched,100.0,,issue #364
0x4a4c90,215,deepseek-v4.1-flash,#364,partial,62.4,,issue #364
0x4a50e0,238,deepseek-v4.1-flash,#364,matched,100.0,,issue #364
0x4a5d50,254,deepseek-v4.1-flash,#364,matched,100.0,,issue #364
0x4a5e50,228,deepseek-v4.1-flash,#364,matched,100.0,,issue #364
0x4a7190,244,deepseek-v4.1-flash,#364,matched,100.0,,issue #364
0x4a75d0,210,deepseek-v4.1-flash,#365,matched,100.0,,issue #365
0x4a76b0,370,deepseek-v4.1-flash,#365,partial,84.9,,issue #365
0x4a7830,293,deepseek-v4.1-flash,#365,partial,71.8,,issue #365
0x4a96d0,164,deepseek-v4.1-flash,#365,matched,100.0,,issue #365
0x4a9780,164,deepseek-v4.1-flash,#365,no file,0,,issue #365
0x4a9830,390,deepseek-v4.1-flash,#365,partial,81.7,,issue #365
0x4ab0b0,188,deepseek-v4.1-flash,#366,matched,100.0,,issue #366
0x4ab1b0,215,deepseek-v4.1-flash,#366,matched,100.0,,issue #366
0x4ab5d0,185,deepseek-v4.1-flash,#366,matched,100.0,,issue #366
0x4abbd0,295,deepseek-v4.1-flash,#366,matched,100.0,,issue #366
0x4ac170,389,deepseek-v4.1-flash,#366,matched,100.0,,issue #366
0x4ac340,373,deepseek-v4.1-flash,#366,matched,100.0,,issue #366
0x4ac4c0,325,deepseek-v4.1-flash,#367,partial,67.7,,issue #367
0x4ac610,252,deepseek-v4.1-flash,#367,matched,100.0,,issue #367
0x4ac7d0,207,deepseek-v4.1-flash,#367,partial,94.7,,issue #367
0x4ac8c0,167,deepseek-v4.1-flash,#367,partial,84.7,,issue #367
0x4aca20,181,deepseek-v4.1-flash,#367,matched,100.0,,issue #367
0x4acae0,246,deepseek-v4.1-flash,#367,matched,100.0,,issue #367
0x4ad890,225,deepseek-v4.1-flash,#368,matched,100.0,,issue #368
0x4adc70,237,deepseek-v4.1-flash,#368,matched,100.0,,issue #368
0x4ade20,236,deepseek-v4.1-flash,#368,matched,100.0,,issue #368
0x4ae170,184,deepseek-v4.1-flash,#368,matched,100.0,,issue #368
0x4ae230,201,deepseek-v4.1-flash,#368,matched,100.0,,issue #368
0x4aedd0,259,deepseek-v4.1-flash,#368,matched,100.0,,issue #368
0x4af5b0,192,deepseek-v4.1-flash,#369,matched,100.0,,issue #369
0x4afd80,271,deepseek-v4.1-flash,#369,matched,100.0,,issue #369
0x4aff00,389,deepseek-v4.1-flash,#369,matched,100.0,,issue #369
0x4b0090,193,deepseek-v4.1-flash,#369,matched,100.0,,issue #369
0x4b0160,193,deepseek-v4.1-flash,#369,matched,100.0,,issue #369
0x4b0940,194,deepseek-v4.1-flash,#369,matched,100.0,,issue #369
0x4b0b00,181,deepseek-v4.1-flash,#370,matched,100.0,,issue #370
0x4b0c40,223,deepseek-v4.1-flash,#370,matched,100.0,,issue #370
0x4b1ec0,381,deepseek-v4.1-flash,#370,matched,100.0,,issue #370
0x4b2290,169,deepseek-v4.1-flash,#370,matched,100.0,,issue #370
0x4b2340,272,deepseek-v4.1-flash,#370,matched,100.0,,issue #370
0x4b2450,227,deepseek-v4.1-flash,#370,matched,100.0,,issue #370
0x4b26f0,336,deepseek-v4.1-flash,#371,partial,100.0,,issue #371
0x4b3630,281,deepseek-v4.1-flash,#371,matched,100.0,,issue #371
0x4b4560,200,deepseek-v4.1-flash,#371,matched,100.0,,issue #371
0x4b4750,166,deepseek-v4.1-flash,#371,matched,100.0,,issue #371
0x4b4910,180,deepseek-v4.1-flash,#371,matched,100.0,,issue #371
0x4b49d0,162,deepseek-v4.1-flash,#371,matched,100.0,,issue #371
0x4b4a80,200,space-bunny-free,#372,matched,100.0,,issue #372
0x4b6110,268,space-bunny-free,#372,matched,100.0,,issue #372
0x4b63f0,209,space-bunny-free,#372,matched,100.0,,issue #372
0x4b6570,294,space-bunny-free,#372,partial,96.7,,issue #372
0x4b6880,297,space-bunny-free,#372,partial,37.8,,issue #372
0x4b7440,162,space-bunny-free,#372,matched,100.0,,issue #372
0x4b7620,319,deepseek-v4.1-flash,#373,partial,69.0,,issue #373
0x4b7760,370,deepseek-v4.1-flash,#373,partial,43.2,,issue #373
0x4b7900,270,deepseek-v4.1-flash,#373,matched,100.0,,issue #373
0x4b8c60,216,deepseek-v4.1-flash,#373,partial,96.2,,issue #373
0x4b90a0,260,deepseek-v4.1-flash,#373,partial,82.8,,issue #373
0x4b9360,341,deepseek-v4.1-flash,#373,partial,38.5,,issue #373
0x4b94c0,212,deepseek-v4.1-flash,#374,matched,100.0,,issue #374
0x4b95a0,252,deepseek-v4.1-flash,#374,partial,81.1,,issue #374
0x4b9d70,234,deepseek-v4.1-flash,#374,partial,58.2,,issue #374
0x4b9f50,175,deepseek-v4.1-flash,#374,matched,100.0,,issue #374
0x4ba4c0,207,deepseek-v4.1-flash,#374,matched,100.0,,issue #374
0x4ba750,296,deepseek-v4.1-flash,#374,matched,100.0,,issue #374
0x4ba920,167,deepseek-v4.1-flash,#375,matched,100.0,,issue #375
0x4ba9d0,243,deepseek-v4.1-flash,#375,partial,39.8,,issue #375
0x4babd0,337,deepseek-v4.1-flash,#375,matched,100.0,,issue #375
0x4bad30,182,deepseek-v4.1-flash,#375,matched,100.0,,issue #375
0x4badf0,317,deepseek-v4.1-flash,#375,partial,94.8,,issue #375
0x4baf30,191,deepseek-v4.1-flash,#375,matched,100.0,,issue #375
0x4baff0,171,deepseek-v4.1-flash,#376,matched,100.0,,issue #376
0x4bbc40,178,deepseek-v4.1-flash,#376,matched,100.0,,issue #376
0x4bbd30,288,deepseek-v4.1-flash,#376,matched,100.0,,issue #376
0x4bbff0,289,deepseek-v4.1-flash,#376,matched,100.0,,issue #376
0x4bc120,356,deepseek-v4.1-flash,#376,matched,100.0,,issue #376
0x4bc370,314,deepseek-v4.1-flash,#376,partial,86.4,,issue #376
0x4bc4b0,389,deepseek-v4.1-flash,#377,matched,100.0,,issue #377
0x4bc930,245,deepseek-v4.1-flash,#377,matched,100.0,,issue #377
0x4bca30,288,deepseek-v4.1-flash,#377,matched,100.0,,issue #377
0x4bcd10,243,deepseek-v4.1-flash,#377,matched,100.0,,issue #377
0x4be0b0,208,deepseek-v4.1-flash,#377,matched,100.0,,issue #377
0x4be180,235,deepseek-v4.1-flash,#377,matched,100.0,,issue #377
0x4be270,162,space-bunny-free,#378,matched,100.0,,issue #378
0x4be950,201,space-bunny-free,#378,matched,100.0,,issue #378
0x4bec70,244,space-bunny-free,#378,matched,100.0,,issue #378
0x4bed70,225,space-bunny-free,#378,matched,100.0,,issue #378
0x4bee60,380,space-bunny-free,#378,matched,100.0,,issue #378
0x4bf4d0,332,space-bunny-free,#378,no file,0,,issue #378
0x4bf620,196,deepseek-v4.1-flash,#379,matched,100.0,,issue #379
0x4bf6f0,178,deepseek-v4.1-flash,#379,matched,100.0,,issue #379
0x4bf7b0,261,deepseek-v4.1-flash,#379,matched,100.0,,issue #379
0x4bfd60,167,deepseek-v4.1-flash,#379,partial,87.6,,issue #379
0x4bfe10,267,deepseek-v4.1-flash,#379,partial,59.7,,issue #379
0x4bff20,332,deepseek-v4.1-flash,#379,partial,76.4,,issue #379
0x4c0070,301,deepseek-v4.1-flash,#380,matched,100.0,,issue #380
0x4c01a0,353,deepseek-v4.1-flash,#380,partial,48.3,,issue #380
0x4c06e0,200,deepseek-v4.1-flash,#380,partial,61.5,,issue #380
0x4c0b10,352,deepseek-v4.1-flash,#380,partial,48.2,,issue #380
0x4c1760,201,deepseek-v4.1-flash,#380,partial,98.8,,issue #380
0x4c24b0,299,deepseek-v4.1-flash,#380,matched,100.0,,issue #380
0x4c2870,282,deepseek-v4.1-flash,#381,partial,98.8,,issue #381
0x4c2990,229,deepseek-v4.1-flash,#381,matched,100.0,,issue #381
0x4c2bd0,234,deepseek-v4.1-flash,#381,matched,100.0,,issue #381
0x4c3120,288,deepseek-v4.1-flash,#381,matched,100.0,,issue #381
0x4c3240,170,deepseek-v4.1-flash,#381,matched,100.0,,issue #381
0x4c32f0,169,deepseek-v4.1-flash,#381,matched,100.0,,issue #381
0x4c3490,292,deepseek-v4.1-flash,#382,matched,100.0,,issue #382
0x4c35c0,354,deepseek-v4.1-flash,#382,partial,88.1,,issue #382
0x4c3740,348,deepseek-v4.1-flash,#382,matched,100.0,,issue #382
0x4c3950,334,deepseek-v4.1-flash,#382,matched,100.0,,issue #382
0x4c3af0,356,deepseek-v4.1-flash,#382,matched,100.0,,issue #382
0x4c3cc0,331,deepseek-v4.1-flash,#382,matched,100.0,,issue #382
0x4c4340,168,deepseek-v4.1-flash,#384,matched,100.0,,issue #384
0x4c44c0,253,deepseek-v4.1-flash,#384,partial,100.0,,issue #384
0x4c4800,180,deepseek-v4.1-flash,#384,matched,100.0,,issue #384
0x4c49a0,285,deepseek-v4.1-flash,#384,matched,100.0,,issue #384
0x4c5740,249,deepseek-v4.1-flash,#384,matched,100.0,,issue #384
0x4c58a0,292,deepseek-v4.1-flash,#384,matched,100.0,,issue #384
0x4c5e70,293,deepseek-v4.1-flash,#385,partial,97.8,,issue #385
0x4c5ff0,214,deepseek-v4.1-flash,#385,partial,97.2,,issue #385
0x4c60d0,213,deepseek-v4.1-flash,#385,matched,100.0,,issue #385
0x4c6210,165,deepseek-v4.1-flash,#385,matched,100.0,,issue #385
0x4c62c0,219,deepseek-v4.1-flash,#385,matched,100.0,,issue #385
0x4c67c0,199,deepseek-v4.1-flash,#385,matched,100.0,,issue #385
0x4c6890,266,space-bunny-free,#386,matched,100.0,,issue #386
0x4c6b70,224,space-bunny-free,#386,partial,91.2,,issue #386
0x4c6c50,194,space-bunny-free,#386,matched,100.0,,issue #386
0x4c6dc0,163,space-bunny-free,#386,matched,100.0,,issue #386
0x4c6f80,251,space-bunny-free,#386,matched,100.0,,issue #386
0x4c70d0,280,space-bunny-free,#386,partial,78.7,,issue #386
0x4c71f0,280,deepseek-v4.1-flash,#387,partial,80.0,,issue #387
0x4c90b0,195,deepseek-v4.1-flash,#387,partial,91.4,,issue #387
0x4c9920,335,deepseek-v4.1-flash,#387,matched,100.0,,issue #387
0x4c9a70,252,deepseek-v4.1-flash,#387,matched,100.0,,issue #387
0x4c9c50,191,deepseek-v4.1-flash,#387,matched,100.0,,issue #387
0x4c9e50,320,deepseek-v4.1-flash,#387,matched,100.0,,issue #387
0x4c9fd0,300,deepseek-v4.1-flash,#388,matched,100.0,,issue #388
0x4ca100,326,deepseek-v4.1-flash,#388,matched,100.0,,issue #388
0x4ca330,201,deepseek-v4.1-flash,#388,matched,100.0,,issue #388
0x4ca490,244,deepseek-v4.1-flash,#388,matched,100.0,,issue #388
0x4ca5d0,198,deepseek-v4.1-flash,#388,matched,100.0,,issue #388
0x4caf30,334,deepseek-v4.1-flash,#388,matched,100.0,,issue #388
0x4cb080,235,deepseek-v4.1-flash,#389,matched,100.0,,issue #389
0x4cb170,370,deepseek-v4.1-flash,#389,matched,100.0,,issue #389
0x4cb370,325,deepseek-v4.1-flash,#389,partial,73.6,,issue #389
0x4cb6a0,280,deepseek-v4.1-flash,#389,matched,100.0,,issue #389
0x4cb7f0,326,deepseek-v4.1-flash,#389,matched,100.0,,issue #389
0x4cb9e0,205,deepseek-v4.1-flash,#389,matched,100.0,,issue #389
0x4cbab0,189,deepseek-v4.1-flash,#390,matched,100.0,,issue #390
0x4cda00,307,deepseek-v4.1-flash,#390,partial,72.6,,issue #390
0x4ce030,340,deepseek-v4.1-flash,#390,matched,100.0,,issue #390
0x4ce260,378,deepseek-v4.1-flash,#390,matched,100.0,,issue #390
0x4ce460,194,deepseek-v4.1-flash,#390,matched,100.0,,issue #390
0x4ce690,258,deepseek-v4.1-flash,#390,matched,100.0,,issue #390
0x4ceee0,170,deepseek-v4.1-flash,#391,matched,100.0,,issue #391
0x4cef90,274,deepseek-v4.1-flash,#391,matched,100.0,,issue #391
0x4cf230,309,deepseek-v4.1-flash,#391,partial,65.5,,issue #391
0x4cf370,348,deepseek-v4.1-flash,#391,matched,100.0,,issue #391
0x4cfbc0,218,deepseek-v4.1-flash,#391,matched,100.0,,issue #391
0x4cff30,186,deepseek-v4.1-flash,#391,partial,77.3,,issue #391
0x4d01b0,233,space-bunny-free,#392,matched,100.0,,issue #392
0x4d0720,205,space-bunny-free,#392,partial,97.5,,issue #392
0x4d07f0,275,space-bunny-free,#392,no file,0,,issue #392
0x4d0910,206,space-bunny-free,#392,partial,76.1,,issue #392
0x4d0c50,389,space-bunny-free,#392,matched,100.0,,issue #392
0x4d0de0,373,space-bunny-free,#392,partial,57.3,,issue #392
0x4d1670,385,,#394,assigned,,,issue #394
0x4d1970,296,,#394,assigned,,,issue #394
0x4d84c0,182,,#394,assigned,,,issue #394
0x4d89b0,293,,#394,assigned,,,issue #394
0x4d8c50,226,,#394,assigned,,,issue #394
0x4da8d0,283,,#394,assigned,,,issue #394
0x4daa30,214,,#395,assigned,,,issue #395
0x4dabb0,311,,#395,assigned,,,issue #395
0x4db610,332,,#395,assigned,,,issue #395
0x4dbae0,168,,#395,assigned,,,issue #395
0x4dbbc0,311,,#395,assigned,,,issue #395
0x4de550,175,,#395,assigned,,,issue #395
0x4de700,271,space-bunny-free,#396,matched,100.0,,issue #396
0x4de8a0,347,space-bunny-free,#396,matched,100.0,,issue #396
0x4df280,163,space-bunny-free,#396,matched,100.0,,issue #396
0x4df380,340,space-bunny-free,#396,matched,100.0,,issue #396
0x4df4e0,175,space-bunny-free,#396,no file,0,,issue #396
0x4dfd50,290,space-bunny-free,#396,no file,0,,issue #396
0x4e05f0,168,deepseek-v4.1-flash,#397,matched,100.0,,issue #397
0x4e1590,181,deepseek-v4.1-flash,#397,matched,100.0,,issue #397
0x4e17c0,252,deepseek-v4.1-flash,#397,matched,100.0,,issue #397
0x4e18c0,198,deepseek-v4.1-flash,#397,matched,100.0,,issue #397
0x4e1b10,195,deepseek-v4.1-flash,#397,matched,100.0,,issue #397
0x4e1be0,305,deepseek-v4.1-flash,#397,matched,100.0,,issue #397
0x4e2ab0,162,space-bunny-free,#398,matched,100.0,,issue #398
0x4e2be0,200,space-bunny-free,#398,matched,100.0,,issue #398
0x4e3750,393,space-bunny-free,#398,partial,89.1,,issue #398
0x425210,544,space-bunny-free,#399,partial,89.6,,issue #399
0x425480,537,space-bunny-free,#399,no file,0,,issue #399
0x425b80,497,space-bunny-free,#399,matched,100.0,,issue #399
0x426200,420,space-bunny-free,#399,partial,97.9,,issue #399
0x4290f0,402,deepseek-v4.1-flash,#400,matched,100.0,,issue #400
0x42a610,596,deepseek-v4.1-flash,#400,matched,100.0,,issue #400
0x42f580,448,deepseek-v4.1-flash,#400,matched,100.0,,issue #400
0x433b20,547,deepseek-v4.1-flash,#400,matched,100.0,,issue #400
0x435110,401,space-bunny-free,#401,matched,100.0,,issue #401
0x435a20,465,space-bunny-free,#401,partial,79.9,,issue #401
0x4373a0,477,space-bunny-free,#401,matched,100.0,,issue #401
0x438ea0,505,space-bunny-free,#401,partial,38.2,,issue #401
0x439b30,441,space-bunny-free,#402,partial,29.0,,issue #402
0x43adc0,500,space-bunny-free,#402,partial,56.6,,issue #402
0x43b1f0,519,space-bunny-free,#402,matched,100.0,,issue #402
0x43bad0,440,space-bunny-free,#402,matched,100.0,,issue #402
0x43c720,534,deepseek-v4.1-flash,#403,matched,100.0,,issue #403
0x441080,401,deepseek-v4.1-flash,#403,matched,100.0,,issue #403
0x441220,517,deepseek-v4.1-flash,#403,partial,52.4,,issue #403
0x442050,408,deepseek-v4.1-flash,#403,partial,98.3,,issue #403
0x4423c0,416,deepseek-v4.1-flash,#404,matched,100.0,,issue #404
0x443ff0,424,deepseek-v4.1-flash,#404,partial,83.5,,issue #404
0x444cb0,492,deepseek-v4.1-flash,#404,matched,100.0,,issue #404
0x445110,495,deepseek-v4.1-flash,#404,matched,100.0,,issue #404
0x4464d0,475,deepseek-v4.1-flash,#405,partial,91.0,,issue #405
0x446a50,537,deepseek-v4.1-flash,#405,matched,100.0,,issue #405
0x446c70,529,deepseek-v4.1-flash,#405,matched,100.0,,issue #405
0x446fb0,414,deepseek-v4.1-flash,#405,partial,28.8,,issue #405
0x447150,552,deepseek-v4.1-flash,#406,matched,100.0,,issue #406
0x44d0e0,417,deepseek-v4.1-flash,#406,matched,100.0,,issue #406
0x44d560,445,deepseek-v4.1-flash,#406,matched,100.0,,issue #406
0x44ec30,546,deepseek-v4.1-flash,#406,partial,99.6,,issue #406
0x44f2a0,431,deepseek-v4.1-flash,#407,matched,100.0,,issue #407
0x44f9c0,585,deepseek-v4.1-flash,#407,partial,83.5,,issue #407
0x451bc0,554,deepseek-v4.1-flash,#407,matched,100.0,,issue #407
0x451df0,471,deepseek-v4.1-flash,#407,matched,100.0,,issue #407
0x452960,520,space-bunny-free,#408,no file,0,,issue #408
0x453a50,460,space-bunny-free,#408,no file,0,,issue #408
0x4565a0,442,space-bunny-free,#408,matched,100.0,,issue #408
0x457540,451,space-bunny-free,#408,matched,100.0,,issue #408
0x457710,439,gpt-6-luna,#409,matched,100.0,,issue #409
0x4584d0,461,gpt-6-luna,#409,partial,26.2,,issue #409
0x458810,427,gpt-6-luna,#409,partial,54.0,,issue #409
0x458dd0,449,gpt-6-luna,#409,partial,88.9,,issue #409
0x458fa0,455,space-bunny-free,#411,partial,78.2,,issue #411
0x45d7c0,526,space-bunny-free,#411,matched,100.0,,issue #411
0x45f8c0,504,space-bunny-free,#411,partial,96.0,,issue #411
0x45ffb0,430,space-bunny-free,#411,matched,100.0,,issue #411
0x460160,473,space-bunny-free,#412,matched,100.0,,issue #412
0x461db0,468,space-bunny-free,#412,partial,94.8,,issue #412
0x4624a0,570,space-bunny-free,#412,partial,59.0,,issue #412
0x463ca0,417,space-bunny-free,#412,matched,100.0,,issue #412
0x464060,560,space-bunny-free,#413,partial,87.2,,issue #413
0x464290,561,space-bunny-free,#413,matched,100.0,,issue #413
0x4644d0,555,space-bunny-free,#413,partial,94.5,,issue #413
0x464700,473,space-bunny-free,#413,partial,89.1,,issue #413
0x4658e0,469,space-bunny-free,#414,partial,18.2,,issue #414
0x4665d0,425,space-bunny-free,#414,partial,97.0,,issue #414
0x466780,548,space-bunny-free,#414,partial,83.7,,issue #414
0x466c20,402,space-bunny-free,#414,partial,67.2,,issue #414
0x468380,539,space-bunny-free,#415,matched,100.0,,issue #415
0x46a610,589,space-bunny-free,#415,partial,14.3,,issue #415
0x46bce0,542,space-bunny-free,#415,matched,100.0,,issue #415
0x46c620,486,space-bunny-free,#415,matched,100.0,,issue #415
0x46d2e0,475,space-bunny-free,#416,partial,88.4,,issue #416
0x46d6c0,416,space-bunny-free,#416,partial,47.1,,issue #416
0x46e640,546,space-bunny-free,#416,partial,99.6,,issue #416
0x470040,526,space-bunny-free,#416,partial,79.8,,issue #416
0x470390,457,space-bunny-free,#417,matched,100.0,,issue #417
0x470560,515,space-bunny-free,#417,matched,100.0,,issue #417
0x470c10,561,space-bunny-free,#417,matched,100.0,,issue #417
0x471160,476,space-bunny-free,#417,matched,100.0,,issue #417
0x471820,556,space-bunny-free,#418,matched,100.0,,issue #418
0x471a50,546,space-bunny-free,#418,matched,100.0,,issue #418
0x472ab0,413,space-bunny-free,#418,matched,100.0,,issue #418
0x4732e0,537,space-bunny-free,#418,no file,0,,issue #418
0x4737c0,493,space-bunny-free,#419,partial,95.5,,issue #419
0x473b50,499,space-bunny-free,#419,partial,87.5,,issue #419
0x4743a0,473,space-bunny-free,#419,partial,49.5,,issue #419
0x476a60,527,space-bunny-free,#419,matched,100.0,,issue #419
0x490080,378,space-bunny-free,#420,matched,100.0,,"issue #420, escalated"
0x490230,301,space-bunny-free,#420,partial,99.2,,"issue #420, escalated"
0x425d80,1034,,#421,assigned,,,issue #421
0x4263b0,971,,#421,assigned,,,issue #421
0x4269d0,842,,#421,assigned,,,issue #421
0x426e80,6310,,#422,assigned,,,issue #422
0x4288d0,646,,#422,assigned,,,issue #422
0x429870,1938,,#422,assigned,,,issue #422
0x42b370,2375,,#423,assigned,,,issue #423
0x42bf40,4772,,#423,assigned,,,issue #423
0x42d2e0,2173,,#423,assigned,,,issue #423
0x42dcf0,1061,,#424,assigned,,,issue #424
0x42e440,3923,,#424,assigned,,,issue #424
0x42f9a0,5472,,#424,assigned,,,issue #424
0x430f00,2112,space-bunny-free,#425,matched,100.0,,issue #425
0x431a60,2737,space-bunny-free,#425,matched,100.0,,issue #425
0x4326b0,976,space-bunny-free,#425,matched,100.0,,issue #425
0x432d40,612,,#426,assigned,,,issue #426
0x4336f0,708,,#426,assigned,,,issue #426
0x434bf0,886,,#426,assigned,,,issue #426
0x435430,652,opus,#427,matched,100.0,,issue #427
0x435da0,2740,opus,#427,partial,89.5,,issue #427
0x436860,972,opus,#427,matched,100.0,,issue #427
0x436c30,1613,opus,#428,matched,100.0,,issue #428
0x437580,639,opus,#428,partial,78.9,,issue #428
0x437de0,653,opus,#428,matched,100.0,,issue #428
0x496bb0,298,opus,#431,matched,100.0,,"issue #431, escalated"
0x496ce0,207,opus,#431,matched,100.0,,"issue #431, escalated"
0x497080,248,opus,#431,matched,100.0,,"issue #431, escalated"
0x4a0e00,299,space-bunny-free,#433,partial,88.9,,"issue #433, escalated"
0x4933e0,205,opus,#436,matched,100.0,,"issue #436, escalated"
0x494e70,371,opus,#436,matched,100.0,,"issue #436, escalated"
0x48c190,386,space-bunny-free,#438,partial,78.4,,"issue #438, escalated"
0x48c6a0,331,space-bunny-free,#438,matched,100.0,,"issue #438, escalated"
0x48d790,388,deepseek-v4.1-flash,#440,partial,67.6,,"issue #440, escalated"
0x48a870,261,deepseek-v4.1-flash,#445,partial,86.9,,"issue #445, escalated"
0x48a9f0,206,deepseek-v4.1-flash,#445,partial,87.2,,"issue #445, escalated"
0x48b090,367,deepseek-v4.1-flash,#445,partial,93.2,,"issue #445, escalated"
0x48be00,290,deepseek-v4.1-flash,#445,matched,100.0,,"issue #445, escalated"
0x490230,301,deepseek-v4.1-flash,#446,matched,100.0,,"issue #446, escalated"
0x49aa80,301,deepseek-v4.1-flash,#447,partial,61.8,,"issue #447, escalated"
0x49b520,347,deepseek-v4.1-flash,#447,matched,100.0,,"issue #447, escalated"
0x49c740,306,space-bunny-free,#449,matched,100.0,,"issue #449, escalated"
0x49e070,293,space-bunny-free,#449,partial,79.4,,"issue #449, escalated"
0x48c190,386,deepseek-v4.1-flash,#453,matched,100.0,,"issue #453, escalated"
0x4cb370,325,deepseek-v4.1-flash,#458,partial,73.6,,"issue #458, escalated"
0x4a0e00,299,deepseek-v4.1-flash,#461,matched,100.0,,"issue #461, escalated"
0x4745e0,306,space-bunny-free,#462,partial,66.3,,"issue #462, escalated"
0x474b80,303,space-bunny-free,#462,partial,84.6,,"issue #462, escalated"
0x47e5c0,386,deepseek-v4.1-flash,#463,partial,67.5,,"issue #463, escalated"
0x47ee30,171,deepseek-v4.1-flash,#463,partial,91.2,,"issue #463, escalated"
0x47eee0,224,deepseek-v4.1-flash,#463,partial,86.2,,"issue #463, escalated"
0x473590,301,deepseek-v4.1-flash,#466,partial,84.0,,"issue #466, escalated"
0x473a00,300,deepseek-v4.1-flash,#466,partial,84.5,,"issue #466, escalated"
0x474170,301,deepseek-v4.1-flash,#466,partial,85.4,,"issue #466, escalated"
0x4534e0,349,space-bunny-free,#467,matched,100.0,,"PR #467, finishing earlier attempts"
0x456de0,243,space-bunny-free,#467,matched,100.0,,"PR #467, finishing earlier attempts"
0x47a760,372,deepseek-v4.1-flash,#470,partial,83.3,,"issue #470, escalated"
0x49e070,293,deepseek-v4.1-flash,#472,matched,100.0,,"issue #472, escalated"
0x46a610,589,space-bunny-free,#473,partial,38.1,,"issue #473, escalated"
0x4b6570,294,space-bunny-free,#474,partial,96.7,,"issue #474, escalated"
0x4b6880,297,space-bunny-free,#474,partial,86.0,,"issue #474, escalated"
0x4732e0,537,space-bunny-free,#478,partial,57.9,,"issue #478, escalated"
0x4737c0,493,deepseek-v4.1-flash,#486,matched,100.0,,"issue #486, escalated"
0x473b50,499,deepseek-v4.1-flash,#486,partial,87.5,,"issue #486, escalated"
0x4743a0,473,deepseek-v4.1-flash,#486,matched,100.0,,"issue #486, escalated"
0x4658e0,469,deepseek-v4.1-flash,#487,partial,82.2,,"issue #487, escalated"
0x4665d0,425,deepseek-v4.1-flash,#487,matched,100.0,,"issue #487, escalated"
0x466780,548,deepseek-v4.1-flash,#487,matched,100.0,,"issue #487, escalated"
0x466c20,402,deepseek-v4.1-flash,#487,partial,76.1,,"issue #487, escalated"
0x4c6b70,224,deepseek-v4.1-flash,#489,matched,100.0,,"issue #489, escalated"
0x4c70d0,280,deepseek-v4.1-flash,#489,partial,78.9,,"issue #489, escalated"
0x46b900,196,deepseek-v4.1-flash,#491,partial,93.7,,"issue #491, escalated"
0x452960,520,deepseek-v4.1-flash,#492,matched,100.0,,"issue #492, escalated"
0x453a50,460,deepseek-v4.1-flash,#492,matched,100.0,,"issue #492, escalated"
0x4775a0,506,mimo-v2.6-pro,#493,matched,100.0,,issue #493
0x4777a0,406,mimo-v2.6-pro,#493,matched,100.0,,issue #493
0x478cb0,462,mimo-v2.6-pro,#493,matched,100.0,,issue #493
0x47aaf0,444,mimo-v2.6-pro,#493,matched,100.0,,issue #493
0x47b9f0,437,gpt-6-luna,#494,matched,100.0,,issue #494
0x47bbb0,441,gpt-6-luna,#494,matched,100.0,,issue #494
0x47bf70,472,gpt-6-luna,#494,partial,50.8,,issue #494
0x47d0e0,505,gpt-6-luna,#494,partial,30.4,,issue #494
0x47db70,587,space-bunny-free,#495,partial,51.5,,issue #495
0x47dfc0,559,space-bunny-free,#495,partial,74.9,,issue #495
0x47e890,425,space-bunny-free,#495,matched,100.0,,issue #495
0x47fad0,452,space-bunny-free,#495,matched,100.0,,issue #495
0x47fd70,557,deepseek-v4.1-flash,#496,matched,100.0,,issue #496
0x480250,520,deepseek-v4.1-flash,#496,matched,100.0,,issue #496
0x481140,508,deepseek-v4.1-flash,#496,matched,100.0,,issue #496
0x4825b0,504,deepseek-v4.1-flash,#496,partial,86.7,,issue #496
0x482910,418,deepseek-v4.1-flash,#497,matched,100.0,,issue #497
0x4833b0,597,deepseek-v4.1-flash,#497,matched,100.0,,issue #497
0x483dd0,461,deepseek-v4.1-flash,#497,matched,100.0,,issue #497
0x4864b0,530,deepseek-v4.1-flash,#497,matched,100.0,,issue #497
0x488310,596,space-bunny-free,#498,partial,85.0,,issue #498
0x48ab70,448,space-bunny-free,#498,partial,96.7,,issue #498
0x48b200,481,space-bunny-free,#498,matched,100.0,,issue #498
0x48b710,525,space-bunny-free,#498,matched,100.0,,issue #498
0x48b920,434,deepseek-v4.1-flash,#499,partial,97.1,,issue #499
0x48bae0,457,deepseek-v4.1-flash,#499,matched,100.0,,issue #499
0x48c7f0,447,deepseek-v4.1-flash,#499,matched,100.0,,issue #499
0x48ca20,513,deepseek-v4.1-flash,#499,matched,100.0,,issue #499
0x48cd80,428,mimo-v2.6-flash,#500,partial,75.3,,issue #500
0x48d220,499,mimo-v2.6-flash,#500,partial,100.0,,issue #500
0x48ddc0,449,mimo-v2.6-flash,#500,matched,100.0,,issue #500
0x490fe0,538,deepseek-v4.1-flash,#500,matched,100.0,,issue #500
0x4934b0,564,mimo-v2.6-flash,#501,matched,100.0,,issue #501
0x494050,457,mimo-v2.6-flash,#501,matched,100.0,,issue #501
0x495010,494,mimo-v2.6-flash,#501,no file,0,,issue #501
0x495490,547,mimo-v2.6-flash,#501,matched,100.0,,issue #501
0x4956c0,416,space-bunny-free,#502,matched,100.0,,issue #502
0x496ee0,401,space-bunny-free,#502,matched,100.0,,issue #502
0x497ce0,595,space-bunny-free,#502,partial,90.4,,issue #502
0x498da0,459,space-bunny-free,#502,matched,100.0,,issue #502
0x458fa0,455,deepseek-v4.1-flash,#509,partial,84.1,,"issue #509, escalated"
0x45f8c0,504,deepseek-v4.1-flash,#509,partial,96.0,,"issue #509, escalated"
0x46d2e0,475,space-bunny-free,#511,partial,88.4,,"issue #511, escalated"
0x46d6c0,416,space-bunny-free,#511,partial,83.6,,"issue #511, escalated"
0x46e640,546,space-bunny-free,#511,partial,99.6,,"issue #511, escalated"
0x470040,526,space-bunny-free,#511,matched,100.0,,"issue #511, escalated"
0x46c920,317,deepseek-v4.1-flash,#513,partial,94.2,,"issue #513, escalated"
0x46ca60,381,deepseek-v4.1-flash,#513,partial,95.1,,"issue #513, escalated"
0x4b6570,294,space-bunny-free,#519,partial,96.7,,"issue #519, escalated"
0x4b6880,297,space-bunny-free,#519,partial,88.2,,"issue #519, escalated"
0x4732e0,537,gpt-5.6-terra,#522,partial,57.9,,"issue #522, escalated"
0x46a610,589,space-bunny-free,#523,matched,100.0,,"issue #523, escalated"
0x488310,596,mimo-v2.6-flash,#525,matched,100.0,,"issue #525, escalated"
0x48ab70,448,mimo-v2.6-flash,#525,partial,96.7,,"issue #525, escalated"
0x4bf4d0,332,space-bunny-free,#527,partial,69.4,,"issue #527, escalated"
0x461db0,468,deepseek-v4.1-flash,#531,matched,100.0,,"issue #531, escalated"
0x4624a0,570,deepseek-v4.1-flash,#531,partial,67.3,,"issue #531, escalated"
0x497ce0,595,gpt-5.6-terra,#535,partial,90.4,,"issue #535, escalated"
0x47db70,587,mimo-v2.6-flash,#536,matched,100.0,,"issue #536, escalated"
0x47dfc0,559,mimo-v2.6-flash,#536,partial,76.4,,"issue #536, escalated"
0x48cd80,428,gpt-5.6-terra,#537,partial,90.4,,"issue #537, escalated"
0x48d220,499,gpt-5.6-terra,#537,partial,88.1,,"issue #537, escalated"
0x495010,494,mimo-v2.6-flash,#540,matched,100.0,,"issue #540, escalated"
0x464060,560,space-bunny-free,#542,partial,87.2,,"issue #542, escalated"
0x4644d0,555,space-bunny-free,#542,partial,94.5,,"issue #542, escalated"
0x464700,473,space-bunny-free,#542,partial,98.3,,"issue #542, escalated"
0x48ab70,448,deepseek-v4.1-flash,#549,matched,100.0,,"issue #549, escalated"
0x4bf4d0,332,space-bunny-free,#553,partial,69.4,,"issue #553, escalated"
0x4805b0,366,sonnet-5.5,#554,partial,64.5,,"issue #554, escalated"
0x482130,318,sonnet-5.5,#554,partial,86.3,,"issue #554, escalated"
0x482830,221,sonnet-5.5,#554,partial,87.3,,"issue #554, escalated"
0x499890,411,gpt-5.6-terra,#555,partial,50.7,,issue #555
0x499eb0,517,gpt-5.6-terra,#555,partial,85.1,,issue #555
0x49a890,488,gpt-5.6-terra,#555,partial,28.9,,issue #555
0x49abb0,568,gpt-5.6-terra,#555,partial,45.5,,issue #555
0x49c9c0,600,space-bunny-free,#556,partial,74.6,,issue #556
0x49cc20,436,space-bunny-free,#556,matched,100.0,,issue #556
0x49cde0,544,space-bunny-free,#556,matched,100.0,,issue #556
0x49d9c0,429,space-bunny-free,#556,matched,100.0,,issue #556
0x49db70,486,gpt-5.6-terra,#557,partial,57.7,,issue #557
0x49dd60,430,gpt-5.6-terra,#557,matched,100.0,,issue #557
0x4a05e0,494,gpt-5.6-terra,#557,partial,53.8,,issue #557
0x4a09c0,545,gpt-5.6-terra,#557,partial,76.1,,issue #557
0x4a2be0,597,longcat-2.5-preview-free,#558,partial,39.4,,issue #558
0x4a4440,477,longcat-2.5-preview-free,#558,partial,47.1,,issue #558
0x4a4660,556,longcat-2.5-preview-free,#558,no file,0,,issue #558
0x4a4980,462,longcat-2.5-preview-free,#558,partial,74.2,,issue #558
0x4a51d0,485,space-bunny-free,#559,partial,80.1,,issue #559
0x4a7f70,468,space-bunny-free,#559,matched,100.0,,issue #559
0x4a99c0,456,space-bunny-free,#559,matched,100.0,,issue #559
0x4ad350,407,space-bunny-free,#559,matched,100.0,,issue #559
0x4ada40,554,longcat-2.5-preview-free,#560,matched,100.0,,issue #560
0x4adf90,467,longcat-2.5-preview-free,#560,matched,100.0,,issue #560
0x4afa30,552,longcat-2.5-preview-free,#560,partial,80.3,,issue #560
0x4b1c00,586,longcat-2.5-preview-free,#560,partial,12.3,,issue #560
0x4b2040,590,longcat-2.5-preview-free,#561,no file,0,,issue #561
0x4b2540,423,longcat-2.5-preview-free,#561,no file,0,,issue #561
0x4b3770,577,longcat-2.5-preview-free,#561,partial,64.2,,issue #561
0x4b4d70,409,longcat-2.5-preview-free,#561,no file,0,,issue #561
0x4b5370,411,space-bunny-free,#562,matched,100.0,,issue #562
0x4b7f90,439,space-bunny-free,#562,matched,100.0,,issue #562
0x4b8150,436,space-bunny-free,#562,matched,100.0,,issue #562
0x4b8310,484,space-bunny-free,#562,matched,100.0,,issue #562
0x4b7620,319,space-bunny-free,#564,partial,68.9,,"issue #564, escalated"
0x4b7760,370,space-bunny-free,#564,partial,59.4,,"issue #564, escalated"
0x4b8c60,216,space-bunny-free,#564,matched,100.0,,"issue #564, escalated"
0x4b90a0,260,space-bunny-free,#564,partial,82.8,,"issue #564, escalated"
0x4b9360,341,space-bunny-free,#564,partial,83.1,,"issue #564, escalated"
0x4b6570,294,space-bunny-free,#566,partial,96.7,,"issue #566, escalated"
0x4b6880,297,space-bunny-free,#566,partial,88.2,,"issue #566, escalated"
0x47d820,333,space-bunny-free,#571,partial,99.1,,"issue #571, escalated"
0x47d970,322,space-bunny-free,#571,partial,98.0,,"issue #571, escalated"
0x47de60,342,space-bunny-free,#571,partial,86.8,,"issue #571, escalated"
0x4ba9d0,243,space-bunny-free,#572,matched,100.0,,"issue #572, escalated"
0x4badf0,317,space-bunny-free,#572,matched,100.0,,"issue #572, escalated"
0x464060,560,sonnet-5.5,#574,partial,87.8,,"issue #574, escalated"
0x4644d0,555,sonnet-5.5,#574,matched,100.0,,"issue #574, escalated"
0x464700,473,sonnet-5.5,#574,partial,98.3,,"issue #574, escalated"
0x4b26f0,336,longcat-2.5-preview-free,#580,matched,100.0,,"issue #580, escalated"
0x4a51d0,485,deepseek-v4.1-flash,#581,matched,100.0,,"issue #581, escalated"
0x4a35a0,246,space-bunny-free,#585,partial,96.9,,"issue #585, escalated"
0x439b30,441,space-bunny-free,#586,partial,29.0,,"issue #586, escalated"
0x43adc0,500,space-bunny-free,#586,partial,80.7,,"issue #586, escalated"
0x4b7620,319,space-bunny-free,#589,partial,68.9,,"issue #589, escalated"
0x4b7760,370,space-bunny-free,#589,partial,59.4,,"issue #589, escalated"
0x4b90a0,260,space-bunny-free,#589,partial,83.9,,"issue #589, escalated"
0x4b9360,341,space-bunny-free,#589,partial,87.3,,"issue #589, escalated"
0x484b50,391,space-bunny-free,#591,partial,96.9,,"issue #591, escalated"
0x485070,208,space-bunny-free,#591,partial,87.0,,"issue #591, escalated"
0x4851c0,354,space-bunny-free,#591,partial,75.3,,"issue #591, escalated"
0x4c71f0,280,space-bunny-free,#592,partial,80.0,,"issue #592, escalated"
0x4c90b0,195,space-bunny-free,#592,partial,93.4,,"issue #592, escalated"
0x4b95a0,252,deepseek-v4.1-flash,#595,matched,100.0,,"issue #595, escalated"
0x4b9d70,234,deepseek-v4.1-flash,#595,partial,58.2,,"issue #595, escalated"
0x47dfc0,559,sonnet-5.5,#599,matched,100.0,,"issue #599, escalated"
0x46d2e0,475,space-bunny-free,#601,partial,88.4,,"issue #601, escalated"
0x46d6c0,416,space-bunny-free,#601,partial,83.6,,"issue #601, escalated"
0x46e640,546,space-bunny-free,#601,partial,99.6,,"issue #601, escalated"
0x4a4c90,215,gpt-5.6-terra,#605,partial,62.4,,"issue #605, escalated"
0x4b8500,465,mimo-v2.6-pro,#607,matched,100.0,,issue #607
0x4b86e0,481,mimo-v2.6-pro,#607,matched,100.0,,issue #607
0x4b88d0,427,mimo-v2.6-pro,#607,matched,100.0,,issue #607
0x4b8ec0,475,mimo-v2.6-pro,#607,matched,100.0,,issue #607
0x4b91b0,423,space-bunny-free,#608,partial,45.6,,issue #608
0x4ba000,430,space-bunny-free,#608,partial,98.7,,issue #608
0x4bb2e0,506,space-bunny-free,#608,matched,100.0,,issue #608
0x4bbe50,405,space-bunny-free,#608,matched,100.0,,issue #608
0x4bc640,447,space-bunny-free,#609,matched,100.0,,issue #609
0x4bcb50,442,space-bunny-free,#609,partial,90.2,,issue #609
0x4bcf80,454,space-bunny-free,#609,partial,78.2,,issue #609
0x4bd160,580,space-bunny-free,#609,partial,56.6,,issue #609
0x4bea20,589,space-bunny-free,#610,partial,24.7,,issue #610
0x4bf060,508,space-bunny-free,#610,matched,100.0,,issue #610
0x4c1830,516,space-bunny-free,#610,matched,100.0,,issue #610
0x4c1b80,456,space-bunny-free,#610,matched,100.0,,issue #610
0x4c2f60,434,space-bunny-free,#611,partial,66.0,,issue #611
0x4c4d70,547,space-bunny-free,#611,matched,100.0,,issue #611
0x4c54f0,583,space-bunny-free,#611,partial,57.0,,issue #611
0x4c59d0,415,space-bunny-free,#611,partial,90.9,,issue #611
0x4c9530,523,space-bunny-free,#612,no file,0,,issue #612
0x4caa40,506,space-bunny-free,#612,no file,0,,issue #612
0x4ce910,591,space-bunny-free,#612,matched,100.0,,issue #612
0x4ceb60,478,space-bunny-free,#612,no file,0,,issue #612
0x4cf940,499,space-bunny-free,#613,no file,0,,issue #613
0x4cfca0,403,space-bunny-free,#613,matched,100.0,,issue #613
0x4d1480,493,space-bunny-free,#613,partial,98.7,,issue #613
0x4d98c0,487,space-bunny-free,#613,matched,100.0,,issue #613
0x4da5b0,460,space-bunny-free,#614,no file,0,,issue #614
0x4db000,439,space-bunny-free,#614,partial,90.4,,issue #614
0x4db450,444,space-bunny-free,#614,no file,0,,issue #614
0x4e3400,423,space-bunny-free,#614,no file,0,,issue #614
0x49c9c0,600,space-bunny-free,#616,partial,74.6,,"issue #616, escalated"
0x4a35a0,246,sonnet-5.5,#618,matched,100.0,,"issue #618, escalated"
0x4cda00,307,deepseek-v4.1-flash,#623,partial,95.5,,"issue #623, escalated"
0x4c71f0,280,space-bunny-free,#624,partial,80.0,,"issue #624, escalated"
0x4c90b0,195,space-bunny-free,#624,partial,93.4,,"issue #624, escalated"
0x435a20,465,space-bunny-free,#627,matched,100.0,,"issue #627, escalated"
0x438ea0,505,space-bunny-free,#627,partial,54.0,,"issue #627, escalated"
0x4c01a0,353,space-bunny-free,#629,partial,48.3,,"issue #629, escalated"
0x4c06e0,200,space-bunny-free,#629,partial,74.1,,"issue #629, escalated"
0x4c0b10,352,space-bunny-free,#629,partial,55.8,,"issue #629, escalated"
0x4c1760,201,space-bunny-free,#629,partial,98.8,,"issue #629, escalated"
0x4c2f60,434,space-bunny-free,#632,matched,100.0,,"issue #632, escalated"
0x4c54f0,583,space-bunny-free,#632,partial,70.2,,"issue #632, escalated"
0x4c59d0,415,space-bunny-free,#632,partial,93.3,,"issue #632, escalated"
0x443ff0,424,space-bunny-free,#634,matched,100.0,,"issue #634, escalated"
0x4bfd60,167,space-bunny-free,#637,matched,100.0,,"issue #637, escalated"
0x4bfe10,267,space-bunny-free,#637,partial,55.7,,"issue #637, escalated"
0x4bff20,332,space-bunny-free,#637,matched,100.0,,"issue #637, escalated"
0x425210,544,space-bunny-free,#642,partial,99.6,,"issue #642, escalated"
0x425480,537,space-bunny-free,#642,partial,57.9,,"issue #642, escalated"
0x426200,420,space-bunny-free,#642,partial,97.9,,"issue #642, escalated"
0x4a76b0,370,space-bunny-free,#646,matched,100.0,,"issue #646, escalated"
0x4a7830,293,space-bunny-free,#646,matched,100.0,,"issue #646, escalated"
0x4a9780,164,space-bunny-free,#646,matched,100.0,,"issue #646, escalated"
0x4a9830,390,space-bunny-free,#646,partial,89.4,,"issue #646, escalated"
0x44f9c0,585,deepseek-v4.1-flash,#650,matched,100.0,,"issue #650, escalated"
0x4c2870,282,space-bunny-free,#652,partial,98.8,,"issue #652, escalated"
0x4e3750,393,space-bunny-free,#656,matched,100.0,,"issue #656, escalated"
0x425210,544,sonnet-5.5,#679,partial,99.6,,"issue #679, escalated"
0x425480,537,sonnet-5.5,#679,partial,80.5,,"issue #679, escalated"
0x426200,420,sonnet-5.5,#679,matched,100.0,,"issue #679, escalated"
0x4afa30,552,space-bunny-free,#680,matched,100.0,,"issue #680, escalated"
0x4b1c00,586,space-bunny-free,#680,partial,13.9,,"issue #680, escalated"
0x4bc370,314,gpt-5.6-terra,#681,partial,86.4,,"issue #681, escalated"
0x4a9830,390,sonnet-5.5,#683,matched,100.0,,"issue #683, escalated"
0x4ac4c0,325,longcat-2.5-preview-free,#685,partial,67.7,,"issue #685, escalated"
0x4ac7d0,207,longcat-2.5-preview-free,#685,matched,100.0,,"issue #685, escalated"
0x4ac8c0,167,longcat-2.5-preview-free,#685,partial,84.7,,"issue #685, escalated"
0x4c44c0,253,longcat-2.5-preview-free,#686,matched,100.0,,"issue #686, escalated"
0x4c2870,282,sonnet-5.5,#687,matched,100.0,,"issue #687, escalated"
0x4cf940,499,space-bunny-free,#688,partial,91.7,,"issue #688, escalated"
0x4d1480,493,space-bunny-free,#688,matched,100.0,,"issue #688, escalated"
0x49c9c0,600,sonnet-5.5,#689,matched,100.0,,"issue #689, escalated"
0x4c35c0,354,deepseek-v4.1-flash,#691,matched,100.0,,"issue #691, escalated"
0x4c5e70,293,gpt-5.6-terra,#692,partial,97.8,,"issue #692, escalated"
0x4c5ff0,214,gpt-5.6-terra,#692,partial,97.2,,"issue #692, escalated"
0x4c01a0,353,sonnet-5.5,#694,partial,62.0,,"issue #694, escalated"
0x4c06e0,200,sonnet-5.5,#694,partial,74.1,,"issue #694, escalated"
0x4c0b10,352,sonnet-5.5,#694,partial,98.4,,"issue #694, escalated"
0x4c1760,201,sonnet-5.5,#694,matched,100.0,,"issue #694, escalated"
0x4cf230,309,deepseek-v4.1-flash,#696,matched,100.0,,"issue #696, escalated"
0x4cff30,186,deepseek-v4.1-flash,#696,partial,77.3,,"issue #696, escalated"
0x4a2be0,597,gpt-5.6-terra,#697,partial,58.3,,"issue #697, escalated"
0x4a4440,477,gpt-5.6-terra,#697,matched,100.0,,"issue #697, escalated"
0x4a4660,556,gpt-5.6-terra,#697,partial,86.8,,"issue #697, escalated"
0x4a4980,462,gpt-5.6-terra,#697,matched,100.0,,"issue #697, escalated"
0x4b2040,590,gpt-5.6-terra,#698,partial,86.8,,"issue #698, escalated"
0x4b2540,423,gpt-5.6-terra,#698,partial,81.6,,"issue #698, escalated"
0x4b3770,577,gpt-5.6-terra,#698,partial,68.6,,"issue #698, escalated"
0x4b4d70,409,gpt-5.6-terra,#698,matched,100.0,,"issue #698, escalated"
0x4d0720,205,longcat-2.5-preview-free,#699,partial,97.5,,"issue #699, escalated"
0x4d07f0,275,longcat-2.5-preview-free,#699,partial,82.7,,"issue #699, escalated"
0x4d0910,206,longcat-2.5-preview-free,#699,partial,76.1,,"issue #699, escalated"
0x4d0de0,373,longcat-2.5-preview-free,#699,partial,57.3,,"issue #699, escalated"
0x4df4e0,175,deepseek-v4.1-flash,#700,matched,100.0,,"issue #700, escalated"
0x4dfd50,290,deepseek-v4.1-flash,#700,matched,100.0,,"issue #700, escalated"
0x439b30,441,sonnet-5.5,#702,matched,100.0,,"issue #702, escalated"
0x43adc0,500,sonnet-5.5,#702,matched,100.0,,"issue #702, escalated"
0x438ea0,505,sonnet-5.5,#705,partial,54.0,,"issue #705, escalated"
0x4bfe10,267,opus,#707,partial,74.9,,"issue #707, escalated"
0x438c00,660,deepseek-v4.1-flash,#711,partial,44.7,,issue #711
0x4394e0,601,deepseek-v4.1-flash,#711,partial,36.0,,issue #711
0x439740,674,deepseek-v4.1-flash,#711,matched,100.0,,issue #711
0x43a970,740,deepseek-v4.1-flash,#712,partial,86.2,,issue #712
0x43b400,768,deepseek-v4.1-flash,#712,matched,100.0,,issue #712
0x43b7c0,780,deepseek-v4.1-flash,#712,partial,59.1,,issue #712
0x43bc90,909,space-bunny-free,#713,partial,56.0,,issue #713
0x43c050,753,space-bunny-free,#713,partial,82.0,,issue #713
0x43c3a0,773,space-bunny-free,#713,matched,100.0,,issue #713
0x43cd20,943,space-bunny-free,#714,partial,47.5,,issue #714
0x43d6d0,920,space-bunny-free,#714,partial,51.0,,issue #714
0x440500,816,space-bunny-free,#714,partial,55.8,,issue #714
0x440d70,775,space-bunny-free,#715,matched,100.0,,issue #715
0x441c30,973,space-bunny-free,#715,partial,94.0,,issue #715
0x443100,888,space-bunny-free,#715,partial,94.8,,issue #715
0x443cb0,824,space-bunny-free,#716,partial,98.2,,issue #716
0x444ea0,616,space-bunny-free,#716,matched,100.0,,issue #716
0x4478b0,607,space-bunny-free,#716,matched,100.0,,issue #716
0x44b690,761,mimo-v2.6-pro,#717,matched,100.0,,issue #717
0x44b990,635,mimo-v2.6-pro,#717,partial,99.5,,issue #717
0x44bc10,605,mimo-v2.6-pro,#717,matched,100.0,,issue #717
0x44c420,889,deepseek-v4.1-flash,#718,matched,100.0,,issue #718
0x44da00,606,deepseek-v4.1-flash,#718,partial,65.6,,issue #718
0x450530,977,deepseek-v4.1-flash,#718,partial,36.4,,issue #718
0x450a10,872,deepseek-v4.1-flash,#719,partial,80.0,,issue #719
0x451220,800,deepseek-v4.1-flash,#719,partial,84.3,,issue #719
0x4517b0,937,deepseek-v4.1-flash,#719,matched,100.0,,issue #719
0x451fd0,915,deepseek-v4.1-flash,#720,no file,0,,issue #720
0x452cc0,848,deepseek-v4.1-flash,#720,partial,49.9,,issue #720
0x453010,772,deepseek-v4.1-flash,#720,partial,24.0,,issue #720
0x453640,687,deepseek-v4.1-flash,#721,partial,84.8,,issue #721
0x456310,641,deepseek-v4.1-flash,#721,partial,88.7,,issue #721
0x4589c0,861,deepseek-v4.1-flash,#721,no file,0,,issue #721
0x45ac20,608,space-bunny-free,#722,matched,100.0,,issue #722
0x45da90,923,space-bunny-free,#722,matched,100.0,,issue #722
0x45de30,710,space-bunny-free,#722,matched,100.0,,issue #722
0x45e100,946,deepseek-v4.1-flash,#723,matched,100.0,,issue #723
0x45ead0,632,deepseek-v4.1-flash,#723,matched,100.0,,issue #723
0x45fc60,836,deepseek-v4.1-flash,#723,matched,100.0,,issue #723
0x4609b0,777,space-bunny-free,#724,matched,100.0,,issue #724
0x461fd0,919,space-bunny-free,#724,partial,38.0,,issue #724
0x465ac0,865,space-bunny-free,#724,partial,95.8,,issue #724
0x4689c0,803,nemotron-3.5-lightning-free,#725,no file,0,,issue #725
0x46bf30,602,nemotron-3.5-lightning-free,#725,partial,40.8,,issue #725
0x46cc10,678,nemotron-3.5-lightning-free,#725,no file,0,,issue #725
0x4464d0,475,deepseek-v4.1-flash,#727,matched,100.0,,"issue #727, escalated"
0x446fb0,414,deepseek-v4.1-flash,#727,partial,28.8,,"issue #727, escalated"
0x441220,517,space-bunny-free,#728,partial,65.5,,"issue #728, escalated"
0x442050,408,space-bunny-free,#728,partial,98.3,,"issue #728, escalated"
0x4da5b0,460,space-bunny-free,#729,matched,100.0,,"issue #729, escalated"
0x4db000,439,space-bunny-free,#729,matched,100.0,,"issue #729, escalated"
0x4db450,444,space-bunny-free,#729,partial,92.9,,"issue #729, escalated"
0x4e3400,423,space-bunny-free,#729,matched,100.0,,"issue #729, escalated"
0x4c9530,523,space-bunny-free,#730,matched,100.0,,"issue #730, escalated"
0x4caa40,506,space-bunny-free,#730,matched,100.0,,"issue #730, escalated"
0x4ceb60,478,space-bunny-free,#730,matched,100.0,,"issue #730, escalated"
0x4b91b0,423,space-bunny-free,#734,partial,51.7,,"issue #734, escalated"
0x4ba000,430,space-bunny-free,#734,partial,98.7,,"issue #734, escalated"
0x44ec30,546,deepseek-v4.1-flash,#736,partial,99.6,,"issue #736, escalated"
0x47a760,372,sonnet-5.5,#743,matched,100.0,,"issue #743, escalated"
0x48d790,388,sonnet-5.5,#744,partial,89.6,,"issue #744, escalated"
0x47e5c0,386,sonnet-5.5,#746,partial,67.5,,"issue #746, escalated"
0x47ee30,171,sonnet-5.5,#746,partial,91.2,,"issue #746, escalated"
0x47eee0,224,sonnet-5.5,#746,partial,86.2,,"issue #746, escalated"
0x4584d0,461,space-bunny-free,#749,partial,74.1,,"issue #749, escalated"
0x458810,427,space-bunny-free,#749,partial,81.9,,"issue #749, escalated"
0x458dd0,449,space-bunny-free,#749,matched,100.0,,"issue #749, escalated"
0x48a870,261,sonnet-5.5,#755,partial,86.9,,"issue #755, escalated"
0x48a9f0,206,sonnet-5.5,#755,matched,100.0,,"issue #755, escalated"
0x48b090,367,sonnet-5.5,#755,partial,93.2,,"issue #755, escalated"
0x446fb0,414,longcat-2.5-preview-free,#756,partial,51.6,,"issue #756, escalated"
0x441220,517,space-bunny-free,#757,partial,97.2,,"issue #757, escalated"
0x442050,408,space-bunny-free,#757,matched,100.0,,"issue #757, escalated"
0x44ec30,546,sonnet-5.5,#759,partial,99.6,,"issue #759, escalated"
0x49aa80,301,longcat-2.5-preview-free,#762,partial,61.8,,"issue #762, escalated"
0x4cb370,325,space-bunny-free,#764,matched,100.0,,"issue #764, escalated"
0x44b990,635,space-bunny-free,#773,partial,99.5,,"issue #773, escalated"
0x44da00,606,deepseek-v4.1-flash,#774,matched,100.0,,"issue #774, escalated"
0x450530,977,deepseek-v4.1-flash,#774,partial,52.3,,"issue #774, escalated"
0x473590,301,,#776,assigned,,,"issue #776, escalated"
0x473a00,300,,#776,assigned,,,"issue #776, escalated"
0x474170,301,,#776,assigned,,,"issue #776, escalated"
0x4c54f0,583,,#777,assigned,,,"issue #777, escalated"
0x4c59d0,415,,#777,assigned,,,"issue #777, escalated"
0x473b50,499,longcat-2.5-preview-free,#778,partial,88.0,,"issue #778, escalated"
0x4745e0,306,longcat-2.5-preview-free,#779,partial,79.8,,"issue #779, escalated"
0x474b80,303,longcat-2.5-preview-free,#779,partial,84.6,,"issue #779, escalated"
0x46eba0,936,longcat-2.5-preview-free,#780,partial,53.8,,issue #780
0x46ef50,643,longcat-2.5-preview-free,#780,no file,0,,issue #780
0x46f7a0,798,longcat-2.5-preview-free,#780,no file,0,,issue #780
0x46fb80,731,deepseek-v4.1-flash,#781,matched,100.0,,issue #781
0x4707a0,661,deepseek-v4.1-flash,#781,matched,100.0,,issue #781
0x473d50,983,deepseek-v4.1-flash,#781,partial,79.2,,issue #781
0x474880,630,deepseek-v4.1-flash,#782,matched,100.0,,issue #782
0x4758c0,779,deepseek-v4.1-flash,#782,partial,84.0,,issue #782
0x475bd0,791,deepseek-v4.1-flash,#782,partial,91.5,,issue #782
0x475ef0,794,deepseek-v4.1-flash,#783,partial,82.9,,issue #783
0x476210,636,deepseek-v4.1-flash,#783,partial,89.6,,issue #783
0x476490,632,deepseek-v4.1-flash,#783,partial,60.7,,issue #783
0x478790,944,deepseek-v4.1-flash,#784,matched,100.0,,issue #784
0x47c790,816,deepseek-v4.1-flash,#784,matched,100.0,,issue #784
0x47e2d0,658,deepseek-v4.1-flash,#784,matched,100.0,,issue #784
0x47ea40,746,deepseek-v4.1-flash,#785,matched,100.0,,issue #785
0x47f300,775,deepseek-v4.1-flash,#785,partial,86.1,,issue #785
0x480770,932,deepseek-v4.1-flash,#785,matched,100.0,,issue #785
0x480eb0,656,deepseek-v4.1-flash,#786,matched,100.0,,issue #786
0x4816a0,654,deepseek-v4.1-flash,#786,partial,88.5,,issue #786
0x481d50,821,deepseek-v4.1-flash,#786,partial,50.0,,issue #786
0x482270,817,deepseek-v4.1-flash,#787,partial,47.5,,issue #787
0x4848e0,619,deepseek-v4.1-flash,#787,partial,88.1,,issue #787
0x485a40,756,deepseek-v4.1-flash,#787,partial,85.3,,issue #787
0x485f50,631,sonnet-5.5,#788,partial,89.1,,issue #788
0x488570,657,sonnet-5.5,#788,matched,100.0,,issue #788
0x488fb0,649,sonnet-5.5,#788,matched,100.0,,issue #788
0x489280,618,space-bunny-free,#789,matched,100.0,,issue #789
0x489ce0,697,space-bunny-free,#789,partial,98.6,,issue #789
0x48a1e0,604,space-bunny-free,#789,partial,96.2,,issue #789
0x4db450,444,space-bunny-free,#792,partial,92.9,,"issue #792, escalated"
0x4c70d0,280,deepseek-v4.1-flash,#793,partial,78.9,,"issue #793, escalated"
0x438c00,660,space-bunny-free,#797,partial,51.0,,"issue #797, escalated"
0x4394e0,601,space-bunny-free,#797,partial,65.2,,"issue #797, escalated"
0x46b900,196,deepseek-v4.1-flash,#799,matched,100.0,,"issue #799, escalated"
0x450a10,872,space-bunny-free,#800,partial,87.6,,"issue #800, escalated"
0x451220,800,space-bunny-free,#800,matched,100.0,,"issue #800, escalated"
0x43cd20,943,deepseek-v4.1-flash,#803,partial,45.2,,"issue #803, escalated"
0x43d6d0,920,deepseek-v4.1-flash,#803,partial,52.2,,"issue #803, escalated"
0x440500,816,deepseek-v4.1-flash,#803,matched,100.0,,"issue #803, escalated"
0x4658e0,469,,#805,assigned,,,"issue #805, escalated"
0x466c20,402,,#805,assigned,,,"issue #805, escalated"
0x4b91b0,423,space-bunny-free,#808,partial,51.7,,"issue #808, escalated"
0x4ba000,430,space-bunny-free,#808,partial,98.7,,"issue #808, escalated"
0x443cb0,824,deepseek-v4.1-flash,#810,matched,100.0,,"issue #810, escalated"
0x4bea20,589,space-bunny-free,#815,matched,100.0,,"issue #815, escalated"
0x47bf70,472,space-bunny-free,#819,matched,100.0,,"issue #819, escalated"
0x47d0e0,505,space-bunny-free,#819,partial,41.9,,"issue #819, escalated"
0x441c30,973,deepseek-v4.1-flash,#822,matched,100.0,,"issue #822, escalated"
0x443100,888,deepseek-v4.1-flash,#822,partial,99.6,,"issue #822, escalated"
0x4825b0,504,space-bunny-free,#825,matched,100.0,,"issue #825, escalated"
0x43bc90,909,deepseek-v4.1-flash,#827,partial,56.0,,"issue #827, escalated"
0x43c050,753,deepseek-v4.1-flash,#827,partial,84.5,,"issue #827, escalated"
0x450a10,872,,#828,assigned,,,"issue #828, escalated"
0x43a970,740,space-bunny-free,#831,matched,100.0,,"issue #831, escalated"
0x43b7c0,780,space-bunny-free,#831,partial,59.1,,"issue #831, escalated"
0x438c00,660,,#833,assigned,,,"issue #833, escalated"
0x4394e0,601,,#833,assigned,,,"issue #833, escalated"
0x4a2be0,597,,#835,assigned,,,"issue #835, escalated"
0x4a4660,556,,#835,assigned,,,"issue #835, escalated"
0x489ce0,697,deepseek-v4.1-flash,#837,matched,100.0,,"issue #837, escalated"
0x48a1e0,604,deepseek-v4.1-flash,#837,matched,100.0,,"issue #837, escalated"
0x4ac4c0,325,space-bunny-free,#838,partial,72.4,,"issue #838, escalated"
0x4ac8c0,167,space-bunny-free,#838,partial,88.1,,"issue #838, escalated"
0x451fd0,915,deepseek-v4.1-flash,#842,partial,76.3,,"issue #842, escalated"
0x452cc0,848,deepseek-v4.1-flash,#842,partial,83.6,,"issue #842, escalated"
0x453010,772,deepseek-v4.1-flash,#842,partial,84.1,,"issue #842, escalated"
0x453640,687,deepseek-v4.1-flash,#844,matched,100.0,,"issue #844, escalated"
0x456310,641,deepseek-v4.1-flash,#844,matched,100.0,,"issue #844, escalated"
0x4589c0,861,deepseek-v4.1-flash,#844,partial,38.4,,"issue #844, escalated"
0x46c920,317,sonnet-5.5,#846,matched,100.0,,"issue #846, escalated"
0x46ca60,381,sonnet-5.5,#846,matched,100.0,,"issue #846, escalated"
0x48b920,434,sonnet-5.5,#848,matched,100.0,,"issue #848, escalated"
0x4732e0,537,space-bunny-free,#850,partial,57.9,,"issue #850, escalated"
0x48a490,857,space-bunny-free,#851,partial,27.7,,issue #851
0x48ad30,849,space-bunny-free,#851,partial,73.8,,issue #851
0x48b3f0,790,space-bunny-free,#851,partial,80.8,,issue #851
0x48c390,773,space-bunny-free,#852,partial,91.5,,issue #852
0x48cf30,742,space-bunny-free,#852,partial,62.0,,issue #852
0x48d9a0,644,space-bunny-free,#852,partial,60.4,,issue #852
0x4917d0,663,sonnet-5.5,#853,matched,100.0,,issue #853
0x492b10,715,sonnet-5.5,#853,matched,100.0,,issue #853
0x492df0,618,sonnet-5.5,#853,partial,98.4,,issue #853
0x4936f0,994,sonnet-5.5,#854,partial,94.2,,issue #854
0x495230,601,sonnet-5.5,#854,partial,98.7,,issue #854
0x496790,711,sonnet-5.5,#854,partial,67.2,,issue #854
0x49b090,844,space-bunny-free,#855,partial,66.0,,issue #855
0x49d270,774,space-bunny-free,#855,partial,55.7,,issue #855
0x49d580,761,space-bunny-free,#855,partial,49.2,,issue #855
0x49e1a0,969,sonnet-5.5,#857,no file,0,,issue #857
0x4a2e40,640,sonnet-5.5,#857,partial,92.0,,issue #857
0x4a32a0,765,sonnet-5.5,#857,partial,48.6,,issue #857
0x4a3ef0,629,space-bunny-free,#858,partial,15.0,,issue #858
0x4a4170,714,space-bunny-free,#858,partial,80.9,,issue #858
0x4a4d70,661,space-bunny-free,#858,partial,98.7,,issue #858
0x4a53c0,748,space-bunny-free,#859,partial,61.5,,issue #859
0x4a7290,706,space-bunny-free,#859,partial,51.9,,issue #859
0x4abd90,748,space-bunny-free,#859,matched,100.0,,issue #859
0x4ad4f0,914,space-bunny-free,#860,matched,100.0,,issue #860
0x4aeac0,732,space-bunny-free,#860,partial,74.6,,issue #860
0x4aefa0,895,space-bunny-free,#860,partial,72.2,,issue #860
0x4af320,642,space-bunny-free,#861,partial,90.8,,issue #861
0x4af670,945,space-bunny-free,#861,partial,90.0,,issue #861
0x4b0230,631,space-bunny-free,#861,partial,24.6,,issue #861
0x47d0e0,505,space-bunny-free,#863,partial,80.3,,"issue #863, escalated"
0x497ce0,595,,#866,assigned,,,"issue #866, escalated"
0x458fa0,455,deepseek-v4.1-flash,#867,partial,84.1,,"issue #867, escalated"
0x45f8c0,504,deepseek-v4.1-flash,#867,partial,98.7,,"issue #867, escalated"
0x48cd80,428,space-bunny-free,#868,partial,90.4,,"issue #868, escalated"
0x48d220,499,space-bunny-free,#868,matched,100.0,,"issue #868, escalated"
0x4bcb50,442,space-bunny-free,#870,partial,90.2,,"issue #870, escalated"
0x4bcf80,454,space-bunny-free,#870,partial,78.2,,"issue #870, escalated"
0x4bd160,580,space-bunny-free,#870,partial,56.6,,"issue #870, escalated"
0x4bcb50,442,space-bunny-free,#873,partial,90.2,,"issue #873, escalated"
0x4bcf80,454,space-bunny-free,#873,partial,81.6,,"issue #873, escalated"
0x4bd160,580,space-bunny-free,#873,partial,66.3,,"issue #873, escalated"
0x499890,411,space-bunny-free,#874,matched,100.0,,"issue #874, escalated"
0x499eb0,517,space-bunny-free,#874,partial,89.8,,"issue #874, escalated"
0x49a890,488,space-bunny-free,#874,partial,44.1,,"issue #874, escalated"
0x49abb0,568,space-bunny-free,#874,partial,90.9,,"issue #874, escalated"
0x4624a0,570,space-bunny-free,#875,partial,67.3,,"issue #875, escalated"
0x49db70,486,deepseek-v4.1-flash,#877,matched,100.0,,"issue #877, escalated"
0x4a05e0,494,deepseek-v4.1-flash,#877,partial,53.8,,"issue #877, escalated"
0x4a09c0,545,deepseek-v4.1-flash,#877,matched,100.0,,"issue #877, escalated"
0x461fd0,919,space-bunny-free,#882,partial,61.0,,"issue #882, escalated"
0x465ac0,865,space-bunny-free,#882,partial,95.8,,"issue #882, escalated"
0x46eba0,936,deepseek-v4.1-flash,#883,partial,67.6,,"issue #883, escalated"
0x46ef50,643,deepseek-v4.1-flash,#883,matched,100.0,,"issue #883, escalated"
0x46f7a0,798,deepseek-v4.1-flash,#883,partial,80.1,,"issue #883, escalated"
0x4689c0,803,space-bunny-free,#885,matched,100.0,,"issue #885, escalated"
0x46bf30,602,space-bunny-free,#885,matched,100.0,,"issue #885, escalated"
0x46cc10,678,space-bunny-free,#885,matched,100.0,,"issue #885, escalated"
0x4a4c90,215,longcat-2.5-preview-free,#886,partial,62.4,,"issue #886, escalated"
0x43b7c0,780,,#887,assigned,,,"issue #887, escalated"
0x4cda00,307,space-bunny-free,#890,matched,100.0,,"issue #890, escalated"
0x4bc370,314,space-bunny-free,#891,partial,86.4,,"issue #891, escalated"
0x4c5e70,293,sonnet-5.5,#894,matched,100.0,,"issue #894, escalated"
0x4c5ff0,214,sonnet-5.5,#894,matched,100.0,,"issue #894, escalated"
0x48a490,857,space-bunny-free,#899,partial,65.5,,"issue #899, escalated"
0x48ad30,849,space-bunny-free,#899,partial,74.2,,"issue #899, escalated"
0x48b3f0,790,space-bunny-free,#899,matched,100.0,,"issue #899, escalated"
0x48c390,773,space-bunny-free,#901,partial,96.8,,"issue #901, escalated"
0x48cf30,742,space-bunny-free,#901,partial,63.4,,"issue #901, escalated"
0x48d9a0,644,space-bunny-free,#901,partial,82.6,,"issue #901, escalated"
0x4b2040,590,deepseek-v4.1-flash,#903,partial,94.1,,"issue #903, escalated"
0x4b2540,423,deepseek-v4.1-flash,#903,matched,100.0,,"issue #903, escalated"
0x4b3770,577,deepseek-v4.1-flash,#903,partial,99.0,,"issue #903, escalated"
0x4d0720,205,deepseek-v4.1-flash,#904,partial,97.5,,"issue #904, escalated"
0x4d07f0,275,deepseek-v4.1-flash,#904,partial,88.7,,"issue #904, escalated"
0x4d0910,206,deepseek-v4.1-flash,#904,partial,94.7,,"issue #904, escalated"
0x4d0de0,373,deepseek-v4.1-flash,#904,matched,100.0,,"issue #904, escalated"
0x4a53c0,748,space-bunny-free,#907,partial,76.7,,"issue #907, escalated"
0x4a7290,706,space-bunny-free,#907,partial,52.6,,"issue #907, escalated"
0x450530,977,space-bunny-free,#909,partial,52.3,,"issue #909, escalated"
0x44b990,635,space-bunny-free,#911,partial,99.5,,"issue #911, escalated"
0x4b9d70,234,space-bunny-free,#914,partial,80.0,,"issue #914, escalated"
0x473d50,983,space-bunny-free,#917,matched,100.0,,"issue #917, escalated"
0x4cff30,186,space-bunny-free,#921,matched,100.0,,"issue #921, escalated"
0x4af320,642,space-bunny-free,#923,partial,92.9,,"issue #923, escalated"
0x4af670,945,space-bunny-free,#923,partial,99.1,,"issue #923, escalated"
0x4b0230,631,space-bunny-free,#923,partial,46.2,,"issue #923, escalated"
0x4af320,642,space-bunny-free,#924,partial,92.9,,"issue #924, escalated"
0x4af670,945,space-bunny-free,#924,partial,99.1,,"issue #924, escalated"
0x4b0230,631,space-bunny-free,#924,partial,46.2,,"issue #924, escalated"
0x4b2850,624,space-bunny-free,#925,matched,100.0,,issue #925
0x4b3020,748,space-bunny-free,#925,matched,100.0,,issue #925
0x4b39c0,662,space-bunny-free,#925,partial,99.6,,issue #925
0x4b4270,737,space-bunny-free,#926,partial,46.0,,issue #926
0x4b5070,619,space-bunny-free,#926,partial,53.7,,issue #926
0x4b5980,820,space-bunny-free,#926,partial,75.7,,issue #926
0x4b7b00,755,sonnet-5.5,#927,matched,100.0,,issue #927
0x4b9740,778,sonnet-5.5,#927,partial,93.2,,issue #927
0x4b9a50,799,sonnet-5.5,#927,partial,93.4,,issue #927
0x4ba200,689,sonnet-5.5,#928,partial,66.2,,issue #928
0x4bdd70,661,sonnet-5.5,#928,partial,85.8,,issue #928
0x4be400,699,sonnet-5.5,#928,partial,99.2,,issue #928
0x4be6c0,649,sonnet-5.5,#929,matched,100.0,,issue #929
0x4bf260,610,sonnet-5.5,#929,matched,100.0,,issue #929
0x4c0330,932,sonnet-5.5,#929,partial,75.9,,issue #929
0x4c0820,613,space-bunny-free,#930,partial,35.9,,issue #930
0x4c0c70,897,space-bunny-free,#930,partial,79.4,,issue #930
0x4c1000,791,space-bunny-free,#930,partial,56.4,,issue #930
0x4c14f0,617,sonnet-5.5,#931,partial,65.0,,issue #931
0x4c25e0,647,sonnet-5.5,#931,matched,100.0,,issue #931
0x4c51e0,649,sonnet-5.5,#931,matched,100.0,,issue #931
0x4c7310,617,space-bunny-free,#932,matched,100.0,,issue #932
0x4cac40,640,space-bunny-free,#932,partial,56.0,,issue #932
0x4cf570,646,space-bunny-free,#932,partial,54.3,,issue #932
0x4d02a0,895,space-bunny-free,#933,partial,40.9,,issue #933
0x4d9ca0,647,space-bunny-free,#933,partial,69.5,,issue #933
0x4dacf0,780,space-bunny-free,#933,partial,48.5,,issue #933
0x4db1c0,646,space-bunny-free,#934,partial,58.9,,issue #934
0x4db7d0,624,space-bunny-free,#934,partial,69.2,,issue #934
0x4dbec0,621,space-bunny-free,#934,partial,95.6,,issue #934
0x4584d0,461,space-bunny-free,#939,partial,79.6,,"issue #939, escalated"
0x458810,427,space-bunny-free,#939,partial,81.9,,"issue #939, escalated"
0x4758c0,779,deepseek-v4.1-flash,#940,partial,84.0,,"issue #940, escalated"
0x475bd0,791,deepseek-v4.1-flash,#940,partial,91.5,,"issue #940, escalated"
0x48c390,773,space-bunny-free,#945,matched,100.0,,"issue #945, escalated"
0x48cf30,742,space-bunny-free,#945,partial,63.4,,"issue #945, escalated"
0x48d9a0,644,space-bunny-free,#945,partial,83.6,,"issue #945, escalated"
0x48a490,857,muse-spark-1.3-free,#946,partial,70.8,,"issue #946, escalated"
0x48ad30,849,muse-spark-1.3-free,#946,partial,74.2,,"issue #946, escalated"
0x461fd0,919,muse-spark-1.3-free,#950,partial,63.7,,"issue #950, escalated"
0x465ac0,865,muse-spark-1.3-free,#950,partial,95.8,,"issue #950, escalated"
0x49b090,844,space-bunny-free,#951,partial,66.0,,"issue #951, escalated"
0x49d270,774,space-bunny-free,#951,partial,61.6,,"issue #951, escalated"
0x49d580,761,space-bunny-free,#951,partial,50.4,,"issue #951, escalated"
0x475ef0,794,space-bunny-free,#953,partial,83.0,,"issue #953, escalated"
0x476210,636,space-bunny-free,#953,partial,99.6,,"issue #953, escalated"
0x476490,632,space-bunny-free,#953,partial,75.1,,"issue #953, escalated"
0x4bcb50,442,space-bunny-free,#954,partial,90.2,,"issue #954, escalated"
0x4bcf80,454,space-bunny-free,#954,matched,100.0,,"issue #954, escalated"
0x4bd160,580,space-bunny-free,#954,partial,95.7,,"issue #954, escalated"
0x485f50,631,space-bunny-free,#957,matched,100.0,,"issue #957, escalated"
0x4bcb50,442,sonnet-5.5,#959,matched,100.0,,"issue #959, escalated"
0x4bcf80,454,sonnet-5.5,#959,matched,100.0,,"issue #959, escalated"
0x4bd160,580,sonnet-5.5,#959,partial,96.7,,"issue #959, escalated"
0x4dc680,643,space-bunny-free,#960,partial,100.0,,issue #960
0x4dce60,746,space-bunny-free,#960,matched,100.0,,issue #960
0x4dd430,730,space-bunny-free,#960,matched,100.0,,issue #960
0x4dd8c0,785,space-bunny-free,#961,partial,29.8,,issue #961
0x4de180,823,space-bunny-free,#961,matched,100.0,,issue #961
0x4dea00,850,space-bunny-free,#961,partial,64.6,,issue #961
0x4e07e0,934,space-bunny-free,#962,partial,88.7,,issue #962
0x4e2250,801,space-bunny-free,#962,partial,66.4,,issue #962
0x4e2620,816,space-bunny-free,#962,partial,54.4,,issue #962
0x4e3080,833,space-bunny-free,#963,matched,100.0,,issue #963
0x4aeac0,732,deepseek-v4.1-flash,#1049,partial,75.3,,"issue #1049, escalated"
0x4aefa0,895,deepseek-v4.1-flash,#1049,partial,72.2,,"issue #1049, escalated"
0x492df0,618,space-bunny-free,#1050,matched,100.0,,"issue #1050, escalated"
0x4db1c0,646,space-bunny-free,#1051,partial,59.9,,"issue #1051, escalated"
0x4db7d0,624,space-bunny-free,#1051,partial,73.1,,"issue #1051, escalated"
0x4dbec0,621,space-bunny-free,#1051,partial,95.6,,"issue #1051, escalated"
0x47f300,775,space-bunny-free,#1053,partial,86.5,,"issue #1053, escalated"
0x4816a0,654,deepseek-v4.1-flash,#1054,partial,88.5,,"issue #1054, escalated"
0x481d50,821,deepseek-v4.1-flash,#1054,partial,52.7,,"issue #1054, escalated"
0x482270,817,space-bunny-free,#1055,partial,50.3,,"issue #1055, escalated"
0x4848e0,619,space-bunny-free,#1055,matched,100.0,,"issue #1055, escalated"
0x485a40,756,space-bunny-free,#1055,partial,85.9,,"issue #1055, escalated"
0x4b4270,737,deepseek-v4.1-flash,#1056,partial,61.1,,"issue #1056, escalated"
0x4b5070,619,deepseek-v4.1-flash,#1056,partial,53.7,,"issue #1056, escalated"
0x4b5980,820,deepseek-v4.1-flash,#1056,partial,77.0,,"issue #1056, escalated"
0x4936f0,994,space-bunny-free,#1057,partial,97.1,,"issue #1057, escalated"
0x495230,601,space-bunny-free,#1057,matched,100.0,,"issue #1057, escalated"
0x496790,711,space-bunny-free,#1057,matched,100.0,,"issue #1057, escalated"
0x49e1a0,969,longcat-2.5-preview-free,#1058,partial,73.5,,"issue #1058, escalated"
0x4a2e40,640,longcat-2.5-preview-free,#1058,partial,92.1,,"issue #1058, escalated"
0x4a32a0,765,longcat-2.5-preview-free,#1058,partial,61.2,,"issue #1058, escalated"
0x43cd20,943,space-bunny-free,#1059,partial,45.2,,"issue #1059, escalated"
0x43d6d0,920,space-bunny-free,#1059,partial,52.2,,"issue #1059, escalated"
0x443100,888,space-bunny-free,#1060,partial,99.6,,"issue #1060, escalated"
0x4b9740,778,space-bunny-free,#1061,partial,93.2,,"issue #1061, escalated"
0x4b9a50,799,space-bunny-free,#1061,partial,98.6,,"issue #1061, escalated"
0x4a3ef0,629,,#1062,assigned,,,"issue #1062, escalated"
0x4a4170,714,,#1062,assigned,,,"issue #1062, escalated"
0x4a4d70,661,,#1062,assigned,,,"issue #1062, escalated"
0x4a05e0,494,deepseek-v4.1-flash,#1063,partial,52.2,,"issue #1063, escalated"
0x4589c0,861,deepseek-v4.1-flash,#1064,partial,54.6,,"issue #1064, escalated"
0x451fd0,915,,#1065,assigned,,,"issue #1065, escalated"
0x452cc0,848,,#1065,assigned,,,"issue #1065, escalated"
0x453010,772,,#1065,assigned,,,"issue #1065, escalated"
0x43bc90,909,,#1066,assigned,,,"issue #1066, escalated"
0x43c050,753,,#1066,assigned,,,"issue #1066, escalated"
0x4ba200,689,space-bunny-free,#1067,partial,66.2,,"issue #1067, escalated"
0x4bdd70,661,space-bunny-free,#1067,partial,91.0,,"issue #1067, escalated"
0x4be400,699,space-bunny-free,#1067,partial,99.2,,"issue #1067, escalated"
0x4dd8c0,785,,#1068,assigned,,,"issue #1068, escalated"
0x4dea00,850,,#1068,assigned,,,"issue #1068, escalated"
0x4e07e0,934,,#1069,assigned,,,"issue #1069, escalated"
0x4e2250,801,,#1069,assigned,,,"issue #1069, escalated"
0x4e2620,816,,#1069,assigned,,,"issue #1069, escalated"
0x49b090,844,space-bunny-free,#1070,partial,72.8,,"issue #1070, escalated"
0x49d270,774,space-bunny-free,#1070,partial,81.7,,"issue #1070, escalated"
0x49d580,761,space-bunny-free,#1070,partial,77.6,,"issue #1070, escalated"
0x4c14f0,617,deepseek-v4.1-flash,#1071,matched,100.0,,"issue #1071, escalated"
0x4758c0,779,space-bunny-free,#1072,partial,88.9,,"issue #1072, escalated"
0x475bd0,791,space-bunny-free,#1072,partial,91.5,,"issue #1072, escalated"
0x4dc680,643,space-bunny-free,#1073,matched,100.0,,"issue #1073, escalated"
0x4390a0,1073,,#987,assigned,,,issue #987
0x43a420,1300,,#987,assigned,,,issue #987
0x43d290,1074,,#987,assigned,,,issue #987
0x43e490,3152,,#988,assigned,,,issue #988
0x43f0e0,4420,,#988,assigned,,,issue #988
0x441460,1874,,#988,assigned,,,issue #988
0x442a30,1594,,#989,assigned,,,issue #989
0x4437c0,1253,,#989,assigned,,,issue #989
0x4455b0,1468,,#989,assigned,,,issue #989
0x447380,1318,,#990,assigned,,,issue #990
0x447b10,4306,,#990,assigned,,,issue #990
0x448c70,3902,,#990,assigned,,,issue #990
0x449bb0,2756,,#991,assigned,,,issue #991
0x44a680,2340,,#991,assigned,,,issue #991
0x44c7e0,1586,,#991,assigned,,,issue #991
0x453d40,8944,,#992,assigned,,,issue #992
0x4568c0,1310,,#992,assigned,,,issue #992
0x457d30,1061,,#992,assigned,,,issue #992
0x459200,1506,,#993,assigned,,,issue #993
0x459830,1082,,#993,assigned,,,issue #993
0x459c70,2047,,#993,assigned,,,issue #993
0x45d280,1333,,#994,assigned,,,issue #994
0x45e5e0,1262,,#994,assigned,,,issue #994
0x45ed50,1083,,#994,assigned,,,issue #994
0x45f1d0,1431,,#995,assigned,,,issue #995
0x462f30,1653,,#995,assigned,,,issue #995
0x463790,1040,,#995,assigned,,,issue #995
0x464f80,2392,,#996,assigned,,,issue #996
0x466dc0,1662,,#996,assigned,,,issue #996
0x467440,1015,,#996,assigned,,,issue #996
0x467e50,1212,,#997,assigned,,,issue #997
0x4685a0,1045,,#997,assigned,,,issue #997
0x468cf0,5904,,#997,assigned,,,issue #997
0x46a860,4247,,#998,assigned,,,issue #998
0x46dad0,1024,,#998,assigned,,,issue #998
0x46f1e0,1254,,#998,assigned,,,issue #998
0x476ef0,1124,,#999,assigned,,,issue #999
0x477ab0,1935,,#999,assigned,,,issue #999
0x478240,1348,,#999,assigned,,,issue #999
0x478e80,1615,,#1000,assigned,,,issue #1000
0x4797e0,1034,,#1000,assigned,,,issue #1000
0x479c50,1156,,#1000,assigned,,,issue #1000
0x47a0e0,1561,,#1001,assigned,,,issue #1001
0x47ae60,2947,,#1001,assigned,,,issue #1001
0x47cc30,1199,,#1001,assigned,,,issue #1001
0x47d2e0,1339,,#1002,assigned,,,issue #1002
0x481930,1052,,#1002,assigned,,,issue #1002
0x482c20,1519,,#1002,assigned,,,issue #1002
0x483610,1975,,#1003,assigned,,,issue #1003
0x483fa0,1046,,#1003,assigned,,,issue #1003
0x4843c0,1303,,#1003,assigned,,,issue #1003
0x4854a0,1180,,#1004,assigned,,,issue #1004
0x4866d0,1964,,#1004,assigned,,,issue #1004
0x487080,1595,,#1004,assigned,,,issue #1004
0x4876c0,1062,,#1005,assigned,,,issue #1005
0x487bf0,1811,,#1005,assigned,,,issue #1005
0x48e010,2542,,#1005,assigned,,,issue #1005
0x491200,1174,,#1006,assigned,,,issue #1006
0x491ec0,1124,,#1006,assigned,,,issue #1006
0x492360,1964,,#1006,assigned,,,issue #1006
0x493bf0,1116,,#1007,assigned,,,issue #1007
0x4942e0,1113,,#1007,assigned,,,issue #1007
0x4948e0,1418,,#1007,assigned,,,issue #1007
0x495a30,1105,,#1008,assigned,,,issue #1008
0x495e90,2292,,#1008,assigned,,,issue #1008
0x497180,2797,,#1008,assigned,,,issue #1008
0x497f40,3463,,#1009,assigned,,,issue #1009
0x499200,1655,,#1009,assigned,,,issue #1009
0x49b720,1853,,#1009,assigned,,,issue #1009
0x49be60,2272,,#1010,assigned,,,issue #1010
0x49e830,1365,,#1010,assigned,,,issue #1010
0x4a1b40,2160,,#1010,assigned,,,issue #1010
0x4a2580,1631,,#1011,assigned,,,issue #1011
0x4a3780,1832,,#1011,assigned,,,issue #1011
0x4a56b0,1662,,#1011,assigned,,,issue #1011
0x4a5f40,2700,,#1012,assigned,,,issue #1012
0x4a6ae0,1703,,#1012,assigned,,,issue #1012
0x4a7960,1404,,#1012,assigned,,,issue #1012
0x4a81e0,5248,,#1013,assigned,,,issue #1013
0x4a9b90,1087,,#1013,assigned,,,issue #1013
0x4a9fd0,2164,,#1013,assigned,,,issue #1013
0x4aa8f0,1762,,#1014,assigned,,,issue #1014
0x4ab720,1015,,#1014,assigned,,,issue #1014
0x4ace50,1280,,#1014,assigned,,,issue #1014
0x4ae630,1160,,#1015,assigned,,,issue #1015
0x4b0da0,3666,,#1015,assigned,,,issue #1015
0x4b2ac0,1254,,#1015,assigned,,,issue #1015
0x4b3c60,1544,,#1017,assigned,,,issue #1017
0x4b5510,1017,,#1017,assigned,,,issue #1017
0x4b5cc0,1104,,#1017,assigned,,,issue #1017
0x4bb7c0,1042,sonnet-5.5,#1018,partial,46.0,,issue #1018
0x4bd3b0,1148,sonnet-5.5,#1018,no file,0,,issue #1018
0x4bd830,1332,sonnet-5.5,#1018,no file,0,,issue #1018
0x4bf8c0,1172,,#1020,assigned,,,issue #1020
0x4c1d50,1353,,#1020,assigned,,,issue #1020
0x4c3e40,1115,,#1020,assigned,,,issue #1020
0x4c63a0,1051,,#1021,assigned,,,issue #1021
0x4c7580,1183,,#1021,assigned,,,issue #1021
0x4c7a20,1529,,#1021,assigned,,,issue #1021
0x4c8020,1845,,#1023,assigned,,,issue #1023
0x4c8760,1094,,#1023,assigned,,,issue #1023
0x4c8bb0,1279,,#1023,assigned,,,issue #1023
0x4cdb40,1248,,#1025,assigned,,,issue #1025
0x4d0f60,1304,,#1025,assigned,,,issue #1025
0x4d8e60,2644,,#1025,assigned,,,issue #1025
0x4dc130,1262,,#1026,assigned,,,issue #1026
0x4dc910,1262,,#1026,assigned,,,issue #1026
0x4ded60,1013,,#1026,assigned,,,issue #1026
0x4df590,1904,,#1027,assigned,,,issue #1027
0x4dfea0,1358,,#1027,assigned,,,issue #1027
0x4e0b90,2150,,#1027,assigned,,,issue #1027
0x4a53c0,748,,#1074,assigned,,,"issue #1074, escalated"
0x4a7290,706,,#1074,assigned,,,"issue #1074, escalated"
0x4af320,642,sonnet-5.5,#1076,matched,100.0,,"issue #1076, escalated"
0x4af670,945,sonnet-5.5,#1076,matched,100.0,,"issue #1076, escalated"
0x4b0230,631,sonnet-5.5,#1076,partial,82.9,,"issue #1076, escalated"
0x4c0820,613,,#1077,assigned,,,"issue #1077, escalated"
0x4c0c70,897,,#1077,assigned,,,"issue #1077, escalated"
0x4c1000,791,,#1077,assigned,,,"issue #1077, escalated"
0x4d02a0,895,,#1078,assigned,,,"issue #1078, escalated"
0x4d9ca0,647,,#1078,assigned,,,"issue #1078, escalated"
0x4dacf0,780,,#1078,assigned,,,"issue #1078, escalated"
0x4cac40,640,,#1079,assigned,,,"issue #1079, escalated"
0x4cf570,646,,#1079,assigned,,,"issue #1079, escalated"
0x4a3ef0,629,sonnet-5.5,#1080,partial,56.0,,"issue #1080, escalated"
0x4a4170,714,sonnet-5.5,#1080,partial,80.9,,"issue #1080, escalated"
0x4a4d70,661,sonnet-5.5,#1080,partial,98.7,,"issue #1080, escalated"
0x475ef0,794,sonnet-5.5,#1081,partial,83.0,,"issue #1081, escalated"
0x476210,636,sonnet-5.5,#1081,partial,99.6,,"issue #1081, escalated"
0x476490,632,sonnet-5.5,#1081,partial,78.9,,"issue #1081, escalated"
0x499eb0,517,sonnet-5.5,#1082,matched,100.0,,"issue #1082, escalated"
0x49a890,488,sonnet-5.5,#1082,partial,67.6,,"issue #1082, escalated"
0x49abb0,568,sonnet-5.5,#1082,partial,93.7,,"issue #1082, escalated"
0x4bcb50,442,deepseek-v4.1-flash,#1083,matched,100.0,,"issue #1083, escalated"
0x4bd160,580,deepseek-v4.1-flash,#1083,partial,96.7,,"issue #1083, escalated"
0x4af320,642,,#1085,assigned,,,"issue #1085, escalated"
0x4af670,945,,#1085,assigned,,,"issue #1085, escalated"
0x4b0230,631,,#1085,assigned,,,"issue #1085, escalated"
0x4b39c0,662,space-bunny-free,#1086,matched,100.0,,"issue #1086, escalated"
0x46eba0,936,deepseek-v4.1-flash,#1087,partial,67.6,,"issue #1087, escalated"
0x46f7a0,798,deepseek-v4.1-flash,#1087,partial,80.1,,"issue #1087, escalated"
0x4c0330,932,deepseek-v4.1-flash,#1088,partial,80.6,,"issue #1088, escalated"
0x461fd0,919,deepseek-v4.1-flash,#1090,partial,86.6,,"issue #1090, escalated"
0x465ac0,865,deepseek-v4.1-flash,#1090,partial,98.3,,"issue #1090, escalated"
0x48a490,857,sonnet-5.5,#1091,partial,77.8,,"issue #1091, escalated"
0x48ad30,849,sonnet-5.5,#1091,partial,77.6,,"issue #1091, escalated"
0x443100,888,deepseek-v4.1-flash,#1093,matched,100.0,,"issue #1093, escalated"
0x4936f0,994,space-bunny-free,#1095,partial,97.1,,"issue #1095, escalated"
0x49b090,844,sonnet-5.5,#1097,partial,73.6,,"issue #1097, escalated"
0x49d270,774,sonnet-5.5,#1097,partial,82.9,,"issue #1097, escalated"
0x49d580,761,sonnet-5.5,#1097,partial,93.2,,"issue #1097, escalated"
0x4b9740,778,sonnet-5.5,#1098,matched,100.0,,"issue #1098, escalated"
0x4b9a50,799,sonnet-5.5,#1098,matched,100.0,,"issue #1098, escalated"
0x4758c0,779,sonnet-5.5,#1099,partial,88.9,,"issue #1099, escalated"
0x475bd0,791,sonnet-5.5,#1099,partial,99.7,,"issue #1099, escalated"
0x4bf4d0,332,space-bunny-free,#1103,partial,67.7,,"issue #1103, escalated"
0x49a890,488,deepseek-v4.1-flash,#1104,partial,67.6,,"issue #1104, escalated"
0x49abb0,568,deepseek-v4.1-flash,#1104,partial,93.7,,"issue #1104, escalated"
0x4ba200,689,sonnet-5.5,#1105,matched,100.0,,"issue #1105, escalated"
0x4bdd70,661,sonnet-5.5,#1105,partial,97.9,,"issue #1105, escalated"
0x4be400,699,sonnet-5.5,#1105,partial,99.2,,"issue #1105, escalated"
0x4b6570,294,sonnet-5.5,#1107,matched,100.0,,"issue #1107, escalated"
0x4b6880,297,sonnet-5.5,#1107,partial,88.2,,"issue #1107, escalated"
0x47d820,333,space-bunny-free,#1112,partial,99.1,,"issue #1112, escalated"
0x47d970,322,space-bunny-free,#1112,partial,98.0,,"issue #1112, escalated"
0x47de60,342,space-bunny-free,#1112,partial,86.8,,"issue #1112, escalated"
0x464060,560,deepseek-v4.1-flash,#1116,partial,87.8,,"issue #1116, escalated"
0x464700,473,deepseek-v4.1-flash,#1116,partial,98.3,,"issue #1116, escalated"
0x4b7620,319,deepseek-v4.1-flash,#1117,partial,72.7,,"issue #1117, escalated"
0x4b7760,370,deepseek-v4.1-flash,#1117,partial,73.2,,"issue #1117, escalated"
0x4b90a0,260,deepseek-v4.1-flash,#1117,partial,83.9,,"issue #1117, escalated"
0x4b9360,341,deepseek-v4.1-flash,#1117,matched,100.0,,"issue #1117, escalated"
0x4584d0,461,deepseek-v4.1-flash,#1121,partial,79.6,,"issue #1121, escalated"
0x458810,427,deepseek-v4.1-flash,#1121,partial,81.9,,"issue #1121, escalated"
0x44b990,635,sonnet-5.5,#1123,matched,100.0,,"issue #1123, escalated"
0x484b50,391,sonnet-5.5,#1124,matched,100.0,,"issue #1124, escalated"
0x485070,208,sonnet-5.5,#1124,matched,100.0,,"issue #1124, escalated"
0x4851c0,354,sonnet-5.5,#1124,partial,84.7,,"issue #1124, escalated"
0x425210,544,space-bunny-free,#1131,partial,99.6,,"issue #1131, escalated"
0x425480,537,space-bunny-free,#1131,partial,81.1,,"issue #1131, escalated"
0x4bf4d0,332,longcat-2.5-preview-free,#1133,partial,67.7,,"issue #1133, escalated"
0x4bd160,580,,#1134,assigned,,,"issue #1134, escalated"
0x473b50,499,sonnet-5.5,#1135,partial,88.0,,"issue #1135, escalated"
0x46d2e0,475,,#1137,assigned,,,"issue #1137, escalated"
0x46d6c0,416,,#1137,assigned,,,"issue #1137, escalated"
0x46e640,546,,#1137,assigned,,,"issue #1137, escalated"
0x4bdd70,661,,#1140,assigned,,,"issue #1140, escalated"
0x4be400,699,,#1140,assigned,,,"issue #1140, escalated"
0x44ec30,546,,#1145,assigned,,,"issue #1145, escalated"
0x4805b0,366,deepseek-v4.1-flash,#1146,partial,64.5,,"issue #1146, escalated"
0x482130,318,deepseek-v4.1-flash,#1146,partial,86.3,,"issue #1146, escalated"
0x482830,221,deepseek-v4.1-flash,#1146,partial,87.3,,"issue #1146, escalated"
0x4b0230,631,,#1152,assigned,,,"issue #1152, escalated"
0x4745e0,306,,#1157,assigned,,,"issue #1157, escalated"
0x474b80,303,,#1157,assigned,,,"issue #1157, escalated"
0x4b1c00,586,,#1159,assigned,,,"issue #1159, escalated"
0x4cf940,499,space-bunny-free,#1160,matched,100.0,,"issue #1160, escalated"
0x473b50,499,,#1163,assigned,,,"issue #1163, escalated"
0x4b6880,297,,#1164,assigned,,,"issue #1164, escalated"
0x4851c0,354,,#1172,assigned,,,"issue #1172, escalated"
0x4b2040,590,deepseek-v4.1-flash,#1173,matched,100.0,,"issue #1173, escalated"
0x4b3770,577,deepseek-v4.1-flash,#1173,partial,99.0,,"issue #1173, escalated"
0x4bd160,580,deepseek-v4.1-flash,#1174,partial,96.7,,"issue #1174, escalated"
0x47f300,775,,#1175,assigned,,,"issue #1175, escalated"
0x4a05e0,494,,#1177,assigned,,,"issue #1177, escalated"
0x4589c0,861,longcat-2.5-preview-free,#1178,partial,59.3,,"issue #1178, escalated"
0x4c0330,932,,#1180,assigned,,,"issue #1180, escalated"
0x47d820,333,,#1182,assigned,,,"issue #1182, escalated"
0x47d970,322,,#1182,assigned,,,"issue #1182, escalated"
0x47de60,342,,#1182,assigned,,,"issue #1182, escalated"
0x48cf30,742,,#1183,assigned,,,"issue #1183, escalated"
0x48d9a0,644,,#1183,assigned,,,"issue #1183, escalated"
0x4758c0,779,,#1186,assigned,,,"issue #1186, escalated"
0x475bd0,791,,#1186,assigned,,,"issue #1186, escalated"
0x4c71f0,280,space-bunny-free,#1188,partial,80.0,,"issue #1188, escalated"
0x4c90b0,195,space-bunny-free,#1188,partial,93.4,,"issue #1188, escalated"
0x475ef0,794,,#1190,assigned,,,"issue #1190, escalated"
0x476210,636,,#1190,assigned,,,"issue #1190, escalated"
0x476490,632,,#1190,assigned,,,"issue #1190, escalated"
0x49aa80,301,,#1196,assigned,,,"issue #1196, escalated"
0x49b090,844,,#1197,assigned,,,"issue #1197, escalated"
0x49d270,774,,#1197,assigned,,,"issue #1197, escalated"
0x49d580,761,,#1197,assigned,,,"issue #1197, escalated"
0x441220,517,space-bunny-free,#1199,partial,97.2,,"issue #1199, escalated"
0x4b3770,577,space-bunny-free,#1201,partial,99.0,,"issue #1201, escalated"
0x4a3ef0,629,,#1202,assigned,,,"issue #1202, escalated"
0x4a4170,714,,#1202,assigned,,,"issue #1202, escalated"
0x4a4d70,661,,#1202,assigned,,,"issue #1202, escalated"
0x4bd160,580,,#1206,assigned,,,"issue #1206, escalated"
0x48a490,857,,#1208,assigned,,,"issue #1208, escalated"
0x48ad30,849,,#1208,assigned,,,"issue #1208, escalated"
0x49e1a0,969,space-bunny-free,#1209,partial,84.7,,"issue #1209, escalated"
0x4a2e40,640,space-bunny-free,#1209,partial,92.6,,"issue #1209, escalated"
0x4a32a0,765,space-bunny-free,#1209,partial,69.9,,"issue #1209, escalated"
0x4c71f0,280,,#1210,assigned,,,"issue #1210, escalated"
0x4c90b0,195,,#1210,assigned,,,"issue #1210, escalated"
0x4c01a0,353,,#1213,assigned,,,"issue #1213, escalated"
0x4c06e0,200,,#1213,assigned,,,"issue #1213, escalated"
0x4c0b10,352,,#1213,assigned,,,"issue #1213, escalated"
0x49e1a0,969,,#1217,assigned,,,"issue #1217, escalated"
0x4a2e40,640,,#1217,assigned,,,"issue #1217, escalated"
0x4a32a0,765,,#1217,assigned,,,"issue #1217, escalated"
0x4d0720,205,,#1226,assigned,,,"issue #1226, escalated"
0x4d07f0,275,,#1226,assigned,,,"issue #1226, escalated"
0x4d0910,206,,#1226,assigned,,,"issue #1226, escalated"
0x4bc370,314,,#1228,assigned,,,"issue #1228, escalated"
0x438ea0,505,,#1229,assigned,,,"issue #1229, escalated"
0x461fd0,919,,#1230,assigned,,,"issue #1230, escalated"
0x465ac0,865,,#1230,assigned,,,"issue #1230, escalated"
0x4c70d0,280,,#1232,assigned,,,"issue #1232, escalated"
0x4b9d70,234,,#1233,assigned,,,"issue #1233, escalated"
0x446fb0,414,space-bunny-free,#1234,matched,100.0,,"issue #1234, escalated"
0x4ac4c0,325,space-bunny-free,#1235,partial,72.4,,"issue #1235, escalated"
0x4ac8c0,167,space-bunny-free,#1235,partial,88.1,,"issue #1235, escalated"
0x4db450,444,space-bunny-free,#1242,partial,92.9,,"issue #1242, escalated"
0x4b91b0,423,,#1243,assigned,,,"issue #1243, escalated"
0x4ba000,430,,#1243,assigned,,,"issue #1243, escalated"
0x4732e0,537,,#1244,assigned,,,"issue #1244, escalated"
0x4b3770,577,space-bunny-free,#1245,partial,99.0,,"issue #1245, escalated"
0x441220,517,,#1246,assigned,,,"issue #1246, escalated"
0x48d790,388,space-bunny-free,#1247,partial,92.2,,"issue #1247, escalated"
0x4bf4d0,332,,#1250,assigned,,,"issue #1250, escalated"
0x48d790,388,,#1252,assigned,,,"issue #1252, escalated"
0x4936f0,994,,#1259,assigned,,,"issue #1259, escalated"
0x464060,560,,#1261,assigned,,,"issue #1261, escalated"
0x464700,473,,#1261,assigned,,,"issue #1261, escalated"
0x425210,544,,#1262,assigned,,,"issue #1262, escalated"
0x425480,537,,#1262,assigned,,,"issue #1262, escalated"
0x49a890,488,,#1263,assigned,,,"issue #1263, escalated"
0x49abb0,568,,#1263,assigned,,,"issue #1263, escalated"
0x4b3770,577,,#1264,assigned,,,"issue #1264, escalated"
0x4db450,444,,#1266,assigned,,,"issue #1266, escalated"
0x47e5c0,386,,#1267,assigned,,,"issue #1267, escalated"
0x47ee30,171,,#1267,assigned,,,"issue #1267, escalated"
0x47eee0,224,,#1267,assigned,,,"issue #1267, escalated"
0x46eba0,936,,#1276,assigned,,,"issue #1276, escalated"
0x46f7a0,798,,#1276,assigned,,,"issue #1276, escalated"
0x4584d0,461,,#1278,assigned,,,"issue #1278, escalated"
0x458810,427,,#1278,assigned,,,"issue #1278, escalated"
0x4ac4c0,325,,#1279,assigned,,,"issue #1279, escalated"
0x4ac8c0,167,,#1279,assigned,,,"issue #1279, escalated"
0x4805b0,366,,#1280,assigned,,,"issue #1280, escalated"
0x482130,318,,#1280,assigned,,,"issue #1280, escalated"
0x482830,221,,#1280,assigned,,,"issue #1280, escalated"
0x4b7620,319,,#1281,assigned,,,"issue #1281, escalated"
0x4b7760,370,,#1281,assigned,,,"issue #1281, escalated"
0x4b90a0,260,,#1281,assigned,,,"issue #1281, escalated"
0x48a870,261,,#1283,assigned,,,"issue #1283, escalated"
0x48b090,367,,#1283,assigned,,,"issue #1283, escalated"
0x4a4c90,215,,#1285,assigned,,,"issue #1285, escalated"
0x47d0e0,505,,#1293,assigned,,,"issue #1293, escalated"
0x458fa0,455,,#1294,assigned,,,"issue #1294, escalated"
0x45f8c0,504,,#1294,assigned,,,"issue #1294, escalated"
0x4624a0,570,,#1296,assigned,,,"issue #1296, escalated"
0x48cd80,428,,#1297,assigned,,,"issue #1297, escalated"
0x450530,977,,#1303,assigned,,,"issue #1303, escalated"
0x4aeac0,732,,#1304,assigned,,,"issue #1304, escalated"
0x4aefa0,895,,#1304,assigned,,,"issue #1304, escalated"
0x4db1c0,646,,#1305,assigned,,,"issue #1305, escalated"
0x4db7d0,624,,#1305,assigned,,,"issue #1305, escalated"
0x4dbec0,621,,#1305,assigned,,,"issue #1305, escalated"
0x4816a0,654,,#1306,assigned,,,"issue #1306, escalated"
0x481d50,821,,#1306,assigned,,,"issue #1306, escalated"
0x4b4270,737,,#1309,assigned,,,"issue #1309, escalated"
0x4b5070,619,,#1309,assigned,,,"issue #1309, escalated"
0x4b5980,820,,#1309,assigned,,,"issue #1309, escalated"
0x43cd20,943,,#1310,assigned,,,"issue #1310, escalated"
0x43d6d0,920,,#1310,assigned,,,"issue #1310, escalated"
0x4589c0,861,,#1312,assigned,,,"issue #1312, escalated"
0x482270,817,,#1314,assigned,,,"issue #1314, escalated"
0x485a40,756,,#1314,assigned,,,"issue #1314, escalated"
