address,size,kind,name,params,locals,seh,frame_pointer,calls,game_calls,callers
0x401000,42,game,,4,0,0,1,0,0,2
0x401030,49,game,,4,0,0,1,0,0,0
0x401070,57,game,,1,0,0,0,0,0,2
0x4010b0,95,game,,2,8,0,0,4,3,1
0x401110,99,game,,2,8,0,0,4,3,1
0x401180,53,game,,2,0,0,0,0,0,1
0x4011c0,93,game,,2,0,0,0,0,0,2
0x401220,61,game,,1,0,0,0,0,0,1
0x401260,61,game,,1,0,0,0,0,0,1
0x4012a0,126,game,,2,0,0,0,0,0,1
0x401320,53,game,,3,0,0,0,0,0,0
0x401360,2239,game,,1,10,0,1,1,1,1
0x401c20,155,game,,3,0,0,0,6,6,0
0x401cc0,30,game,,3,0,0,0,0,0,0
0x401ce0,275,game,,3,4,0,0,4,4,0
0x401e00,463,game,,3,4,0,1,6,6,0
0x401fd0,63,game,,3,0,0,0,0,0,0
0x402010,330,game,,3,6,0,1,4,4,0
0x402160,141,game,,3,0,0,0,4,4,0
0x4021f0,564,game,,3,4,0,1,10,10,0
0x402430,522,game,,3,9,0,1,6,6,0
0x402640,1328,game,,3,12,0,1,18,18,0
0x402b70,401,game,,3,2,0,1,3,3,0
0x402d10,131,game,,3,0,0,1,5,5,0
0x402da0,537,game,,3,2,0,1,7,7,0
0x402fc0,79,game,,3,0,0,0,2,2,0
0x403010,41,game,,3,0,0,0,1,1,0
0x403040,41,game,,3,0,0,0,1,1,0
0x403070,47,game,,3,0,0,0,0,0,0
0x4030a0,47,game,,3,0,0,0,0,0,0
0x4030d0,45,game,,3,0,0,0,0,0,0
0x403100,94,game,,3,0,0,1,1,1,0
0x403160,19,game,,3,0,0,0,1,1,0
0x403180,13,game,,0,0,0,0,1,1,1
0x403190,50,game,,3,0,0,0,2,2,0
0x4031d0,132,game,,3,0,0,0,3,3,0
0x403260,317,game,,3,0,0,0,8,8,0
0x4033a0,242,game,,3,0,0,0,8,8,0
0x4034a0,1016,game,,3,3,0,1,14,13,0
0x4038a0,380,game,,3,0,0,0,7,7,0
0x403a20,1360,game,,3,9,0,1,18,17,0
0x403f70,768,game,,3,9,0,1,11,11,0
0x404270,1212,game,,3,9,0,1,13,12,0
0x404730,920,game,,3,11,0,1,14,14,0
0x404ad0,724,game,,3,10,0,1,12,12,0
0x404db0,1348,game,,3,26,0,1,25,25,0
0x405300,1080,game,,3,9,0,1,14,13,0
0x405740,574,game,,3,9,0,1,6,6,0
0x405980,1040,game,,3,12,0,1,14,14,0
0x405d90,578,game,,1,2,0,1,6,6,0
0x405fe0,162,game,,3,0,0,0,5,5,0
0x406090,257,game,,3,0,0,0,8,8,0
0x4061a0,346,game,,3,5,0,0,4,4,0
0x406300,1152,game,,3,6,0,1,15,15,0
0x406780,384,game,,3,0,0,0,7,7,0
0x406900,408,game,,3,0,0,0,7,7,0
0x406aa0,331,game,,3,9,0,1,2,2,0
0x406bf0,13,game,,0,0,0,0,1,1,1
0x406c00,3,game,,2,0,0,0,0,0,10
0x406c10,46,game,,3,0,0,0,0,0,8
0x406c40,35,game,,3,0,0,0,0,0,9
0x406c70,19,game,,2,0,0,0,0,0,5
0x406c90,257,game,,1,0,0,1,1,1,0
0x406da0,11,game,,0,0,0,0,0,0,2
0x406db0,144,game,,1,17,0,1,4,4,0
0x406e40,156,game,,1,16,0,1,4,4,0
0x406ee0,29,game,,3,0,0,0,1,1,1
0x406f00,52,game,,0,0,0,0,1,1,1
0x406f40,1,game,,0,0,0,0,0,0,0
0x406f50,46,game,,3,0,0,0,0,0,3
0x406f80,613,game,,3,1,0,1,9,9,1
0x4071f0,340,game,,3,8,0,1,0,0,2
0x407350,40,game,,2,0,0,0,0,0,1
0x407380,1,game,,0,0,0,0,0,0,0
0x407390,32,game,,1,0,0,0,1,1,0
0x4073b0,83,game,,1,0,0,0,1,1,0
0x407410,143,game,,1,1,0,1,0,0,4
0x4074a0,189,game,,2,5,0,1,0,0,0
0x407560,639,game,,2,11,0,1,3,3,1
0x4077e0,329,game,,0,6,0,0,4,4,0
0x407930,75,game,,4,0,0,0,0,0,0
0x407980,32,game,,1,0,0,0,1,1,0
0x4079a0,47,game,,3,0,0,0,0,0,0
0x4079d0,32,game,,1,0,0,0,1,1,0
0x4079f0,157,game,,0,3,0,0,2,2,0
0x407a90,40,game,,2,0,0,0,0,0,0
0x407ac0,32,game,,1,0,0,0,1,1,0
0x407ae0,601,game,,0,10,0,1,5,5,0
0x407d40,296,game,,2,0,0,1,0,0,1
0x407e70,32,game,,1,0,0,0,1,1,0
0x407e90,500,game,,0,1,0,1,7,7,0
0x408090,111,game,,2,0,0,0,0,0,3
0x408100,1221,game,,0,20,0,1,7,7,0
0x4085d0,40,game,,2,0,0,0,0,0,0
0x408600,32,game,,1,0,0,0,1,1,0
0x408620,71,game,,1,0,0,0,2,2,0
0x408670,92,game,,1,0,0,0,3,3,0
0x4086d0,268,game,,0,0,0,0,5,5,0
0x4087e0,40,game,,2,0,0,0,0,0,0
0x408810,32,game,,1,0,0,0,1,1,0
0x408830,229,game,,0,0,0,1,1,1,2
0x408920,117,game,,2,0,0,0,5,5,0
0x4089a0,578,game,,1,4,0,1,6,6,1
0x408bf0,73,game,,0,0,0,0,1,1,0
0x408c40,112,game,,0,0,0,1,2,2,1
0x408cb0,602,game,,1,0,0,0,3,3,1
0x408f10,32,game,,0,0,0,0,0,0,1
0x408f30,546,game,,3,2,0,1,2,2,3
0x409160,783,game,,1,1,0,1,13,13,1
0x409470,176,game,,0,0,0,0,0,0,2
0x409520,166,game,,1,0,0,1,0,0,0
0x4095d0,346,game,,1,1,0,1,1,1,0
0x409730,1678,game,,0,5,0,1,4,4,3
0x409dc0,208,game,,4,0,0,1,0,0,1
0x409e90,144,game,,4,0,0,1,0,0,1
0x409f20,83,game,,3,0,0,0,0,0,1
0x409f80,185,game,,1,54,0,1,3,3,1
0x40a040,185,game,,1,54,0,1,3,3,1
0x40a100,75,game,,0,0,0,0,2,2,1
0x40a150,265,game,,0,0,0,0,1,1,1
0x40a260,834,game,,5,9,0,1,12,12,1
0x40a5b0,19,game,,1,0,0,0,0,0,1
0x40a5d0,473,game,,4,10,0,1,3,3,1
0x40a7b0,644,game,,0,7,0,1,7,7,1
0x40aa40,725,game,,0,5,0,1,3,3,2
0x40ad20,73,game,,0,0,0,0,3,3,0
0x40ad70,15,game,,3,0,0,0,1,1,0
0x40ad80,834,game,,5,6,0,1,6,6,3
0x40b0d0,229,game,,3,4,0,1,0,0,1
0x40b1c0,244,game,,3,6,0,1,0,0,1
0x40b2c0,85,game,,1,0,0,0,3,3,1
0x40b320,68,game,,1,0,0,0,3,3,1
0x40b370,19,game,,1,0,0,0,1,1,1
0x40b390,401,game,,1,0,0,1,8,8,1
0x40b530,627,game,,4,4,0,1,6,6,7
0x40b7b0,720,game,,3,14,0,1,6,6,3
0x40ba80,37,game,,2,0,0,0,0,0,2
0x40bab0,78,game,,3,0,0,0,0,0,0
0x40bb00,686,game,,2,3,0,1,6,6,2
0x40bdb0,244,game,,2,2,0,1,2,2,3
0x40beb0,302,game,,4,6,0,1,0,0,0
0x40bfe0,535,game,,4,12,0,1,3,3,1
0x40c200,34,game,,2,0,0,0,0,0,0
0x40c230,17,game,,1,0,0,0,0,0,1
0x40c250,664,game,,2,68,0,1,3,1,1
0x40c4f0,17,game,,1,0,0,0,0,0,0
0x40c510,24,game,,1,0,0,0,0,0,3
0x40c530,34,game,,0,1,0,0,1,1,4
0x40c560,19,game,,0,0,0,0,0,0,7
0x40c580,34,game,,0,1,0,0,1,1,1
0x40c5b0,19,game,,0,0,0,0,0,0,3
0x40c5d0,34,game,,0,1,0,0,1,1,1
0x40c600,494,game,,2,2,0,1,6,6,1
0x40c7f0,511,game,,2,1,0,1,6,6,1
0x40c9f0,50,game,,2,0,0,0,0,0,2
0x40ca30,19,game,,0,0,0,0,0,0,1
0x40ca50,467,game,,2,3,0,1,7,7,1
0x40cc30,3,game,,2,0,0,0,0,0,3
0x40cc40,52,game,,3,0,0,0,0,0,3
0x40cc80,30,game,,0,0,0,0,0,0,1
0x40cca0,781,game,,3,2,0,1,2,2,2
0x40cfb0,66,game,,2,0,0,1,0,0,2
0x40d000,18,game,,0,0,0,0,0,0,1
0x40d020,532,game,,3,2,0,1,2,2,1
0x40d240,52,game,,2,0,0,0,0,0,1
0x40d280,3,game,,2,0,0,0,0,0,1
0x40d290,477,game,,3,2,0,1,2,2,2
0x40d470,48,game,,2,0,0,1,0,0,1
0x40d4a0,3,game,,2,0,0,0,0,0,1
0x40d4b0,3,game,,2,0,0,0,0,0,2
0x40d4c0,19,game,,0,0,0,0,0,0,1
0x40d4e0,3,game,,2,0,0,0,0,0,2
0x40d4f0,35,game,,3,0,0,0,0,0,1
0x40d520,35,game,,3,0,0,0,0,0,1
0x40d550,46,game,,3,0,0,0,0,0,1
0x40d580,35,game,,3,0,0,0,0,0,1
0x40d5b0,41,game,,3,0,0,0,0,0,2
0x40d5e0,25,game,,2,0,0,0,0,0,1
0x40d600,19,game,,2,0,0,0,0,0,1
0x40d620,73,game,,4,0,0,1,1,1,1
0x40d670,132,game,,5,0,0,0,1,1,2
0x40d700,57,game,,6,0,0,0,1,1,1
0x40d740,108,game,,5,0,0,0,0,0,1
0x40d7b0,195,game,,2,1,0,1,0,0,2
0x40d880,46,game,,0,0,0,0,0,0,0
0x40d8b0,70,game,,2,0,0,0,0,0,0
0x40d900,191,game,,0,1,0,1,0,0,2
0x40d9c0,123,game,,2,0,0,0,0,0,0
0x40da40,38,game,,2,0,0,0,0,0,0
0x40da70,1167,game,,3,6,0,1,5,5,2
0x40df00,330,game,,0,4,0,0,2,2,0
0x40e050,270,game,,0,130,0,1,1,1,1
0x40e160,1224,game,,0,11,0,1,1,1,1
0x40e630,880,game,,1,8,0,1,10,10,1
0x40e9a0,25,game,,0,0,0,0,1,1,0
0x40e9c0,28,game,,1,0,0,0,0,0,3
0x40e9e0,326,game,,0,0,0,1,4,4,1
0x40eb30,52,game,,0,0,0,0,2,2,1
0x40eb70,937,game,,0,6,0,1,8,8,1
0x40ef20,223,game,,1,2,0,1,0,0,1
0x40f000,88,game,,1,0,0,1,0,0,2
0x40f060,172,game,,1,2,0,1,0,0,4
0x40f110,204,game,,1,0,0,1,2,2,1
0x40f1e0,25,game,,1,0,0,0,0,0,1
0x40f200,158,game,,3,0,0,0,8,8,0
0x40f2a0,1260,game,,3,13,0,1,15,15,0
0x40f790,51,game,,3,0,0,0,0,0,6
0x40f7d0,590,game,,3,3,0,1,12,12,0
0x40fa20,435,game,,3,3,0,1,11,11,0
0x40fbe0,1976,game,,3,21,0,1,26,26,0
0x4103a0,63,game,,3,0,0,1,0,0,3
0x4103e0,1102,game,,3,13,0,1,23,23,0
0x410830,22,game,,0,1,0,0,0,0,2
0x410850,1051,game,,3,18,0,1,20,20,0
0x410c70,508,game,,1,2,0,1,6,6,0
0x410e70,824,game,,3,7,0,1,23,23,0
0x4111b0,932,game,,3,6,0,0,18,18,0
0x411560,728,game,,3,3,0,1,11,11,0
0x411840,155,game,,2,4,0,1,2,2,0
0x4118e0,1636,game,,3,12,0,1,20,20,0
0x411f50,1980,game,,3,7,0,1,24,23,0
0x412710,1572,game,,3,7,0,1,24,23,0
0x412d40,1838,game,,3,14,0,1,24,23,0
0x413470,1864,game,,3,13,0,1,24,23,0
0x413bc0,441,game,,3,3,0,1,5,5,0
0x413d80,1480,game,,3,9,0,1,27,27,0
0x414350,44,game,,3,0,0,0,0,0,2
0x414380,1000,game,,3,9,0,1,19,19,0
0x414770,784,game,,3,10,0,0,16,16,0
0x414a80,997,game,,3,11,0,1,17,17,0
0x414e70,988,game,,3,9,0,1,16,15,0
0x415250,146,game,,3,0,0,0,2,2,0
0x4152f0,1504,game,,3,17,0,1,24,24,0
0x4158d0,578,game,,1,2,0,1,6,6,0
0x415b20,13,game,,0,0,0,0,1,1,1
0x415b30,41,game,,0,0,0,0,1,1,1
0x415b60,35,game,,0,0,0,0,0,0,1
0x415b90,20,game,,0,0,0,0,1,1,1
0x415bb0,92,game,,0,0,0,1,2,2,3
0x415c10,395,game,,2,1,0,1,2,2,6
0x415da0,17,game,,2,0,0,0,0,0,1
0x415dc0,147,game,,1,0,0,1,0,0,8
0x415e60,38,game,,1,0,0,0,1,1,1
0x415e90,96,game,,0,0,0,0,0,0,0
0x415ef0,77,game,,3,0,0,0,0,0,4
0x415f40,86,game,,3,0,0,0,0,0,5
0x415fa0,426,game,,1,0,0,1,2,1,1
0x416150,145,game,,2,0,0,0,1,1,1
0x4161f0,75,game,,0,0,0,1,1,1,1
0x416240,43,game,,1,0,0,0,0,0,0
0x416270,3,game,,1,0,0,0,0,0,0
0x416280,134,game,,1,0,0,0,2,2,0
0x416310,96,game,,1,0,0,0,4,4,0
0x416370,3,game,,1,0,0,0,0,0,0
0x416380,3,game,,1,0,0,0,0,0,0
0x416390,8,game,,1,0,0,0,1,1,0
0x4163a0,48,game,,1,0,0,0,2,2,0
0x4163d0,75,game,,1,0,0,0,4,4,0
0x416420,55,game,,1,0,0,0,2,2,0
0x416460,74,game,,1,0,0,0,0,0,0
0x4164b0,71,game,,1,0,0,0,4,4,0
0x416500,3,game,,1,0,0,0,0,0,0
0x416510,55,game,,1,0,0,0,2,2,0
0x416550,55,game,,1,0,0,0,2,2,0
0x416590,39,game,,1,0,0,0,1,1,0
0x4165c0,103,game,,1,0,0,0,2,2,0
0x416630,34,game,,1,0,0,0,0,0,0
0x416660,34,game,,1,0,0,0,0,0,0
0x416690,41,game,,1,0,0,0,1,1,0
0x4166c0,66,game,,1,0,0,0,3,3,0
0x416710,19,game,,1,0,0,0,1,1,0
0x416730,74,game,,1,0,0,0,1,1,0
0x416780,108,game,,1,0,0,0,3,2,0
0x4167f0,32,game,,1,0,0,0,2,2,0
0x416810,16,game,,1,0,0,0,1,1,0
0x416820,61,game,,1,0,0,0,4,4,0
0x416860,100,game,,1,0,0,0,2,2,0
0x4168d0,253,game,,1,0,0,0,3,3,0
0x4169d0,92,game,,1,0,0,0,1,1,0
0x416a30,86,game,,1,0,0,0,1,1,0
0x416a90,28,game,,1,0,0,0,1,1,0
0x416ab0,146,game,,1,0,0,0,1,1,0
0x416b50,123,game,,1,0,0,0,1,1,0
0x416bd0,284,game,,1,0,0,0,4,4,0
0x416cf0,33,game,,1,0,0,0,2,2,0
0x416d20,33,game,,1,0,0,0,2,2,0
0x416d50,46,game,,1,0,0,0,2,2,0
0x416d80,46,game,,1,0,0,0,2,2,0
0x416db0,66,game,,1,0,0,0,1,1,0
0x416e00,34,game,,1,0,0,0,0,0,0
0x416e30,34,game,,1,0,0,0,0,0,0
0x416e60,34,game,,1,0,0,0,0,0,0
0x416e90,410,game,,1,0,0,0,1,1,0
0x417030,37,game,,1,0,0,0,0,0,0
0x417060,37,game,,1,0,0,0,0,0,0
0x417090,37,game,,1,0,0,0,0,0,0
0x4170c0,99,game,,1,0,0,0,0,0,0
0x417130,20,game,,1,0,0,0,1,1,0
0x417150,157,game,,1,0,0,0,1,1,0
0x4171f0,157,game,,1,0,0,0,1,1,0
0x417290,71,game,,1,0,0,0,3,3,0
0x4172e0,21,game,,1,0,0,0,0,0,0
0x417300,39,game,,1,0,0,0,1,1,0
0x417330,175,game,,1,0,0,0,2,2,0
0x4173e0,77,game,,1,0,0,0,2,2,0
0x417430,89,game,,1,64,0,0,4,3,0
0x417490,55,game,,1,0,0,0,4,4,0
0x4174d0,8,game,,1,0,0,0,1,1,0
0x4174e0,62,game,,1,0,0,0,1,1,0
0x417520,27,game,,1,0,0,0,0,0,0
0x417540,38,game,,1,0,0,0,1,1,0
0x417570,103,game,,1,0,0,0,1,1,0
0x4175e0,30,game,,1,0,0,0,2,2,0
0x417600,347,game,,1,64,0,1,6,5,0
0x417760,50,game,,1,0,0,0,4,4,0
0x4177a0,52,game,,1,0,0,0,1,1,0
0x4177e0,171,game,,1,19,0,1,7,6,0
0x417890,460,game,,1,21,0,1,11,10,0
0x417a60,232,game,,1,0,0,0,6,5,0
0x417b50,90,game,,2,53,0,0,4,3,2
0x417bb0,78,game,,3,0,0,0,1,1,0
0x417c00,106,game,,4,3,0,0,1,1,0
0x417c70,178,game,,5,3,0,0,2,2,0
0x417d30,199,game,,5,6,0,0,2,2,0
0x417e00,296,game,,1,8,0,1,3,3,0
0x417f30,35,game,,2,0,0,0,0,0,1
0x417f60,617,game,,10,3,0,1,1,1,1
0x4181d0,315,game,,3,2,0,1,1,1,1
0x418310,2203,game,,1,33,0,1,11,9,1
0x418bb0,177,game,,1,0,0,0,5,3,0
0x418c70,48,game,,1,0,0,0,1,1,0
0x418ca0,37,game,,1,0,0,0,0,0,0
0x418cd0,178,game,,1,64,0,0,3,2,0
0x418d90,178,game,,1,64,0,0,3,2,0
0x418e50,178,game,,1,64,0,0,3,2,0
0x418f10,178,game,,1,64,0,0,3,2,0
0x418fd0,178,game,,1,64,0,0,3,2,0
0x419090,683,game,,1,64,0,0,3,2,0
0x419340,192,game,,1,66,0,0,3,2,0
0x419400,192,game,,1,66,0,0,3,2,0
0x4194c0,15,game,,1,0,0,0,0,0,0
0x4194d0,109,game,,1,64,0,0,2,1,0
0x419540,15,game,,1,0,0,0,0,0,0
0x419550,10,game,,1,0,0,0,0,0,0
0x419560,138,game,,0,0,0,0,2,2,1
0x4195f0,61,game,,2,0,0,0,1,0,0
0x419630,53,game,,3,8,0,0,1,1,0
0x419670,341,game,,1,4,0,1,2,2,1
0x4197d0,368,game,,0,5,0,0,3,3,2
0x419940,98,game,,3,0,0,0,2,1,0
0x4199b0,260,game,,2,1,0,1,4,3,4
0x419ac0,64,game,,1,0,0,0,2,2,0
0x419b00,179,game,,3,0,0,0,4,4,3
0x419bc0,30,game,,1,0,0,0,0,0,0
0x419be0,1329,game,,2,8,0,1,4,4,1
0x41a120,880,game,,1,0,0,1,4,4,3
0x41a490,1168,game,,2,8,0,1,7,7,1
0x41a920,213,game,,1,64,0,0,2,1,0
0x41aa00,646,game,,1,77,0,1,11,11,0
0x41ac90,74,game,,1,0,0,1,2,2,0
0x41ace0,1030,game,,3,196,0,1,12,11,1
0x41b0f0,260,game,,1,64,0,0,4,3,1
0x41b200,34,game,,1,0,0,0,0,0,0
0x41b230,109,game,,3,64,0,0,2,0,0
0x41b2a0,56,game,,0,0,0,0,0,0,0
0x41b2e0,1512,game,,0,144,0,1,6,4,1
0x41b8d0,388,game,,2,0,0,0,6,6,3
0x41ba60,624,game,,3,3,0,1,3,3,6
0x41bcd0,51,game,,2,0,0,0,1,1,1
0x41bd10,203,game,,3,1,0,1,2,2,5
0x41bde0,299,game,,1,0,0,0,1,1,2
0x41bf10,325,game,,1,0,0,0,1,1,2
0x41c060,173,game,,1,0,0,0,1,1,1
0x41c110,52,game,,1,0,0,0,0,0,7
0x41c150,40,game,,1,0,0,0,1,1,3
0x41c180,300,game,,0,0,0,0,2,2,1
0x41c2b0,43,game,,0,0,0,0,0,0,1
0x41c2e0,38,game,,1,0,0,0,1,1,2
0x41c310,118,game,,0,0,0,0,1,1,1
0x41c390,40,game,,0,0,0,0,0,0,2
0x41c3c0,137,game,,0,0,0,0,1,1,10
0x41c450,105,game,,0,0,0,0,0,0,0
0x41c4c0,280,game,,3,0,0,0,1,1,3
0x41c5e0,96,game,,3,0,0,0,0,0,0
0x41c640,170,game,,3,0,0,0,0,0,1
0x41c6f0,200,game,,0,0,0,0,1,0,1
0x41c7c0,273,game,,3,0,0,0,1,1,1
0x41c8e0,294,game,,2,0,0,0,1,1,2
0x41ca10,587,game,,0,0,0,1,2,2,1
0x41cc60,177,game,,0,0,0,0,4,4,1
0x41cd20,37,game,,0,0,0,0,2,2,0
0x41cd50,315,game,,0,7,0,1,3,3,1
0x41ce90,602,game,,0,9,0,1,5,5,1
0x41d0f0,247,game,,0,6,0,0,1,1,1
0x41d1f0,179,game,,0,0,0,0,1,1,1
0x41d2b0,163,game,,1,0,0,0,3,3,1
0x41d360,70,game,,1,0,0,0,2,2,1
0x41d3b0,59,game,,1,0,0,0,0,0,1
0x41d3f0,161,game,,1,0,0,0,1,1,1
0x41d4a0,12,game,,1,0,0,0,0,0,1
0x41d4b0,12,game,,1,0,0,0,0,0,1
0x41d4c0,471,game,,0,151,0,0,9,8,9
0x41d6a0,271,game,,1,68,0,0,7,6,13
0x41d7b0,229,game,,4,0,0,1,4,3,1
0x41d8a0,6,game,,0,0,0,0,0,0,2
0x41d8b0,6,game,,0,0,0,0,0,0,2
0x41d8c0,81,game,,1,0,0,0,2,2,0
0x41d920,203,game,,0,0,0,1,3,3,1
0x41d9f0,24,game,,1,0,0,0,0,0,2
0x41da10,26,game,,3,0,0,0,0,0,0
0x41da30,40,game,,0,0,0,0,0,0,3
0x41da60,435,game,,0,64,0,0,9,8,1
0x41dc20,697,gap,,,,,,3,2,0
0x41dee0,50,game,,0,0,0,0,1,1,0
0x41df20,150,game,,0,4,0,0,2,2,0
0x41dfc0,633,game,,3,2,0,1,1,1,1
0x41e240,19,game,,0,0,0,0,1,1,0
0x41e260,12,game,,0,0,0,0,0,0,0
0x41e270,430,game,,0,0,0,0,2,2,1
0x41e420,1544,game,,0,124,0,1,5,5,2
0x41ea30,97,game,,0,0,0,0,0,0,0
0x41eaa0,192,game,,3,1,0,1,2,2,1
0x41eb60,238,game,,3,1,0,1,2,2,0
0x41ec50,1008,game,,1,0,0,1,23,23,0
0x41f040,96,game,,0,0,0,0,2,2,0
0x41f0a0,852,game,,0,1,0,1,22,22,2
0x41f400,439,game,,0,0,0,0,7,7,2
0x41f5c0,99,game,,1,16,0,1,1,1,0
0x41f630,78,game,,0,0,0,0,7,7,1
0x41f680,116,game,,1,0,0,0,6,6,0
0x41f700,81,game,,0,0,0,0,4,4,0
0x41f760,131,game,,0,0,0,0,7,7,0
0x41f7f0,3580,game,,0,278,0,1,47,47,1
0x4205f0,24,game,,0,0,0,0,2,1,0
0x420610,10,game,,0,0,0,0,1,1,0
0x420620,766,game,,0,1,0,1,3,3,1
0x420920,64,game,,0,0,0,0,0,0,0
0x420960,193,game,,0,0,0,1,2,2,1
0x420a30,194,game,,4,0,0,0,2,2,5
0x420b00,420,game,,1,5,0,1,6,6,1
0x420cb0,99,game,,3,0,0,1,1,1,0
0x420d20,291,gap,,,,,,2,1,0
0x420e50,224,game,,1,12,0,0,2,2,0
0x420f30,536,game,,0,6,0,1,4,4,1
0x421150,28,game,,0,0,0,0,0,0,0
0x421170,37,game,,0,0,0,0,1,1,0
0x4211a0,46,game,,1,0,0,0,1,1,0
0x4211d0,469,game,,3,4054,0,1,5,5,1
0x4213b0,409,game,,1,3,0,0,2,2,2
0x421550,196,game,,2,5,0,1,4,4,2
0x421620,210,game,,1,0,0,1,2,2,2
0x421700,1692,game,,1,36,0,1,5,5,1
0x421da0,178,game,,3,0,0,0,1,1,4
0x421e60,67,game,,1,0,0,0,0,0,3
0x421eb0,108,game,,3,4,0,0,1,1,1
0x421f20,288,game,,1,0,0,1,2,2,1
0x422040,298,game,,0,4,0,1,1,1,1
0x422170,306,game,,0,0,0,1,2,2,1
0x4222b0,38,game,,3,0,0,0,1,1,0
0x4222e0,254,game,,0,6,0,0,8,8,2
0x4223e0,127,game,,0,1,0,0,2,2,1
0x422460,74,game,,1,0,0,0,2,2,0
0x4224b0,2324,game,,1,194,0,1,15,13,5
0x422dd0,97,game,,1,0,0,0,0,0,1
0x422e40,95,game,,1,0,0,0,1,1,1
0x422ea0,704,game,,0,68,0,1,4,4,2
0x423160,305,game,,0,1,0,1,3,3,1
0x4232a0,68,game,,0,0,0,0,1,1,0
0x4232f0,175,game,,2,0,0,0,0,0,6
0x4233a0,422,game,,3,5,0,1,7,7,4
0x423550,433,game,,3,2,0,1,4,4,4
0x423710,185,game,,3,0,0,0,3,3,2
0x4237d0,488,game,,2,2,0,1,4,4,2
0x4239c0,559,game,,2,9,0,1,5,5,1
0x423bf0,88,game,,1,0,0,0,3,3,0
0x423c50,1012,game,,5,10,0,1,6,6,8
0x424050,1117,game,,0,13,0,1,13,12,1
0x4244b0,505,game,,4,2,0,1,7,7,2
0x4246b0,387,game,,2,0,0,1,3,3,7
0x424840,78,game,,0,0,0,0,1,1,1
0x424890,874,game,,1,54,0,1,9,8,1
0x424c00,1496,game,,1,48,0,1,22,22,1
0x4251e0,3,game,,2,0,0,0,0,0,1
0x4251f0,18,game,,0,0,0,0,0,0,1
0x425210,544,game,,3,2,0,1,2,2,1
0x425430,52,game,,2,0,0,0,0,0,1
0x425470,3,game,,2,0,0,0,0,0,1
0x425480,537,game,,3,2,0,1,2,2,1
0x4256a0,44,game,,3,0,0,0,0,0,1
0x4256d0,90,game,,2,64,0,0,3,2,1
0x425730,26,game,,1,0,0,0,1,0,2
0x425750,66,game,,0,0,0,0,2,2,0
0x4257a0,31,game,,0,0,0,0,3,3,20
0x4257c0,19,game,,0,0,0,0,1,1,0
0x4257e0,121,game,,3,64,0,0,3,2,2
0x425860,201,game,,3,64,0,0,3,2,9
0x425930,128,game,,0,64,0,0,3,2,0
0x4259b0,219,game,,0,64,0,0,3,2,1
0x425a90,196,game,,0,64,0,0,4,3,2
0x425b60,32,game,,0,0,0,0,4,4,0
0x425b80,497,game,,0,1,0,1,2,1,0
0x425d80,1034,game,,1,67,0,0,20,19,0
0x426190,100,game,,1,0,0,0,4,4,0
0x426200,420,game,,0,2,0,1,7,7,1
0x4263b0,971,game,,0,147,0,1,35,34,1
0x426780,289,game,,1,64,0,0,13,13,1
0x4268b0,275,game,,1,160,0,0,4,4,0
0x4269d0,842,game,,0,160,0,1,10,9,0
0x426d20,339,game,,0,64,0,0,5,3,0
0x426e80,6310,game,,0,64,0,0,61,59,1
0x428730,116,game,,0,0,0,0,2,2,2
0x4287b0,17,game,,0,0,0,0,0,0,1
0x4287d0,116,game,,1,0,0,1,0,0,0
0x428850,116,game,,1,0,0,1,0,0,0
0x4288d0,646,game,,4,12,0,1,9,9,38
0x428b60,66,game,,0,0,0,0,0,0,12
0x428bb0,1,game,,0,0,0,0,0,0,1
0x428bc0,3,game,,0,0,0,0,0,0,10
0x428bd0,1,game,,0,0,0,0,0,0,1
0x428be0,1,game,,0,0,0,0,0,0,1
0x428bf0,1,game,,0,0,0,0,0,0,1
0x428c00,6,game,,0,0,0,0,0,0,1
0x428c10,6,game,,0,0,0,0,0,0,1
0x428c20,6,game,,0,0,0,0,0,0,1
0x428c30,1,game,,0,0,0,0,0,0,1
0x428c40,1,game,,0,0,0,0,0,0,1
0x428c50,1,game,,0,0,0,0,0,0,1
0x428c60,47,game,,0,0,0,0,0,0,0
0x428c90,57,game,,2,0,0,0,0,0,0
0x428cd0,63,game,,0,0,0,0,1,1,0
0x428d10,378,game,,0,0,0,0,4,0,2
0x428e90,164,game,,0,64,0,0,4,2,0
0x428f40,22,game,,1,0,0,0,0,0,0
0x428f60,86,game,,1,64,0,0,2,1,0
0x428fc0,21,game,,0,0,0,0,1,1,1
0x428fe0,21,game,,0,0,0,0,1,1,1
0x429000,235,game,,0,83,0,0,8,8,1
0x4290f0,402,game,,4,0,0,1,5,4,51
0x429290,78,game,,2,64,0,0,3,3,4
0x4292e0,72,game,,1,64,0,0,3,3,0
0x429330,310,game,,1,128,0,0,8,8,1
0x429470,317,game,,2,0,0,1,2,1,2
0x4295b0,168,game,,3,19,0,0,6,6,1
0x429660,151,game,,1,1,0,1,6,6,1
0x429700,334,game,,1,64,0,0,4,4,2
0x429850,18,game,,2,0,0,0,1,1,0
0x429870,1938,game,,0,67,0,0,12,11,1
0x42a010,204,game,,0,0,0,0,1,1,1
0x42a0e0,89,game,,1,0,0,0,1,1,0
0x42a140,378,game,,2,0,0,1,3,3,3
0x42a2c0,88,game,,1,64,0,0,5,5,1
0x42a320,144,game,,0,64,0,0,3,3,1
0x42a3b0,73,game,,0,0,0,0,1,1,1
0x42a400,50,game,,0,0,0,0,2,2,1
0x42a440,295,game,,0,134,0,1,7,7,1
0x42a570,159,game,,0,0,0,0,1,1,1
0x42a610,596,game,,1,86,0,0,13,13,2
0x42a870,95,game,,1,0,0,1,2,2,0
0x42a8d0,2719,gap,,,,,,42,40,0
0x42b370,2375,game,,1,0,0,1,0,0,4
0x42bcc0,77,game,,0,0,0,0,2,2,1
0x42bd10,46,game,,0,0,0,0,0,0,1
0x42bd40,225,game,,0,33,0,1,3,2,0
0x42be30,262,game,,0,2,0,1,3,3,1
0x42bf40,4772,game,,2,326,0,1,22,21,2
0x42d1f0,239,game,,1,64,0,0,7,7,1
0x42d2e0,2173,game,,0,388,0,1,32,30,1
0x42db60,36,game,,2,0,0,0,0,0,0
0x42db90,351,game,,0,0,0,1,5,5,1
0x42dcf0,1061,game,,0,171,0,1,16,15,1
0x42e120,21,game,,0,0,0,0,1,1,1
0x42e140,144,game,,1,64,0,0,8,8,1
0x42e1d0,144,game,,1,64,0,0,8,8,1
0x42e260,144,game,,1,64,0,0,8,8,1
0x42e2f0,13,game,,1,0,0,0,1,1,1
0x42e300,13,game,,1,0,0,0,1,1,1
0x42e310,289,game,,0,72,0,0,11,11,1
0x42e440,3923,game,,1,204,0,1,26,26,1
0x42f3a0,167,game,,0,1,0,1,3,3,1
0x42f450,297,game,,3,96,0,0,3,2,1
0x42f580,448,game,,0,76,0,1,12,11,1
0x42f740,149,game,,0,0,0,1,1,1,1
0x42f7e0,215,game,,0,139,0,0,11,11,1
0x42f8c0,62,game,,0,0,0,0,2,2,1
0x42f900,3,game,,1,0,0,0,0,0,0
0x42f910,65,game,,1,3,0,0,2,1,0
0x42f960,28,game,,3,0,0,0,1,1,7
0x42f980,28,game,,3,0,0,0,1,1,6
0x42f9a0,5472,game,,0,73,0,1,18,15,3
0x430f00,2112,game,,0,8,0,0,5,5,24
0x431740,382,game,,0,67,0,0,9,9,1
0x4318c0,94,game,,0,64,0,0,3,3,1
0x431920,37,game,,0,0,0,0,1,1,1
0x431950,199,game,,4,64,0,0,6,5,1
0x431a20,59,game,,0,0,0,0,1,1,1
0x431a60,2737,game,,0,837,0,1,15,14,1
0x432520,102,game,,1,0,0,0,6,6,3
0x432590,29,game,,1,0,0,0,2,2,2
0x4325b0,84,game,,1,0,0,0,5,5,1
0x432610,148,game,,1,0,0,0,11,11,1
0x4326b0,976,game,,3,65,0,0,23,22,2
0x432a80,120,game,,2,16,0,0,1,1,0
0x432b00,88,game,,2,16,0,0,1,1,0
0x432b60,31,game,,0,0,0,0,1,1,1
0x432b80,28,game,,0,0,0,0,1,1,1
0x432ba0,56,game,,0,0,0,0,2,2,1
0x432be0,19,game,,0,0,0,0,0,0,1
0x432c00,30,game,,1,0,0,0,2,2,1
0x432c20,30,game,,1,0,0,0,2,2,1
0x432c40,55,game,,3,0,0,0,1,1,1
0x432c80,46,game,,3,0,0,0,1,1,1
0x432cb0,51,game,,3,0,0,0,1,1,1
0x432cf0,33,game,,2,0,0,0,1,1,1
0x432d20,27,game,,1,0,0,0,1,1,1
0x432d40,612,game,,4,882,0,1,1,1,1
0x432fb0,244,game,,4,294,0,1,1,1,1
0x4330b0,119,game,,0,2,0,1,2,2,1
0x433130,312,game,,0,72,0,0,12,12,1
0x433270,270,game,,1,4,0,1,6,6,0
0x433380,377,game,,2,15,0,1,10,9,1
0x433500,19,game,,1,0,0,0,0,0,3
0x433520,19,game,,0,0,0,0,0,0,3
0x433540,119,game,,0,2,0,1,2,2,0
0x4335c0,19,game,,0,0,0,0,0,0,3
0x4335e0,16,game,,1,0,0,0,0,0,3
0x4335f0,194,game,,1,4,0,1,4,4,0
0x4336c0,34,game,,0,1,0,0,1,1,0
0x4336f0,708,game,,3,137,0,1,8,5,1
0x4339c0,19,game,,0,0,0,0,0,0,3
0x4339e0,36,game,,3,0,0,0,0,0,3
0x433a10,24,game,,1,0,0,0,0,0,1
0x433a30,34,game,,0,1,0,0,1,1,4
0x433a60,19,game,,0,0,0,0,0,0,1
0x433a80,117,game,,0,2,0,1,2,2,2
0x433b00,19,game,,0,0,0,0,0,0,1
0x433b20,547,game,,3,2,0,1,2,2,1
0x433d50,50,game,,2,0,0,0,0,0,1
0x433d90,3,game,,2,0,0,0,0,0,2
0x433da0,16,game,,2,0,0,0,1,1,1
0x433db0,622,game,,3,3,0,1,5,5,2
0x434020,134,game,,2,1,0,1,3,3,1
0x4340b0,55,game,,2,0,0,0,1,1,1
0x4340f0,622,game,,3,3,0,1,5,5,2
0x434360,134,game,,2,1,0,1,3,3,1
0x4343f0,3,game,,1,0,0,0,0,0,1
0x434400,36,game,,1,0,0,0,1,1,1
0x434430,3,game,,1,0,0,0,0,0,2
0x434440,36,game,,1,0,0,0,1,1,1
0x434470,97,game,,1,0,0,0,1,1,2
0x4344e0,220,game,,1,2,0,1,2,2,1
0x4345c0,19,game,,2,0,0,0,0,0,1
0x4345e0,386,game,,1,0,0,0,2,2,4
0x434770,586,game,,1,1,0,1,7,7,3
0x4349c0,46,game,,3,0,0,0,0,0,1
0x4349f0,55,game,,1,1,0,0,1,1,1
0x434a30,42,game,,0,1,0,0,1,0,0
0x434a60,67,game,,0,0,0,0,2,2,0
0x434ab0,212,game,,1,0,0,0,5,5,11
0x434b90,92,game,,0,0,0,0,3,3,1
0x434bf0,886,game,,3,203,0,1,16,15,3
0x434f70,118,game,,1,0,0,0,2,2,0
0x434ff0,259,game,,0,0,0,0,4,4,2
0x435100,3,game,,0,0,0,0,0,0,47
0x435110,401,game,,1,32,0,1,6,6,9
0x4352b0,24,game,,0,0,0,0,0,0,2
0x4352d0,76,game,,1,64,0,0,3,3,0
0x435320,121,game,,0,0,0,0,4,4,0
0x4353a0,7,game,,0,0,0,0,0,0,1
0x4353b0,118,game,,2,0,0,1,1,1,0
0x435430,652,game,,4,64,0,1,6,5,2
0x4356c0,37,game,,1,0,0,0,0,0,12
0x4356f0,97,game,,0,32,0,0,3,2,0
0x435760,394,game,,1,98,0,1,6,5,5
0x4358f0,7,game,,0,0,0,0,0,0,4
0x435900,7,game,,0,0,0,0,0,0,1
0x435910,7,game,,0,0,0,0,0,0,1
0x435920,81,game,,0,0,0,0,0,0,2
0x435980,147,game,,1,32,0,0,3,2,4
0x435a20,465,game,,1,52,0,1,7,5,16
0x435c00,30,game,,1,0,0,0,1,1,7
0x435c20,7,game,,0,0,0,0,0,0,2
0x435c30,7,game,,0,0,0,0,0,0,13
0x435c40,14,game,,0,0,0,0,0,0,4
0x435c50,7,game,,0,0,0,0,0,0,2
0x435c60,196,game,,0,32,0,1,4,3,1
0x435d30,100,game,,1,0,0,0,3,3,5
0x435da0,2740,game,,1,408,0,1,32,30,4
0x436860,972,game,,3,36,0,1,6,5,2
0x436c30,1613,game,,2,326,0,1,11,9,1
0x437280,127,game,,0,0,0,0,1,1,0
0x437300,31,game,,0,0,0,0,0,0,1
0x437320,116,game,,2,0,0,1,0,0,2
0x4373a0,477,game,,0,19,0,1,11,11,6
0x437580,639,game,,3,3,0,1,5,5,1
0x437800,27,game,,1,0,0,0,1,1,1
0x437820,27,game,,1,0,0,0,1,1,1
0x437840,207,game,,1,1,0,1,2,2,3
0x437910,131,game,,1,0,0,0,1,1,1
0x4379a0,11,game,,0,0,0,0,0,0,2
0x4379b0,77,game,,1,0,0,0,2,2,2
0x437a00,28,game,,0,0,0,0,1,1,1
0x437a20,13,game,,0,0,0,0,1,1,2
0x437a30,247,game,,2,0,0,1,0,0,4
0x437b30,17,game,,1,0,0,0,0,0,0
0x437b50,133,game,,3,0,0,1,1,1,2
0x437be0,158,game,,3,0,0,1,1,1,1
0x437c80,16,game,,0,0,0,0,1,1,7
0x437c90,50,game,,1,0,0,0,0,0,1
0x437cd0,86,game,,0,0,0,0,1,1,1
0x437d30,1,game,,0,0,0,0,0,0,1
0x437d40,11,game,,0,0,0,0,0,0,2
0x437d50,11,game,,0,0,0,0,0,0,2
0x437d60,113,game,,1,0,0,0,0,0,1
0x437de0,653,game,,0,7,0,1,2,1,1
0x438070,260,game,,0,1,0,0,1,0,1
0x438180,194,game,,1,0,0,0,2,2,1
0x438250,196,game,,1,0,0,0,2,2,1
0x438320,290,game,,0,68,0,0,9,9,1
0x438450,42,game,,0,1,0,0,1,0,0
0x438480,32,game,,0,0,0,0,1,1,0
0x4384a0,230,game,,1,0,0,1,5,5,1
0x438590,93,game,,3,0,0,0,3,3,9
0x4385f0,88,game,,2,0,0,0,3,3,3
0x438650,161,game,,3,2,0,0,0,0,2
0x438700,39,game,,3,0,0,0,0,0,9
0x438730,42,game,,3,0,0,0,0,0,2
0x438760,198,game,,1,1,0,1,0,0,34
0x438830,19,game,,0,0,0,0,0,0,2
0x438850,19,game,,0,0,0,0,0,0,0
0x438870,15,game,,1,0,0,0,0,0,0
0x438880,33,game,,1,0,0,0,1,1,29
0x4388b0,21,game,,0,0,0,0,0,0,1
0x4388d0,89,game,,1,0,0,0,0,0,27
0x438930,196,game,,2,0,0,0,2,2,9
0x438a00,205,game,,3,0,0,0,2,2,2
0x438ad0,191,game,,2,0,0,0,2,2,7
0x438b90,69,game,,1,0,0,0,0,0,2
0x438be0,27,game,,1,0,0,0,0,0,1
0x438c00,660,game,,5,12,0,1,1,1,1
0x438ea0,505,game,,7,11,0,1,3,3,2
0x4390a0,1073,game,,5,2,0,1,1,1,1
0x4394e0,601,game,,5,18,0,1,2,2,1
0x439740,674,game,,5,20,0,1,4,3,2
0x4399f0,312,game,,5,6,0,1,1,1,1
0x439b30,441,game,,5,3,0,1,5,5,1
0x439cf0,40,game,,1,0,0,0,0,0,0
0x439d20,81,game,,1,0,0,0,0,0,1
0x439d80,76,game,,2,0,0,0,0,0,1
0x439dd0,26,game,,1,0,0,0,0,0,1
0x439df0,51,game,,1,0,0,0,0,0,1
0x439e30,70,game,,2,0,0,0,0,0,1
0x439e80,32,game,,1,0,0,0,0,0,45
0x439ea0,8,game,,3,0,0,0,0,0,0
0x439eb0,203,game,,2,1,0,1,2,2,3
0x439f80,91,game,,2,0,0,0,2,2,2
0x439fe0,58,game,,2,0,0,0,0,0,0
0x43a020,152,game,,2,0,0,1,2,2,4
0x43a0c0,274,game,,6,3,0,1,2,2,27
0x43a1e0,3,game,,1,0,0,0,0,0,0
0x43a1f0,218,game,,0,0,0,0,5,5,8
0x43a2d0,131,game,,2,32,0,0,3,2,0
0x43a360,186,game,,2,32,0,1,4,3,0
0x43a420,1300,game,,3,89,0,1,17,16,1
0x43a940,33,game,,2,0,0,0,0,0,0
0x43a970,740,game,,3,87,0,1,6,5,1
0x43ac60,78,game,,3,0,0,0,0,0,1
0x43acb0,87,game,,2,0,0,0,0,0,20
0x43ad10,56,game,,2,0,0,0,0,0,5
0x43ad50,100,game,,2,0,0,0,0,0,0
0x43adc0,500,game,,7,0,0,1,4,4,10
0x43afc0,233,game,,7,0,0,1,3,3,2
0x43b0b0,310,game,,4,0,0,1,3,3,1
0x43b1f0,519,game,,3,0,0,0,3,3,8
0x43b400,768,game,,3,0,0,0,3,3,2
0x43b700,42,game,,1,0,0,0,1,1,6
0x43b730,136,game,,2,0,0,0,2,2,0
0x43b7c0,780,game,,1,1,0,1,9,9,1
0x43bad0,440,game,,1,0,0,1,3,3,1
0x43bc90,909,game,,2,8,0,1,10,10,3
0x43c020,36,game,,2,0,0,0,0,0,0
0x43c050,753,game,,0,9,0,1,13,13,1
0x43c350,11,game,,0,0,0,0,0,0,1
0x43c360,33,game,,0,0,0,0,0,0,2
0x43c390,3,game,,2,0,0,0,0,0,2
0x43c3a0,773,game,,3,3,0,1,2,2,2
0x43c6b0,100,game,,5,0,0,1,0,0,1
0x43c720,534,game,,4,42,0,1,0,0,2
0x43c940,73,game,,9,0,0,1,0,0,1
0x43c990,209,game,,4,14,0,1,0,0,2
0x43ca70,163,game,,23,0,0,0,0,0,2
0x43cb20,137,game,,10,7,0,1,0,0,2
0x43cbb0,109,game,,2,0,0,0,0,0,0
0x43cc20,254,game,,2,3,0,1,0,0,1
0x43cd20,943,game,,1,17,0,1,3,2,1
0x43d0d0,306,game,,2,2,0,0,0,0,2
0x43d210,127,game,,2,3,0,0,2,2,19
0x43d290,1074,game,,1,18,0,1,2,1,1
0x43d6d0,920,game,,1,10,0,1,7,7,1
0x43da70,216,game,,1,0,0,0,1,1,1
0x43db50,170,game,,1,0,0,1,1,1,1
0x43dc00,267,game,,1,0,0,0,5,5,4
0x43dd10,13,game,,0,0,0,0,0,0,1
0x43dd20,79,game,,1,0,0,0,5,5,2
0x43dd70,180,game,,2,17,0,0,4,3,1
0x43de30,180,game,,2,17,0,0,4,3,1
0x43def0,359,game,,3,5,0,0,1,1,5
0x43e060,74,game,,3,3,0,0,1,1,5
0x43e0b0,202,game,,3,2,0,1,0,0,1
0x43e180,96,game,,3,2,0,0,0,0,1
0x43e1e0,86,game,,2,4,0,0,1,1,1
0x43e240,145,game,,4,3,0,0,2,2,6
0x43e2e0,217,game,,3,4,0,0,2,2,4
0x43e3c0,62,game,,2,1,0,0,2,2,1
0x43e400,103,game,,2,4,0,0,2,2,15
0x43e470,29,game,,1,0,0,0,0,0,1
0x43e490,3152,game,,4,1,0,1,6,6,1
0x43f0e0,4420,game,,5,0,0,1,4,4,15
0x440230,92,game,,0,0,0,0,1,0,0
0x440290,65,game,,0,0,0,0,2,2,0
0x4402e0,53,game,,0,0,0,0,0,0,1
0x440320,28,game,,0,0,0,0,2,2,1
0x440340,222,game,,1,0,0,0,1,1,2
0x440420,70,game,,1,0,0,0,0,0,1
0x440470,79,game,,2,0,0,0,2,2,0
0x4404c0,60,game,,3,0,0,0,0,0,0
0x440500,816,game,,0,5,0,1,3,3,1
0x440830,242,game,,2,5,0,1,1,1,4
0x440930,1,game,,0,0,0,0,0,0,1
0x440940,189,game,,0,1,0,1,3,3,1
0x440a00,57,game,,0,0,0,0,2,2,1
0x440a40,47,game,,2,0,0,0,1,1,5
0x440a70,115,game,,1,0,0,0,1,1,1
0x440af0,225,game,,1,2,0,1,1,1,1
0x440be0,34,game,,1,0,0,0,1,1,3
0x440c10,143,game,,0,10,0,0,0,0,0
0x440ca0,42,game,,2,0,0,0,0,0,0
0x440cd0,151,game,,0,1,0,0,3,3,0
0x440d70,775,game,,1,51,0,1,14,14,0
0x441080,401,game,,0,1,0,0,9,8,1
0x441220,517,game,,2,48,0,1,3,3,1
0x441430,39,game,,0,0,0,0,0,0,0
0x441460,1874,game,,1,109,0,1,14,11,2
0x441bc0,112,game,,0,0,0,0,0,0,1
0x441c30,973,game,,2,173,0,0,3,3,4
0x442000,78,game,,1,2,0,0,1,1,0
0x442050,408,game,,1,1,0,0,9,9,1
0x4421f0,398,game,,0,1,0,0,13,12,1
0x442380,31,game,,2,0,0,0,0,0,1
0x4423a0,24,game,,2,0,0,0,0,0,1
0x4423c0,416,game,,1,2,0,0,9,9,0
0x442560,384,game,,0,2,0,0,11,11,1
0x4426e0,182,game,,0,0,0,0,3,3,1
0x4427a0,322,game,,0,0,0,0,4,4,0
0x4428f0,125,game,,2,0,0,0,5,5,1
0x442970,185,game,,0,65,0,0,2,2,0
0x442a30,1594,game,,1,67,0,0,17,17,0
0x443070,138,game,,4,0,0,1,0,0,0
0x443100,888,game,,0,10,0,1,20,20,1
0x443480,261,game,,1,7,0,1,7,7,0
0x443590,5,game,,0,0,0,0,1,1,0
0x4435a0,316,game,,2,4,0,1,9,9,1
0x4436e0,223,game,,0,0,0,0,9,9,2
0x4437c0,1253,game,,1,47,0,1,18,18,1
0x443cb0,824,game,,0,5,0,0,20,19,2
0x443ff0,424,game,,1,1,0,1,2,2,2
0x4441a0,801,gap,,,,,,15,12,0
0x4444d0,173,game,,5,0,0,1,1,1,0
0x444580,898,gap,,,,,,16,15,0
0x444910,31,game,,2,0,0,0,1,1,0
0x444930,229,game,,1,0,0,0,6,6,0
0x444a20,372,game,,0,27,0,0,12,11,8
0x444ba0,52,game,,1,0,0,0,3,3,0
0x444be0,95,game,,0,0,0,0,5,5,0
0x444c40,102,game,,2,0,0,0,5,5,0
0x444cb0,492,game,,1,0,0,0,13,13,0
0x444ea0,616,game,,0,0,0,1,19,19,1
0x445110,495,game,,0,6,0,1,7,7,0
0x445300,152,game,,1,80,0,0,2,2,0
0x4453a0,176,game,,2,83,0,0,1,1,0
0x445450,341,game,,0,85,0,1,1,1,0
0x4455b0,1468,game,,0,260,0,1,6,4,2
0x445b70,249,game,,2,5,0,0,6,5,2
0x445c70,227,game,,2,5,0,0,6,5,2
0x445d60,187,game,,2,5,0,0,6,5,0
0x445e20,35,game,,3,0,0,0,2,2,0
0x445e50,125,game,,4,0,0,1,4,4,0
0x445ed0,324,game,,0,0,0,0,2,2,2
0x446020,91,game,,1,0,0,0,4,4,0
0x446080,324,game,,1,25,0,0,7,6,2
0x4461d0,311,game,,1,0,0,0,7,7,0
0x446310,319,game,,0,1,0,1,5,5,1
0x446450,127,game,,0,0,0,0,2,2,0
0x4464d0,475,game,,1,25,0,1,10,9,0
0x4466b0,262,game,,0,0,0,0,6,6,1
0x4467c0,43,game,,2,0,0,0,0,0,0
0x4467f0,204,game,,1,0,0,1,0,0,0
0x4468c0,248,game,,0,1,0,1,2,2,0
0x4469c0,137,game,,2,0,0,0,0,0,0
0x446a50,537,game,,0,19,0,1,1,1,5
0x446c70,529,game,,0,2,0,1,0,0,3
0x446e90,177,game,,1,0,0,1,1,1,2
0x446f50,88,game,,1,0,0,0,4,4,0
0x446fb0,414,game,,0,13,0,1,4,3,3
0x447150,552,game,,1,26,0,1,12,11,0
0x447380,1318,game,,1,62,0,1,8,7,3
0x4478b0,607,game,,0,0,0,1,10,9,1
0x447b10,4306,game,,1,79,0,1,50,49,0
0x448bf0,119,game,,1,5,0,0,2,1,0
0x448c70,3902,game,,0,53,0,1,39,36,2
0x449bb0,2756,game,,0,10,0,1,45,43,1
0x44a680,2340,game,,0,96,0,1,40,38,1
0x44afb0,104,game,,1,0,0,0,6,6,0
0x44b020,219,game,,0,256,0,0,12,12,0
0x44b100,57,game,,0,0,0,0,1,1,0
0x44b140,226,game,,1,2,0,1,3,0,1
0x44b230,244,game,,1,1,0,1,3,0,1
0x44b330,135,game,,0,0,0,0,5,5,0
0x44b3c0,281,game,,1,0,0,0,9,8,0
0x44b4e0,279,game,,1,64,0,0,5,5,3
0x44b600,137,game,,2,0,0,0,5,5,0
0x44b690,761,game,,1,65,0,1,16,15,0
0x44b990,635,game,,0,2,0,1,17,17,1
0x44bc10,605,game,,0,2,0,1,17,17,1
0x44be70,351,game,,2,10,0,1,8,5,0
0x44bfd0,249,game,,2,8,0,1,6,5,4
0x44c0d0,335,game,,0,70,0,0,5,5,1
0x44c220,333,game,,0,4,0,1,6,6,0
0x44c370,166,game,,2,5,0,0,2,1,0
0x44c420,889,game,,1,0,0,1,15,15,0
0x44c7a0,59,game,,2,0,0,0,0,0,0
0x44c7e0,1586,game,,0,11,0,1,19,17,1
0x44ce20,18,game,,1,0,0,0,0,0,0
0x44ce40,6,game,,0,0,0,0,0,0,0
0x44ce50,32,game,,1,0,0,0,1,1,0
0x44ce70,11,game,,3,0,0,0,0,0,0
0x44ce80,5,game,,3,0,0,0,0,0,0
0x44ce90,47,game,,1,0,0,0,0,0,0
0x44cec0,5,game,,2,0,0,0,0,0,0
0x44ced0,22,game,,1,0,0,0,0,0,6
0x44cef0,3,game,,0,0,0,0,0,0,0
0x44cf00,24,game,,1,0,0,0,0,0,0
0x44cf20,5,game,,2,0,0,0,0,0,0
0x44cf30,6,game,,0,0,0,0,0,0,0
0x44cf40,5,game,,1,0,0,0,0,0,0
0x44cf50,3,game,,1,0,0,0,0,0,0
0x44cf60,113,game,,4,1,0,0,0,0,1
0x44cfe0,6,game,,0,0,0,0,0,0,0
0x44cff0,32,game,,1,0,0,0,1,1,0
0x44d010,123,game,,3,4,0,0,3,3,1
0x44d090,76,game,,3,4,0,0,3,3,0
0x44d0e0,417,game,,1,1,0,1,6,6,0
0x44d290,47,game,,2,0,0,0,0,0,0
0x44d2c0,71,game,,1,2,0,0,0,0,0
0x44d310,51,game,,1,0,0,0,0,0,0
0x44d350,84,game,,2,0,0,0,0,0,0
0x44d3b0,141,game,,5,1,0,0,0,0,1
0x44d440,6,game,,0,0,0,0,0,0,0
0x44d450,32,game,,1,0,0,0,1,1,0
0x44d470,137,game,,3,6,0,0,3,3,1
0x44d500,90,game,,3,6,0,0,3,3,0
0x44d560,445,game,,1,1,0,1,6,6,0
0x44d720,157,game,,1,2,0,1,1,1,0
0x44d7c0,58,game,,2,0,0,0,0,0,0
0x44d800,62,game,,1,0,0,0,0,0,0
0x44d840,96,game,,2,0,0,0,0,0,0
0x44d8a0,83,game,,3,0,0,0,0,0,1
0x44d900,6,game,,0,0,0,0,0,0,0
0x44d910,32,game,,1,0,0,0,1,1,0
0x44d930,102,game,,3,5,0,0,3,3,1
0x44d9a0,83,game,,3,5,0,0,3,3,0
0x44da00,606,game,,1,5,0,1,8,8,0
0x44dc60,75,game,,1,1,0,0,0,0,0
0x44dcb0,74,game,,2,0,0,0,0,0,0
0x44dd00,182,game,,2,0,0,1,0,0,0
0x44ddc0,189,game,,1,0,0,0,1,1,0
0x44de80,226,game,,3,14,0,0,7,7,1
0x44df70,6,game,,0,0,0,0,0,0,0
0x44df80,40,game,,1,0,0,0,2,2,0
0x44dfb0,206,game,,3,14,0,0,5,5,0
0x44e080,258,game,,2,0,0,1,3,3,1
0x44e190,183,game,,2,0,0,0,2,2,2
0x44e250,113,game,,3,0,0,0,2,2,2
0x44e2d0,95,game,,2,0,0,0,1,1,22
0x44e330,111,game,,3,0,0,0,2,2,1
0x44e3a0,22,game,,0,0,0,0,0,0,0
0x44e3c0,355,game,,1,4,0,1,1,1,0
0x44e530,124,game,,1,0,0,0,1,1,0
0x44e5b0,251,game,,1,3,0,0,1,0,0
0x44e6b0,3,game,,0,0,0,0,0,0,0
0x44e6c0,90,game,,1,0,0,1,1,1,20
0x44e720,16,game,,1,0,0,0,0,0,2
0x44e730,16,game,,1,0,0,0,0,0,15
0x44e740,82,game,,3,0,0,0,0,0,1
0x44e7a0,6,game,,0,0,0,0,0,0,0
0x44e7b0,32,game,,1,0,0,0,1,1,0
0x44e7d0,170,game,,3,11,0,0,4,4,1
0x44e880,163,game,,3,11,0,0,3,3,0
0x44e930,129,game,,1,0,0,0,1,1,0
0x44e9c0,140,game,,2,0,0,0,1,1,1
0x44ea50,3,game,,0,0,0,0,0,0,0
0x44ea60,217,game,,1,3,0,0,1,1,0
0x44eb40,31,game,,1,0,0,0,1,1,0
0x44eb60,159,game,,1,3,0,0,2,1,0
0x44ec00,3,game,,0,0,0,0,0,0,0
0x44ec10,3,game,,1,0,0,0,0,0,1
0x44ec20,16,game,,1,0,0,0,0,0,0
0x44ec30,546,game,,3,2,0,1,2,2,1
0x44ee60,3,game,,2,0,0,0,0,0,3
0x44ee70,19,game,,0,0,0,0,0,0,3
0x44ee90,46,game,,3,0,0,0,0,0,3
0x44eec0,35,game,,3,0,0,0,0,0,3
0x44eef0,42,game,,3,0,0,0,0,0,1
0x44ef20,25,game,,1,0,0,0,0,0,3
0x44ef40,3,game,,3,0,0,0,0,0,0
0x44ef50,3,game,,1,0,0,0,0,0,0
0x44ef60,32,game,,1,0,0,0,1,1,0
0x44ef80,11,game,,0,0,0,0,0,0,0
0x44ef90,31,game,,1,0,0,0,1,1,1
0x44efb0,1,game,,0,0,0,0,0,0,0
0x44efc0,3,game,,1,0,0,0,0,0,0
0x44efd0,3,game,,1,0,0,0,0,0,0
0x44efe0,3,game,,0,0,0,0,0,0,0
0x44eff0,3,game,,0,0,0,0,0,0,0
0x44f000,3,game,,3,0,0,0,0,0,0
0x44f010,41,game,,1,0,0,0,0,0,1
0x44f040,55,game,,1,0,0,0,2,2,0
0x44f080,122,game,,2,0,0,0,1,1,3
0x44f100,76,game,,1,0,0,0,0,0,0
0x44f150,74,game,,3,0,0,1,0,0,0
0x44f1a0,185,game,,0,0,0,1,1,1,0
0x44f260,37,game,,0,0,0,0,0,0,0
0x44f290,7,game,,0,0,0,0,0,0,0
0x44f2a0,431,game,,1,3,0,1,3,2,0
0x44f450,34,game,,0,0,0,0,1,1,0
0x44f480,31,game,,0,0,0,0,0,0,0
0x44f4a0,196,game,,1,0,0,1,2,2,0
0x44f570,26,game,,1,0,0,0,0,0,1
0x44f590,32,game,,1,0,0,0,1,1,0
0x44f5b0,12,game,,0,0,0,0,0,0,0
0x44f5c0,137,game,,1,0,0,1,1,1,0
0x44f650,74,game,,3,0,0,1,0,0,0
0x44f6a0,52,game,,0,0,0,0,2,2,1
0x44f6e0,50,game,,0,0,0,0,2,2,1
0x44f720,126,game,,0,0,0,0,2,1,0
0x44f7a0,57,game,,0,0,0,0,1,1,0
0x44f7e0,126,game,,0,0,0,0,2,1,0
0x44f860,57,game,,0,0,0,0,1,1,0
0x44f8a0,92,game,,0,0,0,0,1,1,0
0x44f900,52,game,,0,0,0,0,1,1,0
0x44f940,125,game,,2,64,0,1,3,2,3
0x44f9c0,585,game,,3,66,0,1,6,5,1
0x44fc10,300,game,,2,1,0,1,6,5,3
0x44fd40,6,game,,1,0,0,0,0,0,0
0x44fd50,6,game,,1,0,0,0,0,0,0
0x44fd60,6,game,,1,0,0,0,0,0,0
0x44fd70,6,game,,1,0,0,0,0,0,0
0x44fd80,6,game,,1,0,0,0,0,0,0
0x44fd90,6,game,,1,0,0,0,0,0,0
0x44fda0,13,game,,0,0,0,0,0,0,0
0x44fdb0,74,game,,0,0,0,0,0,0,11
0x44fe00,56,game,,0,0,0,0,0,0,8
0x44fe40,99,game,,1,0,0,0,0,0,7
0x44feb0,22,game,,1,0,0,0,0,0,0
0x44fed0,243,game,,1,0,0,0,0,0,3
0x44ffd0,61,game,,1,0,0,0,0,0,10
0x450010,27,game,,1,0,0,0,0,0,1
0x450030,96,game,,0,0,0,0,0,0,6
0x450090,161,game,,3,4,0,0,2,1,0
0x450140,252,game,,3,257,0,0,1,1,0
0x450240,305,game,,0,1,0,1,0,0,0
0x450380,359,game,,1,51,0,0,4,2,1
0x4504f0,59,game,,0,0,0,0,0,0,0
0x450530,977,game,,0,4,0,1,3,3,5
0x450910,97,game,,0,0,0,1,0,0,0
0x450980,141,game,,0,11,0,1,0,0,1
0x450a10,872,game,,1,305,0,1,8,8,3
0x450d80,65,game,,0,0,0,0,3,3,2
0x450dd0,74,game,,0,0,0,0,3,3,2
0x450e20,360,game,,0,0,0,0,6,6,3
0x450f90,248,game,,0,47,0,1,3,3,22
0x451090,236,game,,5,0,0,0,2,1,3
0x451180,146,game,,0,12,0,0,2,2,9
0x451220,800,game,,2,66,0,1,6,5,3
0x451540,135,game,,0,12,0,0,2,2,1
0x4515d0,104,game,,5,0,0,0,1,1,0
0x451640,300,game,,1,1,0,1,10,9,1
0x451770,49,game,,1,0,0,0,1,1,0
0x4517b0,937,game,,5,113,0,1,15,14,1
0x451b60,84,game,,0,0,0,0,2,2,1
0x451bc0,554,game,,4,1,0,1,6,6,26
0x451df0,471,game,,3,0,0,1,6,6,42
0x451fd0,915,game,,1,0,0,1,2,2,1
0x452370,111,game,,1,0,0,0,4,4,1
0x4523e0,385,game,,3,1,0,1,2,2,2
0x452570,330,game,,2,3,0,1,0,0,2
0x4526c0,307,game,,1,1,0,1,5,5,4
0x452800,350,game,,1,0,0,1,2,2,0
0x452960,520,game,,4,1,0,1,6,6,4
0x452b70,82,game,,4,0,0,0,2,2,0
0x452bd0,97,game,,1,0,0,0,2,2,3
0x452c40,124,game,,1,0,0,0,0,0,2
0x452cc0,848,game,,1,1,0,1,7,7,6
0x453010,772,game,,2,2,0,1,4,4,7
0x453320,52,game,,2,0,0,0,2,2,2
0x453360,380,game,,1,0,0,1,3,2,1
0x4534e0,349,game,,0,1,0,0,5,5,1
0x453640,687,game,,0,51,0,1,8,7,0
0x4538f0,338,game,,1,0,0,0,10,10,0
0x453a50,460,game,,1,0,0,1,12,12,1
0x453c20,273,game,,0,1,0,1,2,2,1
0x453d40,8944,game,,0,327,0,1,54,52,7
0x456030,25,game,,0,0,0,0,0,0,2
0x456050,105,game,,1,6,0,0,1,1,1
0x4560c0,68,game,,2,2,0,0,1,1,2
0x456110,121,game,,2,6,0,0,2,2,0
0x456190,106,game,,2,6,0,0,1,1,2
0x456200,139,game,,7,6,0,0,2,2,2
0x456290,124,game,,7,6,0,0,1,1,1
0x456310,641,game,,0,62,0,1,6,6,3
0x4565a0,442,game,,1,0,0,1,3,3,1
0x456760,225,game,,0,1,0,1,0,0,2
0x456850,87,game,,0,1,0,0,0,0,12
0x4568b0,3,game,,3,0,0,0,0,0,1
0x4568c0,1310,game,,0,13,0,1,4,3,2
0x456de0,243,game,,0,1,0,0,1,1,1
0x456ee0,368,game,,3,5,0,0,1,1,1
0x457050,368,game,,3,5,0,0,1,1,1
0x4571c0,218,game,,2,5,0,0,1,1,1
0x4572a0,293,game,,0,1,0,1,2,2,1
0x4573d0,358,game,,3,15,0,0,1,1,4
0x457540,451,game,,2,0,0,1,3,3,1
0x457710,439,game,,0,6,0,0,9,4,1
0x4578d0,18,game,,1,0,0,0,1,1,1
0x4578f0,340,game,,1,0,0,0,5,5,0
0x457a50,154,game,,0,1,0,0,0,0,6
0x457af0,67,game,,0,0,0,0,0,0,2
0x457b40,67,game,,0,0,0,0,0,0,2
0x457b90,44,game,,0,0,0,0,0,0,1
0x457bc0,76,game,,0,0,0,0,0,0,1
0x457c10,97,game,,0,0,0,0,0,0,0
0x457c80,44,game,,0,0,0,0,0,0,0
0x457cb0,126,game,,0,0,0,1,0,0,1
0x457d30,1061,game,,1,7,0,1,3,3,1
0x458160,19,game,,0,0,0,0,1,1,1
0x458180,57,game,,1,0,0,0,2,2,1
0x4581c0,28,game,,0,0,0,0,2,2,1
0x4581e0,289,game,,6,4,0,1,0,0,1
0x458310,281,game,,8,5,0,1,0,0,1
0x458430,159,game,,6,1,0,1,2,2,0
0x4584d0,461,game,,7,4054,0,1,4,4,3
0x4586a0,267,game,,3,3,0,1,5,5,2
0x4587b0,85,game,,2,0,0,1,0,0,0
0x458810,427,game,,2,6,0,1,3,3,1
0x4589c0,861,game,,2,26,0,1,4,4,1
0x458d20,14,game,,3,0,0,0,0,0,0
0x458d30,149,game,,5,1,0,1,0,0,1
0x458dd0,449,game,,2,0,0,1,2,2,2
0x458fa0,455,game,,3,6079,0,1,1,1,1
0x459170,144,game,,1,0,0,0,0,0,0
0x459200,1506,game,,6,8,0,1,13,13,2
0x4597f0,61,game,,3,0,0,0,0,0,1
0x459830,1082,game,,4,6081,0,1,5,5,2
0x459c70,2047,game,,4,22133,0,1,8,8,1
0x45a470,156,game,,1,0,0,0,1,1,1
0x45a510,254,game,,5,3,0,1,0,0,1
0x45a610,379,game,,2,6079,0,1,1,1,1
0x45a790,307,game,,2,3,0,1,5,5,1
0x45a8d0,116,game,,1,0,0,0,3,3,2
0x45a950,322,game,,3,15,0,1,4,4,1
0x45aaa0,100,game,,1,0,0,0,2,2,3
0x45ab10,260,game,,1,0,0,1,2,2,1
0x45ac20,608,game,,2,1,0,1,3,3,2
0x45ae80,49,game,,1,0,0,0,0,0,2
0x45aec0,202,game,,3,0,0,1,1,1,2
0x45af90,152,game,,3,0,0,0,0,0,1
0x45b030,105,game,,0,1,0,1,0,0,2
0x45b0a0,174,game,,1,5,0,0,1,1,2
0x45b150,242,game,,3,1,0,1,1,1,1
0x45b250,560,gap,,,,,,4,1,0
0x45b480,13,game,,1,0,0,0,1,1,0
0x45b490,417,gap,,,,,,3,1,0
0x45b640,27,game,,0,0,0,0,0,0,2
0x45b660,6,game,,0,0,0,0,0,0,6
0x45b670,395,gap,,,,,,1,0,0
0x45b800,30,game,,1,0,0,0,1,0,1
0x45b820,50,game,,2,0,0,0,1,0,1
0x45b860,32,game,,1,0,0,0,0,0,1
0x45b880,153,game,,2,0,0,1,2,2,0
0x45b920,137,game,,1,0,0,1,1,1,0
0x45b9b0,105,game,,2,0,0,0,0,0,7
0x45ba20,63,game,,1,0,0,0,0,0,10
0x45ba60,138,game,,4,32,0,0,3,3,0
0x45baf0,14,game,,2,0,0,0,0,0,0
0x45bb00,228,game,,2,1,0,1,2,1,0
0x45bbf0,194,game,,2,0,0,0,4,3,0
0x45bcc0,81,game,,0,0,0,0,3,3,1
0x45bd20,179,game,,2,0,0,0,4,4,0
0x45bde0,179,game,,2,0,0,0,4,4,0
0x45bea0,179,game,,2,0,0,0,4,4,0
0x45bf60,161,game,,4,50,0,0,2,1,0
0x45c010,90,game,,3,25,0,0,2,1,0
0x45c070,251,game,,2,0,0,0,3,3,0
0x45c170,173,game,,2,0,0,0,2,2,0
0x45c220,268,game,,2,5,0,0,4,3,0
0x45c330,157,game,,2,5,0,0,4,3,0
0x45c3d0,22,game,,1,0,0,0,1,1,0
0x45c3f0,274,game,,0,3,0,0,8,7,3
0x45c510,88,game,,0,0,0,0,2,2,0
0x45c570,187,game,,0,0,0,0,4,4,0
0x45c630,150,game,,0,0,0,0,4,4,0
0x45c6d0,110,game,,0,0,0,0,0,0,0
0x45c740,214,game,,0,0,0,0,3,3,0
0x45c820,302,game,,0,0,0,0,5,5,3
0x45c950,246,game,,0,0,0,0,7,7,0
0x45ca50,143,game,,0,0,0,0,0,0,0
0x45cae0,353,game,,0,0,0,0,3,3,3
0x45cc50,399,game,,0,0,0,0,9,9,0
0x45cde0,160,game,,0,0,0,0,2,2,0
0x45ce80,224,game,,0,1,0,1,1,1,4
0x45cf60,94,game,,0,0,0,0,5,5,0
0x45cfc0,244,game,,0,64,0,1,4,4,5
0x45d0c0,111,game,,0,5,0,0,5,4,0
0x45d130,326,game,,0,0,0,0,3,3,2
0x45d280,1333,game,,1,0,0,1,26,26,0
0x45d7c0,526,game,,0,1,0,0,16,16,2
0x45d9d0,177,game,,0,0,0,0,3,3,0
0x45da90,923,game,,1,0,0,1,19,19,0
0x45de30,710,game,,0,1,0,1,15,15,2
0x45e100,946,game,,1,0,0,1,14,14,0
0x45e4c0,287,game,,1,5,0,1,0,0,2
0x45e5e0,1262,game,,1,4,0,1,18,17,2
0x45ead0,632,game,,1,0,0,0,6,6,0
0x45ed50,1083,game,,0,6,0,1,14,13,2
0x45f190,52,game,,1,0,0,0,3,3,0
0x45f1d0,1431,game,,0,35,0,1,10,9,1
0x45f770,137,game,,1,0,0,0,6,6,0
0x45f800,185,game,,0,0,0,0,6,6,0
0x45f8c0,504,game,,3,105,0,1,10,10,3
0x45fac0,99,game,,1,0,0,0,5,5,0
0x45fb30,130,game,,0,0,0,0,5,5,0
0x45fbc0,116,game,,0,268,0,0,6,6,0
0x45fc40,27,game,,0,0,0,0,0,0,0
0x45fc60,836,game,,1,0,0,0,25,25,0
0x45ffb0,430,game,,1,16,0,0,6,6,1
0x460160,473,game,,0,0,0,1,11,11,4
0x460340,349,game,,1,0,0,0,9,9,0
0x4604a0,286,game,,0,0,0,0,11,10,1
0x4605c0,187,game,,1,0,0,0,10,10,0
0x460680,370,game,,0,0,0,1,6,6,2
0x460800,168,game,,1,0,0,0,6,6,0
0x4608b0,233,game,,0,0,0,0,8,8,1
0x4609a0,15,game,,1,0,0,0,1,1,0
0x4609b0,777,game,,1,0,0,0,20,20,0
0x460cc0,345,game,,0,0,0,0,10,10,2
0x460e20,281,game,,0,1,0,1,5,4,0
0x460f40,23,game,,0,0,0,0,0,0,1
0x460f60,184,game,,0,0,0,0,1,1,0
0x461020,333,game,,2,0,0,0,3,3,3
0x461170,1,game,,1,0,0,0,0,0,15
0x461180,87,game,,4,0,0,0,3,3,0
0x4611e0,352,game,,0,2,0,1,1,1,0
0x461340,209,game,,1,0,0,1,1,1,0
0x461420,186,game,,0,0,0,0,1,1,0
0x4614e0,260,game,,2,1,0,1,3,3,1
0x4615f0,20,game,,0,0,0,0,0,0,0
0x461610,1,game,,0,0,0,0,0,0,1
0x461620,3,game,,3,0,0,0,0,0,1
0x461630,281,game,,2,1,0,1,1,1,2
0x461750,208,game,,2,0,0,0,2,2,0
0x461820,61,game,,1,0,0,0,2,2,0
0x461860,56,game,,0,0,0,1,1,1,0
0x4618a0,84,game,,1,0,0,1,1,1,20
0x461900,144,game,,2,0,0,1,3,3,0
0x461990,27,game,,4,0,0,0,1,1,1
0x4619b0,46,game,,4,0,0,0,2,2,1
0x4619e0,143,game,,1,0,0,0,1,1,1
0x461a70,70,game,,0,0,0,0,0,0,0
0x461ac0,70,game,,0,0,0,0,1,1,0
0x461b10,272,game,,0,3,0,1,4,4,1
0x461c20,310,game,,1,4,0,1,4,4,1
0x461d60,3,game,,3,0,0,0,0,0,0
0x461d70,15,game,,0,0,0,0,0,0,0
0x461d80,24,game,,0,0,0,0,0,0,0
0x461da0,15,game,,1,0,0,0,0,0,0
0x461db0,468,game,,4,8,0,1,2,2,6
0x461f90,62,game,,1,0,0,0,0,0,0
0x461fd0,919,game,,2,6,0,1,6,6,2
0x462370,60,game,,1,0,0,0,0,0,2
0x4623b0,39,game,,0,0,0,0,0,0,2
0x4623e0,137,game,,1,0,0,1,1,1,0
0x462470,41,game,,0,0,0,0,1,1,0
0x4624a0,570,game,,1,2,0,1,4,4,2
0x4626e0,48,game,,5,0,0,0,2,2,1
0x462710,324,game,,3,0,0,1,5,5,2
0x462860,59,game,,1,0,0,0,0,0,1
0x4628a0,33,game,,1,0,0,0,0,0,1
0x4628d0,219,game,,5,0,0,1,1,1,1
0x4629b0,144,game,,0,2,0,1,2,2,3
0x462a40,27,game,,0,0,0,0,0,0,0
0x462a60,120,game,,1,0,0,1,2,2,0
0x462ae0,233,game,,1,0,0,1,4,4,3
0x462bd0,21,game,,0,0,0,0,1,1,0
0x462bf0,11,game,,0,0,0,0,0,0,0
0x462c00,188,game,,1,1,0,1,1,1,0
0x462cc0,106,game,,1,0,0,0,1,1,0
0x462d30,84,game,,0,0,0,0,1,1,0
0x462d90,314,game,,1,1,0,1,2,2,1
0x462ed0,88,game,,0,0,0,0,1,1,0
0x462f30,1653,game,,3,4,0,1,8,8,1
0x4635b0,93,game,,0,0,0,0,1,1,0
0x463610,109,game,,1,0,0,0,2,2,0
0x463680,41,game,,0,0,0,0,1,1,0
0x4636b0,81,game,,0,0,0,0,1,1,0
0x463710,29,game,,0,0,0,0,1,1,0
0x463730,91,game,,0,0,0,0,1,1,0
0x463790,1040,game,,6,4,0,1,3,3,1
0x463ba0,34,game,,0,0,0,0,1,0,0
0x463bd0,1,game,,0,0,0,0,0,0,0
0x463be0,82,game,,0,0,0,0,2,2,2
0x463c40,29,game,,0,0,0,0,1,1,1
0x463c60,24,game,,1,0,0,0,0,0,9
0x463c80,29,game,,0,0,0,0,0,0,3
0x463ca0,417,game,,4,0,0,1,5,4,19
0x463e50,146,game,,4,50,0,0,5,4,5
0x463ef0,111,game,,0,0,0,0,0,0,1
0x463f60,160,game,,0,0,0,1,1,1,1
0x464000,87,game,,0,0,0,0,1,1,1
0x464060,560,game,,1,8,0,1,5,5,3
0x464290,561,game,,2,0,0,1,3,2,3
0x4644d0,555,game,,0,1,0,1,1,0,2
0x464700,473,game,,1,0,0,1,6,6,1
0x4648e0,174,game,,0,54,0,0,7,7,2
0x464990,55,game,,0,0,0,0,2,2,1
0x4649d0,48,game,,0,0,0,0,1,1,1
0x464a00,162,game,,0,0,0,1,4,4,1
0x464ab0,13,game,,1,0,0,0,0,0,2
0x464ac0,13,game,,1,0,0,0,0,0,1
0x464ad0,19,game,,1,0,0,0,0,0,3
0x464af0,13,game,,1,0,0,0,0,0,2
0x464b00,13,game,,1,0,0,0,0,0,1
0x464b10,19,game,,1,0,0,0,0,0,1
0x464b30,301,game,,4,0,0,1,2,2,4
0x464c60,305,game,,4,0,0,1,2,2,4
0x464da0,55,game,,1,0,0,0,1,1,0
0x464de0,143,game,,1,0,0,0,5,5,0
0x464e70,263,game,,0,0,0,1,4,4,0
0x464f80,2392,game,,0,13,0,1,31,31,2
0x4658e0,469,game,,6,3,0,1,0,0,1
0x465ac0,865,game,,2,3,0,1,1,1,6
0x465e30,371,game,,0,3,0,1,3,3,1
0x465fb0,147,game,,1,5,0,1,3,2,1
0x466050,1326,gap,,,,,,10,9,0
0x466580,67,game,,0,0,0,0,0,0,1
0x4665d0,425,game,,5,32,0,1,6,6,1
0x466780,548,game,,0,16,0,1,5,5,1
0x4669b0,227,game,,0,0,0,0,2,2,1
0x466aa0,92,game,,0,0,0,0,1,1,1
0x466b00,103,game,,1,0,0,0,2,2,1
0x466b70,165,game,,1,0,0,0,0,0,1
0x466c20,402,game,,0,9,0,1,0,0,2
0x466dc0,1662,game,,0,7,0,1,6,6,2
0x467440,1015,game,,0,10,0,1,2,2,1
0x467840,272,game,,1,3,0,1,0,0,0
0x467950,14,game,,1,0,0,0,0,0,1
0x467960,25,game,,1,0,0,0,0,0,0
0x467980,25,game,,1,0,0,0,0,0,0
0x4679a0,126,game,,0,0,0,0,2,2,1
0x467a20,40,game,,4,0,0,0,1,1,1
0x467a50,259,game,,4,1,0,1,2,2,1
0x467b60,157,game,,6,4,0,0,1,1,0
0x467c00,175,game,,4,16,0,0,1,1,3
0x467cb0,192,game,,4,25,0,0,5,4,0
0x467d70,218,game,,0,0,0,0,6,6,1
0x467e50,1212,game,,1,41,0,1,10,9,0
0x468310,108,game,,3,0,0,1,2,2,0
0x468380,539,game,,1,16,0,1,6,5,1
0x4685a0,1045,game,,1,45,0,1,11,10,0
0x4689c0,803,game,,1,82,0,1,8,7,1
0x468cf0,5904,game,,2,133,0,1,56,55,3
0x46a400,36,game,,1,0,0,0,1,1,1
0x46a430,256,game,,4,4,0,1,1,1,1
0x46a530,216,game,,2,21,0,0,2,2,1
0x46a610,589,game,,4,0,0,1,5,5,1
0x46a860,4247,game,,1,143,0,1,20,18,1
0x46b900,196,game,,3,4,0,1,4,4,1
0x46b9d0,165,game,,4,4,0,0,2,2,1
0x46ba80,89,game,,4,0,0,1,1,1,0
0x46bae0,380,game,,4,1,0,1,4,4,2
0x46bc60,13,game,,1,0,0,0,1,1,0
0x46bc70,108,game,,2,0,0,0,3,3,0
0x46bce0,542,game,,0,16,0,1,2,2,1
0x46bf00,27,game,,1,0,0,0,0,0,1
0x46bf20,14,game,,0,0,0,0,0,0,2
0x46bf30,602,game,,2,0,0,0,3,3,1
0x46c190,259,game,,0,0,0,0,3,3,6
0x46c2a0,882,gap,,,,,,0,0,0
0x46c620,486,game,,1,4,0,1,5,5,10
0x46c810,157,game,,1,0,0,0,1,1,1
0x46c8b0,16,game,,0,0,0,0,0,0,1
0x46c8c0,3,game,,1,0,0,0,0,0,0
0x46c8d0,1,game,,0,0,0,0,0,0,0
0x46c8e0,58,game,,1,0,0,0,2,2,1
0x46c920,317,game,,0,5,0,1,8,6,1
0x46ca60,381,game,,0,5,0,1,9,7,1
0x46cbe0,47,game,,0,1,0,0,0,0,1
0x46cc10,678,game,,2,2,0,1,7,7,0
0x46cec0,33,game,,2,0,0,0,2,2,1
0x46cef0,325,game,,4,4,0,1,4,4,0
0x46d040,342,game,,1,11,0,1,3,3,1
0x46d1a0,312,game,,0,3,0,1,8,6,0
0x46d2e0,475,game,,0,19,0,1,6,4,0
0x46d4c0,49,game,,3,0,0,0,3,3,2
0x46d500,33,game,,2,0,0,0,1,1,1
0x46d530,122,game,,4,4,0,0,3,3,0
0x46d5b0,117,game,,5,4,0,0,3,3,0
0x46d630,134,game,,4,4,0,0,3,3,0
0x46d6c0,416,game,,2,14,0,1,4,4,2
0x46d860,259,game,,1,5,0,0,3,3,6
0x46d970,351,game,,2,3,0,1,4,4,2
0x46dad0,1024,game,,0,31,0,1,15,15,1
0x46ded0,111,game,,0,1,0,0,1,1,3
0x46df40,185,game,,0,0,0,0,1,0,1
0x46e000,166,game,,0,0,0,1,1,1,2
0x46e0b0,163,game,,1,0,0,0,1,1,1
0x46e160,276,game,,0,2,0,1,3,3,1
0x46e280,173,game,,1,2,0,0,2,2,1
0x46e330,134,game,,2,1,0,0,1,1,1
0x46e3c0,129,game,,1,1,0,0,2,2,0
0x46e450,122,game,,1,1,0,0,2,2,1
0x46e4d0,122,game,,1,1,0,0,2,2,1
0x46e550,106,game,,2,1,0,0,2,2,2
0x46e5c0,24,game,,1,0,0,0,0,0,1
0x46e5e0,34,game,,0,1,0,0,1,1,1
0x46e610,34,game,,0,1,0,0,1,1,2
0x46e640,546,game,,3,2,0,1,2,2,1
0x46e870,3,game,,2,0,0,0,0,0,5
0x46e880,14,game,,1,0,0,0,0,0,1
0x46e890,276,game,,3,1,0,0,6,4,3
0x46e9b0,88,game,,2,1,0,0,1,1,2
0x46ea10,132,game,,0,2,0,0,2,0,3
0x46eaa0,189,game,,2,0,0,1,3,3,1
0x46eb60,52,game,,2,0,0,0,1,1,3
0x46eba0,936,game,,3,2,0,1,2,2,1
0x46ef50,643,game,,2,6,0,1,7,5,2
0x46f1e0,1254,game,,2,5,0,1,4,2,1
0x46f6d0,79,game,,1,1,0,0,3,1,1
0x46f720,124,game,,0,1,0,0,3,1,1
0x46f7a0,798,game,,3,3,0,1,5,5,1
0x46fac0,15,game,,2,0,0,0,0,0,3
0x46fad0,22,game,,2,0,0,0,0,0,1
0x46faf0,74,game,,3,0,0,0,0,0,3
0x46fb40,63,game,,3,0,0,0,0,0,1
0x46fb80,731,game,,4,3,0,1,3,1,2
0x46fe60,79,game,,1,1,0,0,2,0,8
0x46feb0,90,game,,1,1,0,0,2,0,1
0x46ff10,92,game,,1,1,0,0,2,0,1
0x46ff70,27,game,,2,0,0,0,1,1,1
0x46ff90,159,game,,0,2,0,0,2,0,2
0x470030,3,game,,1,0,0,0,0,0,1
0x470040,526,game,,1,0,0,1,8,8,2
0x470250,19,game,,0,0,0,0,0,0,1
0x470270,19,game,,0,0,0,0,0,0,1
0x470290,3,game,,2,0,0,0,0,0,1
0x4702a0,46,game,,3,0,0,0,0,0,1
0x4702d0,42,game,,3,0,0,0,0,0,1
0x470300,132,game,,1,1,0,0,1,1,1
0x470390,457,game,,1,0,0,1,2,2,1
0x470560,515,game,,1,2,0,1,7,7,1
0x470770,35,game,,0,0,0,0,0,0,1
0x4707a0,661,game,,1,1,0,1,2,2,1
0x470a40,70,game,,3,0,0,0,0,0,1
0x470a90,70,game,,2,0,0,0,1,1,1
0x470ae0,151,game,,1,1,0,1,2,2,0
0x470b80,130,game,,0,1,0,1,2,2,1
0x470c10,561,game,,2,4,0,1,8,8,1
0x470e50,95,game,,0,1,0,1,1,1,0
0x470eb0,28,game,,1,0,0,0,0,0,20
0x470ed0,20,game,,1,0,0,0,0,0,6
0x470ef0,3,game,,2,0,0,0,0,0,1
0x470f00,46,game,,3,0,0,0,0,0,1
0x470f30,35,game,,3,0,0,0,0,0,1
0x470f60,19,game,,2,0,0,0,0,0,1
0x470f80,42,game,,0,1,0,0,0,0,0
0x470fb0,154,game,,0,3,0,1,1,1,0
0x471050,132,game,,0,2,0,1,0,0,0
0x4710e0,55,game,,1,0,0,1,0,0,0
0x471120,51,game,,2,0,0,0,0,0,0
0x471160,476,game,,2,0,0,1,6,6,0
0x471340,239,game,,4,0,0,1,2,2,0
0x471430,63,game,,1,1,0,0,2,2,0
0x471470,239,game,,4,0,0,1,2,2,0
0x471560,63,game,,1,1,0,0,2,2,0
0x4715a0,244,game,,5,0,0,1,2,2,0
0x4716a0,63,game,,1,1,0,0,2,2,0
0x4716e0,249,game,,6,0,0,1,2,2,0
0x4717e0,63,game,,1,1,0,0,2,2,0
0x471820,556,game,,7,0,0,1,8,8,0
0x471a50,546,game,,5,0,0,1,8,8,0
0x471c80,31,game,,0,0,0,0,2,1,0
0x471ca0,31,game,,0,0,0,0,1,1,0
0x471cc0,16,game,,0,0,0,0,0,0,2
0x471cd0,34,game,,1,0,0,0,1,1,0
0x471d00,7,game,,0,0,0,0,0,0,2
0x471d10,62,game,,1,0,0,0,1,1,0
0x471d50,18,game,,1,0,0,0,1,1,2
0x471d70,23,game,,1,0,0,0,0,0,6
0x471d90,68,game,,0,1,0,0,1,1,1
0x471de0,195,game,,0,3,0,1,1,1,1
0x471eb0,143,game,,0,2,0,1,0,0,1
0x471f40,66,game,,1,0,0,1,0,0,0
0x471f90,62,game,,2,0,0,0,0,0,1
0x471fd0,248,game,,4,0,0,1,2,2,1
0x4720d0,297,game,,3,6,0,1,2,2,10
0x472200,297,game,,3,6,0,1,2,2,5
0x472330,253,game,,5,0,0,1,2,2,1
0x472430,252,game,,4,0,0,1,2,2,1
0x472530,251,game,,4,0,0,1,2,2,1
0x472630,230,game,,4,0,0,0,3,3,2
0x472720,230,game,,4,0,0,0,3,3,0
0x472810,224,game,,2,0,0,0,3,3,5
0x4728f0,224,game,,2,0,0,0,3,3,1
0x4729d0,224,game,,2,0,0,0,3,3,3
0x472ab0,413,game,,2,3,0,1,3,2,1
0x472c50,223,game,,2,0,0,0,3,3,1
0x472d30,19,game,,0,0,0,0,0,0,3
0x472d50,163,game,,0,3,0,1,2,2,0
0x472e00,33,game,,0,0,0,0,0,0,0
0x472e30,64,game,,1,0,0,0,1,1,0
0x472e70,55,game,,0,0,0,0,0,0,0
0x472eb0,163,game,,0,3,0,1,2,2,0
0x472f60,33,game,,0,0,0,0,0,0,0
0x472f90,64,game,,1,0,0,0,1,1,0
0x472fd0,55,game,,0,0,0,0,0,0,0
0x473010,163,game,,0,3,0,1,2,2,0
0x4730c0,33,game,,0,0,0,0,0,0,0
0x4730f0,64,game,,1,0,0,0,1,1,0
0x473130,57,game,,0,0,0,0,0,0,0
0x473170,163,game,,0,3,0,1,2,2,0
0x473220,33,game,,0,0,0,0,0,0,0
0x473250,64,game,,1,0,0,0,1,1,0
0x473290,55,game,,0,0,0,0,0,0,0
0x4732d0,3,game,,2,0,0,0,0,0,3
0x4732e0,537,game,,3,2,0,1,2,2,17
0x473500,46,game,,3,0,0,0,0,0,3
0x473530,35,game,,3,0,0,0,0,0,3
0x473560,45,game,,0,0,0,0,0,0,1
0x473590,301,game,,3,0,0,1,2,2,1
0x4736c0,19,game,,1,0,0,0,0,0,1
0x4736e0,212,game,,3,0,0,0,1,1,0
0x4737c0,493,game,,0,15,0,1,5,4,0
0x4739b0,69,game,,0,0,0,0,0,0,1
0x473a00,300,game,,3,5,0,1,1,1,1
0x473b30,19,game,,1,0,0,0,0,0,1
0x473b50,499,game,,3,0,0,1,1,1,0
0x473d50,983,game,,0,19,0,1,8,7,0
0x474130,60,game,,0,0,0,0,0,0,1
0x474170,301,game,,3,0,0,1,2,2,1
0x4742a0,19,game,,1,0,0,0,0,0,1
0x4742c0,220,game,,4,0,0,1,1,1,0
0x4743a0,473,game,,0,17,0,1,4,4,0
0x474580,90,game,,0,0,0,0,0,0,1
0x4745e0,306,game,,3,4,0,1,1,1,1
0x474720,51,game,,1,0,0,0,1,1,1
0x474760,284,game,,5,0,0,1,1,1,0
0x474880,630,game,,0,19,0,1,4,3,0
0x474b00,127,game,,0,0,0,0,1,0,0
0x474b80,303,game,,3,0,0,1,2,2,0
0x474cb0,20,game,,1,0,0,0,0,0,0
0x474cd0,53,game,,0,1,0,0,1,1,6
0x474d10,58,game,,1,1,0,0,3,3,0
0x474d50,147,game,,6,0,0,0,2,2,0
0x474df0,395,game,,0,10,0,1,4,3,0
0x474f80,56,game,,0,0,0,0,0,0,0
0x474fc0,127,game,,0,0,0,0,1,0,0
0x475040,72,game,,3,0,0,0,2,2,0
0x475090,20,game,,1,0,0,0,0,0,0
0x4750b0,53,game,,0,1,0,0,1,1,2
0x4750f0,19,game,,0,0,0,0,0,0,0
0x475110,58,game,,1,1,0,0,3,3,0
0x475150,105,game,,4,0,0,0,2,2,0
0x4751c0,367,game,,0,10,0,1,4,3,0
0x475330,3,game,,0,0,0,0,0,0,0
0x475340,248,game,,0,2,0,1,1,0,0
0x475440,33,game,,0,0,0,0,0,0,0
0x475470,398,game,,1,6,0,1,2,2,0
0x475600,248,game,,0,2,0,1,1,0,0
0x475700,108,game,,1,0,0,0,2,2,0
0x475770,208,game,,1,1,0,1,2,2,1
0x475840,33,game,,0,0,0,0,0,0,1
0x475870,3,game,,2,0,0,0,0,0,1
0x475880,58,game,,3,0,0,0,0,0,1
0x4758c0,779,game,,3,2,0,1,2,2,1
0x475bd0,791,game,,3,3,0,1,2,2,1
0x475ef0,794,game,,3,3,0,1,2,2,1
0x476210,636,game,,3,3,0,1,2,2,1
0x476490,632,game,,3,3,0,1,2,2,1
0x476710,48,game,,3,0,0,0,0,0,1
0x476740,148,game,,2,320,0,0,9,9,0
0x4767e0,12,game,,0,0,0,0,0,0,0
0x4767f0,50,game,,0,64,0,0,2,2,0
0x476830,229,game,,0,2,0,1,1,1,2
0x476920,196,game,,1,65,0,1,6,6,0
0x4769f0,105,game,,1,64,0,0,4,4,0
0x476a60,527,game,,2,87,0,1,10,10,3
0x476c70,42,game,,0,0,0,0,2,2,0
0x476ca0,42,game,,0,0,0,0,2,2,1
0x476cd0,169,game,,1,0,0,1,2,2,1
0x476d80,260,game,,0,0,0,1,8,8,3
0x476e90,86,game,,3,0,0,0,0,0,0
0x476ef0,1124,game,,0,43,0,1,12,12,3
0x477360,174,game,,0,0,0,0,1,1,1
0x477410,188,game,,0,0,0,0,3,3,2
0x4774d0,60,game,,0,64,0,0,2,2,0
0x477510,134,game,,1,0,0,0,3,3,0
0x4775a0,506,game,,1,0,0,0,10,10,0
0x4777a0,406,game,,0,0,0,0,10,10,1
0x477940,153,game,,1,0,0,0,7,7,0
0x4779e0,200,game,,2,0,0,0,9,9,0
0x477ab0,1935,game,,1,0,0,1,23,23,0
0x478240,1348,game,,1,64,0,1,28,28,1
0x478790,944,game,,2,22,0,1,17,15,0
0x478b40,364,game,,2,5,0,1,10,10,0
0x478cb0,462,game,,1,0,0,0,17,17,0
0x478e80,1615,game,,0,69,0,1,17,15,1
0x4794d0,37,game,,0,0,0,0,0,0,0
0x479500,37,game,,0,0,0,0,0,0,0
0x479530,41,game,,0,0,0,0,0,0,0
0x479560,41,game,,0,0,0,0,0,0,0
0x479590,80,game,,2,0,0,0,0,0,0
0x4795e0,59,game,,0,0,0,0,0,0,0
0x479620,50,game,,1,0,0,0,0,0,0
0x479660,249,game,,0,17,0,1,2,2,4
0x479760,122,game,,0,1,0,0,0,0,1
0x4797e0,1034,game,,1,34,0,1,5,5,1
0x479bf0,92,game,,2,0,0,0,2,2,0
0x479c50,1156,game,,0,133,0,1,5,5,1
0x47a0e0,1561,game,,0,33,0,1,11,10,2
0x47a700,89,game,,2,0,0,1,0,0,0
0x47a760,372,game,,0,2,0,1,1,1,3
0x47a8e0,40,game,,0,0,0,0,0,0,0
0x47a910,390,game,,1,64,0,0,10,9,0
0x47aaa0,70,game,,2,0,0,0,4,4,0
0x47aaf0,444,game,,0,0,0,1,16,16,1
0x47acb0,31,game,,2,0,0,0,1,1,0
0x47acd0,346,game,,1,18,0,1,2,2,1
0x47ae30,45,game,,0,0,0,0,1,1,0
0x47ae60,2947,game,,1,28,0,1,25,23,0
0x47b9f0,437,game,,1,0,0,0,7,7,0
0x47bbb0,441,game,,0,0,0,0,14,13,1
0x47bd70,117,game,,1,50,0,0,4,2,1
0x47bdf0,304,game,,6,25,0,0,3,3,1
0x47bf20,80,game,,0,0,0,0,0,0,1
0x47bf70,472,game,,0,2,0,1,1,1,1
0x47c150,214,game,,1,8,0,0,0,0,1
0x47c230,104,game,,1,0,0,0,0,0,0
0x47c2a0,72,game,,0,0,0,0,0,0,0
0x47c2f0,54,game,,0,25,0,0,0,0,0
0x47c330,106,game,,1,16,0,0,0,0,0
0x47c3a0,294,game,,1,0,0,0,2,2,1
0x47c4d0,94,game,,0,256,0,0,2,0,0
0x47c530,398,game,,0,21,0,0,3,0,0
0x47c6c0,176,game,,0,7,0,1,1,1,1
0x47c770,6,game,,0,0,0,0,0,0,2
0x47c780,6,game,,0,0,0,0,0,0,1
0x47c790,816,game,,1,0,0,1,1,1,2
0x47cac0,33,game,,2,1,0,0,1,1,0
0x47caf0,1,game,,0,0,0,0,0,0,0
0x47cb00,51,game,,1,0,0,0,0,0,1
0x47cb40,19,game,,1,0,0,0,0,0,1
0x47cb60,99,game,,2,0,0,0,0,0,0
0x47cbd0,83,game,,1,0,0,0,1,1,1
0x47cc30,1199,game,,1,6,0,1,2,2,5
0x47d0e0,505,game,,1,2,0,1,3,3,4
0x47d2e0,1339,game,,4,11,0,1,1,1,3
0x47d820,333,game,,2,4,0,1,0,0,2
0x47d970,322,game,,2,5,0,1,0,0,1
0x47dac0,84,game,,2,0,0,0,3,3,1
0x47db20,65,game,,1,0,0,0,2,2,1
0x47db70,587,game,,4,5,0,1,1,1,8
0x47ddc0,158,game,,2,4,0,0,1,1,4
0x47de60,342,game,,2,0,0,1,0,0,1
0x47dfc0,559,game,,5,2,0,1,0,0,1
0x47e1f0,224,game,,3,2,0,1,1,1,1
0x47e2d0,658,game,,2,7,0,1,0,0,1
0x47e570,75,game,,2,0,0,0,0,0,2
0x47e5c0,386,game,,3,8,0,1,0,0,3
0x47e750,307,game,,5,4,0,1,0,0,0
0x47e890,425,game,,3,7,0,1,0,0,5
0x47ea40,746,game,,6,6,0,1,5,5,2
0x47ed30,13,game,,1,0,0,0,1,1,0
0x47ed40,236,game,,0,0,0,0,7,7,1
0x47ee30,171,game,,0,0,0,1,1,1,1
0x47eee0,224,game,,0,0,0,1,4,4,1
0x47efc0,11,game,,0,0,0,0,0,0,1
0x47efd0,16,game,,0,0,0,0,0,0,1
0x47efe0,121,game,,1,64,0,0,3,3,1
0x47f060,47,game,,1,0,0,0,2,2,1
0x47f090,40,game,,3,0,0,0,1,1,4
0x47f0c0,213,game,,2,5,0,0,6,6,4
0x47f1a0,101,game,,2,0,0,0,1,1,79
0x47f210,121,game,,2,0,0,0,1,1,2
0x47f290,106,game,,1,0,0,0,2,2,1
0x47f300,775,game,,3,5,0,1,7,7,5
0x47f610,106,game,,3,0,0,0,1,1,1
0x47f680,196,game,,0,0,0,1,3,3,1
0x47f750,37,game,,0,0,0,0,2,2,3
0x47f780,93,game,,3,0,0,0,2,2,29
0x47f7e0,102,game,,3,0,0,0,3,3,0
0x47f850,102,game,,3,0,0,0,3,3,1
0x47f8c0,150,game,,1,1,0,1,1,1,1
0x47f960,39,game,,2,0,0,0,0,0,0
0x47f990,146,game,,0,0,0,1,1,1,0
0x47fa30,146,game,,0,0,0,1,1,1,0
0x47fad0,452,game,,3,1,0,1,3,3,3
0x47fca0,194,game,,0,0,0,0,2,2,0
0x47fd70,557,game,,3,91,0,1,6,4,3
0x47ffa0,123,game,,1,0,0,0,1,1,0
0x480020,160,game,,1,1,0,1,1,1,0
0x4800c0,60,game,,1,0,0,0,0,0,1
0x480100,93,game,,1,0,0,0,0,0,1
0x480160,42,game,,2,0,0,0,0,0,0
0x480190,86,game,,1,0,0,1,1,1,1
0x4801f0,83,game,,1,0,0,1,2,2,1
0x480250,520,game,,2,1,0,1,6,6,6
0x480460,120,game,,8,0,0,1,2,2,3
0x4804e0,40,game,,3,0,0,0,0,0,0
0x480510,83,game,,3,0,0,0,0,0,0
0x480570,49,game,,2,0,0,0,0,0,0
0x4805b0,366,game,,3,3,0,1,0,0,0
0x480720,78,game,,2,0,0,0,0,0,0
0x480770,932,game,,5,9,0,0,3,2,0
0x480b20,268,game,,2,0,0,0,2,2,0
0x480c30,31,game,,2,0,0,0,0,0,0
0x480c50,95,game,,3,0,0,0,0,0,0
0x480cb0,34,game,,2,0,0,0,0,0,0
0x480ce0,96,game,,3,0,0,0,0,0,0
0x480d40,13,game,,1,0,0,0,0,0,1
0x480d50,93,game,,2,0,0,0,0,0,0
0x480db0,61,game,,2,0,0,0,0,0,0
0x480df0,62,game,,2,0,0,0,0,0,0
0x480e30,26,game,,1,0,0,0,0,0,0
0x480e50,28,game,,1,0,0,0,0,0,0
0x480e70,29,game,,1,0,0,0,0,0,0
0x480e90,3,game,,3,0,0,0,0,0,0
0x480ea0,3,game,,1,0,0,0,0,0,0
0x480eb0,656,game,,2,6,0,1,7,7,0
0x481140,508,game,,2,18,0,0,4,4,0
0x481340,111,game,,3,0,0,0,1,1,0
0x4813b0,123,game,,1,0,0,0,2,2,0
0x481430,62,game,,1,0,0,0,0,0,0
0x481470,32,game,,0,0,0,0,0,0,0
0x481490,18,game,,1,0,0,0,0,0,0
0x4814b0,5,game,,4,0,0,0,0,0,0
0x4814c0,42,game,,0,1,0,0,1,0,0
0x4814f0,10,game,,0,0,0,0,1,1,0
0x481500,46,game,,0,0,0,0,1,1,0
0x481530,21,game,,0,0,0,0,1,1,0
0x481550,70,game,,2,0,0,0,0,0,21
0x4815a0,77,game,,1,0,0,0,0,0,8
0x4815f0,166,game,,1,0,0,1,0,0,1
0x4816a0,654,game,,1,9,0,1,6,6,7
0x481930,1052,game,,1,17,0,1,7,7,5
0x481d50,821,game,,1,14,0,1,7,7,3
0x482090,127,game,,1,9,0,0,1,1,1
0x482110,28,game,,1,0,0,0,0,0,0
0x482130,318,game,,0,3,0,1,1,1,1
0x482270,817,game,,1,14,0,1,7,7,5
0x4825b0,504,game,,1,1,0,1,4,4,5
0x4827b0,127,game,,1,9,0,0,1,1,5
0x482830,221,game,,1,0,0,1,4,4,0
0x482910,418,game,,4,0,0,1,4,4,1
0x482ac0,342,game,,1,9,0,0,4,4,2
0x482c20,1519,game,,0,6,0,1,2,2,1
0x483210,347,game,,2,6,0,1,0,0,4
0x483370,63,game,,0,2,0,0,1,1,0
0x4833b0,597,game,,0,0,0,1,0,0,1
0x483610,1975,game,,0,41,0,1,19,18,1
0x483dd0,461,game,,0,0,0,0,3,3,1
0x483fa0,1046,game,,1,18,0,1,2,2,1
0x4843c0,1303,game,,0,8,0,1,0,0,1
0x4848e0,619,game,,1,11,0,1,8,8,1
0x484b50,391,game,,3,6,0,1,1,1,3
0x484ce0,117,game,,1,0,0,1,5,5,1
0x484d60,142,game,,1,0,0,1,6,6,1
0x484df0,142,game,,1,0,0,1,5,5,1
0x484e80,194,game,,1,0,0,1,6,6,1
0x484f50,78,game,,1,0,0,0,3,3,1
0x484fa0,97,game,,1,0,0,0,4,4,1
0x485010,88,game,,1,0,0,0,0,0,2
0x485070,208,game,,1,0,0,1,0,0,25
0x485140,117,game,,1,0,0,0,0,0,4
0x4851c0,354,game,,6,3,0,1,0,0,0
0x485330,117,game,,3,0,0,0,0,0,0
0x4853b0,106,game,,1,0,0,0,0,0,0
0x485420,115,game,,2,0,0,1,0,0,2
0x4854a0,1180,game,,0,12,0,1,6,6,1
0x485940,53,game,,2,0,0,0,1,1,1
0x485980,178,game,,0,0,0,0,2,2,1
0x485a40,756,game,,5,0,0,0,5,5,3
0x485d40,233,game,,1,0,0,0,7,7,3
0x485e30,30,game,,1,0,0,0,2,2,0
0x485e50,54,game,,1,0,0,0,2,2,0
0x485e90,186,game,,6,0,0,0,6,6,0
0x485f50,631,game,,8,1,0,1,13,13,11
0x4861d0,395,game,,2,3,0,1,11,11,3
0x486360,247,game,,3,0,0,1,4,4,1
0x486460,74,game,,1,0,0,0,0,0,0
0x4864b0,530,game,,2,4,0,1,6,6,6
0x4866d0,1964,game,,2,26,0,1,26,25,2
0x486e80,71,game,,1,0,0,0,1,1,1
0x486ed0,58,game,,0,0,0,0,1,1,1
0x486f10,185,game,,1,0,0,0,3,3,5
0x486fd0,162,game,,1,46,0,1,6,6,1
0x487080,1595,game,,2,64,0,1,17,16,4
0x4876c0,1062,game,,1,72,0,1,10,9,1
0x487af0,241,game,,3,0,0,1,0,0,1
0x487bf0,1811,game,,3,80,0,1,9,6,1
0x488310,596,game,,0,32,0,1,10,9,1
0x488570,657,game,,3,6,0,1,6,6,3
0x488810,263,game,,4,0,0,1,0,0,1
0x488920,59,game,,3,0,0,1,0,0,1
0x488960,98,game,,4,0,0,1,0,0,1
0x4889d0,42,game,,0,1,0,0,1,0,0
0x488a00,67,game,,0,0,0,0,2,2,0
0x488a50,191,game,,1,1,0,1,0,0,1
0x488b10,203,game,,1,1,0,1,0,0,21
0x488be0,11,game,,0,0,0,0,0,0,1
0x488bf0,90,game,,0,0,0,0,2,2,1
0x488c50,217,game,,1,2,0,1,5,5,8
0x488d30,309,game,,2,2,0,1,1,1,2
0x488e70,188,game,,1,65,0,0,2,1,1
0x488f30,124,game,,1,0,0,0,0,0,3
0x488fb0,649,game,,3,3,0,1,5,5,1
0x489240,27,game,,1,0,0,0,1,1,1
0x489260,27,game,,1,0,0,0,1,1,1
0x489280,618,game,,1,1,0,1,4,3,1
0x4894f0,68,game,,2,0,0,0,0,0,0
0x489540,49,game,,1,0,0,0,0,0,0
0x489580,53,game,,0,0,0,0,0,0,0
0x4895c0,64,game,,2,0,0,0,0,0,9
0x489600,77,game,,1,0,0,0,1,1,0
0x489650,59,game,,0,0,0,0,0,0,4
0x489690,96,game,,1,0,0,0,0,0,14
0x4896f0,79,game,,0,0,0,0,0,0,0
0x489740,101,game,,1,0,0,1,0,0,1
0x4897b0,44,game,,2,0,0,0,0,0,1
0x4897e0,26,game,,0,0,0,0,0,0,1
0x489800,162,game,,1,0,0,0,2,2,18
0x4898b0,162,game,,1,0,0,0,2,2,33
0x489960,65,game,,1,0,0,0,0,0,3
0x4899b0,186,game,,1,0,0,1,0,0,5
0x489a70,32,game,,0,0,0,0,0,0,0
0x489a90,275,game,,1,0,0,1,0,0,2
0x489bb0,299,game,,5,3,0,0,3,3,11
0x489ce0,697,game,,1,0,0,0,8,8,2
0x489fa0,186,game,,2,0,0,0,4,4,0
0x48a060,51,game,,3,0,0,0,0,0,11
0x48a0a0,67,game,,3,0,0,0,0,0,5
0x48a0f0,99,game,,2,0,0,0,2,2,7
0x48a160,33,game,,2,0,0,0,0,0,1
0x48a190,77,game,,2,0,0,0,0,0,6
0x48a1e0,604,game,,3,3,0,1,4,4,1
0x48a440,71,game,,2,0,0,0,0,0,0
0x48a490,857,game,,1,31,0,1,1,1,1
0x48a7f0,122,game,,1,0,0,0,1,1,0
0x48a870,261,game,,1,0,0,0,2,2,4
0x48a980,37,game,,2,0,0,0,0,0,26
0x48a9b0,52,game,,3,0,0,0,0,0,0
0x48a9f0,206,game,,5,1,0,1,3,3,2
0x48aac0,173,game,,4,2,0,0,3,3,26
0x48ab70,448,game,,1,0,0,1,4,4,3
0x48ad30,849,game,,0,4,0,1,14,14,1
0x48b090,367,game,,2,1,0,0,4,4,32
0x48b200,481,game,,2,0,0,0,2,2,1
0x48b3f0,790,game,,2,8,0,1,8,8,1
0x48b710,525,game,,1,260,0,0,7,7,1
0x48b920,434,game,,2,9,0,1,5,5,1
0x48bae0,457,game,,0,8,0,1,2,2,3
0x48bcb0,69,game,,1,0,0,0,0,0,2
0x48bd00,67,game,,0,0,0,0,1,1,4
0x48bd50,169,game,,0,0,0,1,1,1,1
0x48be00,290,game,,0,16,0,1,1,1,1
0x48bf30,241,game,,2,0,0,1,2,2,1
0x48c030,275,game,,0,0,0,1,2,2,1
0x48c150,60,game,,0,0,0,0,0,0,0
0x48c190,386,game,,2,0,0,1,0,0,3
0x48c320,109,game,,0,0,0,0,0,0,0
0x48c390,773,game,,1,7,0,1,3,3,1
0x48c6a0,331,game,,2,34,0,1,3,3,1
0x48c7f0,447,game,,1,0,0,1,2,2,1
0x48c9b0,109,game,,1,0,0,0,0,0,1
0x48ca20,513,game,,1,2,0,1,6,6,2
0x48cc30,323,game,,2,1,0,1,1,1,1
0x48cd80,428,game,,0,3,0,1,2,2,2
0x48cf30,742,game,,6,13,0,1,5,5,6
0x48d220,499,game,,1,5,0,1,6,6,2
0x48d420,175,game,,0,0,0,0,0,0,0
0x48d4d0,348,game,,0,0,0,1,2,2,1
0x48d630,348,game,,1,0,0,1,4,4,1
0x48d790,388,game,,0,0,0,1,1,1,1
0x48d920,120,game,,1,0,0,0,1,1,1
0x48d9a0,644,game,,2,4,0,1,2,2,1
0x48dc30,215,game,,1,0,0,1,1,1,0
0x48dd10,170,game,,1,0,0,1,0,0,0
0x48ddc0,449,game,,2,3,0,1,7,7,1
0x48df90,24,game,,0,0,0,0,0,0,1
0x48dfb0,82,game,,0,0,0,0,1,1,2
0x48e010,2542,game,,1,135,0,1,4,3,1
0x48ea00,4,game,,0,0,0,0,0,0,0
0x48ea10,3,game,,1,0,0,0,0,0,0
0x48ea20,3,game,,1,0,0,0,0,0,0
0x48ea30,3,game,,1,0,0,0,0,0,0
0x48ea40,118,game,,1,0,0,0,1,1,0
0x48eac0,57,game,,1,0,0,0,2,2,0
0x48eb00,59,game,,1,0,0,0,2,2,0
0x48eb40,55,game,,0,0,0,0,1,1,0
0x48eb80,57,game,,1,0,0,0,2,2,0
0x48ebc0,59,game,,1,0,0,0,2,2,0
0x48ec00,26,game,,1,0,0,0,0,0,0
0x48ec20,144,game,,1,0,0,1,1,1,0
0x48ecb0,73,game,,1,0,0,0,2,2,0
0x48ed00,76,game,,1,0,0,0,2,2,0
0x48ed50,86,game,,1,0,0,0,1,1,0
0x48edb0,119,game,,0,0,0,1,1,1,0
0x48ee30,57,game,,1,0,0,0,2,2,0
0x48ee70,59,game,,1,0,0,0,2,2,0
0x48eeb0,79,game,,1,0,0,0,1,1,0
0x48ef00,57,game,,1,0,0,0,2,2,0
0x48ef40,59,game,,1,0,0,0,2,2,0
0x48ef80,34,game,,1,0,0,0,0,0,0
0x48efb0,184,game,,1,0,0,1,2,2,0
0x48f070,57,game,,1,0,0,0,2,2,0
0x48f0b0,59,game,,1,0,0,0,2,2,0
0x48f0f0,99,game,,1,0,0,0,1,1,0
0x48f160,73,game,,1,0,0,0,2,2,0
0x48f1b0,76,game,,1,0,0,0,2,2,0
0x48f200,76,game,,0,0,0,0,2,2,0
0x48f250,146,game,,1,0,0,0,1,1,0
0x48f2f0,57,game,,1,0,0,0,2,2,0
0x48f330,59,game,,1,0,0,0,2,2,0
0x48f370,103,game,,1,0,0,0,1,1,0
0x48f3e0,92,game,,0,0,0,1,0,0,0
0x48f440,57,game,,1,0,0,0,2,2,0
0x48f480,59,game,,1,0,0,0,2,2,0
0x48f4c0,103,game,,1,0,0,0,1,1,0
0x48f530,92,game,,0,0,0,1,0,0,0
0x48f590,57,game,,1,0,0,0,2,2,0
0x48f5d0,59,game,,1,0,0,0,2,2,0
0x48f610,20,game,,0,0,0,0,0,0,0
0x48f630,57,game,,1,0,0,0,2,2,0
0x48f670,59,game,,1,0,0,0,2,2,0
0x48f6b0,93,game,,1,0,0,0,0,0,0
0x48f710,57,game,,1,0,0,0,2,2,0
0x48f750,59,game,,1,0,0,0,2,2,0
0x48f790,77,game,,1,0,0,0,0,0,0
0x48f7e0,92,game,,0,0,0,1,0,0,0
0x48f840,57,game,,1,0,0,0,2,2,0
0x48f880,59,game,,1,0,0,0,2,2,0
0x48f8c0,57,game,,1,0,0,0,0,0,0
0x48f900,73,game,,1,0,0,0,2,2,0
0x48f950,76,game,,1,0,0,0,2,2,0
0x48f9a0,34,game,,1,0,0,0,0,0,0
0x48f9d0,217,game,,1,0,0,1,1,1,0
0x48fab0,57,game,,1,0,0,0,2,2,0
0x48faf0,59,game,,1,0,0,0,2,2,0
0x48fb30,43,game,,1,0,0,0,0,0,0
0x48fb60,92,game,,0,0,0,1,0,0,0
0x48fbc0,57,game,,1,0,0,0,2,2,0
0x48fc00,59,game,,1,0,0,0,2,2,0
0x48fc40,43,game,,1,0,0,0,0,0,0
0x48fc70,92,game,,0,0,0,1,0,0,0
0x48fcd0,57,game,,1,0,0,0,2,2,0
0x48fd10,59,game,,1,0,0,0,2,2,0
0x48fd50,20,game,,0,0,0,0,0,0,0
0x48fd70,57,game,,1,0,0,0,2,2,0
0x48fdb0,59,game,,1,0,0,0,2,2,0
0x48fdf0,105,game,,1,0,0,1,1,1,1
0x48fe60,105,game,,1,0,0,1,1,1,1
0x48fed0,108,game,,0,0,0,0,1,1,0
0x48ff40,136,game,,0,0,0,0,1,1,0
0x48ffd0,126,game,,0,1,0,0,0,0,0
0x490050,42,game,,0,0,0,0,0,0,0
0x490080,378,game,,0,1,0,1,0,0,1
0x490200,42,game,,0,0,0,0,0,0,0
0x490230,301,game,,0,1,0,1,3,3,2
0x490360,334,game,,0,0,0,0,4,3,1
0x4904b0,11,game,,0,0,0,0,0,0,2
0x4904c0,84,game,,1,0,0,1,0,0,1
0x490520,84,game,,1,0,0,1,0,0,1
0x490580,84,game,,1,0,0,1,0,0,2
0x4905e0,76,game,,1,0,0,0,1,1,0
0x490630,32,game,,1,0,0,0,1,1,0
0x490650,63,game,,3,0,0,0,0,0,0
0x490690,326,game,,0,4,0,1,3,2,1
0x4907e0,94,game,,1,0,0,0,1,1,1
0x490840,32,game,,1,0,0,0,1,1,0
0x490860,25,game,,1,0,0,0,1,1,0
0x490880,38,game,,0,0,0,0,1,1,0
0x4908b0,7,game,,0,0,0,0,0,0,0
0x4908c0,125,game,,1,0,0,0,1,1,0
0x490940,82,game,,1,0,0,0,1,1,1
0x4909a0,58,game,,1,0,0,0,1,1,0
0x4909e0,37,game,,0,0,0,0,0,0,0
0x490a10,134,game,,1,0,0,0,5,5,0
0x490aa0,26,game,,0,8,0,0,0,0,0
0x490ac0,60,game,,0,0,0,0,2,2,0
0x490b00,48,game,,0,0,0,0,3,3,0
0x490b30,260,game,,1,0,0,0,1,1,6
0x490c40,338,game,,0,0,0,0,2,1,2
0x490da0,68,game,,0,0,0,0,1,1,0
0x490df0,239,game,,2,25,0,0,5,4,5
0x490ee0,33,game,,0,0,0,0,1,1,0
0x490f10,33,game,,0,0,0,0,1,1,0
0x490f40,49,game,,0,1,0,0,1,1,0
0x490f80,88,game,,0,0,0,0,3,3,1
0x490fe0,538,game,,0,38,0,1,10,10,2
0x491200,1174,game,,0,9,0,0,46,46,1
0x4916a0,294,game,,0,0,0,0,19,19,1
0x4917d0,663,game,,0,0,0,0,28,28,1
0x491a70,238,game,,0,0,0,0,8,8,3
0x491b60,250,game,,0,0,0,0,20,20,4
0x491c60,23,game,,0,0,0,0,4,4,1
0x491c80,56,game,,1,0,0,0,1,1,20
0x491cc0,175,game,,1,0,0,0,4,4,0
0x491d70,150,game,,1,0,0,0,2,2,15
0x491e10,57,game,,0,0,0,0,2,2,0
0x491e50,101,game,,0,0,0,0,1,1,0
0x491ec0,1124,game,,0,81,0,1,17,16,4
0x492330,41,game,,1,0,0,0,3,3,0
0x492360,1964,game,,1,65,0,1,33,31,0
0x492b10,715,game,,1,68,0,1,12,11,3
0x492de0,8,game,,2,0,0,0,1,1,0
0x492df0,618,game,,1,66,0,0,16,14,0
0x493060,363,game,,0,1,0,0,15,15,2
0x4931d0,361,game,,0,1,0,0,15,15,3
0x493340,79,game,,2,13,0,0,4,3,0
0x493390,79,game,,2,13,0,0,4,3,0
0x4933e0,205,game,,1,4,0,1,4,4,1
0x4934b0,564,game,,1,0,0,0,15,15,0
0x4936f0,994,game,,0,17,0,1,13,12,2
0x493ae0,264,game,,0,13,0,1,3,2,2
0x493bf0,1116,game,,1,145,0,1,20,16,0
0x494050,457,game,,0,0,0,0,10,10,2
0x494220,105,game,,1,0,0,0,5,5,0
0x494290,75,game,,2,4,0,0,2,2,0
0x4942e0,1113,game,,0,75,0,1,13,12,1
0x494740,250,game,,1,0,0,0,9,9,0
0x494840,70,game,,1,0,0,0,3,3,0
0x494890,19,game,,1,0,0,0,1,1,0
0x4948b0,33,game,,2,0,0,0,0,0,1
0x4948e0,1418,game,,1,52,0,1,11,10,1
0x494e70,371,game,,0,2,0,1,4,4,1
0x494ff0,19,game,,1,0,0,0,0,0,2
0x495010,494,game,,0,0,0,0,11,11,1
0x495200,42,game,,0,0,0,0,1,1,0
0x495230,601,game,,0,2,0,0,2,1,1
0x495490,547,game,,1,0,0,0,20,20,1
0x4956c0,416,game,,1,0,0,0,1,1,1
0x495860,83,game,,0,0,0,0,2,2,6
0x4958c0,103,game,,1,0,0,0,2,2,0
0x495930,256,game,,4,71,0,1,5,3,1
0x495a30,1105,game,,6,108,0,1,19,19,1
0x495e90,2292,game,,0,140,0,1,52,50,1
0x496790,711,game,,0,0,0,0,21,21,2
0x496a60,175,game,,0,0,0,0,5,5,0
0x496b10,148,game,,0,0,0,0,5,5,0
0x496bb0,298,game,,0,0,0,0,7,7,0
0x496ce0,207,game,,0,1,0,0,4,4,0
0x496db0,95,game,,0,0,0,0,2,2,0
0x496e10,128,game,,1,0,0,0,0,0,0
0x496e90,71,game,,3,0,0,0,0,0,2
0x496ee0,401,game,,2,36,0,0,6,5,1
0x497080,248,game,,0,3,0,1,0,0,0
0x497180,2797,game,,1,19,0,1,37,33,1
0x497c70,101,gap,,,,,,2,2,0
0x497ce0,595,game,,1,38,0,1,7,6,1
0x497f40,3463,game,,0,141,0,1,59,57,0
0x498cd0,44,game,,3,0,0,0,1,1,0
0x498d00,145,game,,1,6,0,0,1,1,0
0x498da0,459,game,,1,3,0,1,4,4,1
0x498f70,395,game,,1,1,0,0,8,8,1
0x499100,254,game,,1,1,0,0,7,7,1
0x499200,1655,game,,0,6,0,0,34,34,0
0x499880,5,game,,0,0,0,0,1,1,0
0x499890,411,game,,0,76,0,0,15,14,1
0x499a30,69,game,,0,0,0,0,1,1,1
0x499a80,37,game,,0,0,0,0,1,1,1
0x499ab0,230,game,,5,9,0,0,1,1,0
0x499ba0,102,game,,3,9,0,0,2,2,0
0x499c10,87,game,,2,0,0,0,1,1,0
0x499c70,88,game,,2,0,0,1,2,2,0
0x499cd0,376,game,,3,2,0,1,1,1,3
0x499e50,91,game,,1,0,0,0,0,0,0
0x499eb0,517,game,,2,0,0,1,7,7,5
0x49a0c0,85,game,,2,27,0,0,0,0,1
0x49a120,1829,gap,,,,,,8,8,0
0x49a850,64,game,,1,4,0,0,0,0,1
0x49a890,488,game,,5,12,0,0,1,0,4
0x49aa80,301,game,,4,4,0,1,1,1,3
0x49abb0,568,game,,3,3,0,1,1,1,8
0x49adf0,33,game,,2,0,0,0,0,0,3
0x49ae20,356,game,,0,304,0,1,0,0,2
0x49af90,103,game,,2,0,0,1,1,1,1
0x49b000,129,game,,2,27,0,0,1,1,2
0x49b090,844,game,,2,6,0,1,2,2,1
0x49b3e0,317,game,,1,3,0,1,1,1,1
0x49b520,347,game,,2,1,0,1,1,0,1
0x49b680,88,game,,1,0,0,0,0,0,0
0x49b6e0,64,game,,0,0,0,0,0,0,0
0x49b720,1853,game,,0,5,0,1,11,11,1
0x49be60,2272,game,,1,26,0,1,10,9,1
0x49c740,306,game,,6,0,0,1,2,2,7
0x49c880,147,game,,1,0,0,1,1,1,1
0x49c920,87,game,,1,0,0,0,0,0,0
0x49c980,55,game,,2,0,0,0,0,0,0
0x49c9c0,600,game,,5,0,0,1,5,4,4
0x49cc20,436,game,,6,0,0,1,4,4,2
0x49cde0,544,game,,5,0,0,1,5,4,3
0x49d000,188,game,,3,0,0,0,1,1,0
0x49d0c0,93,game,,5,0,0,0,2,2,0
0x49d120,182,game,,2,0,0,1,0,0,3
0x49d1e0,129,game,,1,0,0,1,0,0,0
0x49d270,774,game,,2,4,0,1,4,4,1
0x49d580,761,game,,4,17,0,1,9,9,0
0x49d880,140,game,,4,0,0,0,0,0,2
0x49d910,164,game,,6,3,0,0,2,1,2
0x49d9c0,429,game,,4,12,0,1,5,4,0
0x49db70,486,game,,4,12,0,1,5,4,0
0x49dd60,430,game,,4,12,0,1,3,3,0
0x49df10,249,game,,4,9,0,0,3,3,1
0x49e010,88,game,,1,0,0,0,0,0,1
0x49e070,293,game,,1,8,0,1,3,3,3
0x49e1a0,969,game,,1,12,0,1,11,11,1
0x49e570,53,game,,5,0,0,0,0,0,1
0x49e5b0,91,game,,1,0,0,0,0,0,3
0x49e610,24,game,,0,0,0,0,2,1,0
0x49e630,10,game,,0,0,0,0,1,1,0
0x49e640,64,game,,1,0,0,0,4,4,0
0x49e680,106,gap,,,,,,1,1,0
0x49e6f0,14,game,,0,0,0,0,1,1,1
0x49e700,291,game,,0,251,0,0,3,1,0
0x49e830,1365,game,,4,38,0,1,31,28,1
0x49ed90,1,game,,0,0,0,0,0,0,0
0x49eda0,1942,gap,,,,,,17,12,0
0x49f540,52,game,,0,64,0,0,1,1,1
0x49f580,27,game,,0,0,0,0,0,0,6
0x49f5a0,104,game,,2,128,0,0,2,1,2
0x49f610,6,game,,0,0,0,0,0,0,1
0x49f620,21,game,,0,0,0,0,0,0,1
0x49f640,54,game,,0,0,0,0,1,1,1
0x49f680,18,game,,1,0,0,0,0,0,1
0x49f6a0,23,game,,1,0,0,0,0,0,1
0x49f6c0,68,game,,1,0,0,0,2,2,2
0x49f710,419,gap,,,,,,0,0,0
0x49f8c0,106,game,,3,0,0,1,0,0,0
0x49f930,131,game,,3,0,0,1,0,0,1
0x49f9c0,131,game,,2,7,0,1,4,4,1
0x49fa50,17,game,,1,0,0,0,0,0,14
0x49fa70,17,game,,1,0,0,0,0,0,6
0x49fa90,17,game,,1,0,0,0,0,0,73
0x49fab0,17,game,,1,0,0,0,0,0,0
0x49fad0,21,game,,1,0,0,0,0,0,11
0x49faf0,17,game,,1,0,0,0,0,0,0
0x49fb10,21,game,,2,0,0,0,0,0,47
0x49fb30,22,game,,1,0,0,0,0,0,0
0x49fb50,80,game,,2,0,0,0,1,0,1
0x49fba0,80,game,,2,0,0,0,1,0,1
0x49fbf0,80,game,,2,0,0,0,1,0,1
0x49fc40,14,game,,1,0,0,0,0,0,0
0x49fc50,146,game,,2,0,0,0,0,0,18
0x49fcf0,21,game,,2,0,0,0,0,0,0
0x49fd10,16,game,,1,0,0,0,0,0,0
0x49fd20,53,game,,3,0,0,0,0,0,0
0x49fd60,138,game,,2,0,0,0,0,0,45
0x49fdf0,99,game,,3,0,0,1,0,0,85
0x49fe60,97,game,,2,0,0,1,0,0,9
0x49fed0,55,game,,3,0,0,0,1,0,6
0x49ff10,115,game,,2,0,0,1,0,0,8
0x49ff90,125,game,,2,0,0,1,1,1,45
0x4a0010,125,game,,2,0,0,1,1,1,7
0x4a0090,230,game,,1,1,0,1,1,1,1
0x4a0180,125,game,,2,0,0,1,1,1,6
0x4a0200,125,game,,2,0,0,1,1,1,27
0x4a0280,125,game,,2,0,0,1,1,1,11
0x4a0300,64,game,,3,0,0,0,0,0,9
0x4a0340,170,game,,2,0,0,1,1,1,4
0x4a03f0,247,game,,3,0,0,1,1,1,3
0x4a04f0,123,game,,2,0,0,1,0,0,1
0x4a0570,111,game,,3,0,0,1,1,1,36
0x4a05e0,494,game,,2,2,0,1,1,0,3
0x4a07d0,164,game,,3,0,0,1,2,1,1
0x4a0880,112,game,,3,0,0,1,0,0,6
0x4a08f0,207,game,,2,35,0,1,1,1,0
0x4a09c0,545,game,,4,35,0,1,3,2,3
0x4a0bf0,116,game,,4,0,0,1,1,1,46
0x4a0c70,139,game,,3,0,0,1,0,0,1
0x4a0d00,241,game,,3,1,0,1,1,1,9
0x4a0e00,299,game,,3,0,0,1,1,0,1
0x4a0f30,44,game,,2,0,0,0,0,0,2
0x4a0f60,144,game,,2,0,0,1,0,0,11
0x4a0ff0,62,game,,2,0,0,0,0,0,2
0x4a1030,66,game,,3,0,0,0,0,0,1
0x4a1080,134,game,,3,0,0,1,0,0,24
0x4a1110,164,game,,3,0,0,1,1,1,11
0x4a11c0,60,game,,3,0,0,0,1,1,6
0x4a1200,72,game,,3,0,0,0,0,0,5
0x4a1250,142,game,,3,0,0,1,0,0,7
0x4a12e0,368,game,,3,0,0,1,0,0,2
0x4a1450,107,game,,3,0,0,1,1,1,11
0x4a14c0,107,game,,3,0,0,1,1,1,0
0x4a1530,136,game,,3,0,0,1,0,0,1
0x4a15c0,104,game,,3,0,0,0,0,0,3
0x4a1630,77,game,,2,0,0,0,0,0,1
0x4a1680,110,game,,3,0,0,0,0,0,1
0x4a16f0,285,game,,3,4,0,1,1,1,1
0x4a1810,164,game,,2,0,0,1,1,1,8
0x4a18c0,96,game,,2,0,0,1,0,0,1
0x4a1920,46,game,,3,0,0,0,0,0,1
0x4a1950,23,game,,2,0,0,0,0,0,0
0x4a1970,23,game,,2,0,0,0,0,0,0
0x4a1990,87,game,,2,0,0,0,0,0,0
0x4a19f0,87,game,,2,0,0,0,0,0,0
0x4a1a50,87,game,,2,0,0,0,0,0,0
0x4a1ab0,143,game,,2,4,0,0,2,2,0
0x4a1b40,2160,game,,2,47,0,1,17,17,5
0x4a23b0,196,game,,4,0,0,0,0,0,2
0x4a2480,242,game,,2,1,0,1,2,2,0
0x4a2580,1631,game,,2,16,0,1,15,14,6
0x4a2be0,597,game,,2,4,0,1,4,4,11
0x4a2e40,640,game,,3,0,0,1,3,3,9
0x4a30c0,244,game,,2,0,0,1,4,4,0
0x4a31c0,210,game,,4,26,0,1,4,3,0
0x4a32a0,765,game,,5,1,0,1,5,5,24
0x4a35a0,246,game,,4,0,0,1,1,1,1
0x4a36a0,224,game,,4,0,0,1,1,1,1
0x4a3780,1832,game,,3,15,0,1,12,12,1
0x4a3eb0,59,game,,2,0,0,0,0,0,0
0x4a3ef0,629,game,,2,2,0,1,4,4,2
0x4a4170,714,game,,2,14,0,1,7,7,1
0x4a4440,477,game,,3,10,0,1,8,6,1
0x4a4620,57,game,,2,0,0,0,1,1,0
0x4a4660,556,game,,2,9,0,1,10,9,3
0x4a4890,158,game,,2,0,0,0,2,2,0
0x4a4930,65,game,,2,0,0,0,0,0,0
0x4a4980,462,game,,2,20,0,1,4,4,1
0x4a4b50,309,game,,2,4,0,1,4,4,1
0x4a4c90,215,game,,3,4,0,1,1,1,1
0x4a4d70,661,game,,2,6,0,1,12,12,4
0x4a5010,31,game,,1,0,0,0,1,1,0
0x4a5030,113,game,,1,0,0,0,3,3,10
0x4a50b0,40,game,,0,0,0,0,2,2,4
0x4a50e0,238,game,,6,0,0,1,4,4,12
0x4a51d0,485,game,,7,6,0,1,5,5,2
0x4a53c0,748,game,,2,0,0,1,5,5,0
0x4a56b0,1662,game,,2,43,0,1,14,14,1
0x4a5d30,18,game,,2,0,0,0,0,0,1
0x4a5d50,254,game,,2,1,0,1,4,4,4
0x4a5e50,228,game,,2,4,0,1,3,3,2
0x4a5f40,2700,game,,2,54,0,1,17,16,9
0x4a69d0,104,game,,1,0,0,1,1,1,0
0x4a6a40,147,game,,2,0,0,1,1,1,6
0x4a6ae0,1703,game,,3,10,0,1,13,11,1
0x4a7190,244,game,,2,0,0,1,6,6,8
0x4a7290,706,game,,3,11,0,1,11,11,1
0x4a7560,108,game,,2,0,0,0,0,0,0
0x4a75d0,210,game,,2,64,0,1,4,3,1
0x4a76b0,370,game,,2,0,0,1,6,6,5
0x4a7830,293,game,,2,0,0,1,6,6,5
0x4a7960,1404,game,,2,206,0,1,6,6,4
0x4a7ee0,129,game,,2,87,0,0,0,0,0
0x4a7f70,468,game,,2,12,0,1,4,2,0
0x4a8150,85,game,,2,0,0,0,0,0,0
0x4a81b0,39,game,,2,0,0,0,1,0,0
0x4a81e0,5248,game,,2,240,0,1,31,29,62
0x4a9660,108,game,,1,0,0,0,4,4,28
0x4a96d0,164,game,,2,0,0,1,2,2,1
0x4a9780,164,game,,2,0,0,1,2,2,1
0x4a9830,390,game,,2,0,0,1,7,7,1
0x4a99c0,456,game,,2,0,0,1,7,7,1
0x4a9b90,1087,game,,2,3,0,1,9,9,1
0x4a9fd0,2164,game,,1,13,0,1,29,28,5
0x4aa850,128,game,,1,0,0,0,1,1,1
0x4aa8d0,6,game,,0,0,0,0,0,0,0
0x4aa8e0,13,game,,2,0,0,0,0,0,1
0x4aa8f0,1762,game,,3,135,0,1,18,17,62
0x4aafe0,91,game,,1,4,0,0,1,1,0
0x4ab040,17,game,,1,0,0,0,0,0,0
0x4ab060,50,game,,2,0,0,0,0,0,15
0x4ab0a0,14,game,,1,0,0,0,0,0,54
0x4ab0b0,188,game,,3,4,0,1,2,2,2
0x4ab170,26,game,,3,0,0,0,1,1,8
0x4ab190,17,game,,2,0,0,0,0,0,4
0x4ab1b0,215,game,,7,0,0,1,1,0,6
0x4ab290,26,game,,2,0,0,0,0,0,1
0x4ab2b0,90,game,,2,0,0,0,0,0,1
0x4ab310,129,game,,2,0,0,0,0,0,2
0x4ab3a0,90,game,,2,0,0,0,0,0,1
0x4ab400,50,game,,2,0,0,0,3,3,7
0x4ab440,122,game,,2,0,0,0,4,4,1
0x4ab4c0,26,game,,1,0,0,0,1,1,0
0x4ab4e0,47,game,,2,0,0,0,1,1,1
0x4ab510,87,game,,2,0,0,0,0,0,6
0x4ab570,55,game,,2,0,0,0,0,0,1
0x4ab5b0,22,game,,2,0,0,0,0,0,5
0x4ab5d0,185,game,,1,10,0,0,8,8,1
0x4ab690,20,game,,2,0,0,0,0,0,6
0x4ab6b0,10,game,,1,0,0,0,0,0,1
0x4ab6c0,82,game,,5,0,0,0,1,1,7
0x4ab720,1015,game,,3,4,0,1,5,4,1
0x4abb20,122,game,,2,0,0,0,2,2,0
0x4abba0,44,game,,1,0,0,0,1,1,0
0x4abbd0,295,game,,4,0,0,1,2,2,0
0x4abd00,28,game,,1,0,0,0,1,1,0
0x4abd20,98,game,,1,0,0,0,0,0,0
0x4abd90,748,game,,5,131,0,1,17,15,40
0x4ac080,28,game,,1,0,0,0,1,1,0
0x4ac0a0,138,game,,2,0,0,1,2,2,0
0x4ac130,54,game,,1,0,0,0,1,1,0
0x4ac170,389,game,,5,1,0,1,3,3,0
0x4ac300,56,game,,1,0,0,0,1,1,0
0x4ac340,373,game,,6,0,0,1,2,2,0
0x4ac4c0,325,game,,4,0,0,1,5,5,3
0x4ac610,252,game,,5,0,0,1,4,4,1
0x4ac710,179,game,,3,4,0,1,0,0,0
0x4ac7d0,207,game,,3,4,0,1,0,0,4
0x4ac8a0,28,game,,2,0,0,0,0,0,0
0x4ac8c0,167,game,,1,5,0,1,2,2,0
0x4ac970,161,game,,3,4,0,0,2,2,0
0x4aca20,181,game,,3,0,0,1,2,2,0
0x4acae0,246,game,,3,200,0,1,0,0,0
0x4acbe0,142,game,,3,0,0,0,1,1,0
0x4acc70,93,game,,2,0,0,0,1,1,0
0x4accd0,42,game,,2,1,0,0,1,1,3
0x4acd00,159,game,,3,25,0,1,2,1,0
0x4acda0,55,game,,2,1,0,0,1,1,0
0x4acde0,108,game,,4,26,0,0,2,1,3
0x4ace50,1280,game,,3,52,0,1,6,3,1
0x4ad350,407,game,,2,0,0,1,5,4,1
0x4ad4f0,914,game,,3,51,0,1,6,3,1
0x4ad890,225,game,,2,0,0,0,3,3,1
0x4ad980,142,game,,3,51,0,0,3,1,0
0x4ada10,33,game,,2,0,0,0,1,1,0
0x4ada40,554,game,,3,52,0,1,3,1,0
0x4adc70,237,game,,2,5,0,1,5,3,1
0x4add60,142,game,,3,51,0,0,3,1,0
0x4addf0,48,game,,2,0,0,0,1,1,0
0x4ade20,236,game,,3,51,0,1,3,1,0
0x4adf10,121,game,,2,0,0,0,3,3,0
0x4adf90,467,game,,3,52,0,1,3,1,0
0x4ae170,184,game,,2,0,0,0,3,3,0
0x4ae230,201,game,,3,26,0,1,2,1,0
0x4ae300,113,game,,2,0,0,0,3,2,0
0x4ae380,144,game,,3,51,0,0,3,1,0
0x4ae410,45,game,,2,0,0,0,1,1,0
0x4ae440,108,game,,3,26,0,0,2,1,0
0x4ae4b0,37,game,,2,0,0,0,1,1,0
0x4ae4e0,108,game,,3,26,0,0,2,1,0
0x4ae550,37,game,,2,0,0,0,1,1,0
0x4ae580,141,game,,3,51,0,0,3,1,0
0x4ae610,32,game,,2,0,0,0,1,1,0
0x4ae630,1160,game,,2,355,0,1,13,11,0
0x4aeac0,732,game,,2,69,0,1,16,15,1
0x4aeda0,47,game,,2,0,0,0,1,1,1
0x4aedd0,259,game,,3,65,0,1,5,4,1
0x4aeee0,150,game,,2,64,0,1,4,3,1
0x4aef80,32,game,,1,0,0,0,1,1,1
0x4aefa0,895,game,,4,9,0,1,3,3,4
0x4af320,642,game,,6,139,0,1,10,8,6
0x4af5b0,192,game,,1,0,0,0,5,5,2
0x4af670,945,game,,1,2,0,1,10,10,0
0x4afa30,552,game,,4,1,0,1,12,12,0
0x4afc60,135,game,,2,0,0,0,2,2,3
0x4afcf0,38,game,,1,0,0,0,1,1,2
0x4afd20,23,game,,2,0,0,0,0,0,1
0x4afd40,27,game,,1,0,0,0,0,0,0
0x4afd60,27,game,,1,0,0,0,0,0,0
0x4afd80,271,game,,8,1,0,0,3,2,1
0x4afe90,35,game,,2,0,0,0,0,0,0
0x4afec0,60,game,,1,0,0,0,0,0,1
0x4aff00,389,game,,1,2,0,1,6,6,1
0x4b0090,193,game,,5,0,0,0,1,1,1
0x4b0160,193,game,,5,0,0,0,1,1,2
0x4b0230,631,game,,3,9,0,1,8,8,3
0x4b04b0,47,game,,5,0,0,0,2,2,2
0x4b04e0,47,game,,5,0,0,0,2,2,1
0x4b0510,116,game,,5,0,0,0,2,2,1
0x4b0590,116,game,,5,0,0,0,2,2,1
0x4b0610,56,game,,0,0,0,0,1,1,1
0x4b0650,3,game,,3,0,0,0,0,0,0
0x4b0660,3,game,,1,0,0,0,0,0,0
0x4b0670,3,game,,2,0,0,0,0,0,0
0x4b0680,5,game,,5,0,0,0,0,0,0
0x4b0690,5,game,,1,0,0,0,0,0,0
0x4b06a0,3,game,,0,0,0,0,0,0,0
0x4b06b0,63,game,,1,0,0,0,2,2,0
0x4b06f0,43,game,,0,0,0,0,1,1,1
0x4b0720,120,game,,1,0,0,0,2,2,1
0x4b07a0,4,game,,0,0,0,0,0,0,0
0x4b07b0,5,game,,2,0,0,0,0,0,0
0x4b07c0,107,game,,1,0,0,1,0,0,9
0x4b0830,135,game,,1,1,0,1,1,1,0
0x4b08c0,116,game,,1,0,0,0,0,0,6
0x4b0940,194,game,,3,1,0,1,3,3,10
0x4b0a10,93,game,,3,0,0,0,3,3,0
0x4b0a70,143,game,,8,1,0,1,1,1,18
0x4b0b00,181,game,,8,0,0,0,3,3,5
0x4b0bc0,128,game,,5,1,0,1,1,1,10
0x4b0c40,223,game,,5,0,0,1,2,2,1
0x4b0d20,55,game,,1,0,0,0,0,0,0
0x4b0d60,50,game,,1,0,0,0,2,2,1
0x4b0da0,3666,game,,2,8,0,1,2,2,5
0x4b1c00,586,game,,1,6,0,1,0,0,4
0x4b1e50,5,game,,1,0,0,0,0,0,0
0x4b1e60,5,game,,1,0,0,0,0,0,0
0x4b1e70,5,game,,1,0,0,0,0,0,0
0x4b1e80,3,game,,3,0,0,0,0,0,0
0x4b1e90,3,game,,1,0,0,0,0,0,0
0x4b1ea0,3,game,,2,0,0,0,0,0,0
0x4b1eb0,3,game,,2,0,0,0,0,0,0
0x4b1ec0,381,game,,1,359,0,1,2,2,1
0x4b2040,590,game,,1,334,0,1,5,5,1
0x4b2290,169,game,,0,2,0,0,4,1,0
0x4b2340,272,game,,0,2,0,0,6,4,0
0x4b2450,227,game,,1,4,0,0,4,4,2
0x4b2540,423,game,,1,6,0,1,10,8,2
0x4b26f0,336,game,,1,13,0,0,6,4,1
0x4b2840,14,game,,1,0,0,0,0,0,1
0x4b2850,624,game,,2,4,0,1,7,5,1
0x4b2ac0,1254,game,,2,5,0,1,4,2,2
0x4b2fb0,79,game,,1,1,0,0,3,1,2
0x4b3000,22,game,,2,0,0,0,0,0,1
0x4b3020,748,game,,4,3,0,1,3,1,2
0x4b3310,90,game,,1,1,0,0,2,0,1
0x4b3370,51,game,,1,1,0,0,2,0,1
0x4b33b0,92,game,,1,1,0,0,2,0,1
0x4b3410,27,game,,2,0,0,0,1,1,1
0x4b3430,84,game,,1,1,0,0,2,0,1
0x4b3490,84,game,,1,1,0,0,2,0,1
0x4b34f0,159,game,,0,2,0,0,2,0,2
0x4b3590,132,game,,0,2,0,0,2,0,3
0x4b3620,9,game,,0,0,0,0,0,0,4
0x4b3630,281,game,,0,2,0,1,1,1,10
0x4b3750,31,game,,0,0,0,0,2,2,1
0x4b3770,577,game,,3,45,0,1,17,16,3
0x4b39c0,662,game,,4,77,0,1,15,9,1
0x4b3c60,1544,game,,4,18,0,1,11,6,1
0x4b4270,737,game,,3,267,0,1,17,16,1
0x4b4560,200,game,,1,0,0,1,2,2,59
0x4b4630,138,game,,2,0,0,0,2,2,25
0x4b46c0,138,game,,3,0,0,0,2,2,2
0x4b4750,166,game,,2,0,0,0,3,3,4
0x4b4800,78,game,,2,0,0,0,1,1,29
0x4b4850,78,game,,3,0,0,0,1,1,1
0x4b48a0,78,game,,2,0,0,0,1,1,5
0x4b48f0,24,game,,1,0,0,0,1,1,7
0x4b4910,180,game,,2,0,0,1,2,2,7
0x4b49d0,162,game,,2,0,0,0,1,1,2
0x4b4a80,200,game,,2,0,0,1,2,2,2
0x4b4b50,65,game,,1,0,0,0,1,1,3
0x4b4ba0,65,game,,1,0,0,0,1,1,29
0x4b4bf0,29,game,,0,0,0,0,0,0,7
0x4b4c10,52,game,,1,0,0,0,0,0,24
0x4b4c50,35,game,,0,0,0,0,0,0,0
0x4b4c80,98,game,,2,0,0,0,0,0,17
0x4b4cf0,115,game,,2,0,0,1,1,1,16
0x4b4d70,409,game,,1,2,0,1,3,0,1
0x4b4f10,14,game,,1,0,0,0,1,1,194
0x4b4f20,14,game,,1,0,0,0,1,1,257
0x4b4f30,14,game,,1,0,0,0,1,1,0
0x4b4f40,14,game,,1,0,0,0,1,1,0
0x4b4f50,117,game,,0,0,0,0,0,0,0
0x4b4fd0,22,game,,2,0,0,0,0,0,12
0x4b4ff0,127,game,,1,0,0,0,0,0,4
0x4b5070,619,game,,5,51,0,1,2,0,1
0x4b52e0,80,game,,1,0,0,0,0,0,1
0x4b5330,57,game,,2,0,0,0,0,0,0
0x4b5370,411,game,,1,1,0,1,0,0,2
0x4b5510,1017,game,,1,308,0,1,5,5,5
0x4b5910,34,game,,0,0,0,0,1,1,4
0x4b5940,57,game,,2,0,0,0,1,1,2
0x4b5980,820,game,,1,14,0,1,11,11,1
0x4b5cc0,1104,game,,4,6,0,0,5,5,0
0x4b6110,268,game,,1,0,0,0,10,10,1
0x4b6220,6,game,,0,0,0,0,0,0,109
0x4b6230,91,game,,1,0,0,0,1,1,4
0x4b6290,46,game,,1,0,0,0,1,0,39
0x4b62c0,5,game,,1,0,0,0,0,0,1
0x4b62d0,86,game,,1,0,0,0,0,0,1
0x4b6330,12,game,,0,0,0,0,0,0,5
0x4b6340,34,game,,0,0,0,0,0,0,49
0x4b6370,128,game,,0,0,0,0,0,0,1
0x4b63f0,209,game,,3,0,0,0,0,0,3
0x4b64d0,49,game,,1,0,0,0,0,0,14
0x4b6510,69,game,,0,0,0,0,0,0,0
0x4b6560,6,game,,0,0,0,0,0,0,5
0x4b6570,294,game,,0,33,0,0,0,0,0
0x4b66a0,96,game,,0,0,0,0,0,0,1
0x4b6700,12,game,,0,0,0,0,0,0,9
0x4b6710,12,game,,0,0,0,0,0,0,10
0x4b6720,46,game,,3,0,0,0,0,0,7
0x4b6750,123,game,,2,0,0,0,0,0,1
0x4b67d0,74,game,,2,0,0,0,0,0,1
0x4b6820,26,game,,2,0,0,0,0,0,0
0x4b6840,28,game,,4,0,0,0,0,0,0
0x4b6860,32,game,,4,0,0,0,1,1,1
0x4b6880,297,game,,6,4,0,1,0,0,6
0x4b69b0,32,game,,4,0,0,0,1,1,2
0x4b69d0,42,game,,3,1,0,0,1,1,1
0x4b6a00,32,game,,4,0,0,0,1,1,1
0x4b6a20,48,game,,3,0,0,0,1,1,3
0x4b6a50,42,game,,3,1,0,0,1,1,5
0x4b6a80,111,game,,1,65,0,0,0,0,1
0x4b6af0,48,game,,2,0,0,0,0,0,33
0x4b6b20,36,game,,3,0,0,0,1,0,3
0x4b6b50,14,game,,1,0,0,0,0,0,6
0x4b6b60,19,game,,1,0,0,0,0,0,1
0x4b6b80,26,game,,2,0,0,0,0,0,2
0x4b6ba0,129,game,,2,3,0,0,0,0,6
0x4b6c30,101,game,,1,0,0,0,0,0,56
0x4b6ca0,19,game,,1,0,0,0,0,0,1
0x4b6cc0,134,game,,3,4,0,0,0,0,6
0x4b6d50,69,game,,3,2,0,0,0,0,0
0x4b6da0,69,game,,3,2,0,0,0,0,0
0x4b6df0,69,game,,3,2,0,0,0,0,0
0x4b6e40,49,game,,2,0,0,0,0,0,0
0x4b6e80,39,game,,6,0,0,0,0,0,0
0x4b6eb0,71,game,,7,3,0,0,0,0,1
0x4b6f00,101,game,,7,4,0,0,0,0,1
0x4b6f70,115,game,,7,0,0,0,0,0,2
0x4b6ff0,113,game,,4,0,0,0,0,0,2
0x4b7070,41,game,,3,0,0,0,0,0,0
0x4b70a0,772,gap,,,,,,0,0,0
0x4b73b0,13,game,,0,0,0,0,0,0,5
0x4b73c0,29,game,,2,0,0,0,0,0,17
0x4b73e0,38,game,,2,0,0,0,1,0,31
0x4b7410,38,game,,2,0,0,0,1,0,2
0x4b7440,162,game,,2,0,0,1,1,0,2
0x4b74f0,79,game,,1,0,0,1,1,0,1
0x4b7540,77,game,,1,0,0,0,0,0,0
0x4b7590,13,game,,0,0,0,0,0,0,0
0x4b75a0,42,game,,0,1,0,0,1,0,0
0x4b75d0,67,game,,0,0,0,0,2,2,0
0x4b7620,319,game,,3,3,0,1,4,4,1
0x4b7760,370,game,,1,6,0,1,4,4,1
0x4b78e0,22,game,,2,0,0,0,0,0,1
0x4b7900,270,game,,2,2,0,1,4,4,2
0x4b7a10,30,game,,2,0,0,0,0,0,0
0x4b7a30,142,game,,4,53,0,1,4,4,5
0x4b7ac0,1,game,,0,0,0,0,0,0,0
0x4b7ad0,45,game,,0,0,0,0,1,1,0
0x4b7b00,755,game,,3,3,0,1,5,5,2
0x4b7e00,33,game,,1,0,0,0,1,1,1
0x4b7e30,33,game,,1,0,0,0,1,1,1
0x4b7e60,121,game,,3,0,0,0,0,0,9
0x4b7ee0,23,game,,1,0,0,0,0,0,11
0x4b7f00,39,game,,2,0,0,0,0,0,0
0x4b7f30,36,game,,2,0,0,0,0,0,64
0x4b7f60,12,game,,1,0,0,0,0,0,5
0x4b7f70,32,game,,1,0,0,0,0,0,0
0x4b7f90,439,game,,4,37,0,1,5,5,35
0x4b8150,436,game,,4,37,0,1,6,6,1
0x4b8310,484,game,,5,37,0,1,6,6,3
0x4b8500,465,game,,4,37,0,1,5,5,13
0x4b86e0,481,game,,4,37,0,1,6,6,1
0x4b88d0,427,game,,5,24,0,1,4,4,1
0x4b8a80,89,game,,2,0,0,0,1,1,4
0x4b8ae0,69,game,,2,0,0,0,0,0,5
0x4b8b30,81,game,,3,0,0,0,0,0,8
0x4b8b90,91,game,,1,0,0,0,0,0,4
0x4b8bf0,101,game,,2,0,0,0,0,0,1
0x4b8c60,216,game,,1,2,0,1,1,1,8
0x4b8d40,85,game,,2,0,0,1,0,0,20
0x4b8da0,83,game,,3,0,0,0,1,1,5
0x4b8e00,77,game,,3,0,0,0,1,1,1
0x4b8e50,104,game,,2,0,0,0,0,0,1
0x4b8ec0,475,game,,4,37,0,1,5,5,1
0x4b90a0,260,game,,5,2,0,1,0,0,1
0x4b91b0,423,game,,3,9,0,1,1,1,1
0x4b9360,341,game,,4,20,0,1,3,3,1
0x4b94c0,212,game,,4,20,0,0,2,2,0
0x4b95a0,252,game,,2,4,0,1,1,1,3
0x4b96a0,54,game,,1,0,0,0,0,0,1
0x4b96e0,90,game,,2,0,0,1,1,1,1
0x4b9740,778,game,,8,30,0,1,5,5,1
0x4b9a50,799,game,,8,27,0,1,5,5,0
0x4b9d70,234,game,,4,0,0,1,0,0,1
0x4b9e60,110,game,,2,1,0,1,1,1,1
0x4b9ed0,120,game,,2,0,0,1,0,0,1
0x4b9f50,175,game,,4,0,0,1,0,0,1
0x4ba000,430,game,,4,2,0,1,2,2,1
0x4ba1b0,69,game,,2,0,0,1,1,1,1
0x4ba200,689,game,,3,517,0,1,3,3,11
0x4ba4c0,207,game,,3,256,0,1,1,1,0
0x4ba590,36,game,,1,0,0,0,2,2,17
0x4ba5c0,36,game,,1,0,0,0,1,1,1
0x4ba5f0,22,game,,1,0,0,0,1,1,1
0x4ba610,36,game,,1,0,0,0,1,1,1
0x4ba640,22,game,,1,0,0,0,1,1,1
0x4ba660,36,game,,1,0,0,0,1,1,1
0x4ba690,22,game,,1,0,0,0,1,1,1
0x4ba6b0,36,game,,1,0,0,0,1,1,1
0x4ba6e0,22,game,,1,0,0,0,1,1,1
0x4ba700,36,game,,1,0,0,0,1,1,1
0x4ba730,22,game,,1,0,0,0,1,1,1
0x4ba750,296,game,,1,324,0,1,3,3,1
0x4ba880,151,game,,2,2,0,1,0,0,0
0x4ba920,167,game,,3,0,0,1,0,0,5
0x4ba9d0,243,game,,4,4,0,1,0,0,5
0x4baad0,43,game,,1,0,0,0,1,1,1
0x4bab00,43,game,,1,0,0,0,1,1,1
0x4bab30,43,game,,1,0,0,0,1,1,1
0x4bab60,42,game,,1,0,0,0,1,1,0
0x4bab90,3,game,,3,0,0,0,0,0,0
0x4baba0,44,game,,1,0,0,0,1,1,0
0x4babd0,337,game,,1,327,0,1,3,3,1
0x4bad30,182,game,,1,321,0,1,3,3,1
0x4badf0,317,game,,1,325,0,1,3,3,1
0x4baf30,191,game,,1,321,0,1,3,3,1
0x4baff0,171,game,,3,0,0,0,0,0,7
0x4bb0a0,67,game,,1,0,0,0,0,0,0
0x4bb0f0,44,game,,1,0,0,0,0,0,7
0x4bb120,45,game,,1,0,0,0,0,0,3
0x4bb150,59,game,,1,0,0,0,0,0,2
0x4bb190,107,game,,1,0,0,0,2,0,3
0x4bb200,88,game,,3,19,0,0,1,0,0
0x4bb260,94,game,,1,36,0,0,1,0,1
0x4bb2c0,18,game,,1,0,0,0,1,1,3
0x4bb2e0,506,game,,2,0,0,1,7,3,8
0x4bb4e0,198,gap,,,,,,2,0,0
0x4bb5b0,18,game,,1,0,0,0,1,1,14
0x4bb5d0,124,game,,1,0,0,0,2,1,23
0x4bb650,17,game,,1,0,0,0,0,0,2
0x4bb670,36,game,,1,0,0,0,1,0,0
0x4bb6a0,109,game,,1,0,0,1,3,1,2
0x4bb710,135,game,,2,0,0,0,3,1,19
0x4bb7a0,31,game,,1,0,0,0,1,0,3
0x4bb7c0,1042,game,,3,259,0,1,9,6,23
0x4bbbe0,43,game,,3,0,0,0,1,0,19
0x4bbc10,21,game,,2,0,0,0,1,0,1
0x4bbc30,16,game,,1,0,0,0,1,0,4
0x4bbc40,178,game,,1,0,0,0,4,2,22
0x4bbd00,46,game,,1,0,0,0,1,0,9
0x4bbd30,288,game,,4,0,0,0,5,4,2
0x4bbe50,405,game,,2,64,0,1,7,5,17
0x4bbff0,289,game,,3,64,0,1,5,4,3
0x4bc120,356,game,,2,0,0,0,6,4,0
0x4bc290,72,game,,3,0,0,0,3,0,4
0x4bc2e0,23,game,,1,0,0,0,1,0,2
0x4bc300,32,game,,1,0,0,0,1,0,1
0x4bc320,52,game,,3,0,0,0,2,0,2
0x4bc360,16,game,,1,0,0,0,1,0,1
0x4bc370,314,game,,2,102,0,1,1,0,3
0x4bc4b0,389,game,,4,0,0,1,4,3,12
0x4bc640,447,game,,2,0,0,1,4,2,13
0x4bc800,197,gap,,,,,,2,0,0
0x4bc8d0,84,game,,1,0,0,0,2,1,6
0x4bc930,245,game,,2,70,0,1,4,3,9
0x4bca30,288,game,,3,71,0,1,7,6,5
0x4bcb50,442,game,,5,135,0,1,9,7,1
0x4bcd10,243,game,,4,1,0,1,4,3,0
0x4bce10,65,game,,0,3,0,0,3,1,1
0x4bce60,58,game,,1,0,0,0,3,1,0
0x4bcea0,32,game,,1,0,0,0,2,1,0
0x4bcec0,32,game,,1,0,0,0,2,1,2
0x4bcee0,20,game,,0,0,0,0,2,1,0
0x4bcf00,121,game,,1,65,0,0,1,0,6
0x4bcf80,454,game,,2,1,0,1,8,5,0
0x4bd150,5,game,,2,0,0,0,0,0,0
0x4bd160,580,game,,5,21,0,1,14,4,0
0x4bd3b0,1148,game,,3,140,0,1,5,4,1
0x4bd830,1332,game,,8,1167,0,1,11,6,1
0x4bdd70,661,game,,2,23,0,1,9,3,1
0x4be010,90,game,,2,0,0,1,0,0,1
0x4be070,49,game,,1,0,0,0,2,1,1
0x4be0b0,208,game,,2,65,0,0,3,3,1
0x4be180,235,game,,0,0,0,0,4,2,1
0x4be270,162,game,,1,0,0,1,3,2,0
0x4be320,135,game,,0,1,0,1,3,3,1
0x4be3b0,73,game,,1,0,0,1,0,0,1
0x4be400,699,game,,3,135,0,1,5,4,1
0x4be6c0,649,game,,3,3,0,1,5,5,2
0x4be950,201,game,,6,12,0,0,3,3,23
0x4bea20,589,game,,5,4,0,1,1,1,9
0x4bec70,244,game,,6,12,0,0,4,4,1
0x4bed70,225,game,,6,12,0,0,4,4,0
0x4bee60,380,game,,4,25,0,0,3,3,2
0x4befe0,115,game,,3,12,0,0,2,2,0
0x4bf060,508,game,,4,25,0,1,3,3,0
0x4bf260,610,game,,5,25,0,1,3,3,0
0x4bf4d0,332,game,,3,16,0,1,4,4,12
0x4bf620,196,game,,2,4,0,1,1,1,5
0x4bf6f0,178,game,,3,16,0,0,3,3,26
0x4bf7b0,261,game,,3,12,0,1,3,3,1
0x4bf8c0,1172,game,,3,26,0,0,4,4,9
0x4bfd60,167,game,,3,16,0,0,3,3,0
0x4bfe10,267,game,,2,16,0,0,4,4,5
0x4bff20,332,game,,3,16,0,1,3,3,1
0x4c0070,301,game,,5,16,0,1,3,3,1
0x4c01a0,353,game,,7,16,0,1,3,3,1
0x4c0310,28,game,,4,0,0,0,1,1,4
0x4c0330,932,game,,4,20504,0,1,3,3,1
0x4c06e0,200,game,,4,0,0,1,0,0,1
0x4c07b0,106,game,,4,0,0,1,1,1,0
0x4c0820,613,game,,4,20489,0,1,1,1,1
0x4c0a90,118,game,,4,0,0,1,0,0,1
0x4c0b10,352,game,,4,3,0,1,1,1,1
0x4c0c70,897,game,,4,20491,0,1,1,1,1
0x4c1000,791,game,,4,20490,0,1,1,1,2
0x4c1320,126,game,,4,0,0,1,0,0,1
0x4c13a0,38,game,,2,0,0,0,1,1,23
0x4c13d0,18,game,,1,0,0,0,1,1,1
0x4c13f0,12,game,,0,0,0,0,1,1,22
0x4c1400,12,game,,0,0,0,0,1,1,0
0x4c1410,12,game,,0,0,0,0,1,1,0
0x4c1420,24,game,,1,0,0,0,1,1,30
0x4c1440,12,game,,0,0,0,0,1,1,13
0x4c1450,18,game,,0,0,0,0,1,1,26
0x4c1470,11,game,,1,0,0,0,0,0,1
0x4c1480,97,game,,2,0,0,0,0,0,15
0x4c14f0,617,game,,5,97,0,1,6,5,16
0x4c1760,201,game,,3,12,0,1,4,4,0
0x4c1830,516,game,,5,12,0,1,4,4,1
0x4c1a40,20,game,,0,0,0,0,1,1,10
0x4c1a60,54,game,,1,0,0,0,1,1,1
0x4c1aa0,1,game,,0,0,0,0,0,0,1
0x4c1ab0,66,game,,0,0,0,0,1,1,15
0x4c1b00,32,game,,0,0,0,0,1,1,3
0x4c1b20,84,game,,1,0,0,0,1,1,2
0x4c1b80,456,game,,1,0,0,0,0,0,12
0x4c1d50,1353,game,,2,2,0,0,2,2,1
0x4c22a0,47,game,,0,0,0,0,0,0,0
0x4c22d0,18,game,,1,0,0,0,1,1,5
0x4c22f0,19,game,,2,0,0,0,0,0,3
0x4c2310,40,game,,2,2,0,0,0,0,0
0x4c2340,29,game,,1,0,0,0,1,1,4
0x4c2360,29,game,,1,0,0,0,1,1,2
0x4c2380,85,game,,0,6,0,0,2,2,0
0x4c23e0,129,game,,1,16,0,0,2,2,0
0x4c2470,62,game,,0,0,0,0,2,2,13
0x4c24b0,299,game,,1,18,0,0,3,3,0
0x4c25e0,647,game,,1,22,0,1,4,4,1
0x4c2870,282,game,,0,8,0,0,3,3,19
0x4c2990,229,game,,1,0,0,1,1,1,0
0x4c2a80,62,game,,1,0,0,0,1,1,0
0x4c2ac0,88,game,,1,0,0,0,1,1,0
0x4c2b20,116,game,,1,0,0,0,1,1,5
0x4c2ba0,12,game,,0,0,0,0,1,1,1
0x4c2bb0,20,game,,0,0,0,0,1,1,1
0x4c2bd0,234,game,,2,0,0,0,4,4,1
0x4c2cc0,156,game,,0,0,0,0,4,4,2
0x4c2d60,115,game,,1,0,0,0,1,1,2
0x4c2de0,80,game,,1,0,0,0,1,1,2
0x4c2e30,98,game,,1,0,0,0,1,1,1
0x4c2ea0,13,game,,0,0,0,0,0,0,25
0x4c2eb0,171,game,,0,2,0,1,4,4,27
0x4c2f60,434,game,,1,5,0,1,14,14,23
0x4c3120,288,game,,4,2,0,1,8,8,1
0x4c3240,170,game,,0,2,0,1,4,4,10
0x4c32f0,169,game,,1,1,0,1,3,3,4
0x4c33a0,105,game,,1,0,0,0,0,0,2
0x4c3410,115,game,,1,0,0,1,0,0,25
0x4c3490,292,game,,1,12,0,1,6,2,7
0x4c35c0,354,game,,1,2,0,1,6,0,1
0x4c3730,13,game,,0,0,0,0,0,0,0
0x4c3740,348,game,,0,7,0,0,7,0,0
0x4c38a0,75,library,??1runtime_error@std@@UAE@XZ,0,0,0,0,2,1,0
0x4c38f0,95,game,,1,0,0,0,2,1,0
0x4c3950,334,game,,1,1,0,1,6,0,0
0x4c3aa0,75,library,??1runtime_error@std@@UAE@XZ,0,0,0,0,2,1,0
0x4c3af0,356,game,,0,7,0,1,8,0,0
0x4c3c60,95,game,,1,0,0,0,2,1,0
0x4c3cc0,331,game,,1,1,0,1,6,0,0
0x4c3e10,8,game,,0,0,0,0,0,0,22
0x4c3e20,4,game,,0,0,0,0,0,0,3
0x4c3e30,10,game,,1,0,0,0,0,0,3
0x4c3e40,1115,game,,4,511,0,1,13,11,2
0x4c42a0,159,game,,0,1,0,1,3,3,0
0x4c4340,168,game,,3,0,0,0,3,3,1
0x4c43f0,43,game,,2,0,0,0,1,1,0
0x4c4420,24,game,,2,0,0,0,1,0,4
0x4c4440,3,game,,0,0,0,0,0,0,1
0x4c4450,19,game,,0,0,0,0,0,0,2
0x4c4470,71,game,,1,0,0,0,0,0,2
0x4c44c0,253,game,,1,11,0,1,6,1,2
0x4c45c0,19,game,,0,0,0,0,0,0,0
0x4c45e0,74,game,,1,0,0,0,0,0,1
0x4c4630,136,game,,1,1,0,1,0,0,2
0x4c46c0,155,game,,2,1,0,1,1,0,26
0x4c4760,155,game,,3,1,0,1,1,0,6
0x4c4800,180,game,,3,1,0,1,1,0,1
0x4c48c0,212,game,,4,1,0,1,1,0,31
0x4c49a0,285,game,,1,0,0,1,4,0,1
0x4c4ac0,72,library,?_Tidy@?$basic_string@DU?$char_traits@D@std@@V?$allocator@D@2@@std@@AAEX_N@Z,1,0,0,0,1,1,13
0x4c4b10,273,library,?erase@?$basic_string@DU?$char_traits@D@std@@V?$allocator@D@2@@std@@QAEAAV12@II@Z,2,0,0,1,5,0,1
0x4c4c30,17,library,?_Eos@?$basic_string@DU?$char_traits@D@std@@V?$allocator@D@2@@std@@AAEXI@Z,1,0,0,0,0,0,11
0x4c4c50,288,library,?_Grow@?$basic_string@DU?$char_traits@D@std@@V?$allocator@D@2@@std@@AAE_NI_N@Z,2,0,0,0,2,1,13
0x4c4d70,547,game,,3,2,0,1,2,2,1
0x4c4fa0,255,gap,,,,,,2,2,0
0x4c50a0,201,library,?_Split@?$basic_string@DU?$char_traits@D@std@@V?$allocator@D@2@@std@@AAEXXZ,0,0,0,1,2,0,8
0x4c5170,24,game,,1,0,0,0,1,1,1
0x4c5190,20,game,,0,0,0,0,1,1,3
0x4c51b0,40,game,,1,0,0,0,2,2,2
0x4c51e0,649,game,,3,3,0,1,5,5,1
0x4c5470,33,game,,1,0,0,0,1,1,1
0x4c54a0,33,game,,1,0,0,0,1,1,1
0x4c54d0,32,game,,2,0,0,0,1,1,2
0x4c54f0,583,game,,2,137,0,1,19,19,1
0x4c5740,249,game,,1,1,0,1,0,0,86
0x4c5840,81,game,,1,0,0,0,0,0,1
0x4c58a0,292,game,,5,64,0,1,1,1,4
0x4c59d0,415,game,,2,3,0,1,9,9,1
0x4c5b70,48,game,,2,0,0,0,1,1,1
0x4c5ba0,19,game,,0,0,0,0,0,0,1
0x4c5bc0,87,game,,3,0,0,1,1,1,1
0x4c5c20,63,game,,3,0,0,1,1,1,1
0x4c5c60,108,game,,1,0,0,1,0,0,1
0x4c5cd0,61,game,,3,0,0,1,1,1,1
0x4c5d10,80,game,,3,0,0,1,1,1,1
0x4c5d60,39,game,,2,0,0,0,1,1,1
0x4c5d90,36,game,,2,0,0,0,0,0,0
0x4c5dc0,18,game,,2,0,0,0,0,0,0
0x4c5de0,6,game,,0,0,0,0,0,0,0
0x4c5df0,124,game,,0,0,0,0,2,2,1
0x4c5e70,293,game,,1,27,0,0,1,1,42
0x4c5fa0,77,game,,1,0,0,0,1,1,34
0x4c5ff0,214,game,,1,27,0,0,1,1,3
0x4c60d0,213,game,,3,0,0,1,1,1,4
0x4c61b0,62,game,,1,0,0,0,1,1,2
0x4c61f0,18,game,,1,0,0,0,1,1,6
0x4c6210,165,game,,1,12,0,0,2,2,0
0x4c62c0,219,game,,0,12,0,0,2,2,4
0x4c63a0,1051,game,,0,61,0,1,6,6,20
0x4c67c0,199,game,,2,0,0,0,2,2,1
0x4c6890,266,game,,2,25,0,1,1,1,10
0x4c69a0,28,game,,1,0,0,0,1,1,20
0x4c69c0,36,game,,1,0,0,0,0,0,6
0x4c69f0,107,game,,3,0,0,0,1,1,11
0x4c6a60,92,game,,5,0,0,0,0,0,1
0x4c6ac0,26,game,,1,0,0,0,1,1,15
0x4c6ae0,36,game,,1,0,0,0,0,0,17
0x4c6b10,33,game,,4,0,0,0,0,0,3
0x4c6b40,18,game,,1,0,0,0,1,1,0
0x4c6b60,12,game,,0,0,0,0,1,1,2
0x4c6b70,224,game,,4,12,0,0,2,2,17
0x4c6c50,194,game,,5,12,0,0,2,2,0
0x4c6d20,149,game,,4,12,0,0,2,2,4
0x4c6dc0,163,game,,5,12,0,0,2,2,0
0x4c6e70,149,game,,4,12,0,0,2,2,1
0x4c6f10,100,game,,2,2,0,0,2,2,1
0x4c6f80,251,game,,1,2,0,1,4,4,1
0x4c7080,72,game,,1,0,0,0,0,0,0
0x4c70d0,280,game,,4,0,0,0,0,0,0
0x4c71f0,280,game,,4,0,0,0,0,0,0
0x4c7310,617,game,,4,6,0,1,1,1,1
0x4c7580,1183,game,,4,8035,0,1,4,4,9
0x4c7a20,1529,game,,4,7,0,1,0,0,1
0x4c8020,1845,game,,4,10,0,1,1,1,1
0x4c8760,1094,game,,4,8022,0,1,1,1,1
0x4c8bb0,1279,game,,4,8024,0,1,1,1,1
0x4c90b0,195,game,,1,1,0,1,2,0,0
0x4c9180,22,game,,0,0,0,0,0,0,2
0x4c91a0,16,game,,1,0,0,0,0,0,17
0x4c91b0,117,game,,1,0,0,0,1,0,10
0x4c9230,89,game,,2,0,0,1,2,0,0
0x4c9290,128,game,,0,0,0,1,3,0,1
0x4c9310,128,game,,0,0,0,1,3,0,0
0x4c9390,31,game,,0,0,0,0,1,0,36
0x4c93b0,56,game,,1,0,0,0,1,0,11
0x4c93f0,145,game,,1,0,0,0,2,0,1
0x4c9490,152,game,,3,0,0,0,2,0,0
0x4c9530,523,game,,1,0,0,0,1,1,2
0x4c9740,1,game,,1,0,0,0,0,0,36
0x4c9750,64,game,,0,0,0,0,2,2,0
0x4c9790,31,game,,1,0,0,0,1,1,4
0x4c97b0,77,game,,5,0,0,0,1,1,3
0x4c9800,63,game,,5,0,0,0,1,1,0
0x4c9840,69,game,,3,0,0,0,1,1,2
0x4c9890,139,game,,7,0,0,0,2,1,2
0x4c9920,335,game,,7,0,0,0,4,3,1
0x4c9a70,252,game,,7,0,0,1,2,1,1
0x4c9b70,169,game,,1,0,0,0,2,2,4
0x4c9c20,40,game,,1,0,0,0,1,1,2
0x4c9c50,191,game,,4,0,0,1,1,1,0
0x4c9d10,29,game,,5,0,0,0,1,1,0
0x4c9d30,67,game,,4,0,0,0,1,1,0
0x4c9d80,67,game,,4,0,0,0,1,1,0
0x4c9dd0,117,game,,1,0,0,0,3,3,0
0x4c9e50,320,game,,3,27,0,1,3,3,1
0x4c9f90,50,game,,1,0,0,0,1,1,3
0x4c9fd0,300,game,,5,0,0,0,3,3,1
0x4ca100,326,game,,6,50,0,1,4,3,0
0x4ca250,212,game,,5,8,0,0,2,2,1
0x4ca330,201,game,,5,50,0,0,3,2,0
0x4ca400,66,game,,3,0,0,0,1,1,0
0x4ca450,55,game,,1,0,0,0,1,1,1
0x4ca490,244,game,,1,0,0,1,2,2,4
0x4ca590,53,game,,2,0,0,0,1,1,1
0x4ca5d0,198,game,,3,0,0,1,2,2,1
0x4ca6a0,223,game,,7,10,0,0,2,1,1
0x4ca780,55,game,,2,0,0,0,1,1,1
0x4ca7c0,59,game,,4,0,0,0,1,1,2
0x4ca800,59,game,,4,0,0,0,1,1,1
0x4ca840,64,game,,5,0,0,0,1,1,1
0x4ca880,64,game,,5,0,0,0,1,1,1
0x4ca8c0,64,game,,5,0,0,0,1,1,1
0x4ca900,63,game,,2,0,0,0,1,1,1
0x4ca940,68,game,,1,0,0,0,1,1,1
0x4ca990,56,game,,4,0,0,0,1,1,1
0x4ca9d0,13,game,,1,0,0,0,0,0,1
0x4ca9e0,12,game,,1,0,0,0,0,0,1
0x4ca9f0,5,game,,1,0,0,0,0,0,1
0x4caa00,8,game,,2,0,0,0,0,0,1
0x4caa10,8,game,,10,0,0,0,0,0,1
0x4caa20,22,game,,2,0,0,0,0,0,2
0x4caa40,506,game,,2,38,0,1,4,4,2
0x4cac40,640,game,,5,39,0,1,3,3,2
0x4caec0,98,game,,2,192,0,0,2,2,0
0x4caf30,334,game,,2,37,0,1,8,8,3
0x4cb080,235,game,,2,292,0,1,6,6,1
0x4cb170,370,game,,2,329,0,1,7,5,3
0x4cb2f0,59,game,,2,0,0,1,0,0,0
0x4cb330,58,game,,2,8,0,0,0,0,0
0x4cb370,325,game,,1,12,0,1,0,0,1
0x4cb4c0,156,game,,2,0,0,0,1,1,1
0x4cb560,36,game,,1,0,0,0,2,2,3
0x4cb590,95,game,,1,0,0,0,0,0,3
0x4cb5f0,84,game,,1,0,0,0,0,0,1
0x4cb650,69,game,,4,3,0,0,1,1,2
0x4cb6a0,280,game,,5,3,0,1,0,0,1
0x4cb7c0,10,game,,0,0,0,0,0,0,1
0x4cb7d0,17,game,,0,0,0,0,1,0,1
0x4cb7f0,326,game,,3,270,0,1,4,1,2
0x4cb940,157,game,,7,0,0,1,2,0,1
0x4cb9e0,205,game,,2,4,0,0,4,1,0
0x4cbab0,189,game,,2,0,0,0,4,4,2
0x4cbb70,105,game,,1,0,0,0,0,0,0
0x4cbbe0,7622,gap,,,,,,0,0,0
0x4cd9b0,3,game,,1,0,0,0,0,0,0
0x4cd9c0,7,game,,0,0,0,0,0,0,1
0x4cd9d0,39,game,,1,0,0,0,1,1,2
0x4cda00,307,game,,0,17,0,0,3,2,3
0x4cdb40,1248,game,,0,17,0,1,4,3,12
0x4ce020,7,game,,0,0,0,0,0,0,0
0x4ce030,340,game,,3,16,0,0,3,3,0
0x4ce190,61,game,,0,0,0,0,1,1,1
0x4ce1d0,14,game,,0,0,0,0,0,0,1
0x4ce1e0,114,game,,2,50,0,0,0,0,0
0x4ce260,378,game,,0,0,0,1,3,3,2
0x4ce3e0,39,game,,1,0,0,0,0,0,5
0x4ce410,50,game,,0,0,0,0,0,0,2
0x4ce450,7,game,,0,0,0,0,0,0,4
0x4ce460,194,game,,0,9,0,0,0,0,1
0x4ce530,77,game,,1,24,0,0,2,0,0
0x4ce580,23,game,,1,0,0,0,0,0,6
0x4ce5a0,7,game,,0,0,0,0,0,0,4
0x4ce5b0,35,game,,1,0,0,0,2,2,0
0x4ce5e0,150,game,,1,0,0,0,4,4,0
0x4ce680,7,game,,0,0,0,0,0,0,3
0x4ce690,258,game,,1,0,0,0,4,4,11
0x4ce7a0,18,game,,1,0,0,0,0,0,7
0x4ce7c0,18,game,,2,0,0,0,0,0,3
0x4ce7e0,14,game,,1,0,0,0,0,0,6
0x4ce7f0,7,game,,0,0,0,0,0,0,1
0x4ce800,117,game,,0,16,0,0,0,0,1
0x4ce880,50,game,,0,8,0,0,1,0,0
0x4ce8c0,71,game,,1,0,0,0,1,1,1
0x4ce910,591,game,,1,127,0,1,3,1,2
0x4ceb60,478,game,,2,71,0,1,4,3,4
0x4ced40,121,game,,0,0,0,0,1,1,4
0x4cedc0,123,game,,1,0,0,0,1,1,4
0x4cee40,3,game,,1,0,0,0,0,0,0
0x4cee50,137,game,,0,0,0,0,2,2,1
0x4ceee0,170,game,,0,0,0,0,4,4,2
0x4cef90,274,game,,4,10,0,1,1,1,1
0x4cf0b0,148,game,,0,1,0,0,2,2,3
0x4cf150,48,game,,0,0,0,0,0,0,1
0x4cf180,138,game,,0,0,0,1,0,0,1
0x4cf210,10,game,,1,0,0,0,0,0,1
0x4cf220,4,game,,0,0,0,0,0,0,1
0x4cf230,309,game,,5,11,0,1,1,1,1
0x4cf370,348,game,,5,11,0,1,3,2,2
0x4cf4d0,103,game,,1,0,0,1,1,1,5
0x4cf540,40,game,,2,0,0,0,1,1,1
0x4cf570,646,game,,3,7,0,1,1,1,5
0x4cf800,153,game,,7,0,0,0,4,4,0
0x4cf8a0,153,game,,7,0,0,0,4,4,1
0x4cf940,499,game,,5,10,0,1,3,3,1
0x4cfb40,82,game,,0,0,0,0,2,2,2
0x4cfba0,28,game,,0,0,0,0,0,0,1
0x4cfbc0,218,game,,0,2,0,0,3,3,1
0x4cfca0,403,game,,0,2,0,0,5,5,2
0x4cfe40,56,game,,2,0,0,0,0,0,0
0x4cfe80,8,game,,0,0,0,0,0,0,4
0x4cfe90,8,game,,0,0,0,0,0,0,5
0x4cfea0,4,game,,0,0,0,0,0,0,3
0x4cfeb0,17,game,,2,0,0,0,0,0,1
0x4cfed0,3,game,,0,0,0,0,0,0,0
0x4cfee0,1,game,,0,0,0,0,0,0,0
0x4cfef0,3,game,,0,0,0,0,0,0,0
0x4cff00,1,game,,0,0,0,0,0,0,0
0x4cff10,3,game,,0,0,0,0,0,0,0
0x4cff20,7,game,,0,0,0,0,0,0,2
0x4cff30,186,game,,0,13,0,1,0,0,1
0x4cfff0,71,game,,0,1,0,0,0,0,1
0x4d0040,40,game,,0,1,0,0,0,0,2
0x4d0070,88,game,,1,1,0,1,0,0,16
0x4d00d0,81,game,,2,0,0,0,0,0,20
0x4d0130,124,game,,0,0,0,1,0,0,1
0x4d01b0,233,game,,1,0,0,0,2,2,1
0x4d02a0,895,game,,4,9,0,1,9,9,4
0x4d0620,19,game,,1,0,0,0,1,1,1
0x4d0640,25,game,,3,0,0,0,1,1,2
0x4d0660,22,game,,2,0,0,0,1,1,0
0x4d0680,62,game,,1,0,0,0,2,2,0
0x4d06c0,85,game,,3,0,0,0,1,1,1
0x4d0720,205,game,,2,2,0,0,2,2,0
0x4d07f0,275,game,,4,7,0,0,2,2,0
0x4d0910,206,game,,1,2,0,0,2,2,0
0x4d09e0,47,game,,0,0,0,0,0,0,0
0x4d0a10,86,game,,1,0,0,0,0,0,0
0x4d0a70,28,game,,0,0,0,0,1,0,0
0x4d0a90,28,game,,0,0,0,0,1,0,0
0x4d0ab0,48,game,,0,0,0,0,2,0,0
0x4d0ae0,48,game,,0,0,0,0,2,0,0
0x4d0b10,101,game,,2,0,0,0,0,0,0
0x4d0b80,137,game,,2,0,0,0,0,0,1
0x4d0c10,56,game,,1,0,0,0,0,0,1
0x4d0c50,389,game,,1,0,0,1,0,0,1
0x4d0de0,373,game,,2,1,0,1,0,0,2
0x4d0f60,1304,game,,3,108,0,1,7,4,2
0x4d1480,493,game,,2,3,0,1,3,0,2
0x4d1670,385,game,,2,1,0,1,4,1,0
0x4d1800,13,game,,0,0,0,0,0,0,2
0x4d1810,13,game,,0,0,0,0,0,0,2
0x4d1820,333,game,,6,5,0,1,2,1,3
0x4d1970,296,game,,2,5,0,1,2,1,3
0x4d1aa0,81,game,,2,0,0,0,0,0,3
0x4d1b00,61,game,,1,0,0,0,0,0,0
0x4d1b40,39,game,,1,0,0,0,0,0,2
0x4d1b70,35,game,,2,0,0,0,0,0,0
0x4d1ba0,35,game,,2,0,0,0,0,0,0
0x4d1bd0,35,game,,2,0,0,0,0,0,0
0x4d1c00,81,game,,1,0,0,0,1,0,0
0x4d1c60,24,game,,1,0,0,0,0,0,3
0x4d1c80,158,library,zlib 1.0.4: _compress@16,4,14,0,0,3,0,1
0x4d1d20,133,library,zlib 1.0.4: _uncompress@16,4,14,0,0,3,0,1
0x4d1db0,36,library,zlib 1.0.4: _deflateInit_@16,4,0,0,0,1,0,1
0x4d1de0,781,library,zlib 1.0.4: _deflateInit2_@32,8,0,0,1,2,0,1
0x4d20f0,251,library,zlib 1.0.4: _deflateSetDictionary@12,3,0,0,1,1,0,0
0x4d21f0,266,library,zlib 1.0.4: _deflateReset@4,1,0,0,0,1,0,0
0x4d2300,192,library,zlib 1.0.4: _deflateParams@12,3,0,0,1,1,0,0
0x4d23c0,1132,library,zlib 1.0.4: _deflate@8,2,0,0,1,2,0,2
0x4d2830,133,library,zlib 1.0.4: _deflateEnd@4,1,0,0,0,0,0,2
0x4d28c0,42,library,zlib 1.0.4: _deflateCopy@8,2,0,0,0,0,0,0
0x4d28f0,479,library,zlib 1.0.4: _deflate_stored@8,2,0,0,1,2,0,0
0x4d2ad0,413,library,zlib 1.0.4: _fill_window@4,1,1,0,1,1,0,3
0x4d2c70,793,library,zlib 1.0.4: _deflate_fast@8,2,1,0,1,4,0,0
0x4d2f90,367,library,zlib 1.0.4: _longest_match@8,2,5,0,1,0,0,2
0x4d3100,1089,library,zlib 1.0.4: _deflate_slow@8,2,1,0,1,4,0,0
0x4d3550,69,library,zlib 1.0.4: _inflateReset@4,1,0,0,0,1,0,0
0x4d35a0,75,library,zlib 1.0.4: _inflateEnd@4,1,0,0,0,1,0,1
0x4d35f0,388,library,zlib 1.0.4: _inflateInit2_@16,4,0,0,0,3,0,1
0x4d3780,25,library,zlib 1.0.4: _inflateInit_@12,3,0,0,0,1,0,1
0x4d37a0,1076,library,zlib 1.0.4: _inflate@8,2,0,0,1,2,0,1
0x4d3be0,128,library,zlib 1.0.4: _inflateSetDictionary@12,3,0,0,1,2,0,0
0x4d3c60,256,library,zlib 1.0.4: _inflateSync@4,1,0,0,1,1,0,0
0x4d3d60,6,library,zlib 1.0.4: _zlibVersion@0,0,0,0,0,0,0,0
0x4d3d70,21,library,zlib 1.0.4: _zcalloc@12,3,0,0,0,1,0,0
0x4d3d90,16,library,zlib 1.0.4: _zcfree@8,2,0,0,0,1,0,0
0x4d3da0,763,library,zlib 1.0.4: __tr_init@4,1,17,0,1,0,0,2
0x4d40a0,368,library,zlib 1.0.4: __tr_stored_block@16,4,0,0,0,0,0,2
0x4d4210,888,library,zlib 1.0.4: __tr_align@4,1,0,0,1,0,0,1
0x4d4590,1402,library,zlib 1.0.4: __tr_flush_block@16,4,0,0,1,6,0,3
0x4d4b10,1170,library,zlib 1.0.4: _build_tree@8,2,18,0,1,1,0,1
0x4d4fb0,180,library,zlib 1.0.4: _pqdownheap@12,3,0,0,1,0,0,1
0x4d5070,233,library,zlib 1.0.4: _scan_tree@12,3,1,0,1,0,0,1
0x4d5160,1399,library,zlib 1.0.4: _send_tree@12,3,2,0,1,0,0,1
0x4d56e0,291,library,zlib 1.0.4: __tr_tally@12,3,0,0,1,0,0,2
0x4d5810,1092,library,zlib 1.0.4: _compress_block@12,3,3,0,1,0,0,1
0x4d5c60,103,library,zlib 1.0.4: _bi_windup@4,1,0,0,0,0,0,1
0x4d5cd0,300,library,zlib 1.0.4: _adler32@12,3,0,0,1,0,0,3
0x4d5e00,139,library,zlib 1.0.4: _inflate_blocks_reset@12,3,0,0,0,2,0,6
0x4d5e90,104,library,zlib 1.0.4: _inflate_blocks_new@12,3,0,0,0,1,0,1
0x4d5f00,3180,library,zlib 1.0.4: _inflate_blocks@12,3,12,0,1,8,0,1
0x4d6b70,48,library,zlib 1.0.4: _inflate_blocks_free@12,3,0,0,0,1,0,2
0x4d6ba0,51,library,zlib 1.0.4: _inflate_set_dictionary@12,3,0,0,0,0,0,1
0x4d6be0,120,library,zlib 1.0.4: _inflate_trees_bits@16,4,0,0,0,1,0,1
0x4d6c60,1249,library,zlib 1.0.4: _huft_build@32,8,350,0,1,0,0,3
0x4d7150,340,library,zlib 1.0.4: _inflate_trees_dynamic@32,8,0,0,1,1,0,1
0x4d72b0,317,library,zlib 1.0.4: _inflate_trees_fixed@16,4,303,0,0,1,0,1
0x4d73f0,26,library,zlib 1.0.4: _falloc@12,3,0,0,0,0,0,0
0x4d7410,61,library,zlib 1.0.4: _inflate_trees_free@8,2,0,0,0,0,0,2
0x4d7450,56,library,zlib 1.0.4: _inflate_codes_new@20,5,0,0,0,0,0,1
0x4d7490,1936,library,zlib 1.0.4: _inflate_codes@12,3,5,0,1,2,0,1
0x4d7c20,19,library,zlib 1.0.4: _inflate_codes_free@8,2,0,0,0,0,0,2
0x4d7c40,298,library,zlib 1.0.4: _inflate_flush@12,3,1,0,1,0,0,2
0x4d7d70,824,library,zlib 1.0.4: _inflate_fast@24,6,5,0,1,0,0,1
0x4d80b0,17,game,,0,0,0,0,0,0,0
0x4d80d0,87,game,,0,0,0,0,2,1,6
0x4d8130,1,game,,0,0,0,0,0,0,0
0x4d8140,70,game,,0,0,0,0,2,1,1
0x4d8190,1,game,,0,0,0,0,0,0,0
0x4d81a0,94,game,,2,2,0,0,2,2,0
0x4d8200,74,game,,0,0,0,0,2,1,2
0x4d8250,1,game,,0,0,0,0,0,0,0
0x4d8260,69,game,,0,0,0,0,2,1,2
0x4d82b0,1,game,,0,0,0,0,0,0,0
0x4d82c0,68,game,,3,0,0,0,0,0,2
0x4d8310,67,gap,,,,,,0,0,0
0x4d8360,43,game,,1,0,0,0,3,2,4
0x4d8390,1,game,,0,0,0,0,0,0,3
0x4d83a0,1,game,,1,0,0,0,0,0,4
0x4d83b0,14,game,,2,0,0,0,1,1,101
0x4d83c0,139,game,,1,0,0,0,8,7,5
0x4d8450,14,game,,1,0,0,0,1,1,5
0x4d8460,49,game,,2,0,0,0,1,1,2
0x4d84a0,19,game,,3,0,0,0,1,1,12
0x4d84c0,182,game,,2,1,0,1,7,6,1
0x4d8580,21,game,,2,0,0,0,1,1,10
0x4d85a0,14,game,,1,0,0,0,1,1,182
0x4d85b0,91,game,,1,0,0,0,6,5,1
0x4d8610,76,game,,1,0,0,0,1,1,6
0x4d8660,14,game,,1,0,0,0,1,1,2
0x4d8670,14,game,,1,0,0,0,1,1,2
0x4d8680,3,game,,1,0,0,0,0,0,1
0x4d8690,21,game,,2,0,0,0,1,1,0
0x4d86b0,63,game,,3,1,0,0,1,1,3
0x4d86f0,21,game,,2,0,0,0,1,1,0
0x4d8710,16,game,,1,0,0,0,1,1,9
0x4d8720,82,game,,2,1,0,0,4,4,2
0x4d8780,16,game,,1,0,0,0,1,1,11
0x4d8790,81,game,,14,0,0,0,1,0,3
0x4d87f0,34,game,,0,0,0,0,1,1,3
0x4d8820,48,game,,5,0,0,0,1,1,4
0x4d8850,31,game,,1,0,0,0,0,0,2
0x4d8870,318,gap,,,,,,1,1,0
0x4d89b0,293,game,,2,250,0,1,3,2,1
0x4d8ae0,70,game,,2,0,0,0,1,1,0
0x4d8b30,37,game,,1,0,0,0,0,0,1
0x4d8b60,97,game,,1,0,0,0,0,0,0
0x4d8bd0,38,game,,0,0,0,0,1,1,0
0x4d8c00,73,game,,4,0,0,0,1,1,0
0x4d8c50,226,game,,3,1,0,1,2,2,1
0x4d8d40,35,game,,1,500,0,0,1,1,0
0x4d8d70,125,gap,,,,,,0,0,0
0x4d8df0,34,game,,0,0,0,0,0,0,1
0x4d8e20,34,game,,0,0,0,0,0,0,1
0x4d8e50,16,game,,1,0,0,0,0,0,5
0x4d8e60,2644,game,,2,20732,0,1,8,7,4
0x4d98c0,487,game,,1,48,0,0,0,0,1
0x4d9ab0,420,gap,,,,,,3,3,0
0x4d9c60,60,game,,4,0,0,0,1,1,1
0x4d9ca0,647,game,,0,6,0,1,1,0,1
0x4d9f30,29,game,,3,0,0,0,0,0,0
0x4d9f50,6,game,,0,0,0,0,0,0,3
0x4d9f60,118,game,,1,0,0,1,1,0,5
0x4d9fe0,89,game,,7,0,0,0,1,1,7
0x4da040,106,game,,4,0,0,0,2,1,1
0x4da0b0,6,game,,0,0,0,0,0,0,0
0x4da0c0,26,game,,0,0,0,0,3,1,2
0x4da0e0,64,game,,1,0,0,0,0,0,1
0x4da120,379,gap,,,,,,5,3,0
0x4da2a0,21,game,,1,0,0,0,1,1,0
0x4da2c0,303,gap,,,,,,2,2,0
0x4da3f0,130,game,,2,0,0,1,0,0,1
0x4da480,100,game,,1,0,0,0,0,0,2
0x4da4f0,65,game,,4,0,0,0,2,2,0
0x4da540,65,game,,4,0,0,0,2,2,2
0x4da590,27,game,,1,0,0,0,0,0,0
0x4da5b0,460,game,,3,627,0,1,2,0,2
0x4da780,50,game,,0,0,0,0,1,0,9
0x4da7c0,1,game,,0,0,0,0,0,0,0
0x4da7d0,109,game,,1,0,0,0,0,0,3
0x4da840,30,game,,1,0,0,0,0,0,3
0x4da860,53,game,,0,0,0,0,0,0,1
0x4da8a0,17,game,,1,0,0,0,0,0,2
0x4da8c0,15,game,,1,0,0,0,0,0,2
0x4da8d0,283,game,,0,3,0,1,3,1,4
0x4da9f0,62,game,,0,1,0,0,0,0,2
0x4daa30,214,game,,3,13,0,0,5,5,1
0x4dab10,160,game,,3,24,0,0,3,3,0
0x4dabb0,311,game,,3,13,0,1,4,4,0
0x4dacf0,780,game,,2,26,0,1,20,20,2
0x4db000,439,game,,2,6,0,1,7,5,3
0x4db1c0,646,game,,1,7,0,1,8,6,1
0x4db450,444,game,,1,5,0,1,5,5,1
0x4db610,332,game,,0,3,0,1,4,2,2
0x4db760,70,game,,0,0,0,0,2,1,2
0x4db7b0,1,game,,0,0,0,0,0,0,0
0x4db7c0,6,game,,0,0,0,0,0,0,2
0x4db7d0,624,game,,2,19,0,1,18,18,2
0x4dba40,158,game,,3,1,0,1,4,4,1
0x4dbae0,168,game,,1,13,0,0,4,4,1
0x4dbb90,35,game,,2,0,0,0,0,0,1
0x4dbbc0,311,game,,2,4,0,1,5,3,2
0x4dbd00,26,game,,2,0,0,0,1,1,2
0x4dbd20,83,game,,2,1,0,0,2,0,1
0x4dbd80,131,game,,2,2,0,0,2,0,1
0x4dbe10,145,game,,2,2,0,0,2,0,2
0x4dbeb0,14,game,,1,0,0,0,0,0,3
0x4dbec0,621,game,,2,4,0,1,7,5,2
0x4dc130,1262,game,,2,5,0,1,3,1,4
0x4dc620,83,game,,2,1,0,0,2,0,2
0x4dc680,643,game,,2,6,0,1,7,5,1
0x4dc910,1262,game,,2,5,0,1,3,1,1
0x4dce00,88,game,,2,1,0,0,1,1,1
0x4dce60,746,game,,4,3,0,1,3,1,3
0x4dd150,90,game,,1,1,0,0,2,0,1
0x4dd1b0,49,game,,1,1,0,0,2,0,1
0x4dd1f0,92,game,,1,1,0,0,2,0,1
0x4dd250,79,game,,1,1,0,0,2,0,2
0x4dd2a0,159,game,,0,2,0,0,2,0,5
0x4dd340,132,game,,0,2,0,0,2,0,1
0x4dd3d0,83,game,,2,1,0,0,2,0,1
0x4dd430,730,game,,4,3,0,1,3,1,1
0x4dd710,90,game,,1,1,0,0,2,0,1
0x4dd770,92,game,,1,1,0,0,2,0,1
0x4dd7d0,79,game,,1,1,0,0,2,0,1
0x4dd820,159,game,,0,2,0,0,2,0,2
0x4dd8c0,785,game,,3,3,0,1,0,0,1
0x4ddbe0,22,game,,2,0,0,0,0,0,2
0x4ddc00,133,game,,2,0,0,0,0,0,1
0x4ddc90,79,game,,1,1,0,0,2,0,1
0x4ddce0,133,game,,2,0,0,0,0,0,1
0x4ddd70,126,game,,1,0,0,0,0,0,2
0x4dddf0,126,game,,1,0,0,0,0,0,2
0x4dde70,132,game,,0,2,0,0,2,0,1
0x4ddf00,158,game,,1,250,0,0,2,2,1
0x4ddfa0,63,game,,0,0,0,0,0,0,1
0x4ddfe0,57,game,,0,0,0,0,0,0,1
0x4de020,125,game,,1,0,0,0,2,2,1
0x4de0a0,70,game,,2,0,0,0,3,2,0
0x4de0f0,10,game,,0,0,0,0,1,1,0
0x4de100,8,game,,2,0,0,0,1,1,0
0x4de110,105,game,,0,0,0,0,0,0,2
0x4de180,823,game,,1,314,0,1,4,2,2
0x4de4c0,1,game,,0,0,0,0,0,0,0
0x4de4d0,109,game,,0,0,0,0,3,2,1
0x4de540,1,game,,0,0,0,0,0,0,0
0x4de550,175,game,,3,6,0,0,0,0,1
0x4de600,243,game,,10,0,0,1,2,2,2
0x4de700,271,game,,7,28,0,1,0,0,1
0x4de810,130,game,,2,259,0,0,1,0,1
0x4de8a0,347,game,,2,0,0,1,4,1,2
0x4dea00,850,game,,5,895,0,1,4,3,1
0x4ded60,1013,game,,2,866,0,0,9,2,1
0x4df160,101,game,,0,0,0,0,3,1,1
0x4df1d0,1,game,,0,0,0,0,0,0,0
0x4df1e0,102,game,,0,0,0,0,4,4,1
0x4df250,46,game,,0,0,0,0,1,1,1
0x4df280,163,game,,1,0,0,0,2,2,2
0x4df330,76,game,,4,0,0,0,1,1,0
0x4df380,340,game,,0,127,0,1,5,3,1
0x4df4e0,175,game,,0,1,0,1,1,1,1
0x4df590,1904,game,,3,11,0,1,13,11,1
0x4dfd00,15,game,,0,0,0,0,2,2,1
0x4dfd10,51,game,,0,0,0,0,2,1,2
0x4dfd50,290,game,,0,2,0,1,5,3,0
0x4dfe80,28,game,,0,0,0,0,3,3,1
0x4dfea0,1358,game,,2,5,0,1,3,1,3
0x4e03f0,88,game,,1,1,0,0,2,0,2
0x4e0450,132,game,,0,2,0,0,2,0,4
0x4e04e0,49,game,,1,1,0,0,2,0,1
0x4e0520,67,game,,1,2,0,0,3,3,2
0x4e0570,73,game,,0,0,0,0,3,3,1
0x4e05c0,46,game,,0,0,0,0,1,1,1
0x4e05f0,168,game,,1,0,0,0,3,3,2
0x4e06a0,76,game,,4,0,0,0,1,1,0
0x4e06f0,50,game,,0,0,0,0,1,0,3
0x4e0730,1,game,,0,0,0,0,0,0,0
0x4e0740,67,game,,0,0,0,0,1,1,0
0x4e0790,67,game,,0,0,0,0,1,1,1
0x4e07e0,934,game,,1,100026,0,1,2,1,1
0x4e0b90,2150,game,,3,587,0,1,8,7,1
0x4e1400,15,game,,0,0,0,0,2,2,1
0x4e1410,51,game,,0,0,0,0,2,1,2
0x4e1450,1,game,,0,0,0,0,0,0,0
0x4e1460,28,game,,0,0,0,0,3,3,1
0x4e1480,134,library,??0_Lockit@std@@QAE@XZ,0,0,0,0,1,0,43
0x4e1510,39,library,?_CleanUp@std@@YAXXZ,0,0,0,0,0,0,0
0x4e1540,21,library,??1_Lockit@std@@QAE@XZ,0,0,0,0,0,0,43
0x4e1560,45,game,,1,0,0,0,1,1,1
0x4e1590,181,game,,1,0,0,0,0,0,2
0x4e1650,47,game,,0,0,0,0,0,0,1
0x4e1680,38,game,,0,0,0,0,0,0,3
0x4e16b0,74,gap,,,,,,1,1,0
0x4e1700,44,game,,0,9,0,0,0,0,1
0x4e1730,132,game,,0,10,0,0,0,0,8
0x4e17c0,252,game,,0,3,0,1,3,1,2
0x4e18c0,198,game,,0,4,0,0,6,4,1
0x4e1990,158,game,,1,2,0,0,5,5,2
0x4e1a30,80,game,,1,0,0,0,0,0,3
0x4e1a80,14,game,,1,0,0,0,0,0,1
0x4e1a90,44,game,,0,0,0,0,2,2,3
0x4e1ac0,50,game,,0,0,0,0,1,0,3
0x4e1b00,1,game,,0,0,0,0,0,0,0
0x4e1b10,195,game,,1,2,0,0,4,4,2
0x4e1be0,305,game,,0,0,0,1,3,3,2
0x4e1d20,30,game,,1,0,0,0,1,1,0
0x4e1d40,26,game,,2,0,0,0,1,1,0
0x4e1d60,122,game,,2,0,0,0,0,0,2
0x4e1de0,78,game,,0,0,0,0,0,0,0
0x4e1e30,23,game,,0,0,0,0,1,1,2
0x4e1e50,761,gap,,,,,,8,7,0
0x4e2150,16,game,,0,0,0,0,1,1,0
0x4e2160,25,game,,0,0,0,0,1,1,0
0x4e2180,18,game,,0,0,0,0,0,0,0
0x4e21a0,29,game,,2,0,0,0,0,0,0
0x4e21c0,42,game,,2,0,0,0,1,1,0
0x4e21f0,75,game,,0,0,0,0,1,1,0
0x4e2240,14,game,,1,0,0,0,0,0,1
0x4e2250,801,game,,2,6,0,1,9,7,1
0x4e2580,146,game,,2,1,0,1,2,0,1
0x4e2620,816,game,,4,3,0,1,4,2,1
0x4e2950,90,game,,1,1,0,0,2,0,1
0x4e29b0,92,game,,1,1,0,0,2,0,1
0x4e2a10,22,game,,2,0,0,0,0,0,1
0x4e2a30,122,game,,2,0,0,0,0,0,1
0x4e2ab0,162,game,,0,2,0,0,2,0,1
0x4e2b60,126,game,,1,0,0,0,0,0,2
0x4e2be0,200,game,,3,0,0,1,0,0,4
0x4e2cb0,1,game,,0,0,0,0,0,0,4
0x4e2cc0,32,game,,2,0,0,0,1,1,1
0x4e2ce0,23,game,,2,0,0,0,1,1,1
0x4e2d00,106,game,,4,2,0,0,0,0,9
0x4e2d70,28,game,,2,0,0,0,0,0,9
0x4e2d90,106,game,,4,2,0,0,0,0,1
0x4e2e00,28,game,,2,0,0,0,0,0,1
0x4e2e20,61,game,,5,0,0,0,2,2,1
0x4e2e60,61,game,,5,0,0,0,2,2,0
0x4e2ea0,61,game,,5,0,0,0,2,2,0
0x4e2ee0,66,game,,5,0,0,0,2,2,0
0x4e2f30,81,game,,5,0,0,0,2,2,0
0x4e2f90,65,game,,5,0,0,0,2,2,0
0x4e2fe0,67,game,,3,0,0,0,2,2,2
0x4e3030,79,game,,5,0,0,0,2,2,0
0x4e3080,833,game,,7,78,0,1,5,4,1
0x4e33d0,41,game,,6,0,0,0,1,1,2
0x4e3400,423,game,,2,67,0,1,5,4,4
0x4e35b0,349,gap,,,,,,1,1,0
0x4e3710,52,game,,0,0,0,0,0,0,0
0x4e3750,393,game,,4,2,0,0,2,2,2
0x4e38e0,78,game,,2,0,0,0,0,0,1
0x4e3930,101,game,,3,3,0,0,0,0,1
0x4e39a0,6,game,,0,0,0,0,0,0,1
0x4e39b0,134,library,??0_Lockit@std@@QAE@XZ,0,0,0,0,1,0,30
0x4e3a40,39,library,?_CleanUp@std@@YAXXZ,0,0,0,0,0,0,0
0x4e3a70,21,library,??1_Lockit@std@@QAE@XZ,0,0,0,0,0,0,30
0x4e3a90,290,library,?_Xlen@std@@YAXXZ,0,16,0,1,6,1,4
0x4e3bc0,62,library,??1?$basic_string@DU?$char_traits@D@std@@V?$allocator@D@2@@std@@QAE@XZ,0,0,0,0,1,1,1
0x4e3c00,515,library,?assign@?$basic_string@DU?$char_traits@D@std@@V?$allocator@D@2@@std@@QAEAAV12@ABV12@II@Z,3,0,0,1,8,2,2
0x4e3e10,6,game,,0,0,0,0,0,0,1
0x4e3e20,75,library,??1runtime_error@std@@UAE@XZ,0,0,0,0,2,1,1
0x4e3e70,32,library,?_Doraise@length_error@std@@MBEXXZ,0,7,0,0,2,0,0
0x4e3e90,30,library,??_Gruntime_error@std@@UAEPAXI@Z,1,0,0,0,2,1,0
0x4e3eb0,337,library,??0length_error@std@@QAE@ABV01@@Z,1,4,0,1,6,0,1
0x4e4010,290,library,?_Xran@std@@YAXXZ,0,16,0,1,6,1,9
0x4e4140,152,library,_$E50,0,0,0,0,7,7,0
0x4e41e0,14,game,,0,0,0,0,1,0,1
0x4e41f0,14,game,,0,0,0,0,1,0,1
0x4e4200,14,game,,0,0,0,0,1,0,1
0x4e4210,14,game,,0,0,0,0,1,0,1
0x4e4220,14,game,,0,0,0,0,1,0,1
0x4e4230,14,game,,0,0,0,0,1,0,1
0x4e4240,14,game,,0,0,0,0,1,0,1
0x4e4250,1,game,,0,0,0,0,0,0,0
0x4e4260,1,game,,0,0,0,0,0,0,0
0x4e4270,1,game,,0,0,0,0,0,0,0
0x4e4280,1,game,,0,0,0,0,0,0,0
0x4e4290,1,game,,0,0,0,0,0,0,0
0x4e42a0,1,game,,0,0,0,0,0,0,0
0x4e42b0,104,library,_sprintf,2,8,0,0,2,0,191
0x4e4320,23,library,__fpmath,0,0,0,0,3,0,0
0x4e4340,1,library,,0,0,0,0,0,0,0
0x4e4350,56,library,__cfltcvt_init,0,0,0,0,0,0,1
0x4e4390,16,library,,1,0,0,0,0,0,0
0x4e43a0,367,library,__ftol,,,,,0,0,0
0x4e4510,73,library,_fprintf,2,0,0,0,3,0,4
0x4e4560,98,library,_atof,1,6,0,0,2,0,4
0x4e45d0,48,library,__cinit,0,0,0,0,1,0,1
0x4e4600,18,library,_exit,1,0,0,0,1,0,4
0x4e4620,18,library,__exit,1,0,0,0,1,0,7
0x4e4640,15,library,__cexit,0,0,0,0,1,0,0
0x4e4650,15,library,__c_exit,0,0,0,0,1,0,0
0x4e4660,178,library,_doexit,3,0,0,1,3,0,4
0x4e4720,11,library,__lockexit,0,0,0,0,0,0,2
0x4e4730,11,library,__unlockexit,0,0,0,0,0,0,2
0x4e4740,32,library,__initterm,2,0,0,0,0,0,2
0x4e4760,254,library,_strncpy,3,0,0,0,0,0,84
0x4e4860,13,library,_srand,1,0,0,0,1,0,2
0x4e4870,45,library,_rand,0,0,0,0,1,0,29
0x4e48a0,61,library,_fclose,1,0,0,0,1,0,22
0x4e48e0,101,library,__fclose_lk,1,0,0,0,4,0,1
0x4e4950,55,library,__fsopen,3,0,0,0,2,0,1
0x4e4990,21,library,_fopen,2,0,0,0,1,0,14
0x4e49b0,128,library,_strstr,,,,,0,0,0
0x4e4a30,143,library,__onexit,1,0,0,0,4,0,1
0x4e4ac0,21,library,_atexit,1,0,0,0,1,0,38
0x4e4ae0,54,library,___onexitinit,0,0,0,0,2,0,0
0x4e4b20,104,library,__alloca_probe,,,,,0,0,0
0x4e4b90,104,library,__snprintf,3,8,0,0,2,0,2
0x4e4c00,48,library,_isalpha,1,0,0,0,1,0,0
0x4e4c30,42,library,_isupper,1,0,0,0,1,0,0
0x4e4c60,42,library,_islower,1,0,0,0,1,0,0
0x4e4c90,42,library,_isdigit,1,0,0,0,1,0,3
0x4e4cc0,47,library,_isxdigit,1,0,0,0,1,0,0
0x4e4cf0,42,library,_isspace,1,0,0,0,1,0,7
0x4e4d20,42,library,_ispunct,1,0,0,0,1,0,1
0x4e4d50,48,library,_isalnum,1,0,0,0,1,0,2
0x4e4d80,48,library,_isprint,1,0,0,0,1,0,0
0x4e4db0,48,library,_isgraph,1,0,0,0,1,0,0
0x4e4de0,42,library,_iscntrl,1,0,0,0,1,0,0
0x4e4e10,13,library,___isascii,1,0,0,0,0,0,0
0x4e4e20,8,library,___toascii,1,0,0,0,0,0,0
0x4e4e30,67,library,___iscsymf,1,0,0,0,1,0,0
0x4e4e80,67,library,___iscsym,1,0,0,0,1,0,0
0x4e4ed0,153,library,_atol,1,0,0,1,1,0,3
0x4e4f70,14,library,_atoi,1,0,0,0,1,0,22
0x4e4f80,206,library,__atoi64,1,1,0,1,1,0,0
0x4e5050,249,library,_floor,2,2,0,0,3,0,2
0x4e5150,291,library,_strncat,3,0,0,0,0,0,11
0x4e5280,232,library,_strtok,2,8,0,1,1,0,5
0x4e5370,812,library,__CIpow,,,,,2,0,0
0x4e56a0,29,library,___CxxLongjmpUnwind@4,1,0,0,0,0,0,0
0x4e56c0,481,library,?_CallCatchBlock2@@YAPAXPAUEHRegistrationNode@@PBU_s_FuncInfo@@PAXHK@Z,,,,,2,0,0
0x4e58b0,127,library,?_GetRangeOfTrysToCheck@@YAPBU_s_TryBlockMapEntry@@PBU_s_FuncInfo@@HHPAI1@Z,5,1,0,1,0,0,2
0x4e5930,238,library,__global_unwind2,,,,,0,0,0
0x4e5a20,8,library,__tolower,1,0,0,0,0,0,0
0x4e5a30,130,library,_tolower,1,0,0,0,1,0,6
0x4e5ac0,254,library,__tolower_lk,1,2,0,0,2,0,3
0x4e5bc0,55,library,_fread,4,0,0,0,1,0,6
0x4e5c00,316,library,__fread_lk,4,1,0,1,2,0,1
0x4e5d40,55,library,,4,0,0,0,1,0,11
0x4e5d80,326,library,__fwrite_lk,4,1,0,1,3,0,1
0x4e5ed0,421,library,_qsort,4,64,0,1,2,0,1
0x4e6080,89,library,_shortsort,4,0,0,1,1,0,1
0x4e60e0,44,library,_swap,3,0,0,0,0,0,2
0x4e6110,11,library,__purecall,0,0,0,0,1,0,0
0x4e6120,123,library,__beginthreadex,6,0,0,0,4,0,1
0x4e61a0,173,library,__threadstartex@4,,,,,4,0,0
0x4e6250,55,library,__endthreadex,1,0,0,0,3,0,1
0x4e6290,486,library,_localtime,1,0,0,0,3,0,3
0x4e6480,300,library,_time,1,51,0,0,1,0,6
0x4e65b0,16,library,,,,,,0,0,0
0x4e65c0,188,library,_strchr,2,0,0,0,0,0,12
0x4e6680,66,library,_sscanf,2,8,0,0,1,0,5
0x4e66d0,491,library,_strcspn,,,,,0,0,0
0x4e68c0,557,library,_signal,2,0,0,1,5,0,0
0x4e6af0,132,library,_ctrlevent_capture@4,1,0,0,0,0,0,0
0x4e6b80,525,library,_raise,1,2,0,1,3,0,3
0x4e6d90,63,library,_siglookup,2,0,0,0,0,0,2
0x4e6dd0,9,library,___fpecode,0,0,0,0,1,0,0
0x4e6de0,9,library,___pxcptinfoptrs,0,0,0,0,1,0,1
0x4e6df0,39,library,_strrchr,,,,,0,0,0
0x4e6e20,369,library,__splitpath,5,1,0,1,1,0,1
0x4e6fa0,424,library,_WinMainCRTStartup,,,,,13,0,0
0x4e7150,42,library,__amsg_exit,1,0,0,0,2,0,14
0x4e7180,39,library,_fast_error_exit,1,0,0,0,2,0,1
0x4e71b0,8,library,__toupper,1,0,0,0,0,0,0
0x4e71c0,130,library,_toupper,1,0,0,0,1,0,6
0x4e7250,254,library,__toupper_lk,1,2,0,0,2,0,1
0x4e7350,40,library,_ftell,1,0,0,0,1,0,6
0x4e7380,420,library,__ftell_lk,1,2,0,1,2,0,2
0x4e7530,50,library,_fseek,3,0,0,0,1,0,10
0x4e7570,151,library,__fseek_lk,3,0,0,0,4,0,1
0x4e7610,98,library,__chsize,2,0,0,0,4,0,1
0x4e7680,334,library,__chsize_lk,2,1025,0,1,6,0,2
0x4e77d0,128,library,__beginthread,3,0,0,0,4,0,1
0x4e7850,167,library,__threadstart@4,,,,,4,0,0
0x4e7900,67,library,__endthread,0,0,0,0,3,0,1
0x4e7950,50,library,_rename,2,0,0,0,1,0,1
0x4e7990,45,library,_remove,1,0,0,0,1,0,2
0x4e79c0,14,library,__unlink,1,0,0,0,1,0,0
0x4e79d0,164,library,__filelength,1,0,0,0,5,0,7
0x4e7a80,67,library,__getdrive,0,65,0,0,1,0,4
0x4e7ad0,128,library,__chdrive,1,0,0,0,3,0,1
0x4e7b50,47,library,__getcwd,2,0,0,0,1,0,1
0x4e7b80,50,library,__getdcwd,3,0,0,0,1,0,2
0x4e7bc0,299,library,__getdcwd_lk,3,67,0,0,4,0,2
0x4e7cf0,64,library,__validdrive,1,0,0,0,0,0,1
0x4e7d30,153,library,__chdir,1,67,0,0,2,0,3
0x4e7dd0,293,library,__findfirst,2,80,0,0,2,0,1
0x4e7f00,285,library,__findnext,2,80,0,0,2,0,1
0x4e8020,33,library,__findclose,1,0,0,0,1,0,8
0x4e8050,140,library,___timet_from_ft,1,6,0,0,1,0,2
0x4e80e0,47,library,__mkdir,1,0,0,0,1,0,1
0x4e8110,117,library,_rewind,1,0,0,0,2,0,2
0x4e8190,17,library,??0exception@@QAE@XZ,0,0,0,0,0,0,0
0x4e81b0,30,library,,1,0,0,0,2,1,0
0x4e81d0,90,library,??0exception@@QAE@ABQBD@Z,1,0,0,0,1,1,4
0x4e8230,109,library,??0exception@@QAE@ABV0@@Z,1,0,0,0,1,1,6
0x4e82a0,32,library,??4exception@@QAEAAV0@ABV0@@Z,1,0,0,0,2,0,0
0x4e82c0,26,library,??1exception@@UAE@XZ,0,0,0,0,1,1,8
0x4e82e0,13,library,?what@exception@@UBEPBDXZ,0,0,0,0,0,0,0
0x4e82f0,47,library,??1type_info@@UAE@XZ,0,0,0,0,1,0,1
0x4e8320,30,library,,1,0,0,0,2,1,0
0x4e8340,83,library,??8type_info@@QBEHABV0@@Z,1,0,0,0,0,0,0
0x4e83a0,83,library,??9type_info@@QBEHABV0@@Z,1,0,0,0,0,0,0
0x4e8400,83,library,?before@type_info@@QBEHABV1@@Z,1,0,0,0,0,0,0
0x4e8460,4,library,?raw_name@type_info@@QBEPBDXZ,0,0,0,0,0,0,0
0x4e8470,11,library,??0type_info@@AAE@ABV0@@Z,1,0,0,0,0,0,0
0x4e8480,5,library,??4type_info@@AAEAAV0@ABV0@@Z,1,0,0,0,0,0,0
0x4e8490,71,library,__CxxThrowException@8,2,8,0,0,0,0,7
0x4e84e0,821,library,_memmove,,,,,0,0,0
0x4e8820,104,library,_free,1,1,0,0,2,0,51
0x4e8890,20,library,_malloc,1,0,0,0,1,0,48
0x4e88b0,68,library,__nh_malloc,2,0,0,0,2,0,1
0x4e8900,85,library,__heap_alloc,1,0,0,0,1,0,1
0x4e8960,383,library,__strlwr,1,1,0,1,3,0,6
0x4e8ae0,383,library,__strupr,1,1,0,1,3,0,1
0x4e8c60,123,library,__statusfp,,,,,3,0,0
0x4e8ce0,24,library,__controlfp,2,0,0,0,0,0,3
0x4e8d00,46,library,__fpreset,0,0,0,0,2,0,0
0x4e8d30,150,library,__abstract_cw,1,0,0,0,0,0,1
0x4e8dd0,139,library,__hw_cw,1,0,0,0,0,0,1
0x4e8e60,55,library,__abstract_sw,1,0,0,0,0,0,1
0x4e8ea0,171,library,_calloc,2,0,0,1,2,0,15
0x4e8f50,91,library,_printf,1,0,0,0,3,0,6
0x4e8fb0,99,library,__msize,1,2,0,0,1,0,2
0x4e9020,432,library,_realloc,2,2,0,1,7,0,3
0x4e91d0,40,library,_getenv,1,0,0,0,1,0,4
0x4e9200,142,library,__getenv_lk,1,0,0,1,2,0,2
0x4e9290,194,library,___dtoxmode,2,0,0,0,2,0,1
0x4e9360,831,library,__stat,2,152,0,1,10,0,1
0x4e96a0,127,library,_IsRootUNCName,1,0,0,0,0,0,1
0x4e9720,360,library,_gmtime,1,0,0,1,2,0,2
0x4e9890,237,library,_asctime,1,0,0,1,3,0,1
0x4e9980,52,library,_store_dt,2,0,0,0,0,0,1
0x4e99c0,304,library,__flsbuf,2,0,0,1,4,0,4
0x4e9af0,2438,library,__output,3,147,0,1,7,0,4
0x4ea480,66,library,_write_char,3,0,0,0,1,0,3
0x4ea4d0,57,library,_write_multi_char,4,0,0,1,1,0,1
0x4ea510,61,library,_write_string,4,0,0,1,1,0,1
0x4ea550,17,library,_get_int_arg,1,0,0,0,0,0,1
0x4ea570,18,library,_get_int64_arg,1,0,0,0,0,0,1
0x4ea590,18,library,_get_short_arg,1,0,0,0,0,0,1
0x4ea5b0,19,library,__setdefaultprecision,0,0,0,0,1,0,2
0x4ea5d0,80,library,__ms_p5_test_fdiv,,,,,0,0,0
0x4ea620,41,library,__ms_p5_mp_test_fdiv,0,0,0,0,0,0,1
0x4ea650,93,library,__forcdecpt,1,0,0,0,2,0,0
0x4ea6b0,107,library,__cropzeros,1,0,0,0,0,0,0
0x4ea720,28,library,__positive,1,0,0,0,0,0,0
0x4ea740,82,library,__fassign,3,2,0,0,2,0,0
0x4ea7a0,115,library,__cftoe,4,10,0,0,3,0,1
0x4ea820,242,library,__cftoe2,5,0,0,1,1,0,2
0x4ea920,102,library,__cftof,3,10,0,0,3,0,1
0x4ea990,182,library,__cftof2,4,0,0,1,1,0,2
0x4eaa50,182,library,__cftog,4,10,0,1,4,0,1
0x4eab10,101,library,__cfltcvt,5,0,0,0,3,0,0
0x4eab80,41,library,__shift,2,0,0,0,0,0,2
0x4eabb0,43,library,__mtinitlocks,0,0,0,0,0,0,1
0x4eabe0,114,library,__mtdeletelocks,0,0,0,0,1,0,1
0x4eac60,376,library,__lock,,,,,3,0,0
0x4eade0,25,library,__lockerr_exit,1,0,0,0,0,0,0
0x4eae00,184,library,__stbuf,1,0,0,0,2,0,2
0x4eaec0,61,library,__ftbuf,2,0,0,0,1,0,2
0x4eaf00,150,library,__fltin2,5,5,0,1,2,0,1
0x4eafa0,149,library,__isctype,2,1,0,0,1,0,23
0x4eb040,92,library,__mtinit,0,0,0,0,3,0,1
0x4eb0a0,33,library,__mtterm,0,0,0,0,1,0,0
0x4eb0d0,19,library,__initptd,1,0,0,0,0,0,4
0x4eb0f0,122,library,__getptd,0,0,0,0,3,0,20
0x4eb170,176,library,__freeptd,1,0,0,0,1,0,2
0x4eb220,6,library,___threadid,0,0,0,0,0,0,0
0x4eb230,6,library,___threadhandle,0,0,0,0,0,0,0
0x4eb240,104,library,__close,1,0,0,0,5,0,2
0x4eb2b0,144,library,__close_lk,1,0,0,0,3,0,1
0x4eb340,51,library,__freebuf,1,0,0,0,1,0,1
0x4eb380,55,library,_fflush,1,0,0,0,2,0,0
0x4eb3c0,53,library,__fflush_lk,1,0,0,0,2,0,2
0x4eb400,110,library,__flush,1,0,0,0,1,0,6
0x4eb470,11,library,__flushall,0,0,0,0,1,0,1
0x4eb480,187,library,_flsall,1,1,0,1,1,0,2
0x4eb540,462,library,__openfile,4,0,0,1,1,0,1
0x4eb710,217,library,__getstream,0,0,0,1,1,0,1
0x4eb7f0,21,library,__frnd,,,,,0,0,0
0x4eb810,80,library,__handle_qnan1,4,0,0,0,2,0,2
0x4eb860,115,library,__handle_qnan2,6,2,0,0,2,0,3
0x4eb8e0,188,library,__except1,7,22,0,0,4,0,2
0x4eb9a0,238,library,__except2,9,22,0,1,4,0,3
0x4eba90,820,library,__raise_exc,6,0,0,1,0,0,3
0x4ebdd0,816,library,__handle_exc,,,,,1,0,0
0x4ec100,173,library,__umatherr,9,8,0,0,3,0,4
0x4ec1b0,40,library,__set_errno,1,0,0,0,1,0,4
0x4ec1e0,37,library,__get_fname,1,0,0,0,0,0,1
0x4ec210,55,library,__errcode,1,0,0,0,0,0,2
0x4ec250,57,library,__set_exp,3,2,0,0,0,0,5
0x4ec290,21,library,__get_exp,2,0,0,0,0,0,1
0x4ec2b0,46,library,__add_exp,3,0,0,0,1,0,0
0x4ec2e0,51,library,__set_bexp,3,2,0,0,0,0,0
0x4ec320,92,library,__sptype,2,0,0,0,0,0,4
0x4ec380,259,library,__decomp,3,0,0,0,1,0,5
0x4ec490,1676,library,__statfp,,,,,2,0,0
0x4ecb20,545,library,__powhlp,5,0,0,0,1,0,2
0x4ecd50,129,library,__d_inttype,2,2,0,0,1,0,1
0x4ecde0,205,library,___InternalCxxFrameHandler,8,0,0,0,1,0,2
0x4eceb0,699,library,?FindHandler@@YAXPAUEHExceptionRecord@@PAUEHRegistrationNode@@PAU_CONTEXT@@PAXPBU_s_FuncInfo@@EH1@Z,8,9,0,1,5,0,1
0x4ed170,215,library,?FindHandlerForForeignException@@YAXPAUEHExceptionRecord@@PAUEHRegistrationNode@@PAU_CONTEXT@@PAXPBU_s_FuncInfo@@HH1@Z,8,2,0,1,3,0,1
0x4ed250,181,library,___FrameUnwindToState,,,,,1,0,0
0x4ed310,22,library,?FrameUnwindFilter@@YAHPAU_EXCEPTION_POINTERS@@@Z,1,0,0,0,0,0,1
0x4ed330,137,library,?CatchIt@@YAXPAUEHExceptionRecord@@PAUEHRegistrationNode@@PAU_CONTEXT@@PAXPBU_s_FuncInfo@@PBU_s_HandlerType@@PBU_s_CatchableType@@PBU_s_TryBlockMapEntry@@H1@Z,10,0,0,1,0,0,2
0x4ed3c0,345,library,?CallCatchBlock@@YAPAXPAUEHExceptionRecord@@PAUEHRegistrationNode@@PAU_CONTEXT@@PBU_s_FuncInfo@@PAXHK@Z,,,,,2,0,0
0x4ed520,45,library,?ExFilterRethrow@@YAHPAU_EXCEPTION_POINTERS@@@Z,1,0,0,0,0,0,1
0x4ed550,645,library,?BuildCatchObject@@YAXPAUEHExceptionRecord@@PAUEHRegistrationNode@@PBU_s_HandlerType@@PBU_s_CatchableType@@@Z,,,,,4,0,0
0x4ed7e0,37,library,?AdjustPointer@@YAPAXPAXABUPMD@@@Z,2,0,0,0,0,0,1
0x4ed810,222,library,__CallSettingFrame@12,,,,,2,0,0
0x4ed8f0,25,library,?unexpected@@YAXXZ,0,0,0,0,1,0,0
0x4ed910,133,library,?_inconsistency@@YAXXZ,,,,,0,0,0
0x4ed9a0,712,library,_setlocale,2,36,0,1,5,0,0
0x4edc70,341,library,__setlocale_set_cat,2,40,0,1,3,0,1
0x4eddd0,283,library,__setlocale_get_all,0,1,0,1,3,0,1
0x4edef0,498,library,__expandlocale,5,34,0,0,3,0,2
0x4ee0f0,3,library,,0,0,0,0,0,0,0
0x4ee100,68,library,__strcats,2,0,0,1,0,0,2
0x4ee150,263,library,___lc_strtolc,2,0,0,1,1,0,1
0x4ee260,106,library,___lc_lctostr,2,0,0,1,1,0,1
0x4ee2d0,519,library,___crtLCMapStringW,7,0,0,1,4,0,0
0x4ee4e0,53,library,_wcsncnt,2,0,0,0,0,0,1
0x4ee520,549,library,___crtLCMapStringA,8,0,0,1,3,0,8
0x4ee750,47,library,_strncnt,2,0,0,0,0,0,1
0x4ee780,239,library,__filbuf,1,0,0,0,2,0,2
0x4ee870,114,library,__read,3,0,0,0,5,0,2
0x4ee8f0,549,library,__read_lk,3,3,0,1,4,0,2
0x4eeb20,114,library,__write,3,0,0,0,5,0,3
0x4eeba0,521,library,__write_lk,3,263,0,1,4,0,2
0x4eedb0,115,library,__dosmaperr,1,0,0,0,2,0,15
0x4eee30,9,library,__errno,0,0,0,0,1,0,35
0x4eee40,9,library,___doserrno,0,0,0,0,1,0,19
0x4eee50,525,library,__XcptFilter,2,1,0,1,2,0,3
0x4ef060,60,library,_xcptlookup,2,0,0,0,0,0,1
0x4ef0a0,50,library,___tzset,0,0,0,0,1,0,3
0x4ef0e0,26,library,__tzset,0,0,0,0,1,0,0
0x4ef100,728,library,__tzset_lk,0,1,0,1,6,0,2
0x4ef3e0,40,library,__isindst,1,0,0,0,1,0,2
0x4ef410,617,library,__isindst_lk,1,0,0,0,1,0,1
0x4ef680,412,library,_cvtdate,11,0,0,1,0,0,1
0x4ef820,226,library,___loctotime_t,7,9,0,1,2,0,3
0x4ef910,3385,library,__input,3,116,0,1,7,0,1
0x4f0650,57,library,__hextodec,1,0,0,0,1,0,1
0x4f0690,33,library,__inc,1,0,0,0,1,0,2
0x4f06c0,24,library,__un_inc,2,0,0,0,1,0,1
0x4f06e0,72,library,__whiteout,2,0,0,0,2,0,1
0x4f0730,555,library,__setmbcp,1,5,0,1,4,0,1
0x4f0960,77,library,_getSystemCP,1,0,0,0,0,0,1
0x4f09b0,95,library,_CPtoLCID,1,0,0,0,0,0,1
0x4f0a10,50,library,_setSBCS,0,0,0,0,0,0,1
0x4f0a50,474,library,_setSBUpLow,0,325,0,0,2,0,1
0x4f0c30,18,library,__getmbcp,0,0,0,0,0,0,0
0x4f0c50,11,library,___initmbctable,0,0,0,0,1,0,1
0x4f0c60,167,library,__mbsnbcpy,3,0,0,1,1,0,1
0x4f0d10,18,library,__ismbbkalnum,1,0,0,0,1,0,0
0x4f0d30,18,library,__ismbbkprint,1,0,0,0,1,0,0
0x4f0d50,18,library,__ismbbkpunct,1,0,0,0,1,0,0
0x4f0d70,21,library,__ismbbalnum,1,0,0,0,1,0,0
0x4f0d90,21,library,__ismbbalpha,1,0,0,0,1,0,0
0x4f0db0,21,library,__ismbbgraph,1,0,0,0,1,0,0
0x4f0dd0,21,library,__ismbbprint,1,0,0,0,1,0,0
0x4f0df0,18,library,__ismbbpunct,1,0,0,0,1,0,0
0x4f0e10,18,library,__ismbblead,1,0,0,0,1,0,1
0x4f0e30,18,library,__ismbbtrail,1,0,0,0,1,0,0
0x4f0e50,42,library,__ismbbkana,1,0,0,0,1,0,0
0x4f0e80,58,library,_x_ismbbtype,3,0,0,0,0,0,11
0x4f0ec0,238,library,__setenvp,0,1,0,1,3,0,1
0x4f0fb0,158,library,__setargv,0,2,0,0,3,0,1
0x4f1050,527,library,_parse_cmdline,5,0,0,1,0,0,1
0x4f1260,508,library,___crtGetEnvironmentStringsW,0,2,0,1,3,0,0
0x4f1460,342,library,___crtGetEnvironmentStringsA,0,0,0,1,2,0,1
0x4f15c0,524,library,__ioinit,0,18,0,1,2,0,1
0x4f17d0,95,library,__ioterm,0,0,0,1,1,0,0
0x4f1830,55,library,__heap_init,0,0,0,0,1,0,1
0x4f1870,55,library,__heap_term,0,0,0,0,0,0,0
0x4f18b0,61,library,__FF_MSGBANNER,0,0,0,0,1,0,2
0x4f18f0,470,library,__NMSG_WRITE,1,106,0,1,2,0,4
0x4f1ad0,46,library,__GET_RTERRMSG,1,0,0,0,0,0,0
0x4f1b00,114,library,__lseek,3,0,0,0,5,0,4
0x4f1b80,128,library,__lseek_lk,3,0,0,0,3,0,6
0x4f1c00,360,library,__alloc_osfhnd,0,2,0,1,2,0,2
0x4f1d70,161,library,__set_osfhnd,2,0,0,0,2,0,2
0x4f1e20,147,library,__free_osfhnd,1,0,0,0,2,0,1
0x4f1ec0,73,library,__get_osfhandle,1,0,0,0,2,0,4
0x4f1f10,170,library,__open_osfhandle,2,0,0,0,6,0,0
0x4f1fc0,101,library,__lock_fhandle,1,0,0,0,0,0,9
0x4f2030,34,library,__unlock_fhandle,1,0,0,0,0,0,10
0x4f2060,98,library,__setmode,2,0,0,0,4,0,0
0x4f20d0,100,library,__setmode_lk,2,0,0,0,1,0,2
0x4f2140,158,library,__mbctoupper,1,2,0,0,1,0,1
0x4f21e0,83,library,?__CxxUnhandledExceptionFilter@@YGJPAU_EXCEPTION_POINTERS@@@Z,1,0,0,0,1,0,0
0x4f2240,17,library,?__CxxSetUnhandledExceptionFilter@@YAXXZ,0,0,0,0,0,0,0
0x4f2260,13,library,?__CxxRestoreUnhandledExceptionFilter@@YAXXZ,0,0,0,0,0,0,0
0x4f2270,6,library,__get_sbh_threshold,0,0,0,0,0,0,0
0x4f2280,30,library,__set_sbh_threshold,1,0,0,0,0,0,0
0x4f22a0,354,library,___sbh_new_region,0,0,0,1,0,0,2
0x4f2410,91,library,___sbh_release_region,1,0,0,0,0,0,1
0x4f2470,205,library,___sbh_decommit_pages,1,0,0,1,1,0,1
0x4f2540,89,library,___sbh_find_block,3,0,0,0,0,0,3
0x4f25a0,83,library,___sbh_free_block,3,0,0,0,1,0,2
0x4f2600,563,library,___sbh_alloc_block,1,1,0,1,2,0,3
0x4f2840,370,library,___sbh_alloc_block_from_page,3,0,0,1,0,0,1
0x4f29c0,196,library,___sbh_resize_block,4,0,0,1,0,0,1
0x4f2a90,462,library,___sbh_heap_check,0,7,0,1,0,0,0
0x4f2c60,40,library,?_set_new_handler@@YAP6AHI@ZP6AHI@Z@Z,1,0,0,0,0,0,0
0x4f2c90,6,library,,0,0,0,0,0,0,0
0x4f2ca0,32,library,__callnewh,1,0,0,0,0,0,3
0x4f2cc0,188,library,___initstdio,0,0,0,0,2,0,0
0x4f2d80,20,library,___endstdio,0,0,0,0,2,0,0
0x4f2da0,59,library,__mbsnbicoll,3,0,0,0,1,0,2
0x4f2de0,122,library,___wtomb_environ,0,0,0,1,2,0,2
0x4f2e60,421,library,__mbsicmp,2,1,0,1,1,0,1
0x4f3010,144,library,__mbsrchr,2,0,0,1,0,0,1
0x4f30a0,202,library,__fullpath,3,0,0,1,5,0,1
0x4f3170,158,library,__mbctolower,1,2,0,0,1,0,1
0x4f3210,173,library,__mbspbrk,2,0,0,1,0,0,1
0x4f32c0,93,library,__getbuf,1,0,0,0,1,0,3
0x4f3320,43,library,__isatty,1,0,0,0,0,0,2
0x4f3350,108,library,_wctomb,2,0,0,0,1,0,1
0x4f33c0,114,library,__wctomb_lk,2,0,0,0,1,0,1
0x4f3440,229,library,__aulldiv,,,,,0,0,0
0x4f3530,102,library,__ZeroTail,2,0,0,0,0,0,1
0x4f35a0,105,library,__IncMan,2,0,0,0,1,0,1
0x4f3610,157,library,__RoundMan,2,1,0,1,2,0,2
0x4f36b0,29,library,__CopyMan,2,0,0,0,0,0,1
0x4f36d0,15,library,__FillZeroMan,1,0,0,0,0,0,1
0x4f36e0,29,library,__IsZeroMan,1,0,0,0,0,0,1
0x4f3700,177,library,__ShrMan,2,2,0,1,0,0,1
0x4f37c0,463,library,__ld12cvt,3,6,0,1,5,0,2
0x4f3990,24,library,__ld12tod,2,0,0,0,1,0,2
0x4f39b0,24,library,__ld12tof,2,0,0,0,1,0,1
0x4f39d0,128,library,__ld12told,2,3,0,0,1,0,2
0x4f3a50,56,library,__atodbl,2,3,0,0,2,0,1
0x4f3a90,56,library,__atoldbl,2,3,0,0,2,0,0
0x4f3ad0,56,library,,2,3,0,0,2,0,1
0x4f3b10,145,library,__fptostr,3,0,0,1,0,0,3
0x4f3bb0,139,library,__fltout2,4,10,0,0,2,0,3
0x4f3c40,190,library,___dtold,2,0,0,1,0,0,1
0x4f3d00,11,library,__fptrap,0,0,0,0,1,0,0
0x4f3d10,1923,library,___strgtold12,7,24,0,1,3,0,5
0x4f44a0,73,library,___STRINGTOLD,4,3,0,0,2,0,0
0x4f44f0,388,library,___crtGetStringTypeW,6,1,0,1,3,0,1
0x4f4680,312,library,___crtGetStringTypeA,7,1,0,1,2,0,3
0x4f47c0,158,library,__commit,1,0,0,1,5,0,1
0x4f4860,26,library,__open,2,0,0,0,1,0,0
0x4f4880,921,library,__sopen,3,5,0,1,10,0,2
0x4f4c20,3,library,,1,0,0,0,0,0,2
0x4f4c30,3467,library,_fdiv_main_routine,,,,,0,0,0
0x4f59c0,288,library,__87except,3,22,0,0,3,0,1
0x4f5ae0,43,library,__copysign,4,2,0,0,0,0,1
0x4f5b10,40,library,__chgsign,2,2,0,0,0,0,0
0x4f5b40,24,library,__scalb,3,0,0,0,1,0,0
0x4f5b60,273,library,__logb,2,1,0,0,4,0,0
0x4f5c80,759,library,__nextafter,4,5,0,1,4,0,0
0x4f5f80,22,library,__finite,2,0,0,0,0,0,0
0x4f5fa0,48,library,__isnan,2,0,0,0,0,0,0
0x4f5fd0,155,library,__fpclass,2,0,0,0,1,0,1
0x4f6070,32,library,?_ValidateRead@@YAHPBXI@Z,2,0,0,0,0,0,2
0x4f6090,32,library,?_ValidateWrite@@YAHPAXI@Z,2,0,0,0,0,0,1
0x4f60b0,27,library,?_ValidateExecute@@YAHP6GHXZ@Z,1,0,0,0,0,0,2
0x4f60d0,31,library,_abort,0,0,0,0,3,0,1
0x4f60f0,174,library,___init_time,0,0,0,0,4,0,0
0x4f61a0,881,library,__get_lc_time,1,0,0,1,2,0,1
0x4f6520,563,library,__free_lc_time,1,0,0,0,1,0,1
0x4f6760,246,library,_storeTimeFmt,2,2,0,0,3,0,1
0x4f6860,502,library,___init_numeric,0,0,0,0,4,0,0
0x4f6a60,51,library,_fix_grouping,1,0,0,0,0,0,1
0x4f6aa0,239,library,___init_monetary,0,0,0,0,4,0,0
0x4f6b90,331,library,__get_lc_lconv,1,0,0,1,2,0,1
0x4f6ce0,51,library,,1,0,0,0,0,0,1
0x4f6d20,102,library,__free_lc_lconv,1,0,0,0,1,0,1
0x4f6d90,699,library,___init_ctype,0,8,0,1,5,0,0
0x4f7050,3,library,,0,0,0,0,0,0,0
0x4f7060,58,library,_strpbrk,,,,,0,0,0
0x4f70a0,401,library,___get_qualified_locale,3,0,0,0,8,0,1
0x4f7240,93,library,_TranslateName,3,0,0,1,0,0,1
0x4f72a0,138,library,_GetLcidFromLangCountry,0,0,0,0,1,0,1
0x4f7330,723,library,_LangCountryEnumProc@4,1,30,0,0,3,0,0
0x4f7610,94,library,_GetLcidFromLanguage,0,0,0,0,1,0,1
0x4f7670,222,library,_LanguageEnumProc@4,1,30,0,0,2,0,0
0x4f7750,62,library,_GetLcidFromCountry,0,0,0,0,0,0,1
0x4f7790,158,library,_CountryEnumProc@4,1,30,0,0,2,0,0
0x4f7830,27,library,_GetLcidFromDefault,0,0,0,0,0,0,1
0x4f7850,227,library,_ProcessCodePage,1,2,0,0,1,0,1
0x4f7940,33,library,_TestDefaultCountry,1,0,0,0,0,0,2
0x4f7970,130,library,_TestDefaultLanguage,2,30,0,0,2,0,2
0x4f7a00,57,library,_IsThisWindowsNT,0,37,0,0,0,0,1
0x4f7a40,297,library,_crtGetLocaleInfoA@16,4,0,0,1,1,0,0
0x4f7b70,62,library,_LcidFromHexString,1,0,0,0,0,0,4
0x4f7bb0,33,library,_GetPrimaryLen,1,0,0,0,0,0,3
0x4f7be0,113,library,_wcstombs,3,0,0,0,1,0,1
0x4f7c60,490,library,__wcstombs_lk,3,1,0,1,3,0,1
0x4f7e50,50,library,_wcsncnt,2,0,0,0,0,0,1
0x4f7e90,113,library,_mbtowc,3,0,0,0,1,0,1
0x4f7f10,254,library,__mbtowc_lk,3,0,0,0,1,0,1
0x4f8010,45,library,_ungetc,2,0,0,0,1,0,0
0x4f8040,131,library,__ungetc_lk,2,0,0,0,1,0,2
0x4f80d0,30,library,_wcslen,1,0,0,0,0,0,2
0x4f80f0,143,library,___crtMessageBoxA,3,0,0,0,0,0,1
0x4f8180,147,library,__fcloseall,0,0,0,1,2,0,1
0x4f8220,514,library,___crtCompareStringW,7,0,0,1,3,0,0
0x4f8430,53,library,,2,0,0,0,0,0,1
0x4f8470,709,library,___crtCompareStringA,7,6,0,1,3,0,1
0x4f8740,47,library,,2,0,0,0,0,0,1
0x4f8770,515,library,___crtsetenv,2,1,0,1,7,0,1
0x4f8980,116,library,_findenv,2,0,0,0,1,0,1
0x4f8a00,111,library,_copy_environ,1,0,0,0,3,0,1
0x4f8a70,208,library,__strcmpi,,,,,1,0,0
0x4f8b40,35,library,___addl,3,0,0,0,0,0,3
0x4f8b70,104,library,___add_12,2,0,0,0,1,0,2
0x4f8be0,46,library,___shl_12,1,0,0,0,0,0,3
0x4f8c10,45,library,___shr_12,1,0,0,0,0,0,2
0x4f8c40,241,library,___mtold12,3,3,0,1,2,0,1
0x4f8d40,898,library,_$I10_OUTPUT,6,8,0,1,5,0,1
0x4f90d0,696,library,___ld12mul,2,9,0,1,3,0,2
0x4f9390,138,library,___multtenpow12,3,3,0,0,1,0,2
0x4f9420,597,library,_ldexp,3,1,0,0,6,0,1
0x4f9680,228,library,__Getdays,0,2,0,1,1,0,0
0x4f9770,234,library,__Getmonths,0,2,0,1,1,0,0
0x4f9860,866,library,__Gettnames,0,5,0,1,1,0,0
0x4f9bd0,31,library,_strftime,4,0,0,0,1,0,0
0x4f9bf0,321,library,__Strftime,5,1,0,1,1,0,1
0x4f9d40,1438,library,__expandtime,5,0,0,1,4,0,2
0x4fa2e0,45,library,__store_str,3,0,0,0,0,0,1
0x4fa310,147,library,__store_num,4,0,0,1,1,0,1
0x4fa3b0,101,library,__store_number,3,0,0,1,0,0,1
0x4fa420,844,library,__store_winword,5,1,0,1,1,0,1
0x4fa770,428,library,___getlocaleinfo,4,33,0,1,6,0,5
0x4fa920,6,library,_localeconv,0,0,0,0,0,0,0
0x4fa930,61,library,__itoa,3,0,0,0,1,0,25
0x4fa970,97,library,_xtoa,4,0,0,1,0,0,3
0x4fa9e0,65,library,__ltoa,3,0,0,0,1,0,0
0x4faa30,30,library,__ultoa,3,0,0,0,1,0,0
0x4faa50,74,library,__i64toa,4,0,0,0,1,0,0
0x4faaa0,129,library,_x64toa@20,5,0,0,1,0,0,2
0x4fab30,32,library,__ui64toa,4,0,0,0,1,0,0
0x4fab50,257,library,__strnicmp,,,,,1,0,0
0x4fac60,194,library,__mbschr,2,0,0,0,1,0,1
0x4fad30,80,library,__strdup,1,0,0,0,1,0,1
0x4fad80,304,library,___crtGetLocaleInfoW,5,0,0,1,2,0,1
0x4faeb0,319,library,___crtGetLocaleInfoA,5,0,0,1,2,0,1
0x4faff0,1104,library,,,,,,0,0,0
0x4fb440,31,library,__hypot,4,0,0,0,1,0,23
0x4fb460,31,library,__cabs,4,0,0,0,1,0,0
0x4fb480,790,library,__hypothlp,5,4,0,1,5,0,2
0x4fb7a0,394,library,__CIsqrt,,,,,2,0,0
