kind,address,size,object,section,offset,source
piece,0x41dc20,697,src/frontend/endgame_41dc20.cpp,2,0,gap code
piece,0x420d20,291,src/weapons/explosions_420d20.cpp,2,0,gap code
piece,0x42a8d0,2719,src/units/unit_types_42a8d0.cpp,8,0,gap code
piece,0x4441a0,801,src/frontend/multi_4441a0.cpp,2,0,gap code
piece,0x444580,898,src/frontend/multi_444580.cpp,2,0,gap code
piece,0x45b250,560,src/network/online_45b250.cpp,2,0,gap code
piece,0x45b490,417,src/network/online_45b490.cpp,2,0,gap code
piece,0x45b670,395,src/network/online_45b670.cpp,2,0,gap code
piece,0x466050,665,src/game/players_466050.cpp,2,0,gap code
piece,0x4662f0,654,src/game/players_466050.cpp,26,0,gap code
piece,0x46c2a0,882,src/game/statistics_46c2a0.cpp,2,0,gap code
piece,0x497c70,101,src/game/game_load_497c70.cpp,2,0,gap code
piece,0x49a120,1829,src/weapons/weapons_49a120.cpp,2,0,gap code
piece,0x49e680,106,src/game/main_49e680.cpp,2,0,gap code
piece,0x49eda0,138,src/game/main_49eda0.cpp,2,0,gap code
piece,0x49ee30,1798,src/game/main_49eda0.cpp,5,0,gap code
piece,0x4b70a0,772,src/util/math_4b70a0.cpp,2,0,gap code
piece,0x4bb4e0,198,src/util/hpi_4bb4e0.cpp,2,0,gap code
piece,0x4bc800,197,src/util/hpi_4bc800.cpp,2,0,gap code
piece,0x4c4fa0,255,src/runtime/basic_string_4c4fa0.cpp,3,0,gap code
piece,0x4cbbe0,2029,src/graphics/blit_4cbbe0.cpp,2,0,gap code
piece,0x4cc3d0,627,src/graphics/blit_4cbbe0.cpp,3,0,gap code
piece,0x4cc650,2319,src/graphics/blit_4cbbe0.cpp,4,0,gap code
piece,0x4ccf60,175,src/graphics/blit_4cbbe0.cpp,5,0,gap code
piece,0x4cd010,2454,src/graphics/blit_4cbbe0.cpp,6,0,gap code
piece,0x4d8310,67,src/debug/debug_lib_4d8310.cpp,2,0,gap code
piece,0x4d8870,86,src/debug/debug_lib_4d8870.cpp,2,0,gap code
piece,0x4d88d0,222,src/debug/debug_lib_4d8870.cpp,3,0,gap code
piece,0x4d8d70,125,src/debug/debug_lib_4d8d70.cpp,3,0,gap code
piece,0x4d9ab0,420,src/debug/debug_lib_4d9ab0.cpp,2,0,gap code
piece,0x4da120,34,src/debug/debug_lib_4da120.cpp,3,0,gap code
piece,0x4da150,115,src/debug/debug_lib_4da120.cpp,4,0,gap code
piece,0x4da1d0,203,src/debug/debug_lib_4da120.cpp,5,0,gap code
piece,0x4da2c0,21,src/debug/debug_lib_4da2c0.cpp,2,0,gap code
piece,0x4da2e0,146,src/debug/debug_lib_4da2c0.cpp,3,0,gap code
piece,0x4da380,84,src/debug/debug_lib_4da2c0.cpp,4,0,gap code
piece,0x4da3e0,15,src/debug/debug_lib_4da2c0.cpp,5,0,gap code
piece,0x4e16b0,74,src/debug/debug_lib_4e16b0.cpp,2,0,gap code
piece,0x4e1e50,585,src/debug/debug_lib_4e1e50.cpp,2,0,gap code
piece,0x4e20a0,169,src/debug/debug_lib_4e1e50.cpp,9,0,gap code
piece,0x4e35b0,349,src/debug/debug_lib_4e35b0.cpp,2,0,gap code
piece,0x4c38a0,75,LIBCPMT.LIB#3,61,0,library code
piece,0x4c3aa0,75,LIBCPMT.LIB#3@1,61,0,library code
piece,0x4c4ac0,72,src/runtime/basic_string.cpp,7,0,library code
piece,0x4c4b10,273,src/runtime/basic_string.cpp,9,0,library code
piece,0x4c4c30,17,src/runtime/basic_string.cpp,11,0,library code
piece,0x4c4c50,288,src/runtime/basic_string.cpp,13,0,library code
piece,0x4c50a0,201,src/runtime/basic_string.cpp,20,0,library code
piece,0x4d1c80,158,zlib/compress.obj,2,0,library code
piece,0x4d1d20,133,zlib/uncompr.obj,2,0,library code
piece,0x4d1db0,36,zlib/deflate.obj,3,0,library code
piece,0x4d1de0,781,zlib/deflate.obj,5,0,library code
piece,0x4d20f0,251,zlib/deflate.obj,8,0,library code
piece,0x4d21f0,266,zlib/deflate.obj,10,0,library code
piece,0x4d2300,192,zlib/deflate.obj,12,0,library code
piece,0x4d23c0,1132,zlib/deflate.obj,14,0,library code
piece,0x4d2830,133,zlib/deflate.obj,16,0,library code
piece,0x4d28c0,42,zlib/deflate.obj,18,0,library code
piece,0x4d28f0,479,zlib/deflate.obj,20,0,library code
piece,0x4d2ad0,413,zlib/deflate.obj,22,0,library code
piece,0x4d2c70,793,zlib/deflate.obj,24,0,library code
piece,0x4d2f90,367,zlib/deflate.obj,26,0,library code
piece,0x4d3100,1089,zlib/deflate.obj,28,0,library code
piece,0x4d3550,69,zlib/inflate.obj,2,0,library code
piece,0x4d35a0,75,zlib/inflate.obj,4,0,library code
piece,0x4d35f0,388,zlib/inflate.obj,6,0,library code
piece,0x4d3780,25,zlib/inflate.obj,9,0,library code
piece,0x4d37a0,1076,zlib/inflate.obj,11,0,library code
piece,0x4d3be0,128,zlib/inflate.obj,18,0,library code
piece,0x4d3c60,256,zlib/inflate.obj,20,0,library code
piece,0x4d3d60,6,zlib/zutil.obj,12,0,library code
piece,0x4d3d70,21,zlib/zutil.obj,15,0,library code
piece,0x4d3d90,16,zlib/zutil.obj,17,0,library code
piece,0x4d3da0,763,zlib/trees.obj,4,0,library code
piece,0x4d40a0,368,zlib/trees.obj,6,0,library code
piece,0x4d4210,888,zlib/trees.obj,8,0,library code
piece,0x4d4590,1402,zlib/trees.obj,10,0,library code
piece,0x4d4b10,1170,zlib/trees.obj,12,0,library code
piece,0x4d4fb0,180,zlib/trees.obj,14,0,library code
piece,0x4d5070,233,zlib/trees.obj,16,0,library code
piece,0x4d5160,1399,zlib/trees.obj,18,0,library code
piece,0x4d56e0,291,zlib/trees.obj,20,0,library code
piece,0x4d5810,1092,zlib/trees.obj,22,0,library code
piece,0x4d5c60,103,zlib/trees.obj,24,0,library code
piece,0x4d5cd0,300,zlib/adler32.obj,2,0,library code
piece,0x4d5e00,139,zlib/infblock.obj,3,0,library code
piece,0x4d5e90,104,zlib/infblock.obj,5,0,library code
piece,0x4d5f00,3180,zlib/infblock.obj,7,0,library code
piece,0x4d6b70,48,zlib/infblock.obj,13,0,library code
piece,0x4d6ba0,51,zlib/infblock.obj,15,0,library code
piece,0x4d6be0,120,zlib/inftrees.obj,4,0,library code
piece,0x4d6c60,1249,zlib/inftrees.obj,8,0,library code
piece,0x4d7150,340,zlib/inftrees.obj,10,0,library code
piece,0x4d72b0,317,zlib/inftrees.obj,14,0,library code
piece,0x4d73f0,26,zlib/inftrees.obj,16,0,library code
piece,0x4d7410,61,zlib/inftrees.obj,18,0,library code
piece,0x4d7450,56,zlib/infcodes.obj,2,0,library code
piece,0x4d7490,1936,zlib/infcodes.obj,4,0,library code
piece,0x4d7c20,19,zlib/infcodes.obj,8,0,library code
piece,0x4d7c40,298,zlib/infutil.obj,3,0,library code
piece,0x4d7d70,824,zlib/inffast.obj,2,0,library code
piece,0x4e1480,134,LIBCPMT.LIB#35,3,0,library code
piece,0x4e1510,39,LIBCPMT.LIB#35,5,0,library code
piece,0x4e1540,21,LIBCPMT.LIB#35,7,0,library code
piece,0x4e39b0,134,LIBCPMT.LIB#35@1,3,0,library code
piece,0x4e3a40,39,LIBCPMT.LIB#35@2,5,0,library code
piece,0x4e3a70,21,LIBCPMT.LIB#35@3,7,0,library code
piece,0x4e3a90,290,LIBCPMT.LIB#10,3,0,library code
piece,0x4e3bc0,62,LIBCPMT.LIB#3,29,0,library code
piece,0x4e3c00,515,src/runtime/basic_string.cpp,3,0,library code
piece,0x4e3e20,75,LIBCPMT.LIB#3@2,61,0,library code
piece,0x4e3e70,32,LIBCPMT.LIB#10,63,0,library code
piece,0x4e3e90,30,LIBCPMT.LIB#3,63,0,library code
piece,0x4e3eb0,337,LIBCPMT.LIB#10,67,0,library code
piece,0x4e4010,290,LIBCPMT.LIB#10,71,0,library code
piece,0x4e4140,152,LIBCPMT.LIB#10,95,0,library code
piece,0x4e42b0,104,LIBCMT.LIB#416,1,0,library code
piece,0x4e4320,23,LIBCMT.LIB#532,3,0,library code
piece,0x4e4350,56,LIBCMT.LIB#532,7,0,library code
piece,0x4e4390,16,LIBCMT.LIB#69,7,0,library code
piece,0x4e43a0,39,LIBCMT.LIB#560,1,0,library code
piece,0x4e4510,73,LIBCMT.LIB#386,1,0,library code
piece,0x4e4560,98,LIBCMT.LIB#4,1,0,library code
piece,0x4e45d0,48,LIBCMT.LIB#332,2,0,library code
piece,0x4e4600,18,LIBCMT.LIB#332,4,0,library code
piece,0x4e4620,18,LIBCMT.LIB#332,6,0,library code
piece,0x4e4640,15,LIBCMT.LIB#332,8,0,library code
piece,0x4e4650,15,LIBCMT.LIB#332,10,0,library code
piece,0x4e4660,178,LIBCMT.LIB#332,12,0,library code
piece,0x4e4720,11,LIBCMT.LIB#332,14,0,library code
piece,0x4e4730,11,LIBCMT.LIB#332,16,0,library code
piece,0x4e4740,32,LIBCMT.LIB#332,18,0,library code
piece,0x4e4760,254,LIBCMT.LIB#461,1,0,library code
piece,0x4e4860,13,LIBCMT.LIB#304,1,0,library code
piece,0x4e4870,45,LIBCMT.LIB#304,3,0,library code
piece,0x4e48a0,61,LIBCMT.LIB#381,1,0,library code
piece,0x4e48e0,101,LIBCMT.LIB#381,3,0,library code
piece,0x4e4950,55,LIBCMT.LIB#385,1,0,library code
piece,0x4e4990,21,LIBCMT.LIB#385,3,0,library code
piece,0x4e49b0,128,LIBCMT.LIB#469,1,0,library code
piece,0x4e4a30,143,LIBCMT.LIB#296,2,0,library code
piece,0x4e4ac0,21,LIBCMT.LIB#296,4,0,library code
piece,0x4e4ae0,54,LIBCMT.LIB#296,6,0,library code
piece,0x4e4b20,47,LIBCMT.LIB#330,1,0,library code
piece,0x4e4b90,104,LIBCMT.LIB#414,1,0,library code
piece,0x4e4c00,48,LIBCMT.LIB#0,1,0,library code
piece,0x4e4c30,42,LIBCMT.LIB#0,3,0,library code
piece,0x4e4c60,42,LIBCMT.LIB#0,5,0,library code
piece,0x4e4c90,42,LIBCMT.LIB#0,7,0,library code
piece,0x4e4cc0,47,LIBCMT.LIB#0,9,0,library code
piece,0x4e4cf0,42,LIBCMT.LIB#0,11,0,library code
piece,0x4e4d20,42,LIBCMT.LIB#0,13,0,library code
piece,0x4e4d50,48,LIBCMT.LIB#0,15,0,library code
piece,0x4e4d80,48,LIBCMT.LIB#0,17,0,library code
piece,0x4e4db0,48,LIBCMT.LIB#0,19,0,library code
piece,0x4e4de0,42,LIBCMT.LIB#0,21,0,library code
piece,0x4e4e10,13,LIBCMT.LIB#0,23,0,library code
piece,0x4e4e20,8,LIBCMT.LIB#0,25,0,library code
piece,0x4e4e30,67,LIBCMT.LIB#0,27,0,library code
piece,0x4e4e80,67,LIBCMT.LIB#0,29,0,library code
piece,0x4e4ed0,153,LIBCMT.LIB#5,1,0,library code
piece,0x4e4f70,14,LIBCMT.LIB#5,3,0,library code
piece,0x4e4f80,206,LIBCMT.LIB#5,5,0,library code
piece,0x4e5050,249,LIBCMT.LIB#556,2,0,library code
piece,0x4e5150,291,LIBCMT.LIB#459,1,0,library code
piece,0x4e5280,232,LIBCMT.LIB#475,1,0,library code
piece,0x4e5370,541,LIBCMT.LIB#576,1,0,library code
piece,0x4e56a0,29,LIBCMT.LIB#62,7,0,library code
piece,0x4e56c0,91,LIBCMT.LIB#62,9,0,library code
piece,0x4e58b0,127,LIBCMT.LIB#62,13,0,library code
piece,0x4e5930,238,LIBCMT.LIB#250,1,0,library code
piece,0x4e5a20,8,LIBCMT.LIB#16,1,0,library code
piece,0x4e5a30,130,LIBCMT.LIB#16,3,0,library code
piece,0x4e5ac0,254,LIBCMT.LIB#16,5,0,library code
piece,0x4e5bc0,55,LIBCMT.LIB#387,1,0,library code
piece,0x4e5c00,316,LIBCMT.LIB#387,3,0,library code
piece,0x4e5d40,55,LIBCMT.LIB#396,1,0,library code
piece,0x4e5d80,326,LIBCMT.LIB#396,3,0,library code
piece,0x4e5ed0,421,LIBCMT.LIB#303,1,0,library code
piece,0x4e6080,89,LIBCMT.LIB#303,3,0,library code
piece,0x4e60e0,44,LIBCMT.LIB#303,5,0,library code
piece,0x4e6110,11,LIBCMT.LIB#301,1,0,library code
piece,0x4e6120,123,LIBCMT.LIB#342,1,0,library code
piece,0x4e61a0,173,LIBCMT.LIB#342,3,0,library code
piece,0x4e6250,55,LIBCMT.LIB#342,5,0,library code
piece,0x4e6290,486,LIBCMT.LIB#512,1,0,library code
piece,0x4e6480,300,LIBCMT.LIB#518,1,0,library code
piece,0x4e65b0,204,LIBCMT.LIB#453,1,0,library code
piece,0x4e6680,66,LIBCMT.LIB#417,1,0,library code
piece,0x4e66d0,62,LIBCMT.LIB#455,1,0,library code
piece,0x4e68c0,557,LIBCMT.LIB#315,2,0,library code
piece,0x4e6af0,132,LIBCMT.LIB#315,4,0,library code
piece,0x4e6b80,525,LIBCMT.LIB#315,6,0,library code
piece,0x4e6d90,63,LIBCMT.LIB#315,8,0,library code
piece,0x4e6dd0,9,LIBCMT.LIB#315,10,0,library code
piece,0x4e6de0,9,LIBCMT.LIB#315,12,0,library code
piece,0x4e6df0,39,LIBCMT.LIB#465,1,0,library code
piece,0x4e6e20,369,LIBCMT.LIB#310,1,0,library code
piece,0x4e6fa0,424,LIBCMT.LIB#347,3,0,library code
piece,0x4e7150,42,LIBCMT.LIB#347,5,0,library code
piece,0x4e7180,39,LIBCMT.LIB#347,7,0,library code
piece,0x4e71b0,8,LIBCMT.LIB#17,1,0,library code
piece,0x4e71c0,130,LIBCMT.LIB#17,3,0,library code
piece,0x4e7250,254,LIBCMT.LIB#17,5,0,library code
piece,0x4e7350,40,LIBCMT.LIB#393,1,0,library code
piece,0x4e7380,420,LIBCMT.LIB#393,3,0,library code
piece,0x4e7530,50,LIBCMT.LIB#390,1,0,library code
piece,0x4e7570,151,LIBCMT.LIB#390,3,0,library code
piece,0x4e7610,98,LIBCMT.LIB#149,1,0,library code
piece,0x4e7680,334,LIBCMT.LIB#149,3,0,library code
piece,0x4e77d0,128,LIBCMT.LIB#341,1,0,library code
piece,0x4e7850,167,LIBCMT.LIB#341,3,0,library code
piece,0x4e7900,67,LIBCMT.LIB#341,5,0,library code
piece,0x4e7950,50,LIBCMT.LIB#46,1,0,library code
piece,0x4e7990,45,LIBCMT.LIB#50,1,0,library code
piece,0x4e79c0,14,LIBCMT.LIB#50,3,0,library code
piece,0x4e79d0,164,LIBCMT.LIB#156,1,0,library code
piece,0x4e7a80,67,LIBCMT.LIB#40,1,0,library code
piece,0x4e7ad0,128,LIBCMT.LIB#40,3,0,library code
piece,0x4e7b50,47,LIBCMT.LIB#42,1,0,library code
piece,0x4e7b80,50,LIBCMT.LIB#42,3,0,library code
piece,0x4e7bc0,299,LIBCMT.LIB#42,5,0,library code
piece,0x4e7cf0,64,LIBCMT.LIB#42,7,0,library code
piece,0x4e7d30,153,LIBCMT.LIB#38,1,0,library code
piece,0x4e7dd0,293,LIBCMT.LIB#29,1,0,library code
piece,0x4e7f00,285,LIBCMT.LIB#29,3,0,library code
piece,0x4e8020,33,LIBCMT.LIB#29,5,0,library code
piece,0x4e8050,140,LIBCMT.LIB#29,7,0,library code
piece,0x4e80e0,47,LIBCMT.LIB#44,1,0,library code
piece,0x4e8110,117,LIBCMT.LIB#408,1,0,library code
piece,0x4e8190,17,LIBCMT.LIB#76,2,0,library code
piece,0x4e81b0,30,LIBCMT.LIB#76,10,0,library code
piece,0x4e81d0,90,LIBCMT.LIB#76,12,0,library code
piece,0x4e8230,109,LIBCMT.LIB#76,14,0,library code
piece,0x4e82a0,32,LIBCMT.LIB#76,16,0,library code
piece,0x4e82c0,26,LIBCMT.LIB#76,18,0,library code
piece,0x4e82e0,13,LIBCMT.LIB#76,20,0,library code
piece,0x4e82f0,47,LIBCMT.LIB#77,2,0,library code
piece,0x4e8320,30,LIBCMT.LIB#77,10,0,library code
piece,0x4e8340,83,LIBCMT.LIB#77,12,0,library code
piece,0x4e83a0,83,LIBCMT.LIB#77,14,0,library code
piece,0x4e8400,83,LIBCMT.LIB#77,16,0,library code
piece,0x4e8460,4,LIBCMT.LIB#77,18,0,library code
piece,0x4e8470,11,LIBCMT.LIB#77,20,0,library code
piece,0x4e8480,5,LIBCMT.LIB#77,22,0,library code
piece,0x4e8490,71,LIBCMT.LIB#67,3,0,library code
piece,0x4e84e0,821,LIBCMT.LIB#450,1,0,library code
piece,0x4e8820,104,LIBCMT.LIB#123,1,0,library code
piece,0x4e8890,20,LIBCMT.LIB#131,1,0,library code
piece,0x4e88b0,68,LIBCMT.LIB#131,3,0,library code
piece,0x4e8900,85,LIBCMT.LIB#131,5,0,library code
piece,0x4e8960,383,LIBCMT.LIB#472,1,0,library code
piece,0x4e8ae0,383,LIBCMT.LIB#476,1,0,library code
piece,0x4e8c60,24,LIBCMT.LIB#564,1,0,library code
piece,0x4e8ce0,24,LIBCMT.LIB#564,4,0,library code
piece,0x4e8d00,46,LIBCMT.LIB#564,6,0,library code
piece,0x4e8d30,150,LIBCMT.LIB#564,8,0,library code
piece,0x4e8dd0,139,LIBCMT.LIB#564,10,0,library code
piece,0x4e8e60,55,LIBCMT.LIB#564,12,0,library code
piece,0x4e8ea0,171,LIBCMT.LIB#121,1,0,library code
piece,0x4e8f50,91,LIBCMT.LIB#404,1,0,library code
piece,0x4e8fb0,99,LIBCMT.LIB#132,1,0,library code
piece,0x4e9020,432,LIBCMT.LIB#133,1,0,library code
piece,0x4e91d0,40,LIBCMT.LIB#279,1,0,library code
piece,0x4e9200,142,LIBCMT.LIB#279,3,0,library code
piece,0x4e9290,194,LIBCMT.LIB#48,1,0,library code
piece,0x4e9360,831,LIBCMT.LIB#48,7,0,library code
piece,0x4e96a0,127,LIBCMT.LIB#48,11,0,library code
piece,0x4e9720,360,LIBCMT.LIB#511,2,0,library code
piece,0x4e9890,237,LIBCMT.LIB#504,1,0,library code
piece,0x4e9980,52,LIBCMT.LIB#504,4,0,library code
piece,0x4e99c0,304,LIBCMT.LIB#371,1,0,library code
piece,0x4e9af0,2438,LIBCMT.LIB#402,5,0,library code
piece,0x4ea480,66,LIBCMT.LIB#402,7,0,library code
piece,0x4ea4d0,57,LIBCMT.LIB#402,9,0,library code
piece,0x4ea510,61,LIBCMT.LIB#402,11,0,library code
piece,0x4ea550,17,LIBCMT.LIB#402,13,0,library code
piece,0x4ea570,18,LIBCMT.LIB#402,15,0,library code
piece,0x4ea590,18,LIBCMT.LIB#402,17,0,library code
piece,0x4ea5b0,19,LIBCMT.LIB#353,1,0,library code
piece,0x4ea5d0,80,LIBCMT.LIB#567,1,0,library code
piece,0x4ea620,41,LIBCMT.LIB#567,3,0,library code
piece,0x4ea650,93,LIBCMT.LIB#531,1,0,library code
piece,0x4ea6b0,107,LIBCMT.LIB#531,3,0,library code
piece,0x4ea720,28,LIBCMT.LIB#531,5,0,library code
piece,0x4ea740,82,LIBCMT.LIB#531,8,0,library code
piece,0x4ea7a0,115,LIBCMT.LIB#531,10,0,library code
piece,0x4ea820,242,LIBCMT.LIB#531,12,0,library code
piece,0x4ea920,102,LIBCMT.LIB#531,15,0,library code
piece,0x4ea990,182,LIBCMT.LIB#531,17,0,library code
piece,0x4eaa50,182,LIBCMT.LIB#531,19,0,library code
piece,0x4eab10,101,LIBCMT.LIB#531,21,0,library code
piece,0x4eab80,41,LIBCMT.LIB#531,23,0,library code
piece,0x4eabb0,43,LIBCMT.LIB#338,3,0,library code
piece,0x4eabe0,114,LIBCMT.LIB#338,5,0,library code
piece,0x4eac60,118,LIBCMT.LIB#338,7,0,library code
piece,0x4eade0,25,LIBCMT.LIB#338,13,0,library code
piece,0x4eae00,184,LIBCMT.LIB#376,2,0,library code
piece,0x4eaec0,61,LIBCMT.LIB#376,4,0,library code
piece,0x4eaf00,150,LIBCMT.LIB#528,1,0,library code
piece,0x4eafa0,149,LIBCMT.LIB#8,1,0,library code
piece,0x4eb040,92,LIBCMT.LIB#343,2,0,library code
piece,0x4eb0a0,33,LIBCMT.LIB#343,4,0,library code
piece,0x4eb0d0,19,LIBCMT.LIB#343,6,0,library code
piece,0x4eb0f0,122,LIBCMT.LIB#343,8,0,library code
piece,0x4eb170,176,LIBCMT.LIB#343,10,0,library code
piece,0x4eb220,6,LIBCMT.LIB#343,12,0,library code
piece,0x4eb230,6,LIBCMT.LIB#343,14,0,library code
piece,0x4eb240,104,LIBCMT.LIB#150,1,0,library code
piece,0x4eb2b0,144,LIBCMT.LIB#150,3,0,library code
piece,0x4eb340,51,LIBCMT.LIB#373,1,0,library code
piece,0x4eb380,55,LIBCMT.LIB#383,1,0,library code
piece,0x4eb3c0,53,LIBCMT.LIB#383,3,0,library code
piece,0x4eb400,110,LIBCMT.LIB#383,5,0,library code
piece,0x4eb470,11,LIBCMT.LIB#383,7,0,library code
piece,0x4eb480,187,LIBCMT.LIB#383,9,0,library code
piece,0x4eb540,462,LIBCMT.LIB#375,1,0,library code
piece,0x4eb710,217,LIBCMT.LIB#418,1,0,library code
piece,0x4eb7f0,21,LIBCMT.LIB#558,1,0,library code
piece,0x4eb810,80,LIBCMT.LIB#579,29,0,library code
piece,0x4eb860,115,LIBCMT.LIB#579,31,0,library code
piece,0x4eb8e0,188,LIBCMT.LIB#579,33,0,library code
piece,0x4eb9a0,238,LIBCMT.LIB#579,35,0,library code
piece,0x4eba90,820,LIBCMT.LIB#579,37,0,library code
piece,0x4ebdd0,816,LIBCMT.LIB#579,39,0,library code
piece,0x4ec100,173,LIBCMT.LIB#579,41,0,library code
piece,0x4ec1b0,40,LIBCMT.LIB#579,43,0,library code
piece,0x4ec1e0,37,LIBCMT.LIB#579,45,0,library code
piece,0x4ec210,55,LIBCMT.LIB#579,47,0,library code
piece,0x4ec250,57,LIBCMT.LIB#584,2,0,library code
piece,0x4ec290,21,LIBCMT.LIB#584,4,0,library code
piece,0x4ec2b0,46,LIBCMT.LIB#584,6,0,library code
piece,0x4ec2e0,51,LIBCMT.LIB#584,8,0,library code
piece,0x4ec320,92,LIBCMT.LIB#584,10,0,library code
piece,0x4ec380,259,LIBCMT.LIB#584,12,0,library code
piece,0x4ec490,16,LIBCMT.LIB#557,2,0,library code
piece,0x4ecb20,545,LIBCMT.LIB#566,1,0,library code
piece,0x4ecd50,129,LIBCMT.LIB#566,4,0,library code
piece,0x4ecde0,205,LIBCMT.LIB#65,2,0,library code
piece,0x4eceb0,699,LIBCMT.LIB#65,4,0,library code
piece,0x4ed170,215,LIBCMT.LIB#65,6,0,library code
piece,0x4ed250,181,LIBCMT.LIB#65,8,0,library code
piece,0x4ed310,22,LIBCMT.LIB#65,10,0,library code
piece,0x4ed330,137,LIBCMT.LIB#65,12,0,library code
piece,0x4ed3c0,345,LIBCMT.LIB#65,14,0,library code
piece,0x4ed520,45,LIBCMT.LIB#65,16,0,library code
piece,0x4ed550,513,LIBCMT.LIB#65,18,0,library code
piece,0x4ed7e0,37,LIBCMT.LIB#65,22,0,library code
piece,0x4ed810,76,LIBCMT.LIB#63,1,0,library code
piece,0x4ed8f0,25,LIBCMT.LIB#66,4,0,library code
piece,0x4ed910,133,LIBCMT.LIB#66,6,0,library code
piece,0x4ed9a0,712,LIBCMT.LIB#309,9,0,library code
piece,0x4edc70,341,LIBCMT.LIB#309,13,0,library code
piece,0x4eddd0,283,LIBCMT.LIB#309,15,0,library code
piece,0x4edef0,498,LIBCMT.LIB#309,18,0,library code
piece,0x4ee100,68,LIBCMT.LIB#309,22,0,library code
piece,0x4ee150,263,LIBCMT.LIB#309,24,0,library code
piece,0x4ee260,106,LIBCMT.LIB#309,27,0,library code
piece,0x4ee2d0,519,LIBCMT.LIB#265,2,0,library code
piece,0x4ee4e0,53,LIBCMT.LIB#265,6,0,library code
piece,0x4ee520,549,LIBCMT.LIB#265,8,0,library code
piece,0x4ee750,47,LIBCMT.LIB#265,10,0,library code
piece,0x4ee780,239,LIBCMT.LIB#368,1,0,library code
piece,0x4ee870,114,LIBCMT.LIB#170,1,0,library code
piece,0x4ee8f0,549,LIBCMT.LIB#170,3,0,library code
piece,0x4eeb20,114,LIBCMT.LIB#175,1,0,library code
piece,0x4eeba0,521,LIBCMT.LIB#175,3,0,library code
piece,0x4eedb0,115,LIBCMT.LIB#39,2,0,library code
piece,0x4eee30,9,LIBCMT.LIB#39,4,0,library code
piece,0x4eee40,9,LIBCMT.LIB#39,6,0,library code
piece,0x4eee50,525,LIBCMT.LIB#316,2,0,library code
piece,0x4ef060,60,LIBCMT.LIB#316,4,0,library code
piece,0x4ef0a0,50,LIBCMT.LIB#520,3,0,library code
piece,0x4ef0e0,26,LIBCMT.LIB#520,5,0,library code
piece,0x4ef100,728,LIBCMT.LIB#520,7,0,library code
piece,0x4ef3e0,40,LIBCMT.LIB#520,10,0,library code
piece,0x4ef410,617,LIBCMT.LIB#520,12,0,library code
piece,0x4ef680,412,LIBCMT.LIB#520,14,0,library code
piece,0x4ef820,226,LIBCMT.LIB#509,1,0,library code
piece,0x4ef910,3385,LIBCMT.LIB#401,2,0,library code
piece,0x4f0650,57,LIBCMT.LIB#401,4,0,library code
piece,0x4f0690,33,LIBCMT.LIB#401,6,0,library code
piece,0x4f06c0,24,LIBCMT.LIB#401,8,0,library code
piece,0x4f06e0,72,LIBCMT.LIB#401,10,0,library code
piece,0x4f0730,555,LIBCMT.LIB#205,3,0,library code
piece,0x4f0960,77,LIBCMT.LIB#205,5,0,library code
piece,0x4f09b0,95,LIBCMT.LIB#205,7,0,library code
piece,0x4f0a10,50,LIBCMT.LIB#205,9,0,library code
piece,0x4f0a50,474,LIBCMT.LIB#205,11,0,library code
piece,0x4f0c30,18,LIBCMT.LIB#205,13,0,library code
piece,0x4f0c50,11,LIBCMT.LIB#205,15,0,library code
piece,0x4f0c60,167,LIBCMT.LIB#221,1,0,library code
piece,0x4f0d10,18,LIBCMT.LIB#189,1,0,library code
piece,0x4f0d30,18,LIBCMT.LIB#189,3,0,library code
piece,0x4f0d50,18,LIBCMT.LIB#189,5,0,library code
piece,0x4f0d70,21,LIBCMT.LIB#189,7,0,library code
piece,0x4f0d90,21,LIBCMT.LIB#189,9,0,library code
piece,0x4f0db0,21,LIBCMT.LIB#189,11,0,library code
piece,0x4f0dd0,21,LIBCMT.LIB#189,13,0,library code
piece,0x4f0df0,18,LIBCMT.LIB#189,15,0,library code
piece,0x4f0e10,18,LIBCMT.LIB#189,17,0,library code
piece,0x4f0e30,18,LIBCMT.LIB#189,19,0,library code
piece,0x4f0e50,42,LIBCMT.LIB#189,21,0,library code
piece,0x4f0e80,58,LIBCMT.LIB#189,23,0,library code
piece,0x4f0ec0,238,LIBCMT.LIB#340,1,0,library code
piece,0x4f0fb0,158,LIBCMT.LIB#339,1,0,library code
piece,0x4f1050,527,LIBCMT.LIB#339,4,0,library code
piece,0x4f1260,508,LIBCMT.LIB#263,2,0,library code
piece,0x4f1460,342,LIBCMT.LIB#263,4,0,library code
piece,0x4f15c0,524,LIBCMT.LIB#161,2,0,library code
piece,0x4f17d0,95,LIBCMT.LIB#161,4,0,library code
piece,0x4f1830,55,LIBCMT.LIB#126,2,0,library code
piece,0x4f1870,55,LIBCMT.LIB#126,4,0,library code
piece,0x4f18b0,61,LIBCMT.LIB#335,21,0,library code
piece,0x4f18f0,470,LIBCMT.LIB#335,23,0,library code
piece,0x4f1ad0,46,LIBCMT.LIB#335,30,0,library code
piece,0x4f1b00,114,LIBCMT.LIB#164,1,0,library code
piece,0x4f1b80,128,LIBCMT.LIB#164,3,0,library code
piece,0x4f1c00,360,LIBCMT.LIB#168,1,0,library code
piece,0x4f1d70,161,LIBCMT.LIB#168,3,0,library code
piece,0x4f1e20,147,LIBCMT.LIB#168,5,0,library code
piece,0x4f1ec0,73,LIBCMT.LIB#168,7,0,library code
piece,0x4f1f10,170,LIBCMT.LIB#168,9,0,library code
piece,0x4f1fc0,101,LIBCMT.LIB#168,11,0,library code
piece,0x4f2030,34,LIBCMT.LIB#168,13,0,library code
piece,0x4f2060,98,LIBCMT.LIB#171,1,0,library code
piece,0x4f20d0,100,LIBCMT.LIB#171,3,0,library code
piece,0x4f2140,158,LIBCMT.LIB#247,1,0,library code
piece,0x4f21e0,83,LIBCMT.LIB#68,3,0,library code
piece,0x4f2240,17,LIBCMT.LIB#68,6,0,library code
piece,0x4f2260,13,LIBCMT.LIB#68,8,0,library code
piece,0x4f2270,6,LIBCMT.LIB#134,3,0,library code
piece,0x4f2280,30,LIBCMT.LIB#134,5,0,library code
piece,0x4f22a0,354,LIBCMT.LIB#134,7,0,library code
piece,0x4f2410,91,LIBCMT.LIB#134,9,0,library code
piece,0x4f2470,205,LIBCMT.LIB#134,11,0,library code
piece,0x4f2540,89,LIBCMT.LIB#134,13,0,library code
piece,0x4f25a0,83,LIBCMT.LIB#134,15,0,library code
piece,0x4f2600,563,LIBCMT.LIB#134,17,0,library code
piece,0x4f2840,370,LIBCMT.LIB#134,19,0,library code
piece,0x4f29c0,196,LIBCMT.LIB#134,21,0,library code
piece,0x4f2a90,462,LIBCMT.LIB#134,23,0,library code
piece,0x4f2c60,40,LIBCMT.LIB#135,2,0,library code
piece,0x4f2ca0,32,LIBCMT.LIB#135,6,0,library code
piece,0x4f2cc0,188,LIBCMT.LIB#370,5,0,library code
piece,0x4f2d80,20,LIBCMT.LIB#370,7,0,library code
piece,0x4f2da0,59,LIBCMT.LIB#223,1,0,library code
piece,0x4f2de0,122,LIBCMT.LIB#327,1,0,library code
piece,0x4f3010,144,LIBCMT.LIB#236,1,0,library code
piece,0x4f30a0,202,LIBCMT.LIB#41,1,0,library code
piece,0x4f3170,158,LIBCMT.LIB#246,1,0,library code
piece,0x4f3210,173,LIBCMT.LIB#235,1,0,library code
piece,0x4f32c0,93,LIBCMT.LIB#374,1,0,library code
piece,0x4f3320,43,LIBCMT.LIB#162,1,0,library code
piece,0x4f3350,108,LIBCMT.LIB#23,1,0,library code
piece,0x4f33c0,114,LIBCMT.LIB#23,3,0,library code
piece,0x4f3440,104,LIBCMT.LIB#146,1,0,library code
piece,0x4f3530,102,LIBCMT.LIB#533,2,0,library code
piece,0x4f35a0,105,LIBCMT.LIB#533,4,0,library code
piece,0x4f3610,157,LIBCMT.LIB#533,6,0,library code
piece,0x4f36b0,29,LIBCMT.LIB#533,8,0,library code
piece,0x4f36d0,15,LIBCMT.LIB#533,10,0,library code
piece,0x4f36e0,29,LIBCMT.LIB#533,12,0,library code
piece,0x4f3700,177,LIBCMT.LIB#533,14,0,library code
piece,0x4f37c0,463,LIBCMT.LIB#533,16,0,library code
piece,0x4f3990,24,LIBCMT.LIB#533,18,0,library code
piece,0x4f39b0,24,LIBCMT.LIB#533,20,0,library code
piece,0x4f39d0,128,LIBCMT.LIB#533,22,0,library code
piece,0x4f3a50,56,LIBCMT.LIB#533,24,0,library code
piece,0x4f3a90,56,LIBCMT.LIB#533,26,0,library code
piece,0x4f3ad0,56,LIBCMT.LIB#533,28,0,library code
piece,0x4f3b10,145,LIBCMT.LIB#1,1,0,library code
piece,0x4f3bb0,139,LIBCMT.LIB#529,1,0,library code
piece,0x4f3c40,190,LIBCMT.LIB#529,3,0,library code
piece,0x4f3d00,11,LIBCMT.LIB#333,1,0,library code
piece,0x4f3d10,1923,LIBCMT.LIB#535,1,0,library code
piece,0x4f44a0,73,LIBCMT.LIB#535,3,0,library code
piece,0x4f44f0,388,LIBCMT.LIB#266,2,0,library code
piece,0x4f4680,312,LIBCMT.LIB#266,6,0,library code
piece,0x4f47c0,158,LIBCMT.LIB#151,1,0,library code
piece,0x4f4860,26,LIBCMT.LIB#167,1,0,library code
piece,0x4f4880,921,LIBCMT.LIB#167,3,0,library code
piece,0x4f4c30,3467,LIBCMT.LIB#551,1,0,library code
piece,0x4f59c0,288,LIBCMT.LIB#544,1,0,library code
piece,0x4f5ae0,43,LIBCMT.LIB#581,1,0,library code
piece,0x4f5b10,40,LIBCMT.LIB#581,3,0,library code
piece,0x4f5b40,24,LIBCMT.LIB#581,5,0,library code
piece,0x4f5b60,273,LIBCMT.LIB#581,7,0,library code
piece,0x4f5c80,759,LIBCMT.LIB#581,10,0,library code
piece,0x4f5f80,22,LIBCMT.LIB#581,12,0,library code
piece,0x4f5fa0,48,LIBCMT.LIB#581,14,0,library code
piece,0x4f5fd0,155,LIBCMT.LIB#581,16,0,library code
piece,0x4f6070,32,LIBCMT.LIB#70,1,0,library code
piece,0x4f6090,32,LIBCMT.LIB#70,3,0,library code
piece,0x4f60b0,27,LIBCMT.LIB#70,5,0,library code
piece,0x4f60d0,31,LIBCMT.LIB#258,1,0,library code
piece,0x4f60f0,174,LIBCMT.LIB#287,2,0,library code
piece,0x4f61a0,881,LIBCMT.LIB#287,4,0,library code
piece,0x4f6520,563,LIBCMT.LIB#287,6,0,library code
piece,0x4f6760,246,LIBCMT.LIB#287,8,0,library code
piece,0x4f6860,502,LIBCMT.LIB#286,2,0,library code
piece,0x4f6a60,51,LIBCMT.LIB#286,5,0,library code
piece,0x4f6aa0,239,LIBCMT.LIB#285,2,0,library code
piece,0x4f6b90,331,LIBCMT.LIB#285,4,0,library code
piece,0x4f6d20,102,LIBCMT.LIB#285,8,0,library code
piece,0x4f6d90,699,LIBCMT.LIB#283,2,0,library code
piece,0x4f7060,58,LIBCMT.LIB#464,1,0,library code
piece,0x4f70a0,401,LIBCMT.LIB#281,124,0,library code
piece,0x4f72a0,138,LIBCMT.LIB#281,128,0,library code
piece,0x4f7610,94,LIBCMT.LIB#281,132,0,library code
piece,0x4f7750,62,LIBCMT.LIB#281,136,0,library code
piece,0x4f7830,27,LIBCMT.LIB#281,140,0,library code
piece,0x4f7850,227,LIBCMT.LIB#281,142,0,library code
piece,0x4f7940,33,LIBCMT.LIB#281,146,0,library code
piece,0x4f7970,130,LIBCMT.LIB#281,148,0,library code
piece,0x4f7a00,57,LIBCMT.LIB#281,150,0,library code
piece,0x4f7a40,297,LIBCMT.LIB#281,152,0,library code
piece,0x4f7b70,62,LIBCMT.LIB#281,154,0,library code
piece,0x4f7bb0,33,LIBCMT.LIB#281,156,0,library code
piece,0x4f7be0,113,LIBCMT.LIB#22,1,0,library code
piece,0x4f7c60,490,LIBCMT.LIB#22,3,0,library code
piece,0x4f7e50,50,LIBCMT.LIB#22,5,0,library code
piece,0x4f7e90,113,LIBCMT.LIB#12,1,0,library code
piece,0x4f7f10,254,LIBCMT.LIB#12,3,0,library code
piece,0x4f8010,45,LIBCMT.LIB#423,1,0,library code
piece,0x4f8040,131,LIBCMT.LIB#423,3,0,library code
piece,0x4f80d0,30,LIBCMT.LIB#486,1,0,library code
piece,0x4f80f0,143,LIBCMT.LIB#270,2,0,library code
piece,0x4f8180,147,LIBCMT.LIB#378,1,0,library code
piece,0x4f8220,514,LIBCMT.LIB#261,2,0,library code
piece,0x4f8470,709,LIBCMT.LIB#261,8,0,library code
piece,0x4f8770,515,LIBCMT.LIB#308,1,0,library code
piece,0x4f8980,116,LIBCMT.LIB#308,3,0,library code
piece,0x4f8a00,111,LIBCMT.LIB#308,5,0,library code
piece,0x4f8a70,208,LIBCMT.LIB#457,1,0,library code
piece,0x4f8b40,35,LIBCMT.LIB#534,1,0,library code
piece,0x4f8b70,104,LIBCMT.LIB#534,3,0,library code
piece,0x4f8be0,46,LIBCMT.LIB#534,5,0,library code
piece,0x4f8c10,45,LIBCMT.LIB#534,7,0,library code
piece,0x4f8c40,241,LIBCMT.LIB#534,9,0,library code
piece,0x4f8d40,898,LIBCMT.LIB#537,1,0,library code
piece,0x4f90d0,696,LIBCMT.LIB#536,1,0,library code
piece,0x4f9390,138,LIBCMT.LIB#536,3,0,library code
piece,0x4f9420,597,LIBCMT.LIB#582,1,0,library code
piece,0x4f9680,228,LIBCMT.LIB#514,46,0,library code
piece,0x4f9770,234,LIBCMT.LIB#514,48,0,library code
piece,0x4f9860,866,LIBCMT.LIB#514,50,0,library code
piece,0x4f9bd0,31,LIBCMT.LIB#514,52,0,library code
piece,0x4f9bf0,321,LIBCMT.LIB#514,54,0,library code
piece,0x4f9d40,1438,LIBCMT.LIB#514,56,0,library code
piece,0x4fa2e0,45,LIBCMT.LIB#514,58,0,library code
piece,0x4fa310,147,LIBCMT.LIB#514,60,0,library code
piece,0x4fa3b0,101,LIBCMT.LIB#514,62,0,library code
piece,0x4fa420,844,LIBCMT.LIB#514,64,0,library code
piece,0x4fa770,428,LIBCMT.LIB#284,1,0,library code
piece,0x4fa920,6,LIBCMT.LIB#290,3,0,library code
piece,0x4fa930,61,LIBCMT.LIB#25,1,0,library code
piece,0x4fa970,97,LIBCMT.LIB#25,3,0,library code
piece,0x4fa9e0,65,LIBCMT.LIB#25,5,0,library code
piece,0x4faa30,30,LIBCMT.LIB#25,7,0,library code
piece,0x4faa50,74,LIBCMT.LIB#25,9,0,library code
piece,0x4faaa0,129,LIBCMT.LIB#25,11,0,library code
piece,0x4fab30,32,LIBCMT.LIB#25,13,0,library code
piece,0x4fab50,257,LIBCMT.LIB#462,1,0,library code
piece,0x4fac60,194,LIBCMT.LIB#207,1,0,library code
piece,0x4fad30,80,LIBCMT.LIB#456,1,0,library code
piece,0x4fad80,304,LIBCMT.LIB#264,2,0,library code
piece,0x4faeb0,319,LIBCMT.LIB#264,4,0,library code
piece,0x4fb440,31,LIBCMT.LIB#563,1,0,library code
piece,0x4fb460,31,LIBCMT.LIB#563,3,0,library code
piece,0x4fb480,790,LIBCMT.LIB#563,5,0,library code
piece,0x4fb7a0,186,LIBCMT.LIB#577,1,0,library code
piece,0x4f2e60,421,LIBCMT.LIB#212,1,0,library code
piece,0x4f7240,93,LIBCMT.LIB#281,126,0,library code
piece,0x4f7330,723,LIBCMT.LIB#281,130,0,library code
piece,0x4f7670,222,LIBCMT.LIB#281,134,0,library code
piece,0x4f7790,158,LIBCMT.LIB#281,138,0,library code
piece,0x4e43d0,33,LIBCMT.LIB#145,1,0,library code
piece,0x4e4400,52,LIBCMT.LIB#142,1,0,library code
piece,0x4e4440,170,LIBCMT.LIB#141,1,0,library code
piece,0x4e44f0,31,LIBCMT.LIB#144,1,0,library code
piece,0x4e4b50,56,LIBCMT.LIB#460,1,0,library code
piece,0x4e5590,54,LIBCMT.LIB#62,1,0,library code
piece,0x4e5600,86,LIBCMT.LIB#62,5,0,library code
piece,0x4e5660,60,LIBCMT.LIB#62,6,0,library code
piece,0x4e5750,204,LIBCMT.LIB#62,11,0,library code
piece,0x4e6710,224,LIBCMT.LIB#252,1,0,library code
piece,0x4e67f0,203,LIBCMT.LIB#569,1,0,library code
piece,0x4e8c80,25,LIBCMT.LIB#564,2,0,library code
piece,0x4e8ca0,59,LIBCMT.LIB#564,3,0,library code
piece,0x4eace0,22,LIBCMT.LIB#338,8,0,library code
piece,0x4ead00,54,LIBCMT.LIB#338,9,0,library code
piece,0x4ead40,40,LIBCMT.LIB#338,10,0,library code
piece,0x4ead70,54,LIBCMT.LIB#338,11,0,library code
piece,0x4eadb0,40,LIBCMT.LIB#338,12,0,library code
piece,0x4ec4a0,17,LIBCMT.LIB#557,3,0,library code
piece,0x4ec4c0,40,LIBCMT.LIB#557,4,0,library code
piece,0x4ec4f0,89,LIBCMT.LIB#557,5,0,library code
piece,0x4ec550,519,LIBCMT.LIB#547,1,0,library code
piece,0x4ec760,458,LIBCMT.LIB#543,1,0,library code
piece,0x4ec930,83,LIBCMT.LIB#561,1,0,library code
piece,0x4ec990,396,LIBCMT.LIB#553,1,0,library code
piece,0x4ed760,117,LIBCMT.LIB#65,20,0,library code
piece,0x4ed860,142,LIBCMT.LIB#66,2,0,library code
piece,0x4f34b0,117,LIBCMT.LIB#147,1,0,library code
piece,0x4ff108,20,DDRAW.LIB#0,1,0,import tables
piece,0x4ff618,10,DDRAW.LIB#0,2,0,import tables
piece,0x4fc02c,4,DDRAW.LIB#8,2,0,import tables
piece,0x4ff210,4,DDRAW.LIB#8,3,0,import tables
piece,0x4ff604,20,DDRAW.LIB#8,4,0,import tables
piece,0x4fc030,4,DDRAW.LIB#2,1,0,import tables
piece,0x4ff214,4,DDRAW.LIB#2,2,0,import tables
piece,0x4ff11c,20,WIN32.LIB#0,2,0,import tables
piece,0x4ff642,10,WIN32.LIB#0,3,0,import tables
piece,0x4fc3b8,4,WIN32.LIB#180,4,0,import tables
piece,0x4ff59c,4,WIN32.LIB#180,5,0,import tables
piece,0x4ffa56,20,WIN32.LIB#180,6,0,import tables
piece,0x4fc3bc,4,WIN32.LIB#26,4,0,import tables
piece,0x4ff5a0,4,WIN32.LIB#26,5,0,import tables
piece,0x4ffa7e,16,WIN32.LIB#26,6,0,import tables
piece,0x4fc3c0,4,WIN32.LIB#24,4,0,import tables
piece,0x4ff5a4,4,WIN32.LIB#24,5,0,import tables
piece,0x4ffa10,16,WIN32.LIB#24,6,0,import tables
piece,0x4fc3c4,4,WIN32.LIB#184,4,0,import tables
piece,0x4ff5a8,4,WIN32.LIB#184,5,0,import tables
piece,0x4ffa20,20,WIN32.LIB#184,6,0,import tables
piece,0x4fc3c8,4,WIN32.LIB#21,4,0,import tables
piece,0x4ff5ac,4,WIN32.LIB#21,5,0,import tables
piece,0x4ffa34,18,WIN32.LIB#21,6,0,import tables
piece,0x4fc3cc,4,WIN32.LIB#23,4,0,import tables
piece,0x4ff5b0,4,WIN32.LIB#23,5,0,import tables
piece,0x4ffa46,16,WIN32.LIB#23,6,0,import tables
piece,0x4fc3d0,4,WIN32.LIB#193,4,0,import tables
piece,0x4ff5b4,4,WIN32.LIB#193,5,0,import tables
piece,0x4ffa6a,20,WIN32.LIB#193,6,0,import tables
piece,0x4fc3d4,4,WIN32.LIB#14,4,0,import tables
piece,0x4ff5b8,4,WIN32.LIB#14,5,0,import tables
piece,0x4ff634,14,WIN32.LIB#14,6,0,import tables
piece,0x4fc3d8,4,WIN32.LIB#55,4,0,import tables
piece,0x4ff5bc,4,WIN32.LIB#55,5,0,import tables
piece,0x4ff622,18,WIN32.LIB#55,6,0,import tables
piece,0x4fc3dc,4,WIN32.LIB#2,2,0,import tables
piece,0x4ff5c0,4,WIN32.LIB#2,3,0,import tables
piece,0x4ff130,20,KERNEL32.LIB#0,2,0,import tables
piece,0x4ff824,14,KERNEL32.LIB#0,3,0,import tables
piece,0x4fc094,4,KERNEL32.LIB#281,4,0,import tables
piece,0x4ff278,4,KERNEL32.LIB#281,5,0,import tables
piece,0x4ff72a,18,KERNEL32.LIB#281,6,0,import tables
piece,0x4fc098,4,KERNEL32.LIB#361,4,0,import tables
piece,0x4ff27c,4,KERNEL32.LIB#361,5,0,import tables
piece,0x4ff6dc,16,KERNEL32.LIB#361,6,0,import tables
piece,0x4fc09c,4,KERNEL32.LIB#351,4,0,import tables
piece,0x4ff280,4,KERNEL32.LIB#351,5,0,import tables
piece,0x4ff6ce,14,KERNEL32.LIB#351,6,0,import tables
piece,0x4fc0a0,4,KERNEL32.LIB#527,4,0,import tables
piece,0x4ff284,4,KERNEL32.LIB#527,5,0,import tables
piece,0x4ff80c,24,KERNEL32.LIB#527,6,0,import tables
piece,0x4fc0a4,4,KERNEL32.LIB#540,4,0,import tables
piece,0x4ff288,4,KERNEL32.LIB#540,5,0,import tables
piece,0x4ff7d4,18,KERNEL32.LIB#540,6,0,import tables
piece,0x4fc0a8,4,KERNEL32.LIB#255,4,0,import tables
piece,0x4ff28c,4,KERNEL32.LIB#255,5,0,import tables
piece,0x4ff74c,22,KERNEL32.LIB#255,6,0,import tables
piece,0x4fc0ac,4,KERNEL32.LIB#441,4,0,import tables
piece,0x4ff290,4,KERNEL32.LIB#441,5,0,import tables
piece,0x4ff7fa,18,KERNEL32.LIB#441,6,0,import tables
piece,0x4fc0b0,4,KERNEL32.LIB#67,4,0,import tables
piece,0x4ff294,4,KERNEL32.LIB#67,5,0,import tables
piece,0x4ff7e6,20,KERNEL32.LIB#67,6,0,import tables
piece,0x4fc0b4,4,KERNEL32.LIB#356,4,0,import tables
piece,0x4ff298,4,KERNEL32.LIB#356,5,0,import tables
piece,0x4ff798,22,KERNEL32.LIB#356,6,0,import tables
piece,0x4fc0b8,4,KERNEL32.LIB#638,4,0,import tables
piece,0x4ff29c,4,KERNEL32.LIB#638,5,0,import tables
piece,0x4ff7c8,12,KERNEL32.LIB#638,6,0,import tables
piece,0x4fc0bc,4,KERNEL32.LIB#456,4,0,import tables
piece,0x4ff2a0,4,KERNEL32.LIB#456,5,0,import tables
piece,0x4ff7ae,26,KERNEL32.LIB#456,6,0,import tables
piece,0x4fc0c0,4,KERNEL32.LIB#155,4,0,import tables
piece,0x4ff2a4,4,KERNEL32.LIB#155,5,0,import tables
piece,0x4ff762,14,KERNEL32.LIB#155,6,0,import tables
piece,0x4fc0c4,4,KERNEL32.LIB#277,4,0,import tables
piece,0x4ff2a8,4,KERNEL32.LIB#277,5,0,import tables
piece,0x4ff6b2,28,KERNEL32.LIB#277,6,0,import tables
piece,0x4fc0c8,4,KERNEL32.LIB#621,4,0,import tables
piece,0x4ff2ac,4,KERNEL32.LIB#621,5,0,import tables
piece,0x4ff714,22,KERNEL32.LIB#621,6,0,import tables
piece,0x4fc0cc,4,KERNEL32.LIB#216,4,0,import tables
piece,0x4ff2b0,4,KERNEL32.LIB#216,5,0,import tables
piece,0x4ff784,20,KERNEL32.LIB#216,6,0,import tables
piece,0x4fc0d0,4,KERNEL32.LIB#566,4,0,import tables
piece,0x4ff2b4,4,KERNEL32.LIB#566,5,0,import tables
piece,0x4ff770,20,KERNEL32.LIB#566,6,0,import tables
piece,0x4fc0d4,4,KERNEL32.LIB#403,4,0,import tables
piece,0x4ff2b8,4,KERNEL32.LIB#403,5,0,import tables
piece,0x4ff73c,16,KERNEL32.LIB#403,6,0,import tables
piece,0x4fc0d8,4,KERNEL32.LIB#271,4,0,import tables
piece,0x4ff2bc,4,KERNEL32.LIB#271,5,0,import tables
piece,0x4ff69a,24,KERNEL32.LIB#271,6,0,import tables
piece,0x4fc0dc,4,KERNEL32.LIB#328,4,0,import tables
piece,0x4ff2c0,4,KERNEL32.LIB#328,5,0,import tables
piece,0x4ff68a,16,KERNEL32.LIB#328,6,0,import tables
piece,0x4fc0e0,4,KERNEL32.LIB#578,4,0,import tables
piece,0x4ff2c4,4,KERNEL32.LIB#578,5,0,import tables
piece,0x4ff682,8,KERNEL32.LIB#578,6,0,import tables
piece,0x4fc0e4,4,KERNEL32.LIB#75,4,0,import tables
piece,0x4ff2c8,4,KERNEL32.LIB#75,5,0,import tables
piece,0x4ff674,14,KERNEL32.LIB#75,6,0,import tables
piece,0x4fc0e8,4,KERNEL32.LIB#52,4,0,import tables
piece,0x4ff2cc,4,KERNEL32.LIB#52,5,0,import tables
piece,0x4ff666,14,KERNEL32.LIB#52,6,0,import tables
piece,0x4fc0ec,4,KERNEL32.LIB#27,4,0,import tables
piece,0x4ff2d0,4,KERNEL32.LIB#27,5,0,import tables
piece,0x4ff658,14,KERNEL32.LIB#27,6,0,import tables
piece,0x4fc0f0,4,KERNEL32.LIB#673,4,0,import tables
piece,0x4ff2d4,4,KERNEL32.LIB#673,5,0,import tables
piece,0x4ff64c,12,KERNEL32.LIB#673,6,0,import tables
piece,0x4fc0f4,4,KERNEL32.LIB#670,4,0,import tables
piece,0x4ff2d8,4,KERNEL32.LIB#670,5,0,import tables
piece,0x4ff708,12,KERNEL32.LIB#670,6,0,import tables
piece,0x4fc0f8,4,KERNEL32.LIB#676,4,0,import tables
piece,0x4ff2dc,4,KERNEL32.LIB#676,5,0,import tables
piece,0x4ff6fc,12,KERNEL32.LIB#676,6,0,import tables
piece,0x4fc0fc,4,KERNEL32.LIB#354,4,0,import tables
piece,0x4ff2e0,4,KERNEL32.LIB#354,5,0,import tables
piece,0x4ff6ec,16,KERNEL32.LIB#354,6,0,import tables
piece,0x4fc100,4,KERNEL32.LIB#110,4,0,import tables
piece,0x4ff2e4,4,KERNEL32.LIB#110,5,0,import tables
piece,0x4ffdb4,14,KERNEL32.LIB#110,6,0,import tables
piece,0x4fc104,4,KERNEL32.LIB#430,4,0,import tables
piece,0x4ff2e8,4,KERNEL32.LIB#430,5,0,import tables
piece,0x4fffde,22,KERNEL32.LIB#430,6,0,import tables
piece,0x4fc108,4,KERNEL32.LIB#589,4,0,import tables
piece,0x4ff2ec,4,KERNEL32.LIB#589,5,0,import tables
piece,0x4fffd0,14,KERNEL32.LIB#589,6,0,import tables
piece,0x4fc10c,4,KERNEL32.LIB#240,4,0,import tables
piece,0x4ff2f0,4,KERNEL32.LIB#240,5,0,import tables
piece,0x4ffcd8,14,KERNEL32.LIB#240,6,0,import tables
piece,0x4fc110,4,KERNEL32.LIB#250,4,0,import tables
piece,0x4ff2f4,4,KERNEL32.LIB#250,5,0,import tables
piece,0x500222,18,KERNEL32.LIB#250,6,0,import tables
piece,0x4fc114,4,KERNEL32.LIB#34,4,0,import tables
piece,0x4ff2f8,4,KERNEL32.LIB#34,5,0,import tables
piece,0x500210,18,KERNEL32.LIB#34,6,0,import tables
piece,0x4fc118,4,KERNEL32.LIB#33,4,0,import tables
piece,0x4ff2fc,4,KERNEL32.LIB#33,5,0,import tables
piece,0x5001fe,18,KERNEL32.LIB#33,6,0,import tables
piece,0x4fc11c,4,KERNEL32.LIB#332,4,0,import tables
piece,0x4ff300,4,KERNEL32.LIB#332,5,0,import tables
piece,0x5001e8,22,KERNEL32.LIB#332,6,0,import tables
piece,0x4fc120,4,KERNEL32.LIB#104,4,0,import tables
piece,0x4ff304,4,KERNEL32.LIB#104,5,0,import tables
piece,0x5001d2,22,KERNEL32.LIB#104,6,0,import tables
piece,0x4fc124,4,KERNEL32.LIB#249,4,0,import tables
piece,0x4ff308,4,KERNEL32.LIB#249,5,0,import tables
piece,0x5001c0,18,KERNEL32.LIB#249,6,0,import tables
piece,0x4fc128,4,KERNEL32.LIB#398,4,0,import tables
piece,0x4ff30c,4,KERNEL32.LIB#398,5,0,import tables
piece,0x5001ae,18,KERNEL32.LIB#398,6,0,import tables
piece,0x4fc12c,4,KERNEL32.LIB#399,4,0,import tables
piece,0x4ff310,4,KERNEL32.LIB#399,5,0,import tables
piece,0x50019e,16,KERNEL32.LIB#399,6,0,import tables
piece,0x4fc130,4,KERNEL32.LIB#387,4,0,import tables
piece,0x4ff314,4,KERNEL32.LIB#387,5,0,import tables
piece,0x50018e,16,KERNEL32.LIB#387,6,0,import tables
piece,0x4fc134,4,KERNEL32.LIB#393,4,0,import tables
piece,0x4ff318,4,KERNEL32.LIB#393,5,0,import tables
piece,0x50017e,16,KERNEL32.LIB#393,6,0,import tables
piece,0x4fc138,4,KERNEL32.LIB#390,4,0,import tables
piece,0x4ff31c,4,KERNEL32.LIB#390,5,0,import tables
piece,0x50016e,16,KERNEL32.LIB#390,6,0,import tables
piece,0x4fc13c,4,KERNEL32.LIB#145,4,0,import tables
piece,0x4ff320,4,KERNEL32.LIB#145,5,0,import tables
piece,0x50015a,20,KERNEL32.LIB#145,6,0,import tables
piece,0x4fc140,4,KERNEL32.LIB#305,4,0,import tables
piece,0x4ff324,4,KERNEL32.LIB#305,5,0,import tables
piece,0x500148,18,KERNEL32.LIB#305,6,0,import tables
piece,0x4fc144,4,KERNEL32.LIB#302,4,0,import tables
piece,0x4ff328,4,KERNEL32.LIB#302,5,0,import tables
piece,0x500136,18,KERNEL32.LIB#302,6,0,import tables
piece,0x4fc148,4,KERNEL32.LIB#556,4,0,import tables
piece,0x4ff32c,4,KERNEL32.LIB#556,5,0,import tables
piece,0x500126,16,KERNEL32.LIB#556,6,0,import tables
piece,0x4fc14c,4,KERNEL32.LIB#365,4,0,import tables
piece,0x4ff330,4,KERNEL32.LIB#365,5,0,import tables
piece,0x500118,14,KERNEL32.LIB#365,6,0,import tables
piece,0x4fc150,4,KERNEL32.LIB#367,4,0,import tables
piece,0x4ff334,4,KERNEL32.LIB#367,5,0,import tables
piece,0x50010a,14,KERNEL32.LIB#367,6,0,import tables
piece,0x4fc154,4,KERNEL32.LIB#242,4,0,import tables
piece,0x4ff338,4,KERNEL32.LIB#242,5,0,import tables
piece,0x5000fc,14,KERNEL32.LIB#242,6,0,import tables
piece,0x4fc158,4,KERNEL32.LIB#301,4,0,import tables
piece,0x4ff33c,4,KERNEL32.LIB#301,5,0,import tables
piece,0x5000ec,16,KERNEL32.LIB#301,6,0,import tables
piece,0x4fc15c,4,KERNEL32.LIB#542,4,0,import tables
piece,0x4ff340,4,KERNEL32.LIB#542,5,0,import tables
piece,0x5000da,18,KERNEL32.LIB#542,6,0,import tables
piece,0x4fc160,4,KERNEL32.LIB#230,4,0,import tables
piece,0x4ff344,4,KERNEL32.LIB#230,5,0,import tables
piece,0x5000c0,26,KERNEL32.LIB#230,6,0,import tables
piece,0x4fc164,4,KERNEL32.LIB#355,4,0,import tables
piece,0x4ff348,4,KERNEL32.LIB#355,5,0,import tables
piece,0x4ffa8e,14,KERNEL32.LIB#355,6,0,import tables
piece,0x4fc168,4,KERNEL32.LIB#358,4,0,import tables
piece,0x4ff34c,4,KERNEL32.LIB#358,5,0,import tables
piece,0x4ffa9c,14,KERNEL32.LIB#358,6,0,import tables
piece,0x4fc16c,4,KERNEL32.LIB#336,4,0,import tables
piece,0x4ff350,4,KERNEL32.LIB#336,5,0,import tables
piece,0x4ffaaa,16,KERNEL32.LIB#336,6,0,import tables
piece,0x4fc170,4,KERNEL32.LIB#535,4,0,import tables
piece,0x4ff354,4,KERNEL32.LIB#535,5,0,import tables
piece,0x4ffaba,12,KERNEL32.LIB#535,6,0,import tables
piece,0x4fc174,4,KERNEL32.LIB#383,4,0,import tables
piece,0x4ff358,4,KERNEL32.LIB#383,5,0,import tables
piece,0x4ffac6,22,KERNEL32.LIB#383,6,0,import tables
piece,0x4fc178,4,KERNEL32.LIB#226,4,0,import tables
piece,0x4ff35c,4,KERNEL32.LIB#226,5,0,import tables
piece,0x4ffadc,16,KERNEL32.LIB#226,6,0,import tables
piece,0x4fc17c,4,KERNEL32.LIB#338,4,0,import tables
piece,0x4ff360,4,KERNEL32.LIB#338,5,0,import tables
piece,0x4ffaec,24,KERNEL32.LIB#338,6,0,import tables
piece,0x4fc180,4,KERNEL32.LIB#243,4,0,import tables
piece,0x4ff364,4,KERNEL32.LIB#243,5,0,import tables
piece,0x4ffb04,20,KERNEL32.LIB#243,6,0,import tables
piece,0x4fc184,4,KERNEL32.LIB#49,4,0,import tables
piece,0x4ff368,4,KERNEL32.LIB#49,5,0,import tables
piece,0x4ffb18,16,KERNEL32.LIB#49,6,0,import tables
piece,0x4fc188,4,KERNEL32.LIB#484,4,0,import tables
piece,0x4ff36c,4,KERNEL32.LIB#484,5,0,import tables
piece,0x4ffb28,14,KERNEL32.LIB#484,6,0,import tables
piece,0x4fc18c,4,KERNEL32.LIB#445,4,0,import tables
piece,0x4ff370,4,KERNEL32.LIB#445,5,0,import tables
piece,0x4ffb36,22,KERNEL32.LIB#445,6,0,import tables
piece,0x4fc190,4,KERNEL32.LIB#217,4,0,import tables
piece,0x4ff374,4,KERNEL32.LIB#217,5,0,import tables
piece,0x4ffb4c,22,KERNEL32.LIB#217,6,0,import tables
piece,0x4fc194,4,KERNEL32.LIB#402,4,0,import tables
piece,0x4ff378,4,KERNEL32.LIB#402,5,0,import tables
piece,0x4ffb62,24,KERNEL32.LIB#402,6,0,import tables
piece,0x4fc198,4,KERNEL32.LIB#91,4,0,import tables
piece,0x4ff37c,4,KERNEL32.LIB#91,5,0,import tables
piece,0x4ffb7a,24,KERNEL32.LIB#91,6,0,import tables
piece,0x4fc19c,4,KERNEL32.LIB#612,4,0,import tables
piece,0x4ff380,4,KERNEL32.LIB#612,5,0,import tables
piece,0x4ffb92,18,KERNEL32.LIB#612,6,0,import tables
piece,0x4fc1a0,4,KERNEL32.LIB#614,4,0,import tables
piece,0x4ff384,4,KERNEL32.LIB#614,5,0,import tables
piece,0x4ffba4,16,KERNEL32.LIB#614,6,0,import tables
piece,0x4fc1a4,4,KERNEL32.LIB#173,4,0,import tables
piece,0x4ff388,4,KERNEL32.LIB#173,5,0,import tables
piece,0x4ffbb4,18,KERNEL32.LIB#173,6,0,import tables
piece,0x4fc1a8,4,KERNEL32.LIB#70,4,0,import tables
piece,0x4ff38c,4,KERNEL32.LIB#70,5,0,import tables
piece,0x4ffbc6,16,KERNEL32.LIB#70,6,0,import tables
piece,0x4fc1ac,4,KERNEL32.LIB#569,4,0,import tables
piece,0x4ff390,4,KERNEL32.LIB#569,5,0,import tables
piece,0x4ffbd6,30,KERNEL32.LIB#569,6,0,import tables
piece,0x4fc1b0,4,KERNEL32.LIB#324,4,0,import tables
piece,0x4ff394,4,KERNEL32.LIB#324,5,0,import tables
piece,0x4ffbf4,20,KERNEL32.LIB#324,6,0,import tables
piece,0x4fc1b4,4,KERNEL32.LIB#344,4,0,import tables
piece,0x4ff398,4,KERNEL32.LIB#344,5,0,import tables
piece,0x4ffc08,14,KERNEL32.LIB#344,6,0,import tables
piece,0x4fc1b8,4,KERNEL32.LIB#380,4,0,import tables
piece,0x4ff39c,4,KERNEL32.LIB#380,5,0,import tables
piece,0x4ffc16,28,KERNEL32.LIB#380,6,0,import tables
piece,0x4fc1bc,4,KERNEL32.LIB#606,4,0,import tables
piece,0x4ff3a0,4,KERNEL32.LIB#606,5,0,import tables
piece,0x4ffc32,16,KERNEL32.LIB#606,6,0,import tables
piece,0x4fc1c0,4,KERNEL32.LIB#609,4,0,import tables
piece,0x4ff3a4,4,KERNEL32.LIB#609,5,0,import tables
piece,0x4ffc42,14,KERNEL32.LIB#609,6,0,import tables
piece,0x4fc1c4,4,KERNEL32.LIB#257,4,0,import tables
piece,0x4ff3a8,4,KERNEL32.LIB#257,5,0,import tables
piece,0x4ffc50,20,KERNEL32.LIB#257,6,0,import tables
piece,0x4fc1c8,4,KERNEL32.LIB#214,4,0,import tables
piece,0x4ff3ac,4,KERNEL32.LIB#214,5,0,import tables
piece,0x4ffc64,20,KERNEL32.LIB#214,6,0,import tables
piece,0x4fc1cc,4,KERNEL32.LIB#247,4,0,import tables
piece,0x4ff3b0,4,KERNEL32.LIB#247,5,0,import tables
piece,0x4ffc78,16,KERNEL32.LIB#247,6,0,import tables
piece,0x4fc1d0,4,KERNEL32.LIB#310,4,0,import tables
piece,0x4ff3b4,4,KERNEL32.LIB#310,5,0,import tables
piece,0x4ffc88,16,KERNEL32.LIB#310,6,0,import tables
piece,0x4fc1d4,4,KERNEL32.LIB#121,4,0,import tables
piece,0x4ff3b8,4,KERNEL32.LIB#121,5,0,import tables
piece,0x4ffc98,24,KERNEL32.LIB#121,6,0,import tables
piece,0x4fc1d8,4,KERNEL32.LIB#122,4,0,import tables
piece,0x4ff3bc,4,KERNEL32.LIB#122,5,0,import tables
piece,0x4ffcb0,26,KERNEL32.LIB#122,6,0,import tables
piece,0x4fc1dc,4,KERNEL32.LIB#241,4,0,import tables
piece,0x4ff3c0,4,KERNEL32.LIB#241,5,0,import tables
piece,0x4ffcca,14,KERNEL32.LIB#241,6,0,import tables
piece,0x4fc1e0,4,KERNEL32.LIB#153,4,0,import tables
piece,0x4ff3c4,4,KERNEL32.LIB#153,5,0,import tables
piece,0x500074,26,KERNEL32.LIB#153,6,0,import tables
piece,0x4fc1e4,4,KERNEL32.LIB#79,4,0,import tables
piece,0x4ff3c8,4,KERNEL32.LIB#79,5,0,import tables
piece,0x4ffce6,24,KERNEL32.LIB#79,6,0,import tables
piece,0x4fc1e8,4,KERNEL32.LIB#423,4,0,import tables
piece,0x4ff3cc,4,KERNEL32.LIB#423,5,0,import tables
piece,0x4ffcfe,16,KERNEL32.LIB#423,6,0,import tables
piece,0x4fc1ec,4,KERNEL32.LIB#53,4,0,import tables
piece,0x4ff3d0,4,KERNEL32.LIB#53,5,0,import tables
piece,0x4ffd0e,22,KERNEL32.LIB#53,6,0,import tables
piece,0x4fc1f0,4,KERNEL32.LIB#598,4,0,import tables
piece,0x4ff3d4,4,KERNEL32.LIB#598,5,0,import tables
piece,0x4ffd24,18,KERNEL32.LIB#598,6,0,import tables
piece,0x4fc1f4,4,KERNEL32.LIB#583,4,0,import tables
piece,0x4ff3d8,4,KERNEL32.LIB#583,5,0,import tables
piece,0x4ffd36,24,KERNEL32.LIB#583,6,0,import tables
piece,0x4fc1f8,4,KERNEL32.LIB#312,4,0,import tables
piece,0x4ff3dc,4,KERNEL32.LIB#312,5,0,import tables
piece,0x4ffd4e,16,KERNEL32.LIB#312,6,0,import tables
piece,0x4fc1fc,4,KERNEL32.LIB#457,4,0,import tables
piece,0x4ff3e0,4,KERNEL32.LIB#457,5,0,import tables
piece,0x4ffd5e,28,KERNEL32.LIB#457,6,0,import tables
piece,0x4fc200,4,KERNEL32.LIB#551,4,0,import tables
piece,0x4ff3e4,4,KERNEL32.LIB#551,5,0,import tables
piece,0x4ffd7a,20,KERNEL32.LIB#551,6,0,import tables
piece,0x4fc204,4,KERNEL32.LIB#270,4,0,import tables
piece,0x4ff3e8,4,KERNEL32.LIB#270,5,0,import tables
piece,0x4ffd8e,20,KERNEL32.LIB#270,6,0,import tables
piece,0x4fc208,4,KERNEL32.LIB#83,4,0,import tables
piece,0x4ff3ec,4,KERNEL32.LIB#83,5,0,import tables
piece,0x4ffda2,18,KERNEL32.LIB#83,6,0,import tables
piece,0x4fc20c,4,KERNEL32.LIB#228,4,0,import tables
piece,0x4ff3f0,4,KERNEL32.LIB#228,5,0,import tables
piece,0x5000a8,24,KERNEL32.LIB#228,6,0,import tables
piece,0x4fc210,4,KERNEL32.LIB#585,4,0,import tables
piece,0x4ff3f4,4,KERNEL32.LIB#585,5,0,import tables
piece,0x4ffdc2,20,KERNEL32.LIB#585,6,0,import tables
piece,0x4fc214,4,KERNEL32.LIB#488,4,0,import tables
piece,0x4ff3f8,4,KERNEL32.LIB#488,5,0,import tables
piece,0x4ffdd6,12,KERNEL32.LIB#488,6,0,import tables
piece,0x4fc218,4,KERNEL32.LIB#382,4,0,import tables
piece,0x4ff3fc,4,KERNEL32.LIB#382,5,0,import tables
piece,0x4ffde2,24,KERNEL32.LIB#382,6,0,import tables
piece,0x4fc21c,4,KERNEL32.LIB#385,4,0,import tables
piece,0x4ff400,4,KERNEL32.LIB#385,5,0,import tables
piece,0x4ffdfa,24,KERNEL32.LIB#385,6,0,import tables
piece,0x4fc220,4,KERNEL32.LIB#590,4,0,import tables
piece,0x4ff404,4,KERNEL32.LIB#590,5,0,import tables
piece,0x4ffe12,14,KERNEL32.LIB#590,6,0,import tables
piece,0x4fc224,4,KERNEL32.LIB#111,4,0,import tables
piece,0x4ff408,4,KERNEL32.LIB#111,5,0,import tables
piece,0x4ffe20,14,KERNEL32.LIB#111,6,0,import tables
piece,0x4fc228,4,KERNEL32.LIB#331,4,0,import tables
piece,0x4ff40c,4,KERNEL32.LIB#331,5,0,import tables
piece,0x4ffe2e,26,KERNEL32.LIB#331,6,0,import tables
piece,0x4fc22c,4,KERNEL32.LIB#248,4,0,import tables
piece,0x4ff410,4,KERNEL32.LIB#248,5,0,import tables
piece,0x4ffe48,16,KERNEL32.LIB#248,6,0,import tables
piece,0x4fc230,4,KERNEL32.LIB#504,4,0,import tables
piece,0x4ff414,4,KERNEL32.LIB#504,5,0,import tables
piece,0x4ffe58,24,KERNEL32.LIB#504,6,0,import tables
piece,0x4fc234,4,KERNEL32.LIB#299,4,0,import tables
piece,0x4ff418,4,KERNEL32.LIB#299,5,0,import tables
piece,0x4ffe70,18,KERNEL32.LIB#299,6,0,import tables
piece,0x4fc238,4,KERNEL32.LIB#335,4,0,import tables
piece,0x4ff41c,4,KERNEL32.LIB#335,5,0,import tables
piece,0x4ffe82,14,KERNEL32.LIB#335,6,0,import tables
piece,0x4fc23c,4,KERNEL32.LIB#531,4,0,import tables
piece,0x4ff420,4,KERNEL32.LIB#531,5,0,import tables
piece,0x4ffe90,16,KERNEL32.LIB#531,6,0,import tables
piece,0x4fc240,4,KERNEL32.LIB#485,4,0,import tables
piece,0x4ff424,4,KERNEL32.LIB#485,5,0,import tables
piece,0x4ffea0,16,KERNEL32.LIB#485,6,0,import tables
piece,0x4fc244,4,KERNEL32.LIB#425,4,0,import tables
piece,0x4ff428,4,KERNEL32.LIB#425,5,0,import tables
piece,0x4ffeb0,12,KERNEL32.LIB#425,6,0,import tables
piece,0x4fc248,4,KERNEL32.LIB#81,4,0,import tables
piece,0x4ff42c,4,KERNEL32.LIB#81,5,0,import tables
piece,0x4ffebc,14,KERNEL32.LIB#81,6,0,import tables
piece,0x4fc24c,4,KERNEL32.LIB#212,4,0,import tables
piece,0x4ff430,4,KERNEL32.LIB#212,5,0,import tables
piece,0x4ffeca,24,KERNEL32.LIB#212,6,0,import tables
piece,0x4fc250,4,KERNEL32.LIB#532,4,0,import tables
piece,0x4ff434,4,KERNEL32.LIB#532,5,0,import tables
piece,0x4ffee2,26,KERNEL32.LIB#532,6,0,import tables
piece,0x4fc254,4,KERNEL32.LIB#133,4,0,import tables
piece,0x4ff438,4,KERNEL32.LIB#133,5,0,import tables
piece,0x4ffefc,18,KERNEL32.LIB#133,6,0,import tables
piece,0x4fc258,4,KERNEL32.LIB#138,4,0,import tables
piece,0x4ff43c,4,KERNEL32.LIB#138,5,0,import tables
piece,0x4fff0e,16,KERNEL32.LIB#138,6,0,import tables
piece,0x4fc25c,4,KERNEL32.LIB#129,4,0,import tables
piece,0x4ff440,4,KERNEL32.LIB#129,5,0,import tables
piece,0x4fff1e,12,KERNEL32.LIB#129,6,0,import tables
piece,0x4fc260,4,KERNEL32.LIB#123,4,0,import tables
piece,0x4ff444,4,KERNEL32.LIB#123,5,0,import tables
piece,0x4fff2a,24,KERNEL32.LIB#123,6,0,import tables
piece,0x4fc264,4,KERNEL32.LIB#45,4,0,import tables
piece,0x4ff448,4,KERNEL32.LIB#45,5,0,import tables
piece,0x4fff42,20,KERNEL32.LIB#45,6,0,import tables
piece,0x4fc268,4,KERNEL32.LIB#460,4,0,import tables
piece,0x4ff44c,4,KERNEL32.LIB#460,5,0,import tables
piece,0x4fff56,18,KERNEL32.LIB#460,6,0,import tables
piece,0x4fc26c,4,KERNEL32.LIB#369,4,0,import tables
piece,0x4ff450,4,KERNEL32.LIB#369,5,0,import tables
piece,0x4fff68,12,KERNEL32.LIB#369,6,0,import tables
piece,0x4fc270,4,KERNEL32.LIB#363,4,0,import tables
piece,0x4ff454,4,KERNEL32.LIB#363,5,0,import tables
piece,0x4fff74,12,KERNEL32.LIB#363,6,0,import tables
piece,0x4fc274,4,KERNEL32.LIB#373,4,0,import tables
piece,0x4ff458,4,KERNEL32.LIB#373,5,0,import tables
piece,0x4fff80,12,KERNEL32.LIB#373,6,0,import tables
piece,0x4fc278,4,KERNEL32.LIB#372,4,0,import tables
piece,0x4ff45c,4,KERNEL32.LIB#372,5,0,import tables
piece,0x4fff8c,14,KERNEL32.LIB#372,6,0,import tables
piece,0x4fc27c,4,KERNEL32.LIB#118,4,0,import tables
piece,0x4ff460,4,KERNEL32.LIB#118,5,0,import tables
piece,0x4fff9a,16,KERNEL32.LIB#118,6,0,import tables
piece,0x4fc280,4,KERNEL32.LIB#587,4,0,import tables
piece,0x4ff464,4,KERNEL32.LIB#587,5,0,import tables
piece,0x4fffaa,12,KERNEL32.LIB#587,6,0,import tables
piece,0x4fc284,4,KERNEL32.LIB#588,4,0,import tables
piece,0x4ff468,4,KERNEL32.LIB#588,5,0,import tables
piece,0x4fffb6,10,KERNEL32.LIB#588,6,0,import tables
piece,0x4fc288,4,KERNEL32.LIB#545,4,0,import tables
piece,0x4ff46c,4,KERNEL32.LIB#545,5,0,import tables
piece,0x4fffc0,16,KERNEL32.LIB#545,6,0,import tables
piece,0x4fc28c,4,KERNEL32.LIB#473,4,0,import tables
piece,0x4ff470,4,KERNEL32.LIB#473,5,0,import tables
piece,0x50002a,12,KERNEL32.LIB#473,6,0,import tables
piece,0x4fc290,4,KERNEL32.LIB#154,4,0,import tables
piece,0x4ff474,4,KERNEL32.LIB#154,5,0,import tables
piece,0x50008e,26,KERNEL32.LIB#154,6,0,import tables
piece,0x4fc294,4,KERNEL32.LIB#625,4,0,import tables
piece,0x4ff478,4,KERNEL32.LIB#625,5,0,import tables
piece,0x4ffff4,22,KERNEL32.LIB#625,6,0,import tables
piece,0x4fc298,4,KERNEL32.LIB#400,4,0,import tables
piece,0x4ff47c,4,KERNEL32.LIB#400,5,0,import tables
piece,0x50000a,16,KERNEL32.LIB#400,6,0,import tables
piece,0x4fc29c,4,KERNEL32.LIB#401,4,0,import tables
piece,0x4ff480,4,KERNEL32.LIB#401,5,0,import tables
piece,0x50001a,16,KERNEL32.LIB#401,6,0,import tables
piece,0x4fc2a0,4,KERNEL32.LIB#595,4,0,import tables
piece,0x4ff484,4,KERNEL32.LIB#595,5,0,import tables
piece,0x500036,28,KERNEL32.LIB#595,6,0,import tables
piece,0x4fc2a4,4,KERNEL32.LIB#166,4,0,import tables
piece,0x4ff488,4,KERNEL32.LIB#166,5,0,import tables
piece,0x500052,12,KERNEL32.LIB#166,6,0,import tables
piece,0x4fc2a8,4,KERNEL32.LIB#160,4,0,import tables
piece,0x4ff48c,4,KERNEL32.LIB#160,5,0,import tables
piece,0x50005e,10,KERNEL32.LIB#160,6,0,import tables
piece,0x4fc2ac,4,KERNEL32.LIB#268,4,0,import tables
piece,0x4ff490,4,KERNEL32.LIB#268,5,0,import tables
piece,0x500068,12,KERNEL32.LIB#268,6,0,import tables
piece,0x4fc2b0,4,KERNEL32.LIB#2,2,0,import tables
piece,0x4ff494,4,KERNEL32.LIB#2,3,0,import tables
piece,0x4ff144,20,USER32.LIB#0,2,0,import tables
piece,0x4ff92c,12,USER32.LIB#0,3,0,import tables
piece,0x4fc2bc,4,USER32.LIB#215,4,0,import tables
piece,0x4ff4a0,4,USER32.LIB#215,5,0,import tables
piece,0x500386,16,USER32.LIB#215,6,0,import tables
piece,0x4fc2c0,4,USER32.LIB#380,4,0,import tables
piece,0x4ff4a4,4,USER32.LIB#380,5,0,import tables
piece,0x4ff91e,14,USER32.LIB#380,6,0,import tables
piece,0x4fc2c4,4,USER32.LIB#192,4,0,import tables
piece,0x4ff4a8,4,USER32.LIB#192,5,0,import tables
piece,0x500396,14,USER32.LIB#192,6,0,import tables
piece,0x4fc2c8,4,USER32.LIB#337,4,0,import tables
piece,0x4ff4ac,4,USER32.LIB#337,5,0,import tables
piece,0x5003a4,20,USER32.LIB#337,6,0,import tables
piece,0x4fc2cc,4,USER32.LIB#129,4,0,import tables
piece,0x4ff4b0,4,USER32.LIB#129,5,0,import tables
piece,0x500312,18,USER32.LIB#129,6,0,import tables
piece,0x4fc2d0,4,USER32.LIB#409,4,0,import tables
piece,0x4ff4b4,4,USER32.LIB#409,5,0,import tables
piece,0x500324,16,USER32.LIB#409,6,0,import tables
piece,0x4fc2d4,4,USER32.LIB#407,4,0,import tables
piece,0x4ff4b8,4,USER32.LIB#407,5,0,import tables
piece,0x4ff900,16,USER32.LIB#407,6,0,import tables
piece,0x4fc2d8,4,USER32.LIB#265,4,0,import tables
piece,0x4ff4bc,4,USER32.LIB#265,5,0,import tables
piece,0x4ff910,14,USER32.LIB#265,6,0,import tables
piece,0x4fc2dc,4,USER32.LIB#340,4,0,import tables
piece,0x4ff4c0,4,USER32.LIB#340,5,0,import tables
piece,0x50052e,12,USER32.LIB#340,6,0,import tables
piece,0x4fc2e0,4,USER32.LIB#237,4,0,import tables
piece,0x4ff4c4,4,USER32.LIB#237,5,0,import tables
piece,0x4ff832,12,USER32.LIB#237,6,0,import tables
piece,0x4fc2e4,4,USER32.LIB#226,4,0,import tables
piece,0x4ff4c8,4,USER32.LIB#226,5,0,import tables
piece,0x4ff83e,16,USER32.LIB#226,6,0,import tables
piece,0x4fc2e8,4,USER32.LIB#558,4,0,import tables
piece,0x4ff4cc,4,USER32.LIB#558,5,0,import tables
piece,0x4ff84e,12,USER32.LIB#558,6,0,import tables
piece,0x4fc2ec,4,USER32.LIB#245,4,0,import tables
piece,0x4ff4d0,4,USER32.LIB#245,5,0,import tables
piece,0x4ff85a,14,USER32.LIB#245,6,0,import tables
piece,0x4fc2f0,4,USER32.LIB#499,4,0,import tables
piece,0x4ff4d4,4,USER32.LIB#499,5,0,import tables
piece,0x4ff868,16,USER32.LIB#499,6,0,import tables
piece,0x4fc2f4,4,USER32.LIB#426,4,0,import tables
piece,0x4ff4d8,4,USER32.LIB#426,5,0,import tables
piece,0x4ff878,12,USER32.LIB#426,6,0,import tables
piece,0x4fc2f8,4,USER32.LIB#227,4,0,import tables
piece,0x4ff4dc,4,USER32.LIB#227,5,0,import tables
piece,0x4ff884,8,USER32.LIB#227,6,0,import tables
piece,0x4fc2fc,4,USER32.LIB#56,4,0,import tables
piece,0x4ff4e0,4,USER32.LIB#56,5,0,import tables
piece,0x4ff88c,18,USER32.LIB#56,6,0,import tables
piece,0x4fc300,4,USER32.LIB#381,4,0,import tables
piece,0x4ff4e4,4,USER32.LIB#381,5,0,import tables
piece,0x4ff89e,14,USER32.LIB#381,6,0,import tables
piece,0x4fc304,4,USER32.LIB#177,4,0,import tables
piece,0x4ff4e8,4,USER32.LIB#177,5,0,import tables
piece,0x4ff8ac,12,USER32.LIB#177,6,0,import tables
piece,0x4fc308,4,USER32.LIB#12,4,0,import tables
piece,0x4ff4ec,4,USER32.LIB#12,5,0,import tables
piece,0x4ff8b8,14,USER32.LIB#12,6,0,import tables
piece,0x4fc30c,4,USER32.LIB#411,4,0,import tables
piece,0x4ff4f0,4,USER32.LIB#411,5,0,import tables
piece,0x4ff8c6,18,USER32.LIB#411,6,0,import tables
piece,0x4fc310,4,USER32.LIB#143,4,0,import tables
piece,0x4ff4f4,4,USER32.LIB#143,5,0,import tables
piece,0x4ff8d8,20,USER32.LIB#143,6,0,import tables
piece,0x4fc314,4,USER32.LIB#58,4,0,import tables
piece,0x4ff4f8,4,USER32.LIB#58,5,0,import tables
piece,0x500234,18,USER32.LIB#58,6,0,import tables
piece,0x4fc318,4,USER32.LIB#220,4,0,import tables
piece,0x4ff4fc,4,USER32.LIB#220,5,0,import tables
piece,0x500246,20,USER32.LIB#220,6,0,import tables
piece,0x4fc31c,4,USER32.LIB#398,4,0,import tables
piece,0x4ff500,4,USER32.LIB#398,5,0,import tables
piece,0x50025a,16,USER32.LIB#398,6,0,import tables
piece,0x4fc320,4,USER32.LIB#326,4,0,import tables
piece,0x4ff504,4,USER32.LIB#326,5,0,import tables
piece,0x50026a,16,USER32.LIB#326,6,0,import tables
piece,0x4fc324,4,USER32.LIB#287,4,0,import tables
piece,0x4ff508,4,USER32.LIB#287,5,0,import tables
piece,0x50027a,20,USER32.LIB#287,6,0,import tables
piece,0x4fc328,4,USER32.LIB#138,4,0,import tables
piece,0x4ff50c,4,USER32.LIB#138,5,0,import tables
piece,0x50028e,16,USER32.LIB#138,6,0,import tables
piece,0x4fc32c,4,USER32.LIB#543,4,0,import tables
piece,0x4ff510,4,USER32.LIB#543,5,0,import tables
piece,0x50029e,16,USER32.LIB#543,6,0,import tables
piece,0x4fc330,4,USER32.LIB#512,4,0,import tables
piece,0x4ff514,4,USER32.LIB#512,5,0,import tables
piece,0x5002ae,14,USER32.LIB#512,6,0,import tables
piece,0x4fc334,4,USER32.LIB#86,4,0,import tables
piece,0x4ff518,4,USER32.LIB#86,5,0,import tables
piece,0x5002bc,18,USER32.LIB#86,6,0,import tables
piece,0x4fc338,4,USER32.LIB#416,4,0,import tables
piece,0x4ff51c,4,USER32.LIB#416,5,0,import tables
piece,0x5002ce,18,USER32.LIB#416,6,0,import tables
piece,0x4fc33c,4,USER32.LIB#354,4,0,import tables
piece,0x4ff520,4,USER32.LIB#354,5,0,import tables
piece,0x5002e0,14,USER32.LIB#354,6,0,import tables
piece,0x4fc340,4,USER32.LIB#358,4,0,import tables
piece,0x4ff524,4,USER32.LIB#358,5,0,import tables
piece,0x5002ee,12,USER32.LIB#358,6,0,import tables
piece,0x4fc344,4,USER32.LIB#517,4,0,import tables
piece,0x4ff528,4,USER32.LIB#517,5,0,import tables
piece,0x5002fa,24,USER32.LIB#517,6,0,import tables
piece,0x4fc348,4,USER32.LIB#302,4,0,import tables
piece,0x4ff52c,4,USER32.LIB#302,5,0,import tables
piece,0x50050c,22,USER32.LIB#302,6,0,import tables
piece,0x4fc34c,4,USER32.LIB#347,4,0,import tables
piece,0x4ff530,4,USER32.LIB#347,5,0,import tables
piece,0x500522,12,USER32.LIB#347,6,0,import tables
piece,0x4fc350,4,USER32.LIB#205,4,0,import tables
piece,0x4ff534,4,USER32.LIB#205,5,0,import tables
piece,0x500334,20,USER32.LIB#205,6,0,import tables
piece,0x4fc354,4,USER32.LIB#457,4,0,import tables
piece,0x4ff538,4,USER32.LIB#457,5,0,import tables
piece,0x500348,16,USER32.LIB#457,6,0,import tables
piece,0x4fc358,4,USER32.LIB#397,4,0,import tables
piece,0x4ff53c,4,USER32.LIB#397,5,0,import tables
piece,0x500358,14,USER32.LIB#397,6,0,import tables
piece,0x4fc35c,4,USER32.LIB#218,4,0,import tables
piece,0x4ff540,4,USER32.LIB#218,5,0,import tables
piece,0x500366,16,USER32.LIB#218,6,0,import tables
piece,0x4fc360,4,USER32.LIB#439,4,0,import tables
piece,0x4ff544,4,USER32.LIB#439,5,0,import tables
piece,0x500376,16,USER32.LIB#439,6,0,import tables
piece,0x4fc364,4,USER32.LIB#534,4,0,import tables
piece,0x4ff548,4,USER32.LIB#534,5,0,import tables
piece,0x4ff8ec,20,USER32.LIB#534,6,0,import tables
piece,0x4fc368,4,USER32.LIB#464,4,0,import tables
piece,0x4ff54c,4,USER32.LIB#464,5,0,import tables
piece,0x500450,12,USER32.LIB#464,6,0,import tables
piece,0x4fc36c,4,USER32.LIB#174,4,0,import tables
piece,0x4ff550,4,USER32.LIB#174,5,0,import tables
piece,0x50045c,16,USER32.LIB#174,6,0,import tables
piece,0x4fc370,4,USER32.LIB#273,4,0,import tables
piece,0x4ff554,4,USER32.LIB#273,5,0,import tables
piece,0x5003b8,12,USER32.LIB#273,6,0,import tables
piece,0x4fc374,4,USER32.LIB#139,4,0,import tables
piece,0x4ff558,4,USER32.LIB#139,5,0,import tables
piece,0x5003c4,26,USER32.LIB#139,6,0,import tables
piece,0x4fc378,4,USER32.LIB#74,4,0,import tables
piece,0x4ff55c,4,USER32.LIB#74,5,0,import tables
piece,0x5003de,30,USER32.LIB#74,6,0,import tables
piece,0x4fc37c,4,USER32.LIB#229,4,0,import tables
piece,0x4ff560,4,USER32.LIB#229,5,0,import tables
piece,0x5003fc,20,USER32.LIB#229,6,0,import tables
piece,0x4fc380,4,USER32.LIB#349,4,0,import tables
piece,0x4ff564,4,USER32.LIB#349,5,0,import tables
piece,0x500410,12,USER32.LIB#349,6,0,import tables
piece,0x4fc384,4,USER32.LIB#346,4,0,import tables
piece,0x4ff568,4,USER32.LIB#346,5,0,import tables
piece,0x50041c,18,USER32.LIB#346,6,0,import tables
piece,0x4fc388,4,USER32.LIB#491,4,0,import tables
piece,0x4ff56c,4,USER32.LIB#491,5,0,import tables
piece,0x50042e,12,USER32.LIB#491,6,0,import tables
piece,0x4fc38c,4,USER32.LIB#465,4,0,import tables
piece,0x4ff570,4,USER32.LIB#465,5,0,import tables
piece,0x50043a,22,USER32.LIB#465,6,0,import tables
piece,0x4fc390,4,USER32.LIB#234,4,0,import tables
piece,0x4ff574,4,USER32.LIB#234,5,0,import tables
piece,0x5004a2,18,USER32.LIB#234,6,0,import tables
piece,0x4fc394,4,USER32.LIB#232,4,0,import tables
piece,0x4ff578,4,USER32.LIB#232,5,0,import tables
piece,0x5004b4,14,USER32.LIB#232,6,0,import tables
piece,0x4fc398,4,USER32.LIB#300,4,0,import tables
piece,0x4ff57c,4,USER32.LIB#300,5,0,import tables
piece,0x50046c,18,USER32.LIB#300,6,0,import tables
piece,0x4fc39c,4,USER32.LIB#496,4,0,import tables
piece,0x4ff580,4,USER32.LIB#496,5,0,import tables
piece,0x50047e,18,USER32.LIB#496,6,0,import tables
piece,0x4fc3a0,4,USER32.LIB#461,4,0,import tables
piece,0x4ff584,4,USER32.LIB#461,5,0,import tables
piece,0x500490,18,USER32.LIB#461,6,0,import tables
piece,0x4fc3a4,4,USER32.LIB#437,4,0,import tables
piece,0x4ff588,4,USER32.LIB#437,5,0,import tables
piece,0x5004e6,22,USER32.LIB#437,6,0,import tables
piece,0x4fc3a8,4,USER32.LIB#50,4,0,import tables
piece,0x4ff58c,4,USER32.LIB#50,5,0,import tables
piece,0x5004c2,18,USER32.LIB#50,6,0,import tables
piece,0x4fc3ac,4,USER32.LIB#422,4,0,import tables
piece,0x4ff590,4,USER32.LIB#422,5,0,import tables
piece,0x5004d4,18,USER32.LIB#422,6,0,import tables
piece,0x4fc3b0,4,USER32.LIB#303,4,0,import tables
piece,0x4ff594,4,USER32.LIB#303,5,0,import tables
piece,0x5004fc,16,USER32.LIB#303,6,0,import tables
piece,0x4fc3b4,4,USER32.LIB#2,2,0,import tables
piece,0x4ff598,4,USER32.LIB#2,3,0,import tables
piece,0x4ff158,20,GDI32.LIB#0,2,0,import tables
piece,0x4ff95c,10,GDI32.LIB#0,3,0,import tables
piece,0x4fc04c,4,GDI32.LIB#311,4,0,import tables
piece,0x4ff230,4,GDI32.LIB#311,5,0,import tables
piece,0x5005d0,16,GDI32.LIB#311,6,0,import tables
piece,0x4fc050,4,GDI32.LIB#69,4,0,import tables
piece,0x4ff234,4,GDI32.LIB#69,5,0,import tables
piece,0x5005a6,12,GDI32.LIB#69,6,0,import tables
piece,0x4fc054,4,GDI32.LIB#283,4,0,import tables
piece,0x4ff238,4,GDI32.LIB#283,5,0,import tables
piece,0x5005ec,20,GDI32.LIB#283,6,0,import tables
piece,0x4fc058,4,GDI32.LIB#278,4,0,import tables
piece,0x4ff23c,4,GDI32.LIB#278,5,0,import tables
piece,0x5005e0,12,GDI32.LIB#278,6,0,import tables
piece,0x4fc05c,4,GDI32.LIB#55,4,0,import tables
piece,0x4ff240,4,GDI32.LIB#55,5,0,import tables
piece,0x500600,16,GDI32.LIB#55,6,0,import tables
piece,0x4fc060,4,GDI32.LIB#253,4,0,import tables
piece,0x4ff244,4,GDI32.LIB#253,5,0,import tables
piece,0x50053a,18,GDI32.LIB#253,6,0,import tables
piece,0x4fc064,4,GDI32.LIB#196,4,0,import tables
piece,0x4ff248,4,GDI32.LIB#196,5,0,import tables
piece,0x4ff938,26,GDI32.LIB#196,6,0,import tables
piece,0x4fc068,4,GDI32.LIB#271,4,0,import tables
piece,0x4ff24c,4,GDI32.LIB#271,5,0,import tables
piece,0x50055c,16,GDI32.LIB#271,6,0,import tables
piece,0x4fc06c,4,GDI32.LIB#38,4,0,import tables
piece,0x4ff250,4,GDI32.LIB#38,5,0,import tables
piece,0x50056c,20,GDI32.LIB#38,6,0,import tables
piece,0x4fc070,4,GDI32.LIB#272,4,0,import tables
piece,0x4ff254,4,GDI32.LIB#272,5,0,import tables
piece,0x50054c,16,GDI32.LIB#272,6,0,import tables
piece,0x4fc074,4,GDI32.LIB#183,4,0,import tables
piece,0x4ff258,4,GDI32.LIB#183,5,0,import tables
piece,0x500610,20,GDI32.LIB#183,6,0,import tables
piece,0x4fc078,4,GDI32.LIB#72,4,0,import tables
piece,0x4ff25c,4,GDI32.LIB#72,5,0,import tables
piece,0x500596,16,GDI32.LIB#72,6,0,import tables
piece,0x4fc07c,4,GDI32.LIB#232,4,0,import tables
piece,0x4ff260,4,GDI32.LIB#232,5,0,import tables
piece,0x4ff952,10,GDI32.LIB#232,6,0,import tables
piece,0x4fc080,4,GDI32.LIB#12,4,0,import tables
piece,0x4ff264,4,GDI32.LIB#12,5,0,import tables
piece,0x500624,10,GDI32.LIB#12,6,0,import tables
piece,0x4fc084,4,GDI32.LIB#194,4,0,import tables
piece,0x4ff268,4,GDI32.LIB#194,5,0,import tables
piece,0x5005b2,18,GDI32.LIB#194,6,0,import tables
piece,0x4fc088,4,GDI32.LIB#33,4,0,import tables
piece,0x4ff26c,4,GDI32.LIB#33,5,0,import tables
piece,0x500580,22,GDI32.LIB#33,6,0,import tables
piece,0x4fc08c,4,GDI32.LIB#327,4,0,import tables
piece,0x4ff270,4,GDI32.LIB#327,5,0,import tables
piece,0x5005c4,12,GDI32.LIB#327,6,0,import tables
piece,0x4fc090,4,GDI32.LIB#2,2,0,import tables
piece,0x4ff274,4,GDI32.LIB#2,3,0,import tables
piece,0x4ff16c,20,ADVAPI32.LIB#0,2,0,import tables
piece,0x4ff9c8,14,ADVAPI32.LIB#0,3,0,import tables
piece,0x4fc000,4,ADVAPI32.LIB#305,4,0,import tables
piece,0x4ff1e4,4,ADVAPI32.LIB#305,5,0,import tables
piece,0x4ff9b8,16,ADVAPI32.LIB#305,6,0,import tables
piece,0x4fc004,4,ADVAPI32.LIB#313,4,0,import tables
piece,0x4ff1e8,4,ADVAPI32.LIB#313,5,0,import tables
piece,0x4ff9a4,20,ADVAPI32.LIB#313,6,0,import tables
piece,0x4fc008,4,ADVAPI32.LIB#285,4,0,import tables
piece,0x4ff1ec,4,ADVAPI32.LIB#285,5,0,import tables
piece,0x500660,16,ADVAPI32.LIB#285,6,0,import tables
piece,0x4fc00c,4,ADVAPI32.LIB#304,4,0,import tables
piece,0x4ff1f0,4,ADVAPI32.LIB#304,5,0,import tables
piece,0x500652,14,ADVAPI32.LIB#304,6,0,import tables
piece,0x4fc010,4,ADVAPI32.LIB#312,4,0,import tables
piece,0x4ff1f4,4,ADVAPI32.LIB#312,5,0,import tables
piece,0x500640,18,ADVAPI32.LIB#312,6,0,import tables
piece,0x4fc014,4,ADVAPI32.LIB#286,4,0,import tables
piece,0x4ff1f8,4,ADVAPI32.LIB#286,5,0,import tables
piece,0x50062e,18,ADVAPI32.LIB#286,6,0,import tables
piece,0x4fc018,4,ADVAPI32.LIB#324,4,0,import tables
piece,0x4ff1fc,4,ADVAPI32.LIB#324,5,0,import tables
piece,0x4ff992,18,ADVAPI32.LIB#324,6,0,import tables
piece,0x4fc01c,4,ADVAPI32.LIB#299,4,0,import tables
piece,0x4ff200,4,ADVAPI32.LIB#299,5,0,import tables
piece,0x4ff984,14,ADVAPI32.LIB#299,6,0,import tables
piece,0x4fc020,4,ADVAPI32.LIB#282,4,0,import tables
piece,0x4ff204,4,ADVAPI32.LIB#282,5,0,import tables
piece,0x4ff976,14,ADVAPI32.LIB#282,6,0,import tables
piece,0x4fc024,4,ADVAPI32.LIB#162,4,0,import tables
piece,0x4ff208,4,ADVAPI32.LIB#162,5,0,import tables
piece,0x4ff966,16,ADVAPI32.LIB#162,6,0,import tables
piece,0x4fc028,4,ADVAPI32.LIB#2,2,0,import tables
piece,0x4ff20c,4,ADVAPI32.LIB#2,3,0,import tables
piece,0x4ff180,20,SMACKW32.LIB#0,1,0,import tables
piece,0x4ff9d6,14,SMACKW32.LIB#0,2,0,import tables
piece,0x4fc3e0,4,SMACKW32.LIB#23,2,0,import tables
piece,0x4ff5c4,4,SMACKW32.LIB#23,3,0,import tables
piece,0x4fc3e4,4,SMACKW32.LIB#19,2,0,import tables
piece,0x4ff5c8,4,SMACKW32.LIB#19,3,0,import tables
piece,0x4fc3e8,4,SMACKW32.LIB#35,2,0,import tables
piece,0x4ff5cc,4,SMACKW32.LIB#35,3,0,import tables
piece,0x4fc3ec,4,SMACKW32.LIB#34,2,0,import tables
piece,0x4ff5d0,4,SMACKW32.LIB#34,3,0,import tables
piece,0x4fc3f0,4,SMACKW32.LIB#22,2,0,import tables
piece,0x4ff5d4,4,SMACKW32.LIB#22,3,0,import tables
piece,0x4fc3f4,4,SMACKW32.LIB#36,2,0,import tables
piece,0x4ff5d8,4,SMACKW32.LIB#36,3,0,import tables
piece,0x4fc3f8,4,SMACKW32.LIB#16,2,0,import tables
piece,0x4ff5dc,4,SMACKW32.LIB#16,3,0,import tables
piece,0x4fc3fc,4,SMACKW32.LIB#26,2,0,import tables
piece,0x4ff5e0,4,SMACKW32.LIB#26,3,0,import tables
piece,0x4fc400,4,SMACKW32.LIB#31,2,0,import tables
piece,0x4ff5e4,4,SMACKW32.LIB#31,3,0,import tables
piece,0x4fc404,4,SMACKW32.LIB#24,2,0,import tables
piece,0x4ff5e8,4,SMACKW32.LIB#24,3,0,import tables
piece,0x4fc408,4,SMACKW32.LIB#29,2,0,import tables
piece,0x4ff5ec,4,SMACKW32.LIB#29,3,0,import tables
piece,0x4fc40c,4,SMACKW32.LIB#39,2,0,import tables
piece,0x4ff5f0,4,SMACKW32.LIB#39,3,0,import tables
piece,0x4fc410,4,SMACKW32.LIB#11,2,0,import tables
piece,0x4ff5f4,4,SMACKW32.LIB#11,3,0,import tables
piece,0x4fc414,4,SMACKW32.LIB#10,2,0,import tables
piece,0x4ff5f8,4,SMACKW32.LIB#10,3,0,import tables
piece,0x4fc418,4,SMACKW32.LIB#17,2,0,import tables
piece,0x4ff5fc,4,SMACKW32.LIB#17,3,0,import tables
piece,0x4fc41c,4,SMACKW32.LIB#2,1,0,import tables
piece,0x4ff600,4,SMACKW32.LIB#2,2,0,import tables
piece,0x4ff194,20,DPLAYX.LIB#0,1,0,import tables
piece,0x4ff9e4,12,DPLAYX.LIB#0,2,0,import tables
piece,0x4fc034,4,DPLAYX.LIB#4,2,0,import tables
piece,0x4ff218,4,DPLAYX.LIB#4,3,0,import tables
piece,0x4fc038,4,DPLAYX.LIB#3,2,0,import tables
piece,0x4ff21c,4,DPLAYX.LIB#3,3,0,import tables
piece,0x4fc03c,4,DPLAYX.LIB#6,2,0,import tables
piece,0x4ff220,4,DPLAYX.LIB#6,3,0,import tables
piece,0x4fc040,4,DPLAYX.LIB#2,1,0,import tables
piece,0x4ff224,4,DPLAYX.LIB#2,2,0,import tables
piece,0x4ff1a8,20,DSOUND.LIB#0,1,0,import tables
piece,0x4ffa04,12,DSOUND.LIB#0,2,0,import tables
piece,0x4fc044,4,DSOUND.LIB#6,2,0,import tables
piece,0x4ff228,4,DSOUND.LIB#6,3,0,import tables
piece,0x4ff9f0,20,DSOUND.LIB#6,4,0,import tables
piece,0x4fc048,4,DSOUND.LIB#2,1,0,import tables
piece,0x4ff22c,4,DSOUND.LIB#2,2,0,import tables
piece,0x4ff1bc,20,SHELL32.LIB#352,2,0,import tables
piece,0x500680,12,SHELL32.LIB#352,3,0,import tables
piece,0x4fc2b4,4,SHELL32.LIB#51,4,0,import tables
piece,0x4ff498,4,SHELL32.LIB#51,5,0,import tables
piece,0x500670,16,SHELL32.LIB#51,6,0,import tables
piece,0x4fc2b8,4,SHELL32.LIB#350,2,0,import tables
piece,0x4ff49c,4,SHELL32.LIB#350,3,0,import tables
piece,0x4ff1d0,20,DDRAW.LIB#1,1,0,import tables
piece,0x49f710,6,DDRAW.LIB#8,1,0,library code
piece,0x49f716,6,WIN32.LIB#55,2,0,library code
piece,0x49f71c,6,WIN32.LIB#14,2,0,library code
piece,0x49f722,6,KERNEL32.LIB#673,2,0,library code
piece,0x49f728,6,KERNEL32.LIB#27,2,0,library code
piece,0x49f72e,6,KERNEL32.LIB#52,2,0,library code
piece,0x49f734,6,KERNEL32.LIB#75,2,0,library code
piece,0x49f73a,6,KERNEL32.LIB#578,2,0,library code
piece,0x49f740,6,KERNEL32.LIB#328,2,0,library code
piece,0x49f746,6,KERNEL32.LIB#271,2,0,library code
piece,0x49f74c,6,KERNEL32.LIB#277,2,0,library code
piece,0x49f752,6,KERNEL32.LIB#351,2,0,library code
piece,0x49f758,6,KERNEL32.LIB#361,2,0,library code
piece,0x49f75e,6,KERNEL32.LIB#354,2,0,library code
piece,0x49f764,6,KERNEL32.LIB#676,2,0,library code
piece,0x49f76a,6,KERNEL32.LIB#670,2,0,library code
piece,0x49f770,6,KERNEL32.LIB#621,2,0,library code
piece,0x49f776,6,KERNEL32.LIB#281,2,0,library code
piece,0x49f77c,6,KERNEL32.LIB#403,2,0,library code
piece,0x49f782,6,KERNEL32.LIB#255,2,0,library code
piece,0x49f788,6,KERNEL32.LIB#155,2,0,library code
piece,0x49f78e,6,KERNEL32.LIB#566,2,0,library code
piece,0x49f794,6,KERNEL32.LIB#216,2,0,library code
piece,0x49f79a,6,KERNEL32.LIB#356,2,0,library code
piece,0x49f7a0,6,KERNEL32.LIB#456,2,0,library code
piece,0x49f7a6,6,KERNEL32.LIB#638,2,0,library code
piece,0x49f7ac,6,KERNEL32.LIB#540,2,0,library code
piece,0x49f7b2,6,KERNEL32.LIB#67,2,0,library code
piece,0x49f7b8,6,KERNEL32.LIB#441,2,0,library code
piece,0x49f7be,6,KERNEL32.LIB#527,2,0,library code
piece,0x49f7c4,6,USER32.LIB#237,2,0,library code
piece,0x49f7ca,6,USER32.LIB#226,2,0,library code
piece,0x49f7d0,6,USER32.LIB#558,2,0,library code
piece,0x49f7d6,6,USER32.LIB#245,2,0,library code
piece,0x49f7dc,6,USER32.LIB#499,2,0,library code
piece,0x49f7e2,6,USER32.LIB#426,2,0,library code
piece,0x49f7e8,6,USER32.LIB#227,2,0,library code
piece,0x49f7ee,6,USER32.LIB#56,2,0,library code
piece,0x49f7f4,6,USER32.LIB#381,2,0,library code
piece,0x49f7fa,6,USER32.LIB#177,2,0,library code
piece,0x49f800,6,USER32.LIB#12,2,0,library code
piece,0x49f806,6,USER32.LIB#411,2,0,library code
piece,0x49f80c,6,USER32.LIB#143,2,0,library code
piece,0x49f812,6,USER32.LIB#534,2,0,library code
piece,0x49f818,6,USER32.LIB#407,2,0,library code
piece,0x49f81e,6,USER32.LIB#265,2,0,library code
piece,0x49f824,6,USER32.LIB#380,2,0,library code
piece,0x49f82a,6,GDI32.LIB#196,2,0,library code
piece,0x49f830,6,GDI32.LIB#232,2,0,library code
piece,0x49f836,6,ADVAPI32.LIB#162,2,0,library code
piece,0x49f83c,6,ADVAPI32.LIB#282,2,0,library code
piece,0x49f842,6,ADVAPI32.LIB#299,2,0,library code
piece,0x49f848,6,ADVAPI32.LIB#324,2,0,library code
piece,0x49f84e,6,ADVAPI32.LIB#313,2,0,library code
piece,0x49f854,6,ADVAPI32.LIB#305,2,0,library code
piece,0x49f85a,6,SMACKW32.LIB#29,1,0,library code
piece,0x49f860,6,SMACKW32.LIB#24,1,0,library code
piece,0x49f866,6,SMACKW32.LIB#31,1,0,library code
piece,0x49f86c,6,SMACKW32.LIB#26,1,0,library code
piece,0x49f872,6,SMACKW32.LIB#16,1,0,library code
piece,0x49f878,6,SMACKW32.LIB#17,1,0,library code
piece,0x49f87e,6,SMACKW32.LIB#10,1,0,library code
piece,0x49f884,6,SMACKW32.LIB#11,1,0,library code
piece,0x49f88a,6,SMACKW32.LIB#22,1,0,library code
piece,0x49f890,6,SMACKW32.LIB#23,1,0,library code
piece,0x49f896,6,SMACKW32.LIB#36,1,0,library code
piece,0x49f89c,6,SMACKW32.LIB#19,1,0,library code
piece,0x49f8a2,6,SMACKW32.LIB#35,1,0,library code
piece,0x49f8a8,6,SMACKW32.LIB#34,1,0,library code
piece,0x49f8ae,6,SMACKW32.LIB#39,1,0,library code
piece,0x4faff0,6,DPLAYX.LIB#4,1,0,library code
piece,0x4faff6,6,DPLAYX.LIB#6,1,0,library code
piece,0x4faffc,6,DPLAYX.LIB#3,1,0,library code
piece,0x4fb002,6,DSOUND.LIB#6,1,0,library code
piece,0x4fb008,6,WIN32.LIB#24,2,0,library code
piece,0x4fb00e,6,WIN32.LIB#184,2,0,library code
piece,0x4fb014,6,WIN32.LIB#21,2,0,library code
piece,0x4fb01a,6,WIN32.LIB#23,2,0,library code
piece,0x4fb020,6,WIN32.LIB#180,2,0,library code
piece,0x4fb026,6,WIN32.LIB#193,2,0,library code
piece,0x4fb02c,6,WIN32.LIB#26,2,0,library code
piece,0x4fb032,6,KERNEL32.LIB#355,2,0,library code
piece,0x4fb038,6,KERNEL32.LIB#358,2,0,library code
piece,0x4fb03e,6,KERNEL32.LIB#336,2,0,library code
piece,0x4fb044,6,KERNEL32.LIB#535,2,0,library code
piece,0x4fb04a,6,KERNEL32.LIB#383,2,0,library code
piece,0x4fb050,6,KERNEL32.LIB#226,2,0,library code
piece,0x4fb056,6,KERNEL32.LIB#338,2,0,library code
piece,0x4fb05c,6,KERNEL32.LIB#243,2,0,library code
piece,0x4fb062,6,KERNEL32.LIB#49,2,0,library code
piece,0x4fb068,6,KERNEL32.LIB#484,2,0,library code
piece,0x4fb06e,6,KERNEL32.LIB#445,2,0,library code
piece,0x4fb074,6,KERNEL32.LIB#217,2,0,library code
piece,0x4fb07a,6,KERNEL32.LIB#402,2,0,library code
piece,0x4fb080,6,KERNEL32.LIB#91,2,0,library code
piece,0x4fb086,6,KERNEL32.LIB#612,2,0,library code
piece,0x4fb08c,6,KERNEL32.LIB#614,2,0,library code
piece,0x4fb092,6,KERNEL32.LIB#173,2,0,library code
piece,0x4fb098,6,KERNEL32.LIB#70,2,0,library code
piece,0x4fb09e,6,KERNEL32.LIB#569,2,0,library code
piece,0x4fb0a4,6,KERNEL32.LIB#324,2,0,library code
piece,0x4fb0aa,6,KERNEL32.LIB#344,2,0,library code
piece,0x4fb0b0,6,KERNEL32.LIB#380,2,0,library code
piece,0x4fb0b6,6,KERNEL32.LIB#606,2,0,library code
piece,0x4fb0bc,6,KERNEL32.LIB#609,2,0,library code
piece,0x4fb0c2,6,KERNEL32.LIB#257,2,0,library code
piece,0x4fb0c8,6,KERNEL32.LIB#214,2,0,library code
piece,0x4fb0ce,6,KERNEL32.LIB#247,2,0,library code
piece,0x4fb0d4,6,KERNEL32.LIB#310,2,0,library code
piece,0x4fb0da,6,KERNEL32.LIB#121,2,0,library code
piece,0x4fb0e0,6,KERNEL32.LIB#122,2,0,library code
piece,0x4fb0e6,6,KERNEL32.LIB#241,2,0,library code
piece,0x4fb0ec,6,KERNEL32.LIB#240,2,0,library code
piece,0x4fb0f2,6,KERNEL32.LIB#79,2,0,library code
piece,0x4fb0f8,6,KERNEL32.LIB#423,2,0,library code
piece,0x4fb0fe,6,KERNEL32.LIB#53,2,0,library code
piece,0x4fb104,6,KERNEL32.LIB#598,2,0,library code
piece,0x4fb10a,6,KERNEL32.LIB#583,2,0,library code
piece,0x4fb110,6,KERNEL32.LIB#312,2,0,library code
piece,0x4fb116,6,KERNEL32.LIB#457,2,0,library code
piece,0x4fb11c,6,KERNEL32.LIB#551,2,0,library code
piece,0x4fb122,6,KERNEL32.LIB#270,2,0,library code
piece,0x4fb128,6,KERNEL32.LIB#83,2,0,library code
piece,0x4fb12e,6,KERNEL32.LIB#110,2,0,library code
piece,0x4fb134,6,KERNEL32.LIB#585,2,0,library code
piece,0x4fb13a,6,KERNEL32.LIB#488,2,0,library code
piece,0x4fb140,6,KERNEL32.LIB#382,2,0,library code
piece,0x4fb146,6,KERNEL32.LIB#385,2,0,library code
piece,0x4fb14c,6,KERNEL32.LIB#590,2,0,library code
piece,0x4fb152,6,KERNEL32.LIB#111,2,0,library code
piece,0x4fb158,6,KERNEL32.LIB#331,2,0,library code
piece,0x4fb15e,6,KERNEL32.LIB#248,2,0,library code
piece,0x4fb164,6,KERNEL32.LIB#504,2,0,library code
piece,0x4fb16a,6,KERNEL32.LIB#299,2,0,library code
piece,0x4fb170,6,KERNEL32.LIB#335,2,0,library code
piece,0x4fb176,6,KERNEL32.LIB#531,2,0,library code
piece,0x4fb17c,6,KERNEL32.LIB#485,2,0,library code
piece,0x4fb182,6,KERNEL32.LIB#425,2,0,library code
piece,0x4fb188,6,KERNEL32.LIB#81,2,0,library code
piece,0x4fb18e,6,KERNEL32.LIB#212,2,0,library code
piece,0x4fb194,6,KERNEL32.LIB#532,2,0,library code
piece,0x4fb19a,6,KERNEL32.LIB#133,2,0,library code
piece,0x4fb1a0,6,KERNEL32.LIB#138,2,0,library code
piece,0x4fb1a6,6,KERNEL32.LIB#129,2,0,library code
piece,0x4fb1ac,6,KERNEL32.LIB#123,2,0,library code
piece,0x4fb1b2,6,KERNEL32.LIB#45,2,0,library code
piece,0x4fb1b8,6,KERNEL32.LIB#460,2,0,library code
piece,0x4fb1be,6,KERNEL32.LIB#369,2,0,library code
piece,0x4fb1c4,6,KERNEL32.LIB#363,2,0,library code
piece,0x4fb1ca,6,KERNEL32.LIB#373,2,0,library code
piece,0x4fb1d0,6,KERNEL32.LIB#372,2,0,library code
piece,0x4fb1d6,6,KERNEL32.LIB#118,2,0,library code
piece,0x4fb1dc,6,KERNEL32.LIB#587,2,0,library code
piece,0x4fb1e2,6,KERNEL32.LIB#588,2,0,library code
piece,0x4fb1e8,6,KERNEL32.LIB#545,2,0,library code
piece,0x4fb1ee,6,KERNEL32.LIB#589,2,0,library code
piece,0x4fb1f4,6,KERNEL32.LIB#430,2,0,library code
piece,0x4fb1fa,6,KERNEL32.LIB#625,2,0,library code
piece,0x4fb200,6,KERNEL32.LIB#400,2,0,library code
piece,0x4fb206,6,KERNEL32.LIB#401,2,0,library code
piece,0x4fb20c,6,KERNEL32.LIB#473,2,0,library code
piece,0x4fb212,6,KERNEL32.LIB#595,2,0,library code
piece,0x4fb218,6,KERNEL32.LIB#166,2,0,library code
piece,0x4fb21e,6,KERNEL32.LIB#160,2,0,library code
piece,0x4fb224,6,KERNEL32.LIB#268,2,0,library code
piece,0x4fb22a,6,KERNEL32.LIB#153,2,0,library code
piece,0x4fb230,6,KERNEL32.LIB#154,2,0,library code
piece,0x4fb236,6,KERNEL32.LIB#228,2,0,library code
piece,0x4fb23c,6,KERNEL32.LIB#230,2,0,library code
piece,0x4fb242,6,KERNEL32.LIB#542,2,0,library code
piece,0x4fb248,6,KERNEL32.LIB#301,2,0,library code
piece,0x4fb24e,6,KERNEL32.LIB#242,2,0,library code
piece,0x4fb254,6,KERNEL32.LIB#367,2,0,library code
piece,0x4fb25a,6,KERNEL32.LIB#365,2,0,library code
piece,0x4fb260,6,KERNEL32.LIB#556,2,0,library code
piece,0x4fb266,6,KERNEL32.LIB#302,2,0,library code
piece,0x4fb26c,6,KERNEL32.LIB#305,2,0,library code
piece,0x4fb272,6,KERNEL32.LIB#145,2,0,library code
piece,0x4fb278,6,KERNEL32.LIB#390,2,0,library code
piece,0x4fb27e,6,KERNEL32.LIB#393,2,0,library code
piece,0x4fb284,6,KERNEL32.LIB#387,2,0,library code
piece,0x4fb28a,6,KERNEL32.LIB#399,2,0,library code
piece,0x4fb290,6,KERNEL32.LIB#398,2,0,library code
piece,0x4fb296,6,KERNEL32.LIB#249,2,0,library code
piece,0x4fb29c,6,KERNEL32.LIB#104,2,0,library code
piece,0x4fb2a2,6,KERNEL32.LIB#332,2,0,library code
piece,0x4fb2a8,6,KERNEL32.LIB#33,2,0,library code
piece,0x4fb2ae,6,KERNEL32.LIB#34,2,0,library code
piece,0x4fb2b4,6,KERNEL32.LIB#250,2,0,library code
piece,0x4fb2ba,6,USER32.LIB#58,2,0,library code
piece,0x4fb2c0,6,USER32.LIB#220,2,0,library code
piece,0x4fb2c6,6,USER32.LIB#398,2,0,library code
piece,0x4fb2cc,6,USER32.LIB#326,2,0,library code
piece,0x4fb2d2,6,USER32.LIB#287,2,0,library code
piece,0x4fb2d8,6,USER32.LIB#138,2,0,library code
piece,0x4fb2de,6,USER32.LIB#543,2,0,library code
piece,0x4fb2e4,6,USER32.LIB#512,2,0,library code
piece,0x4fb2ea,6,USER32.LIB#86,2,0,library code
piece,0x4fb2f0,6,USER32.LIB#416,2,0,library code
piece,0x4fb2f6,6,USER32.LIB#354,2,0,library code
piece,0x4fb2fc,6,USER32.LIB#358,2,0,library code
piece,0x4fb302,6,USER32.LIB#517,2,0,library code
piece,0x4fb308,6,USER32.LIB#129,2,0,library code
piece,0x4fb30e,6,USER32.LIB#409,2,0,library code
piece,0x4fb314,6,USER32.LIB#205,2,0,library code
piece,0x4fb31a,6,USER32.LIB#457,2,0,library code
piece,0x4fb320,6,USER32.LIB#397,2,0,library code
piece,0x4fb326,6,USER32.LIB#218,2,0,library code
piece,0x4fb32c,6,USER32.LIB#439,2,0,library code
piece,0x4fb332,6,USER32.LIB#215,2,0,library code
piece,0x4fb338,6,USER32.LIB#192,2,0,library code
piece,0x4fb33e,6,USER32.LIB#337,2,0,library code
piece,0x4fb344,6,USER32.LIB#273,2,0,library code
piece,0x4fb34a,6,USER32.LIB#139,2,0,library code
piece,0x4fb350,6,USER32.LIB#74,2,0,library code
piece,0x4fb356,6,USER32.LIB#229,2,0,library code
piece,0x4fb35c,6,USER32.LIB#349,2,0,library code
piece,0x4fb362,6,USER32.LIB#346,2,0,library code
piece,0x4fb368,6,USER32.LIB#491,2,0,library code
piece,0x4fb36e,6,USER32.LIB#465,2,0,library code
piece,0x4fb374,6,USER32.LIB#464,2,0,library code
piece,0x4fb37a,6,USER32.LIB#174,2,0,library code
piece,0x4fb380,6,USER32.LIB#300,2,0,library code
piece,0x4fb386,6,USER32.LIB#496,2,0,library code
piece,0x4fb38c,6,USER32.LIB#461,2,0,library code
piece,0x4fb392,6,USER32.LIB#234,2,0,library code
piece,0x4fb398,6,USER32.LIB#232,2,0,library code
piece,0x4fb39e,6,USER32.LIB#50,2,0,library code
piece,0x4fb3a4,6,USER32.LIB#422,2,0,library code
piece,0x4fb3aa,6,USER32.LIB#437,2,0,library code
piece,0x4fb3b0,6,USER32.LIB#303,2,0,library code
piece,0x4fb3b6,6,USER32.LIB#302,2,0,library code
piece,0x4fb3bc,6,USER32.LIB#347,2,0,library code
piece,0x4fb3c2,6,USER32.LIB#340,2,0,library code
piece,0x4fb3c8,6,GDI32.LIB#253,2,0,library code
piece,0x4fb3ce,6,GDI32.LIB#272,2,0,library code
piece,0x4fb3d4,6,GDI32.LIB#271,2,0,library code
piece,0x4fb3da,6,GDI32.LIB#38,2,0,library code
piece,0x4fb3e0,6,GDI32.LIB#33,2,0,library code
piece,0x4fb3e6,6,GDI32.LIB#72,2,0,library code
piece,0x4fb3ec,6,GDI32.LIB#69,2,0,library code
piece,0x4fb3f2,6,GDI32.LIB#194,2,0,library code
piece,0x4fb3f8,6,GDI32.LIB#327,2,0,library code
piece,0x4fb3fe,6,GDI32.LIB#311,2,0,library code
piece,0x4fb404,6,GDI32.LIB#278,2,0,library code
piece,0x4fb40a,6,GDI32.LIB#283,2,0,library code
piece,0x4fb410,6,GDI32.LIB#55,2,0,library code
piece,0x4fb416,6,GDI32.LIB#183,2,0,library code
piece,0x4fb41c,6,GDI32.LIB#12,2,0,library code
piece,0x4fb422,6,ADVAPI32.LIB#286,2,0,library code
piece,0x4fb428,6,ADVAPI32.LIB#312,2,0,library code
piece,0x4fb42e,6,ADVAPI32.LIB#304,2,0,library code
piece,0x4fb434,6,ADVAPI32.LIB#285,2,0,library code
piece,0x4fb43a,6,SHELL32.LIB#51,2,0,library code
piece,0x52c000,4,LIBCMT.LIB#344,5,0,library data
piece,0x52c004,9,src/debug/debug_lib_4d8d70.cpp,2,0,thread-local data
piece,0x52c010,4,LIBCMT.LIB#344,4,0,library data
piece,0x4fdd58,24,LIBCMT.LIB#344,1,0,library data
piece,0x512340,16,src/map/meteors.cpp,3,0,game data
piece,0x512358,1024,src/units/movement_class.cpp,3,0,game data
piece,0x5129d0,40,src/network/net_condenser.cpp,3,0,game data
piece,0x5129f8,37,src/network/net_condenser.cpp,3,40,game data
piece,0x513000,46396,src/network/packets_460e20.cpp,3,0,game data
piece,0x51e598,4,src/network/unit_sync_46c620.cpp,16,0,game data
piece,0x51e59c,4,src/network/unit_sync_46c620.cpp,17,0,game data
piece,0x51e6a0,16,src/map/line_of_sight_4814c0.cpp,3,0,game data
piece,0x51f310,12,src/weapons/weapons_49e610.cpp,3,0,game data
piece,0x51fbbc,4,src/util/int_map_4b26f0.cpp,3,0,game data
piece,0x51fbc0,16,src/util/int_map_4b2290.cpp,3,0,game data
piece,0x528a54,4,src/debug/debug_lib_4db610.cpp,4,0,game data
piece,0x528a58,4,src/debug/debug_lib_4db610.cpp,3,0,game data
piece,0x5292c4,4,src/debug/debug_lib_4e17c0.cpp,4,0,game data
piece,0x529500,4,src/debug/debug_lib_4e17c0.cpp,3,0,game data
piece,0x505200,11,src/weapons/ballistics.cpp,2,0,data source
piece,0x501d38,528,src/game/console_commands.cpp,2,0,data source
piece,0x501f48,136,src/game/console_commands.cpp,2,528,data source
piece,0x501fd0,372,src/game/console_commands.cpp,2,664,data source
piece,0x501fcc,4,src/game/console_commands.cpp,33,0,data source
piece,0x50c958,992,src/debug/debug_dialogs.cpp,2,0,data source
piece,0x50cd38,416,src/debug/debug_dialogs.cpp,2,992,data source
piece,0x50ced8,704,src/debug/debug_dialogs.cpp,2,1408,data source
piece,0x50a788,16,src/data/guids.cpp,2,0,data source
piece,0x4fcca8,16,src/data/guids.cpp,3,0,data source
piece,0x4fccb8,16,src/data/guids.cpp,3,16,data source
piece,0x4fccc8,16,src/data/guids.cpp,3,32,data source
piece,0x4fccd8,16,src/data/guids.cpp,3,48,data source
piece,0x4fcce8,16,src/data/guids.cpp,3,64,data source
piece,0x4fccf8,16,src/data/guids.cpp,3,80,data source
piece,0x4fcd08,16,src/data/guids.cpp,3,96,data source
piece,0x4fcd18,16,src/data/guids.cpp,3,112,data source
piece,0x4fcd28,16,src/data/guids.cpp,3,128,data source
piece,0x4fcd38,16,src/data/guids.cpp,3,144,data source
piece,0x4fcd48,16,src/data/guids.cpp,3,160,data source
piece,0x4fcd58,16,src/data/guids.cpp,3,176,data source
piece,0x4fcd68,16,src/data/guids.cpp,3,192,data source
piece,0x4fcd78,16,src/data/guids.cpp,3,208,data source
piece,0x4fcd88,16,src/data/guids.cpp,3,224,data source
piece,0x4fcd98,16,src/data/guids.cpp,3,240,data source
piece,0x4fcda8,16,src/data/guids.cpp,3,256,data source
piece,0x4fcdb8,16,src/data/guids.cpp,3,272,data source
piece,0x4fcdc8,16,src/data/guids.cpp,3,288,data source
piece,0x4fcdd8,16,src/data/guids.cpp,3,304,data source
piece,0x4fcde8,16,src/data/guids.cpp,3,320,data source
piece,0x4fcdf8,16,src/data/guids.cpp,3,336,data source
piece,0x4fce08,16,src/data/guids.cpp,3,352,data source
piece,0x4fce18,16,src/data/guids.cpp,3,368,data source
piece,0x4fce28,16,src/data/guids.cpp,3,384,data source
piece,0x4fce38,16,src/data/guids.cpp,3,400,data source
piece,0x4fce48,16,src/data/guids.cpp,3,416,data source
piece,0x4fce58,16,src/data/guids.cpp,3,432,data source
piece,0x4fce68,16,src/data/guids.cpp,3,448,data source
piece,0x4fce78,16,src/data/guids.cpp,3,464,data source
piece,0x4fce88,16,src/data/guids.cpp,3,480,data source
piece,0x4fce98,16,src/data/guids.cpp,3,496,data source
piece,0x4fcea8,16,src/data/guids.cpp,3,512,data source
piece,0x4fceb8,16,src/data/guids.cpp,3,528,data source
piece,0x4fcec8,16,src/data/guids.cpp,3,544,data source
piece,0x4fced8,16,src/data/guids.cpp,3,560,data source
piece,0x4fcee8,16,src/data/guids.cpp,3,576,data source
piece,0x4fcef8,16,src/data/guids.cpp,3,592,data source
piece,0x4fcf08,16,src/data/guids.cpp,3,608,data source
piece,0x4fcf18,16,src/data/guids.cpp,3,624,data source
piece,0x4fcf28,16,src/data/guids.cpp,3,640,data source
piece,0x4fcf38,16,src/data/guids.cpp,3,656,data source
piece,0x4fcf48,16,src/data/guids.cpp,3,672,data source
piece,0x4fcf58,16,src/data/guids.cpp,3,688,data source
piece,0x4fcf68,16,src/data/guids.cpp,3,704,data source
piece,0x4fcf78,16,src/data/guids.cpp,3,720,data source
piece,0x4fcf88,16,src/data/guids.cpp,3,736,data source
piece,0x4fcf98,16,src/data/guids.cpp,3,752,data source
piece,0x4fcfa8,16,src/data/guids.cpp,3,768,data source
piece,0x4fcfb8,16,src/data/guids.cpp,3,784,data source
piece,0x4fcfc8,16,src/data/guids.cpp,3,800,data source
piece,0x4fcfd8,16,src/data/guids.cpp,3,816,data source
piece,0x4fcfe8,16,src/data/guids.cpp,3,832,data source
piece,0x4fcff8,16,src/data/guids.cpp,3,848,data source
piece,0x50d980,128,src/debug/perf_counters.cpp,2,0,data source
piece,0x50da00,272,src/debug/perf_counters.cpp,2,128,data source
piece,0x5086d8,576,src/units/unit_messages.cpp,2,0,data source
piece,0x4fc490,576,src/orders/unit_orders.cpp,2,0,data source
piece,0x4fc6e8,552,src/orders/unit_orders.cpp,2,576,data source
piece,0x4fca18,552,src/orders/unit_orders.cpp,2,1128,data source
piece,0x4fd288,25,src/orders/unit_orders.cpp,2,1680,data source
piece,0x502f98,4,src/data/unused.cpp,2,0,data source
piece,0x507b68,4,src/data/unused.cpp,2,4,data source
piece,0x5066f8,32,src/data/unused.cpp,2,8,data source
piece,0x506718,32,src/data/unused.cpp,2,40,data source
piece,0x506738,56,src/data/unused.cpp,2,72,data source
piece,0x506770,24,src/data/unused.cpp,2,128,data source
piece,0x50b6e0,182,src/data/unused.cpp,2,152,data source
piece,0x507b64,4,src/data/unused.cpp,30,0,data source
piece,0x4fc978,8,src/data/unused.cpp,31,0,data source
piece,0x4fcc48,8,src/data/unused.cpp,31,8,data source
piece,0x4fd2e4,8,src/data/unused.cpp,31,16,data source
piece,0x4fda70,8,src/data/unused.cpp,31,24,data source
piece,0x4fdbe0,8,src/data/unused.cpp,31,32,data source
piece,0x4fc474,4,src/data/unused.cpp,31,40,data source
piece,0x4fc9a0,8,src/data/vtables.cpp,2,0,data source
piece,0x4fd2f8,48,src/data/vtables.cpp,2,8,data source
piece,0x4fd328,48,src/data/vtables.cpp,2,56,data source
piece,0x4fd358,48,src/data/vtables.cpp,2,104,data source
piece,0x4fd388,48,src/data/vtables.cpp,2,152,data source
piece,0x4fd3b8,48,src/data/vtables.cpp,2,200,data source
piece,0x4fd3f8,48,src/data/vtables.cpp,2,248,data source
piece,0x4fd488,48,src/data/vtables.cpp,2,296,data source
piece,0x4fd6f0,8,src/data/vtables.cpp,2,344,data source
piece,0x50d72c,4,link/data.obj,2,4012,global data
piece,0x50d6b4,36,link/data.obj,2,3976,global data
piece,0x50d660,4,link/data.obj,2,3972,global data
piece,0x50d4d0,4,link/data.obj,2,3968,global data
piece,0x50c908,76,link/data.obj,2,3872,global data
piece,0x50d220,16,link/data.obj,2,3952,global data
piece,0x50c8ac,8,link/data.obj,2,3864,global data
piece,0x50b9e0,28,link/data.obj,2,3832,global data
piece,0x50b544,4,link/data.obj,2,3828,global data
piece,0x50b540,4,link/data.obj,2,3824,global data
piece,0x50a780,4,link/data.obj,2,3820,global data
piece,0x50a778,4,link/data.obj,2,3816,global data
piece,0x50a5c0,16,link/data.obj,2,3800,global data
piece,0x50a57c,4,link/data.obj,2,3792,global data
piece,0x50a56c,16,link/data.obj,2,3776,global data
piece,0x50a548,4,link/data.obj,2,3772,global data
piece,0x50a430,12,link/data.obj,2,3760,global data
piece,0x50a000,1024,link/data.obj,2,2736,global data
piece,0x509f00,256,link/data.obj,2,2480,global data
piece,0x509ef8,8,link/data.obj,2,2472,global data
piece,0x509ef0,8,link/data.obj,2,2464,global data
piece,0x509720,4,link/data.obj,2,2460,global data
piece,0x50971c,4,link/data.obj,2,2456,global data
piece,0x509718,4,link/data.obj,2,2452,global data
piece,0x509688,12,link/data.obj,2,2440,global data
piece,0x509678,16,link/data.obj,2,2424,global data
piece,0x50966c,12,link/data.obj,2,2408,global data
piece,0x50940c,12,link/data.obj,2,2392,global data
piece,0x509400,12,link/data.obj,2,2376,global data
piece,0x5093f8,8,link/data.obj,2,2368,global data
piece,0x5093f4,4,link/data.obj,2,2360,global data
piece,0x5093ec,8,link/data.obj,2,2352,global data
piece,0x5091d0,4,link/data.obj,2,2344,global data
piece,0x5091cc,4,link/data.obj,2,2340,global data
piece,0x5091c8,4,link/data.obj,2,2336,global data
piece,0x5090fc,32,link/data.obj,2,2304,global data
piece,0x509028,32,link/data.obj,2,2272,global data
piece,0x509018,16,link/data.obj,2,2256,global data
piece,0x508fb4,32,link/data.obj,2,2224,global data
piece,0x508f90,36,link/data.obj,2,2184,global data
piece,0x508f84,12,link/data.obj,2,2168,global data
piece,0x508f60,36,link/data.obj,2,2128,global data
piece,0x508f3c,36,link/data.obj,2,2088,global data
piece,0x508f30,12,link/data.obj,2,2072,global data
piece,0x508f24,12,link/data.obj,2,2056,global data
piece,0x508d8c,20,link/data.obj,2,2032,global data
piece,0x508d80,12,link/data.obj,2,2016,global data
piece,0x508d74,12,link/data.obj,2,2000,global data
piece,0x508d68,12,link/data.obj,2,1984,global data
piece,0x508bf0,36,link/data.obj,2,1944,global data
piece,0x508be8,8,link/data.obj,2,1936,global data
piece,0x508ab4,16,link/data.obj,2,1920,global data
piece,0x508aa4,16,link/data.obj,2,1904,global data
piece,0x508a78,44,link/data.obj,2,1856,global data
piece,0x5084ac,16,link/data.obj,2,1840,global data
piece,0x50849c,16,link/data.obj,2,1824,global data
piece,0x508384,8,link/data.obj,2,1816,global data
piece,0x507b88,12,link/data.obj,2,1800,global data
piece,0x507b6c,4,link/data.obj,2,1796,global data
piece,0x507518,12,link/data.obj,2,1784,global data
piece,0x507508,16,link/data.obj,2,1768,global data
piece,0x5074f8,16,link/data.obj,2,1752,global data
piece,0x5074e8,16,link/data.obj,2,1736,global data
piece,0x507318,32,link/data.obj,2,1704,global data
piece,0x506dbc,4,link/data.obj,2,1700,global data
piece,0x5069d8,20,link/data.obj,2,1680,global data
piece,0x5069d0,8,link/data.obj,2,1672,global data
piece,0x5069c8,8,link/data.obj,2,1664,global data
piece,0x5069c0,8,link/data.obj,2,1656,global data
piece,0x5069b8,8,link/data.obj,2,1648,global data
piece,0x506998,8,link/data.obj,2,1640,global data
piece,0x506990,8,link/data.obj,2,1632,global data
piece,0x506984,12,link/data.obj,2,1616,global data
piece,0x50697c,8,link/data.obj,2,1608,global data
piece,0x506974,8,link/data.obj,2,1600,global data
piece,0x50696c,8,link/data.obj,2,1592,global data
piece,0x506964,8,link/data.obj,2,1584,global data
piece,0x50692c,12,link/data.obj,2,1568,global data
piece,0x506884,8,link/data.obj,2,1560,global data
piece,0x5067bc,8,link/data.obj,2,1552,global data
piece,0x506788,4,link/data.obj,2,1544,global data
piece,0x506600,4,link/data.obj,2,1540,global data
piece,0x5065fc,4,link/data.obj,2,1536,global data
piece,0x5065f8,4,link/data.obj,2,1532,global data
piece,0x5065c4,28,link/data.obj,2,1504,global data
piece,0x50658c,56,link/data.obj,2,1448,global data
piece,0x506578,8,link/data.obj,2,1440,global data
piece,0x506524,12,link/data.obj,2,1424,global data
piece,0x506290,8,link/data.obj,2,1416,global data
piece,0x5061d8,4,link/data.obj,2,1408,global data
piece,0x5061b8,32,link/data.obj,2,1376,global data
piece,0x505f40,4,link/data.obj,2,1368,global data
piece,0x505f30,16,link/data.obj,2,1352,global data
piece,0x505f20,16,link/data.obj,2,1336,global data
piece,0x505f18,8,link/data.obj,2,1328,global data
piece,0x505dc4,8,link/data.obj,2,1320,global data
piece,0x505974,8,link/data.obj,2,1312,global data
piece,0x505518,32,link/data.obj,2,1280,global data
piece,0x50550c,4,link/data.obj,2,1276,global data
piece,0x5054b0,92,link/data.obj,2,1184,global data
piece,0x5054a8,4,link/data.obj,2,1176,global data
piece,0x505490,24,link/data.obj,2,1152,global data
piece,0x504ea8,8,link/data.obj,2,1144,global data
piece,0x504ea0,8,link/data.obj,2,1136,global data
piece,0x504e98,8,link/data.obj,2,1128,global data
piece,0x504a64,8,link/data.obj,2,1120,global data
piece,0x5049ac,16,link/data.obj,2,1104,global data
piece,0x50499c,16,link/data.obj,2,1088,global data
piece,0x504994,8,link/data.obj,2,1080,global data
piece,0x504990,4,link/data.obj,2,1072,global data
piece,0x504988,8,link/data.obj,2,1064,global data
piece,0x504980,8,link/data.obj,2,1056,global data
piece,0x504974,12,link/data.obj,2,1040,global data
piece,0x50496c,8,link/data.obj,2,1032,global data
piece,0x50495c,16,link/data.obj,2,1016,global data
piece,0x504950,12,link/data.obj,2,1000,global data
piece,0x504944,12,link/data.obj,2,984,global data
piece,0x504934,16,link/data.obj,2,968,global data
piece,0x504924,16,link/data.obj,2,952,global data
piece,0x50491c,8,link/data.obj,2,944,global data
piece,0x504910,12,link/data.obj,2,928,global data
piece,0x504904,12,link/data.obj,2,912,global data
piece,0x5048f8,12,link/data.obj,2,896,global data
piece,0x504314,20,link/data.obj,2,872,global data
piece,0x503ea0,8,link/data.obj,2,864,global data
piece,0x50372c,4,link/data.obj,2,856,global data
piece,0x50341c,4,link/data.obj,2,852,global data
piece,0x503374,4,link/data.obj,2,848,global data
piece,0x503320,4,link/data.obj,2,844,global data
piece,0x50331c,4,link/data.obj,2,840,global data
piece,0x50329c,8,link/data.obj,2,832,global data
piece,0x503294,8,link/data.obj,2,824,global data
piece,0x50328c,8,link/data.obj,2,816,global data
piece,0x503284,8,link/data.obj,2,808,global data
piece,0x50327c,8,link/data.obj,2,800,global data
piece,0x50324c,48,link/data.obj,2,752,global data
piece,0x5031d4,4,link/data.obj,2,748,global data
piece,0x503168,12,link/data.obj,2,736,global data
piece,0x503164,4,link/data.obj,2,732,global data
piece,0x503160,4,link/data.obj,2,728,global data
piece,0x50313c,8,link/data.obj,2,720,global data
piece,0x503130,12,link/data.obj,2,704,global data
piece,0x503128,8,link/data.obj,2,696,global data
piece,0x503120,8,link/data.obj,2,688,global data
piece,0x50310c,4,link/data.obj,2,680,global data
piece,0x503004,32,link/data.obj,2,648,global data
piece,0x502f9c,104,link/data.obj,2,544,global data
piece,0x502e78,12,link/data.obj,2,528,global data
piece,0x502bf8,64,link/data.obj,2,464,global data
piece,0x502b38,8,link/data.obj,2,456,global data
piece,0x502a78,12,link/data.obj,2,440,global data
piece,0x502a20,4,link/data.obj,2,432,global data
piece,0x502910,4,link/data.obj,2,428,global data
piece,0x5028f8,12,link/data.obj,2,416,global data
piece,0x50289c,4,link/data.obj,2,412,global data
piece,0x502898,4,link/data.obj,2,408,global data
piece,0x502890,8,link/data.obj,2,400,global data
piece,0x502884,12,link/data.obj,2,384,global data
piece,0x502878,12,link/data.obj,2,368,global data
piece,0x5024fc,16,link/data.obj,2,352,global data
piece,0x502288,8,link/data.obj,2,344,global data
piece,0x501d18,32,link/data.obj,2,312,global data
piece,0x501774,4,link/data.obj,2,304,global data
piece,0x4fdbf0,40,link/data.obj,2,264,global data
piece,0x4fdbe8,8,link/data.obj,2,256,global data
piece,0x4fd750,4,link/data.obj,2,248,global data
piece,0x4fd678,8,link/data.obj,2,240,global data
piece,0x4fd670,8,link/data.obj,2,232,global data
piece,0x4fd2b8,8,link/data.obj,2,224,global data
piece,0x4fd2b0,8,link/data.obj,2,216,global data
piece,0x4fd050,200,link/data.obj,2,16,global data
piece,0x4fcc68,8,link/data.obj,2,8,global data
piece,0x4fca10,8,link/data.obj,2,0,global data
piece,0x50d2d0,28,link/data.obj,6,360,global data
piece,0x50a43c,12,link/data.obj,6,344,global data
piece,0x509edc,20,link/data.obj,6,320,global data
piece,0x5097f4,8,link/data.obj,6,312,global data
piece,0x5097e8,12,link/data.obj,6,296,global data
piece,0x5097d0,24,link/data.obj,6,272,global data
piece,0x5097b0,32,link/data.obj,6,240,global data
piece,0x5097a8,8,link/data.obj,6,232,global data
piece,0x509310,24,link/data.obj,6,208,global data
piece,0x509268,16,link/data.obj,6,192,global data
piece,0x50925c,12,link/data.obj,6,176,global data
piece,0x509250,12,link/data.obj,6,160,global data
piece,0x509244,12,link/data.obj,6,144,global data
piece,0x509238,12,link/data.obj,6,128,global data
piece,0x509200,8,link/data.obj,6,120,global data
piece,0x5091d4,12,link/data.obj,6,104,global data
piece,0x508498,4,link/data.obj,6,96,global data
piece,0x508494,4,link/data.obj,6,92,global data
piece,0x508490,4,link/data.obj,6,88,global data
piece,0x508488,8,link/data.obj,6,80,global data
piece,0x508480,8,link/data.obj,6,72,global data
piece,0x508478,8,link/data.obj,6,64,global data
piece,0x508474,4,link/data.obj,6,60,global data
piece,0x508470,4,link/data.obj,6,56,global data
piece,0x508460,16,link/data.obj,6,40,global data
piece,0x504ab8,8,link/data.obj,6,32,global data
piece,0x50338c,8,link/data.obj,6,24,global data
piece,0x502e30,8,link/data.obj,6,16,global data
piece,0x502820,8,link/data.obj,6,8,global data
piece,0x4fd4cc,4,link/data.obj,6,4,global data
piece,0x4fd4c0,4,link/data.obj,6,0,global data
piece,0x50a77c,4,link/data.obj,31,40788,global data
piece,0x50a400,36,link/data.obj,31,40752,global data
piece,0x4fdaf0,16,link/data.obj,31,40736,global data
piece,0x511dd8,4,link/data.obj,31,40728,global data
piece,0x511a40,4,link/data.obj,31,40724,global data
piece,0x51e588,4,link/data.obj,31,40720,global data
piece,0x5119e8,40,link/data.obj,31,40680,global data
piece,0x51ff18,4,link/data.obj,31,40676,global data
piece,0x529e74,1,link/data.obj,31,40672,global data
piece,0x529e80,4,link/data.obj,31,40668,global data
piece,0x512310,4,link/data.obj,31,40664,global data
piece,0x529e58,4,link/data.obj,31,40660,global data
piece,0x529e64,1,link/data.obj,31,40656,global data
piece,0x529e70,1,link/data.obj,31,40652,global data
piece,0x511dc0,4,link/data.obj,31,40648,global data
piece,0x529e20,56,link/data.obj,31,40592,global data
piece,0x51e690,4,link/data.obj,31,40584,global data
piece,0x52a4f8,4,link/data.obj,31,40580,global data
piece,0x52a4f4,4,link/data.obj,31,40576,global data
piece,0x52a4e8,4,link/data.obj,31,40572,global data
piece,0x52a4f0,4,link/data.obj,31,40568,global data
piece,0x51e6f8,24,link/data.obj,31,40544,global data
piece,0x52a4e4,1,link/data.obj,31,40540,global data
piece,0x51f31c,1,link/data.obj,31,40536,global data
piece,0x529e98,4,link/data.obj,31,40532,global data
piece,0x512314,4,link/data.obj,31,40528,global data
piece,0x529e88,13,link/data.obj,31,40512,global data
piece,0x526ff0,4,link/data.obj,31,40504,global data
piece,0x529e78,1,link/data.obj,31,40500,global data
piece,0x529e84,4,link/data.obj,31,40496,global data
piece,0x512338,4,link/data.obj,31,40492,global data
piece,0x51e560,20,link/data.obj,31,40472,global data
piece,0x52a4ec,4,link/data.obj,31,40464,global data
piece,0x51f2f8,4,link/data.obj,31,40460,global data
piece,0x51f2f4,4,link/data.obj,31,40456,global data
piece,0x528ae8,1000,link/data.obj,31,39456,global data
piece,0x51f2d8,4,link/data.obj,31,39452,global data
piece,0x51f2f0,4,link/data.obj,31,39448,global data
piece,0x528ad8,1,link/data.obj,31,39444,global data
piece,0x528ae4,1,link/data.obj,31,39440,global data
piece,0x511c3c,4,link/data.obj,31,39436,global data
piece,0x51f2c8,10,link/data.obj,31,39424,global data
piece,0x528ae0,4,link/data.obj,31,39420,global data
piece,0x529e7c,4,link/data.obj,31,39416,global data
piece,0x51f2d2,6,link/data.obj,31,39408,global data
piece,0x51e6c4,4,link/data.obj,31,39400,global data
piece,0x51e6d0,40,link/data.obj,31,39360,global data
piece,0x529e6c,1,link/data.obj,31,39352,global data
piece,0x51e6c0,4,link/data.obj,31,39348,global data
piece,0x528aa8,1,link/data.obj,31,39344,global data
piece,0x529e5c,8,link/data.obj,31,39336,global data
piece,0x5122dc,4,link/data.obj,31,39332,global data
piece,0x51e6b0,12,link/data.obj,31,39320,global data
piece,0x528aa4,4,link/data.obj,31,39316,global data
piece,0x528ab0,4,link/data.obj,31,39312,global data
piece,0x51f2dc,4,link/data.obj,31,39308,global data
piece,0x528adc,1,link/data.obj,31,39304,global data
piece,0x5122d8,4,link/data.obj,31,39300,global data
piece,0x51e6bc,4,link/data.obj,31,39296,global data
piece,0x51ff0c,4,link/data.obj,31,39292,global data
piece,0x528aac,1,link/data.obj,31,39288,global data
piece,0x512eec,4,link/data.obj,31,39284,global data
piece,0x52a4fc,4,link/data.obj,31,39280,global data
piece,0x51e6c8,8,link/data.obj,31,39272,global data
piece,0x520fe8,24584,link/data.obj,31,14688,global data
piece,0x528ed0,1000,link/data.obj,31,13688,global data
piece,0x51f2fc,4,link/data.obj,31,13684,global data
piece,0x529dd0,4,link/data.obj,31,13680,global data
piece,0x511a54,4,link/data.obj,31,13676,global data
piece,0x51e578,4,link/data.obj,31,13672,global data
piece,0x512334,4,link/data.obj,31,13668,global data
piece,0x511a3c,4,link/data.obj,31,13664,global data
piece,0x511c48,4,link/data.obj,31,13660,global data
piece,0x511c54,4,link/data.obj,31,13656,global data
piece,0x511c50,4,link/data.obj,31,13652,global data
piece,0x511c34,4,link/data.obj,31,13648,global data
piece,0x511c38,4,link/data.obj,31,13644,global data
piece,0x511c30,4,link/data.obj,31,13640,global data
piece,0x511c20,4,link/data.obj,31,13636,global data
piece,0x529dd8,1,link/data.obj,31,13632,global data
piece,0x529ea4,4,link/data.obj,31,13628,global data
piece,0x51231c,4,link/data.obj,31,13624,global data
piece,0x529dc8,1,link/data.obj,31,13620,global data
piece,0x529dd4,1,link/data.obj,31,13616,global data
piece,0x529ea0,4,link/data.obj,31,13612,global data
piece,0x512c7c,4,link/data.obj,31,13608,global data
piece,0x51fc8c,4,link/data.obj,31,13604,global data
piece,0x51ff58,4,link/data.obj,31,13600,global data
piece,0x51ff60,112,link/data.obj,31,13488,global data
piece,0x5122ec,4,link/data.obj,31,13480,global data
piece,0x511a10,40,link/data.obj,31,13440,global data
piece,0x5129a8,4,link/data.obj,31,13432,global data
piece,0x5129b4,4,link/data.obj,31,13428,global data
piece,0x5129c0,4,link/data.obj,31,13424,global data
piece,0x5129a4,4,link/data.obj,31,13420,global data
piece,0x5129b0,4,link/data.obj,31,13416,global data
piece,0x51ff5c,4,link/data.obj,31,13412,global data
piece,0x51ff4c,12,link/data.obj,31,13400,global data
piece,0x512c78,4,link/data.obj,31,13392,global data
piece,0x51e5a0,104,link/data.obj,31,13288,global data
piece,0x511c2c,4,link/data.obj,31,13280,global data
piece,0x511c24,4,link/data.obj,31,13276,global data
piece,0x51ff1c,4,link/data.obj,31,13272,global data
piece,0x5127c8,432,link/data.obj,31,12840,global data
piece,0x51ffd0,176,link/data.obj,31,12664,global data
piece,0x512330,4,link/data.obj,31,12656,global data
piece,0x5129c8,4,link/data.obj,31,12652,global data
piece,0x5129c4,4,link/data.obj,31,12648,global data
piece,0x51fba8,4,link/data.obj,31,12644,global data
piece,0x51fbb4,4,link/data.obj,31,12640,global data
piece,0x51fbb0,4,link/data.obj,31,12636,global data
piece,0x51fb48,4,link/data.obj,31,12632,global data
piece,0x5129cc,4,link/data.obj,31,12628,global data
piece,0x5129bc,4,link/data.obj,31,12624,global data
piece,0x51e609,7,link/data.obj,31,12616,global data
piece,0x51e608,1,link/data.obj,31,12612,global data
piece,0x528a08,4,link/data.obj,31,12608,global data
piece,0x528a14,8,link/data.obj,31,12600,global data
piece,0x528a20,8,link/data.obj,31,12592,global data
piece,0x51fdb4,4,link/data.obj,31,12584,global data
piece,0x51e544,4,link/data.obj,31,12580,global data
piece,0x51e610,36,link/data.obj,31,12544,global data
piece,0x528a04,4,link/data.obj,31,12540,global data
piece,0x51fdb0,4,link/data.obj,31,12536,global data
piece,0x51e540,4,link/data.obj,31,12532,global data
piece,0x528a00,4,link/data.obj,31,12528,global data
piece,0x51e554,4,link/data.obj,31,12524,global data
piece,0x51fbd8,172,link/data.obj,31,12352,global data
piece,0x51fcb0,256,link/data.obj,31,12096,global data
piece,0x51fbd4,4,link/data.obj,31,12088,global data
piece,0x51ff48,4,link/data.obj,31,12084,global data
piece,0x51fbb8,4,link/data.obj,31,12080,global data
piece,0x51e688,4,link/data.obj,31,12076,global data
piece,0x51fef4,4,link/data.obj,31,12072,global data
piece,0x511bcc,4,link/data.obj,31,12068,global data
piece,0x528a78,44,link/data.obj,31,12024,global data
piece,0x51e678,4,link/data.obj,31,12016,global data
piece,0x51e684,4,link/data.obj,31,12012,global data
piece,0x51e810,10,link/data.obj,31,12000,global data
piece,0x51f308,8,link/data.obj,31,11992,global data
piece,0x51fef0,4,link/data.obj,31,11988,global data
piece,0x51e668,4,link/data.obj,31,11984,global data
piece,0x51e674,2,link/data.obj,31,11980,global data
piece,0x51e680,4,link/data.obj,31,11976,global data
piece,0x51e658,4,link/data.obj,31,11972,global data
piece,0x51e664,4,link/data.obj,31,11968,global data
piece,0x51e670,4,link/data.obj,31,11964,global data
piece,0x51e654,4,link/data.obj,31,11960,global data
piece,0x528a48,4,link/data.obj,31,11956,global data
piece,0x51e590,4,link/data.obj,31,11952,global data
piece,0x51e644,8,link/data.obj,31,11944,global data
piece,0x51e650,4,link/data.obj,31,11936,global data
piece,0x51e710,120,link/data.obj,31,11816,global data
piece,0x528a44,4,link/data.obj,31,11808,global data
piece,0x528a50,4,link/data.obj,31,11804,global data
piece,0x51fbac,4,link/data.obj,31,11800,global data
piece,0x51e635,7,link/data.obj,31,11792,global data
piece,0x51e634,1,link/data.obj,31,11788,global data
piece,0x528a40,4,link/data.obj,31,11784,global data
piece,0x51e594,4,link/data.obj,31,11780,global data
piece,0x512324,4,link/data.obj,31,11776,global data
piece,0x511a44,4,link/data.obj,31,11772,global data
piece,0x51e65c,4,link/data.obj,31,11768,global data
piece,0x528a5c,4,link/data.obj,31,11764,global data
piece,0x51e58c,4,link/data.obj,31,11760,global data
piece,0x51e64c,4,link/data.obj,31,11756,global data
piece,0x528a4c,4,link/data.obj,31,11752,global data
piece,0x51e558,4,link/data.obj,31,11748,global data
piece,0x51e63c,4,link/data.obj,31,11744,global data
piece,0x51e788,136,link/data.obj,31,11608,global data
piece,0x51e55c,4,link/data.obj,31,11604,global data
piece,0x528a1c,4,link/data.obj,31,11600,global data
piece,0x51fdbc,4,link/data.obj,31,11596,global data
piece,0x51fb94,4,link/data.obj,31,11592,global data
piece,0x528a0c,4,link/data.obj,31,11588,global data
piece,0x51e53c,4,link/data.obj,31,11584,global data
piece,0x51e825,3,link/data.obj,31,11580,global data
piece,0x51e698,4,link/data.obj,31,11576,global data
piece,0x51fef8,4,link/data.obj,31,11572,global data
piece,0x526ffc,4,link/data.obj,31,11568,global data
piece,0x511c58,360,link/data.obj,31,11208,global data
piece,0x51fb50,64,link/data.obj,31,11144,global data
piece,0x51fefc,4,link/data.obj,31,11136,global data
piece,0x51e81a,6,link/data.obj,31,11128,global data
piece,0x51e68c,4,link/data.obj,31,11120,global data
piece,0x511dc8,4,link/data.obj,31,11116,global data
piece,0x51e67c,4,link/data.obj,31,11112,global data
piece,0x51e66c,4,link/data.obj,31,11108,global data
piece,0x512ef0,4,link/data.obj,31,11104,global data
piece,0x511ddc,4,link/data.obj,31,11100,global data
piece,0x512bec,4,link/data.obj,31,11096,global data
piece,0x512bdc,4,link/data.obj,31,11092,global data
piece,0x512bcc,4,link/data.obj,31,11088,global data
piece,0x51e54c,4,link/data.obj,31,11084,global data
piece,0x512afc,4,link/data.obj,31,11080,global data
piece,0x5289fc,4,link/data.obj,31,11076,global data
piece,0x511fac,4,link/data.obj,31,11072,global data
piece,0x512aec,4,link/data.obj,31,11068,global data
piece,0x512adc,4,link/data.obj,31,11064,global data
piece,0x5289dc,4,link/data.obj,31,11060,global data
piece,0x512dd0,260,link/data.obj,31,10800,global data
piece,0x51fc94,4,link/data.obj,31,10792,global data
piece,0x512acc,4,link/data.obj,31,10788,global data
piece,0x5289cc,1,link/data.obj,31,10784,global data
piece,0x5295cc,1,link/data.obj,31,10780,global data
piece,0x512abc,4,link/data.obj,31,10776,global data
piece,0x5289bc,4,link/data.obj,31,10772,global data
piece,0x5295bc,4,link/data.obj,31,10768,global data
piece,0x51e820,5,link/data.obj,31,10760,global data
piece,0x5122e0,4,link/data.obj,31,10756,global data
piece,0x511a50,4,link/data.obj,31,10752,global data
piece,0x512ff8,4,link/data.obj,31,10748,global data
piece,0x512fd9,4,link/data.obj,31,10744,global data
piece,0x512fe4,4,link/data.obj,31,10740,global data
piece,0x512ff0,4,link/data.obj,31,10736,global data
piece,0x51fc88,4,link/data.obj,31,10732,global data
piece,0x512fe0,4,link/data.obj,31,10728,global data
piece,0x512ef8,24,link/data.obj,31,10704,global data
piece,0x511a38,4,link/data.obj,31,10700,global data
piece,0x512288,4,link/data.obj,31,10696,global data
piece,0x512294,4,link/data.obj,31,10692,global data
piece,0x512ef4,4,link/data.obj,31,10688,global data
piece,0x512bfc,4,link/data.obj,31,10684,global data
piece,0x512290,4,link/data.obj,31,10680,global data
piece,0x512350,8,link/data.obj,31,10672,global data
piece,0x512fec,4,link/data.obj,31,10664,global data
piece,0x511c28,4,link/data.obj,31,10660,global data
piece,0x51229c,4,link/data.obj,31,10656,global data
piece,0x51228c,4,link/data.obj,31,10652,global data
piece,0x5122e8,4,link/data.obj,31,10648,global data
piece,0x51233c,4,link/data.obj,31,10644,global data
piece,0x51ff10,4,link/data.obj,31,10640,global data
piece,0x520080,3944,link/data.obj,31,6696,global data
piece,0x512788,4,link/data.obj,31,6692,global data
piece,0x512320,4,link/data.obj,31,6688,global data
piece,0x51e694,4,link/data.obj,31,6684,global data
piece,0x512768,4,link/data.obj,31,6680,global data
piece,0x512780,8,link/data.obj,31,6672,global data
piece,0x512758,8,link/data.obj,31,6664,global data
piece,0x511c4c,4,link/data.obj,31,6660,global data
piece,0x512760,4,link/data.obj,31,6656,global data
piece,0x512ffc,4,link/data.obj,31,6652,global data
piece,0x512998,12,link/data.obj,31,6640,global data
piece,0x51276c,4,link/data.obj,31,6636,global data
piece,0x512988,4,link/data.obj,31,6632,global data
piece,0x512994,4,link/data.obj,31,6628,global data
piece,0x512978,4,link/data.obj,31,6624,global data
piece,0x512984,4,link/data.obj,31,6620,global data
piece,0x512990,4,link/data.obj,31,6616,global data
piece,0x512980,4,link/data.obj,31,6612,global data
piece,0x51fba4,4,link/data.obj,31,6608,global data
piece,0x51fb9c,4,link/data.obj,31,6604,global data
piece,0x51297c,4,link/data.obj,31,6600,global data
piece,0x526ff8,4,link/data.obj,31,6596,global data
piece,0x5122d4,4,link/data.obj,31,6592,global data
piece,0x51f304,4,link/data.obj,31,6588,global data
piece,0x511c40,4,link/data.obj,31,6584,global data
piece,0x512328,4,link/data.obj,31,6580,global data
piece,0x51278c,60,link/data.obj,31,6520,global data
piece,0x51fb98,4,link/data.obj,31,6516,global data
piece,0x5122e4,4,link/data.obj,31,6512,global data
piece,0x5122a0,4,link/data.obj,31,6508,global data
piece,0x51298c,4,link/data.obj,31,6504,global data
piece,0x5119b8,8,link/data.obj,31,6496,global data
piece,0x511de8,4,link/data.obj,31,6488,global data
piece,0x511c44,4,link/data.obj,31,6484,global data
piece,0x51ff08,4,link/data.obj,31,6480,global data
piece,0x51ff20,40,link/data.obj,31,6440,global data
piece,0x51ff04,4,link/data.obj,31,6436,global data
piece,0x51fb4c,4,link/data.obj,31,6432,global data
piece,0x51ff00,4,link/data.obj,31,6428,global data
piece,0x51fc84,4,link/data.obj,31,6424,global data
piece,0x512a58,4,link/data.obj,31,6420,global data
piece,0x512a64,4,link/data.obj,31,6416,global data
piece,0x512a70,4,link/data.obj,31,6412,global data
piece,0x512b18,4,link/data.obj,31,6408,global data
piece,0x512b24,4,link/data.obj,31,6404,global data
piece,0x512b30,4,link/data.obj,31,6400,global data
piece,0x512a48,4,link/data.obj,31,6396,global data
piece,0x512a54,4,link/data.obj,31,6392,global data
piece,0x512a60,4,link/data.obj,31,6388,global data
piece,0x512b08,4,link/data.obj,31,6384,global data
piece,0x512b14,4,link/data.obj,31,6380,global data
piece,0x512b20,4,link/data.obj,31,6376,global data
piece,0x511a48,4,link/data.obj,31,6372,global data
piece,0x51232c,4,link/data.obj,31,6368,global data
piece,0x529dfc,4,link/data.obj,31,6364,global data
piece,0x512a38,4,link/data.obj,31,6360,global data
piece,0x512a44,4,link/data.obj,31,6356,global data
piece,0x512a50,4,link/data.obj,31,6352,global data
piece,0x512b04,4,link/data.obj,31,6348,global data
piece,0x512b10,4,link/data.obj,31,6344,global data
piece,0x512a20,8,link/data.obj,31,6336,global data
piece,0x512a28,4,link/data.obj,31,6332,global data
piece,0x512a34,4,link/data.obj,31,6328,global data
piece,0x512a40,4,link/data.obj,31,6324,global data
piece,0x512b00,4,link/data.obj,31,6320,global data
piece,0x529528,4,link/data.obj,31,6316,global data
piece,0x529534,4,link/data.obj,31,6312,global data
piece,0x529ddc,1,link/data.obj,31,6308,global data
piece,0x512a30,4,link/data.obj,31,6304,global data
piece,0x529530,4,link/data.obj,31,6300,global data
piece,0x529dcc,4,link/data.obj,31,6296,global data
piece,0x529508,4,link/data.obj,31,6292,global data
piece,0x529504,4,link/data.obj,31,6288,global data
piece,0x512a2c,4,link/data.obj,31,6284,global data
piece,0x51fb90,4,link/data.obj,31,6280,global data
piece,0x52952c,4,link/data.obj,31,6276,global data
piece,0x511a4c,4,link/data.obj,31,6272,global data
piece,0x511f94,4,link/data.obj,31,6268,global data
piece,0x512b88,4,link/data.obj,31,6264,global data
piece,0x512c48,4,link/data.obj,31,6260,global data
piece,0x512c54,4,link/data.obj,31,6256,global data
piece,0x512c60,4,link/data.obj,31,6252,global data
piece,0x511f90,4,link/data.obj,31,6248,global data
piece,0x512b78,4,link/data.obj,31,6244,global data
piece,0x512b84,4,link/data.obj,31,6240,global data
piece,0x512b90,48,link/data.obj,31,6192,global data
piece,0x512c38,4,link/data.obj,31,6188,global data
piece,0x512c44,4,link/data.obj,31,6184,global data
piece,0x512c50,4,link/data.obj,31,6180,global data
piece,0x52950c,4,link/data.obj,31,6176,global data
piece,0x511f80,16,link/data.obj,31,6160,global data
piece,0x512b68,4,link/data.obj,31,6152,global data
piece,0x512b74,4,link/data.obj,31,6148,global data
piece,0x512b80,4,link/data.obj,31,6144,global data
piece,0x512c28,4,link/data.obj,31,6140,global data
piece,0x512c34,4,link/data.obj,31,6136,global data
piece,0x512c40,4,link/data.obj,31,6132,global data
piece,0x512a98,4,link/data.obj,31,6128,global data
piece,0x512b58,4,link/data.obj,31,6124,global data
piece,0x512b64,4,link/data.obj,31,6120,global data
piece,0x512b70,4,link/data.obj,31,6116,global data
piece,0x512c18,4,link/data.obj,31,6112,global data
piece,0x512c24,4,link/data.obj,31,6108,global data
piece,0x512c30,4,link/data.obj,31,6104,global data
piece,0x512a88,4,link/data.obj,31,6100,global data
piece,0x512a94,4,link/data.obj,31,6096,global data
piece,0x512b48,4,link/data.obj,31,6092,global data
piece,0x512b54,4,link/data.obj,31,6088,global data
piece,0x512b60,4,link/data.obj,31,6084,global data
piece,0x512c08,4,link/data.obj,31,6080,global data
piece,0x512c14,4,link/data.obj,31,6076,global data
piece,0x512c20,4,link/data.obj,31,6072,global data
piece,0x512a84,4,link/data.obj,31,6068,global data
piece,0x512a90,4,link/data.obj,31,6064,global data
piece,0x512b44,4,link/data.obj,31,6060,global data
piece,0x512b50,4,link/data.obj,31,6056,global data
piece,0x512c04,4,link/data.obj,31,6052,global data
piece,0x512c10,4,link/data.obj,31,6048,global data
piece,0x512a78,4,link/data.obj,31,6044,global data
piece,0x512b38,4,link/data.obj,31,6040,global data
piece,0x512a80,4,link/data.obj,31,6036,global data
piece,0x512b40,4,link/data.obj,31,6032,global data
piece,0x512c00,4,link/data.obj,31,6028,global data
piece,0x512a68,4,link/data.obj,31,6024,global data
piece,0x512a74,4,link/data.obj,31,6020,global data
piece,0x512b28,4,link/data.obj,31,6016,global data
piece,0x512b34,4,link/data.obj,31,6012,global data
piece,0x512b6c,4,link/data.obj,31,6008,global data
piece,0x512c2c,4,link/data.obj,31,6004,global data
piece,0x512f14,4,link/data.obj,31,6000,global data
piece,0x512a9c,4,link/data.obj,31,5996,global data
piece,0x512b5c,4,link/data.obj,31,5992,global data
piece,0x512c1c,4,link/data.obj,31,5988,global data
piece,0x512f10,4,link/data.obj,31,5984,global data
piece,0x512a8c,4,link/data.obj,31,5980,global data
piece,0x512b4c,4,link/data.obj,31,5976,global data
piece,0x512c0c,4,link/data.obj,31,5972,global data
piece,0x511de4,4,link/data.obj,31,5968,global data
piece,0x512a7c,4,link/data.obj,31,5964,global data
piece,0x512b3c,4,link/data.obj,31,5960,global data
piece,0x512a6c,4,link/data.obj,31,5956,global data
piece,0x512b2c,4,link/data.obj,31,5952,global data
piece,0x512a5c,4,link/data.obj,31,5948,global data
piece,0x512b1c,4,link/data.obj,31,5944,global data
piece,0x51e69c,4,link/data.obj,31,5940,global data
piece,0x512a4c,4,link/data.obj,31,5936,global data
piece,0x512b0c,4,link/data.obj,31,5932,global data
piece,0x512c68,4,link/data.obj,31,5928,global data
piece,0x512c80,336,link/data.obj,31,5592,global data
piece,0x512a3c,4,link/data.obj,31,5584,global data
piece,0x511f98,4,link/data.obj,31,5580,global data
piece,0x512c58,4,link/data.obj,31,5576,global data
piece,0x512c64,4,link/data.obj,31,5572,global data
piece,0x512c70,4,link/data.obj,31,5568,global data
piece,0x512c6c,4,link/data.obj,31,5564,global data
piece,0x511f9c,4,link/data.obj,31,5560,global data
piece,0x512c5c,4,link/data.obj,31,5556,global data
piece,0x512b8c,4,link/data.obj,31,5552,global data
piece,0x512c4c,4,link/data.obj,31,5548,global data
piece,0x512b7c,4,link/data.obj,31,5544,global data
piece,0x512c3c,4,link/data.obj,31,5540,global data
piece,0x51fba0,4,link/data.obj,31,5536,global data
piece,0x512f18,85,link/data.obj,31,5448,global data
piece,0x511bc0,4,link/data.obj,31,5440,global data
piece,0x51fdc0,304,link/data.obj,31,5136,global data
piece,0x51f300,4,link/data.obj,31,5128,global data
piece,0x5122f0,32,link/data.obj,31,5096,global data
piece,0x512ee8,4,link/data.obj,31,5092,global data
piece,0x511bc8,4,link/data.obj,31,5088,global data
piece,0x5292c8,8,link/data.obj,31,5080,global data
piece,0x511bc4,4,link/data.obj,31,5072,global data
piece,0x511bd0,80,link/data.obj,31,4992,global data
piece,0x512f6d,4,link/data.obj,31,4988,global data
piece,0x5292b8,4,link/data.obj,31,4984,global data
piece,0x511a58,360,link/data.obj,31,4624,global data
piece,0x511fa4,4,link/data.obj,31,4620,global data
piece,0x511fb0,4,link/data.obj,31,4616,global data
piece,0x512ad8,4,link/data.obj,31,4608,global data
piece,0x512ae4,4,link/data.obj,31,4600,global data
piece,0x512af0,4,link/data.obj,31,4596,global data
piece,0x5289d8,4,link/data.obj,31,4592,global data
piece,0x5289e4,8,link/data.obj,31,4584,global data
piece,0x5289f0,4,link/data.obj,31,4576,global data
piece,0x5295d8,2000,link/data.obj,31,2576,global data
piece,0x51fdb8,4,link/data.obj,31,2568,global data
piece,0x511fa0,4,link/data.obj,31,2564,global data
piece,0x512ac8,4,link/data.obj,31,2560,global data
piece,0x512ad4,4,link/data.obj,31,2556,global data
piece,0x512ae0,4,link/data.obj,31,2552,global data
piece,0x5289c8,1,link/data.obj,31,2548,global data
piece,0x5289d4,4,link/data.obj,31,2544,global data
piece,0x5289e0,4,link/data.obj,31,2540,global data
piece,0x5295c8,4,link/data.obj,31,2536,global data
piece,0x5295d4,4,link/data.obj,31,2532,global data
piece,0x512ab8,4,link/data.obj,31,2528,global data
piece,0x512ac4,4,link/data.obj,31,2524,global data
piece,0x512ad0,4,link/data.obj,31,2520,global data
piece,0x5289b8,1,link/data.obj,31,2516,global data
piece,0x5289c4,4,link/data.obj,31,2512,global data
piece,0x5289d0,4,link/data.obj,31,2508,global data
piece,0x5295b8,4,link/data.obj,31,2504,global data
piece,0x5295c4,4,link/data.obj,31,2500,global data
piece,0x5295d0,4,link/data.obj,31,2496,global data
piece,0x51f320,2088,link/data.obj,31,408,global data
piece,0x512aa8,4,link/data.obj,31,404,global data
piece,0x512ab4,4,link/data.obj,31,400,global data
piece,0x512ac0,4,link/data.obj,31,396,global data
piece,0x5289b4,1,link/data.obj,31,392,global data
piece,0x5289c0,4,link/data.obj,31,388,global data
piece,0x5295c0,4,link/data.obj,31,384,global data
piece,0x511dc4,4,link/data.obj,31,380,global data
piece,0x512aa4,4,link/data.obj,31,376,global data
piece,0x512ab0,4,link/data.obj,31,372,global data
piece,0x512318,4,link/data.obj,31,368,global data
piece,0x511dd4,4,link/data.obj,31,364,global data
piece,0x511de0,4,link/data.obj,31,360,global data
piece,0x512aa0,4,link/data.obj,31,356,global data
piece,0x511dd0,4,link/data.obj,31,352,global data
piece,0x511dec,4,link/data.obj,31,348,global data
piece,0x512aac,4,link/data.obj,31,344,global data
piece,0x512bf8,4,link/data.obj,31,340,global data
piece,0x511dcc,4,link/data.obj,31,336,global data
piece,0x512be8,4,link/data.obj,31,332,global data
piece,0x512bf4,4,link/data.obj,31,328,global data
piece,0x512bc0,8,link/data.obj,31,320,global data
piece,0x512bd8,4,link/data.obj,31,316,global data
piece,0x512be4,4,link/data.obj,31,312,global data
piece,0x512bf0,4,link/data.obj,31,308,global data
piece,0x512bd4,4,link/data.obj,31,304,global data
piece,0x512be0,4,link/data.obj,31,300,global data
piece,0x512bc8,4,link/data.obj,31,296,global data
piece,0x51fc90,4,link/data.obj,31,292,global data
piece,0x512bd0,4,link/data.obj,31,288,global data
piece,0x511fb8,256,link/data.obj,31,32,global data
piece,0x512af8,4,link/data.obj,31,24,global data
piece,0x5289f8,4,link/data.obj,31,20,global data
piece,0x511fa8,4,link/data.obj,31,16,global data
piece,0x511fb4,4,link/data.obj,31,12,global data
piece,0x512ae8,4,link/data.obj,31,8,global data
piece,0x512af4,4,link/data.obj,31,4,global data
piece,0x5289f4,4,link/data.obj,31,0,global data
piece,0x507b70,24,link/extra_data.obj,2,8,global data
piece,0x505510,4,link/extra_data.obj,2,4,global data
piece,0x502ae8,4,link/extra_data.obj,2,0,global data
piece,0x529e00,32,link/extra_data.obj,3,3888,global data
piece,0x526ff4,4,link/extra_data.obj,3,3884,global data
piece,0x51f2e8,4,link/extra_data.obj,3,3880,global data
piece,0x529e9c,1,link/extra_data.obj,3,3876,global data
piece,0x51f2e4,4,link/extra_data.obj,3,3872,global data
piece,0x51f2e0,4,link/extra_data.obj,3,3868,global data
piece,0x528ac8,4,link/extra_data.obj,3,3864,global data
piece,0x528ad4,4,link/extra_data.obj,3,3860,global data
piece,0x528ab8,4,link/extra_data.obj,3,3856,global data
piece,0x528ac4,4,link/extra_data.obj,3,3852,global data
piece,0x528ad0,4,link/extra_data.obj,3,3848,global data
piece,0x528ab4,4,link/extra_data.obj,3,3844,global data
piece,0x528ac0,4,link/extra_data.obj,3,3840,global data
piece,0x51f2ec,4,link/extra_data.obj,3,3836,global data
piece,0x528acc,4,link/extra_data.obj,3,3832,global data
piece,0x528abc,4,link/extra_data.obj,3,3828,global data
piece,0x529df8,4,link/extra_data.obj,3,3824,global data
piece,0x5129b8,4,link/extra_data.obj,3,3820,global data
piece,0x5129ac,4,link/extra_data.obj,3,3816,global data
piece,0x51e548,4,link/extra_data.obj,3,3812,global data
piece,0x51e550,4,link/extra_data.obj,3,3808,global data
piece,0x528a10,4,link/extra_data.obj,3,3804,global data
piece,0x51fbd0,4,link/extra_data.obj,3,3800,global data
piece,0x51e660,4,link/extra_data.obj,3,3796,global data
piece,0x51e584,4,link/extra_data.obj,3,3792,global data
piece,0x51e574,4,link/extra_data.obj,3,3788,global data
piece,0x51e580,4,link/extra_data.obj,3,3784,global data
piece,0x51e640,4,link/extra_data.obj,3,3780,global data
piece,0x51e57c,4,link/extra_data.obj,3,3776,global data
piece,0x51e828,2720,link/extra_data.obj,3,1056,global data
piece,0x512fe8,4,link/extra_data.obj,3,1052,global data
piece,0x512ff4,4,link/extra_data.obj,3,1048,global data
piece,0x512298,4,link/extra_data.obj,3,1044,global data
piece,0x512764,4,link/extra_data.obj,3,1040,global data
piece,0x512770,16,link/extra_data.obj,3,1024,global data
piece,0x5120b8,464,link/extra_data.obj,3,560,global data
piece,0x5119c0,40,link/extra_data.obj,3,520,global data
piece,0x51ff14,4,link/extra_data.obj,3,512,global data
piece,0x512c74,4,link/extra_data.obj,3,508,global data
piece,0x512f75,100,link/extra_data.obj,3,408,global data
piece,0x512f71,4,link/extra_data.obj,3,400,global data
piece,0x511df0,400,link/extra_data.obj,3,0,global data
piece,0x50332c,23,link/data.obj,76,0,game data
piece,0x503324,8,link/data.obj,75,0,game data
piece,0x505604,8,link/data.obj,74,0,game data
piece,0x5055fc,7,link/data.obj,73,0,game data
piece,0x5055f4,6,link/data.obj,72,0,game data
piece,0x5055ec,6,link/data.obj,71,0,game data
piece,0x5055e4,6,link/data.obj,70,0,game data
piece,0x5055dc,5,link/data.obj,69,0,game data
piece,0x5055d4,5,link/data.obj,68,0,game data
piece,0x5055cc,6,link/data.obj,67,0,game data
piece,0x5055c8,4,link/data.obj,66,0,game data
piece,0x5055bc,11,link/data.obj,65,0,game data
piece,0x5055b0,9,link/data.obj,64,0,game data
piece,0x5055a4,9,link/data.obj,63,0,game data
piece,0x505598,9,link/data.obj,62,0,game data
piece,0x505590,8,link/data.obj,61,0,game data
piece,0x505584,9,link/data.obj,60,0,game data
piece,0x50557c,8,link/data.obj,59,0,game data
piece,0x505570,9,link/data.obj,58,0,game data
piece,0x505568,6,link/data.obj,57,0,game data
piece,0x505560,6,link/data.obj,56,0,game data
piece,0x505558,7,link/data.obj,55,0,game data
piece,0x50554c,10,link/data.obj,54,0,game data
piece,0x505544,8,link/data.obj,53,0,game data
piece,0x505538,9,link/data.obj,52,0,game data
piece,0x506270,19,link/data.obj,51,0,game data
piece,0x506258,24,link/data.obj,50,0,game data
piece,0x50623c,27,link/data.obj,49,0,game data
piece,0x50622c,14,link/data.obj,48,0,game data
piece,0x50621c,15,link/data.obj,47,0,game data
piece,0x506208,20,link/data.obj,46,0,game data
piece,0x5061f4,20,link/data.obj,45,0,game data
piece,0x5061dc,21,link/data.obj,44,0,game data
piece,0x507bd8,29,link/data.obj,43,0,game data
piece,0x507bb8,30,link/data.obj,42,0,game data
piece,0x507b94,35,link/data.obj,41,0,game data
piece,0x506d8c,9,link/data.obj,40,0,game data
piece,0x5096dc,12,link/data.obj,39,0,game data
piece,0x5096cc,14,link/data.obj,38,0,game data
piece,0x5096bc,13,link/data.obj,37,0,game data
piece,0x5096b0,11,link/data.obj,36,0,game data
piece,0x5096a0,13,link/data.obj,35,0,game data
piece,0x509694,12,link/data.obj,34,0,game data
piece,0x509724,25,link/data.obj,33,0,game data
piece,0x507a58,19,link/data.obj,32,0,game data
piece,0x50ba84,13,link/data.obj,30,0,game data
piece,0x50ba70,20,link/data.obj,29,0,game data
piece,0x50ba58,22,link/data.obj,28,0,game data
piece,0x50ba40,24,link/data.obj,27,0,game data
piece,0x50ba28,24,link/data.obj,26,0,game data
piece,0x50b9fc,41,link/data.obj,25,0,game data
piece,0x50c268,10,link/data.obj,24,0,game data
piece,0x50c274,12,link/data.obj,23,0,game data
piece,0x50c280,15,link/data.obj,22,0,game data
piece,0x50c298,7,link/data.obj,21,0,game data
piece,0x50c2ac,8,link/data.obj,20,0,game data
piece,0x50c2b4,10,link/data.obj,19,0,game data
piece,0x50d260,10,link/data.obj,18,0,game data
piece,0x50d254,12,link/data.obj,17,0,game data
piece,0x50d248,10,link/data.obj,16,0,game data
piece,0x50d23c,11,link/data.obj,15,0,game data
piece,0x50d230,12,link/data.obj,14,0,game data
piece,0x50d20c,19,link/data.obj,13,0,game data
piece,0x50d1f8,17,link/data.obj,12,0,game data
piece,0x50d1e8,16,link/data.obj,11,0,game data
piece,0x50d1d0,22,link/data.obj,10,0,game data
piece,0x50d1b8,21,link/data.obj,9,0,game data
piece,0x50d1a8,13,link/data.obj,8,0,game data
piece,0x50d198,15,link/data.obj,7,0,game data
piece,0x50d4d4,41,link/data.obj,5,0,game data
piece,0x50d664,19,link/data.obj,4,0,game data
piece,0x50d730,14,link/data.obj,3,0,game data
piece,0x50b8b8,24,src/data/unused.cpp,14,0,data source
piece,0x50b89c,25,src/data/unused.cpp,13,0,data source
piece,0x50b880,26,src/data/unused.cpp,12,0,data source
piece,0x50b864,27,src/data/unused.cpp,11,0,data source
piece,0x50b84c,23,src/data/unused.cpp,10,0,data source
piece,0x50b834,24,src/data/unused.cpp,9,0,data source
piece,0x50b818,25,src/data/unused.cpp,8,0,data source
piece,0x50b7fc,26,src/data/unused.cpp,7,0,data source
piece,0x50b7e4,22,src/data/unused.cpp,6,0,data source
piece,0x50b7cc,23,src/data/unused.cpp,5,0,data source
piece,0x50b7b4,24,src/data/unused.cpp,4,0,data source
piece,0x50b798,25,src/data/unused.cpp,3,0,data source
piece,0x5067b0,9,src/data/unused.cpp,18,0,data source
piece,0x5067a4,9,src/data/unused.cpp,17,0,data source
piece,0x506798,9,src/data/unused.cpp,16,0,data source
piece,0x50678c,9,src/data/unused.cpp,15,0,data source
piece,0x506818,8,src/data/unused.cpp,24,0,data source
piece,0x506804,20,src/data/unused.cpp,23,0,data source
piece,0x5067f8,12,src/data/unused.cpp,22,0,data source
piece,0x5067e8,14,src/data/unused.cpp,21,0,data source
piece,0x5067d8,16,src/data/unused.cpp,20,0,data source
piece,0x5067c4,17,src/data/unused.cpp,19,0,data source
piece,0x506830,13,src/data/unused.cpp,26,0,data source
piece,0x50684c,11,src/data/unused.cpp,28,0,data source
piece,0x506820,15,src/data/unused.cpp,25,0,data source
piece,0x506858,9,src/data/unused.cpp,29,0,data source
piece,0x506840,9,src/data/unused.cpp,27,0,data source
piece,0x5010e8,6,src/orders/unit_orders.cpp,75,0,data source
piece,0x501518,8,src/orders/unit_orders.cpp,68,0,data source
piece,0x501afc,13,src/orders/unit_orders.cpp,33,0,data source
piece,0x501500,7,src/orders/unit_orders.cpp,66,0,data source
piece,0x501af0,10,src/orders/unit_orders.cpp,32,0,data source
piece,0x501ae8,8,src/orders/unit_orders.cpp,31,0,data source
piece,0x501ad8,13,src/orders/unit_orders.cpp,30,0,data source
piece,0x50144c,8,src/orders/unit_orders.cpp,52,0,data source
piece,0x501acc,12,src/orders/unit_orders.cpp,29,0,data source
piece,0x501430,10,src/orders/unit_orders.cpp,50,0,data source
piece,0x501ac0,12,src/orders/unit_orders.cpp,28,0,data source
piece,0x5014e8,9,src/orders/unit_orders.cpp,64,0,data source
piece,0x501ab4,12,src/orders/unit_orders.cpp,27,0,data source
piece,0x50145c,11,src/orders/unit_orders.cpp,54,0,data source
piece,0x501aa8,12,src/orders/unit_orders.cpp,26,0,data source
piece,0x501a9c,10,src/orders/unit_orders.cpp,25,0,data source
piece,0x501a90,10,src/orders/unit_orders.cpp,24,0,data source
piece,0x501a80,16,src/orders/unit_orders.cpp,23,0,data source
piece,0x501a74,9,src/orders/unit_orders.cpp,22,0,data source
piece,0x501a68,12,src/orders/unit_orders.cpp,21,0,data source
piece,0x501a54,17,src/orders/unit_orders.cpp,20,0,data source
piece,0x501200,12,src/orders/unit_orders.cpp,94,0,data source
piece,0x501a40,17,src/orders/unit_orders.cpp,19,0,data source
piece,0x501a30,15,src/orders/unit_orders.cpp,18,0,data source
piece,0x5013e0,14,src/orders/unit_orders.cpp,44,0,data source
piece,0x501a1c,18,src/orders/unit_orders.cpp,17,0,data source
piece,0x5010cc,10,src/orders/unit_orders.cpp,73,0,data source
piece,0x501a0c,16,src/orders/unit_orders.cpp,16,0,data source
piece,0x501388,11,src/orders/unit_orders.cpp,37,0,data source
piece,0x5019fc,13,src/orders/unit_orders.cpp,15,0,data source
piece,0x5019e8,17,src/orders/unit_orders.cpp,14,0,data source
piece,0x5019e0,8,src/orders/unit_orders.cpp,13,0,data source
piece,0x5019d4,11,src/orders/unit_orders.cpp,12,0,data source
piece,0x5019c0,18,src/orders/unit_orders.cpp,11,0,data source
piece,0x5019b0,16,src/orders/unit_orders.cpp,10,0,data source
piece,0x50199c,17,src/orders/unit_orders.cpp,9,0,data source
piece,0x50198c,15,src/orders/unit_orders.cpp,8,0,data source
piece,0x50197c,13,src/orders/unit_orders.cpp,7,0,data source
piece,0x501968,17,src/orders/unit_orders.cpp,6,0,data source
piece,0x501958,16,src/orders/unit_orders.cpp,5,0,data source
piece,0x501948,15,src/orders/unit_orders.cpp,4,0,data source
piece,0x501508,13,src/orders/unit_orders.cpp,67,0,data source
piece,0x5014f4,12,src/orders/unit_orders.cpp,65,0,data source
piece,0x5014d8,14,src/orders/unit_orders.cpp,63,0,data source
piece,0x5014c4,17,src/orders/unit_orders.cpp,62,0,data source
piece,0x5014b8,9,src/orders/unit_orders.cpp,61,0,data source
piece,0x50129c,10,src/orders/unit_orders.cpp,105,0,data source
piece,0x5014a8,13,src/orders/unit_orders.cpp,60,0,data source
piece,0x501498,16,src/orders/unit_orders.cpp,59,0,data source
piece,0x501488,13,src/orders/unit_orders.cpp,58,0,data source
piece,0x501478,14,src/orders/unit_orders.cpp,57,0,data source
piece,0x501470,8,src/orders/unit_orders.cpp,56,0,data source
piece,0x501468,5,src/orders/unit_orders.cpp,55,0,data source
piece,0x501454,7,src/orders/unit_orders.cpp,53,0,data source
piece,0x50143c,14,src/orders/unit_orders.cpp,51,0,data source
piece,0x501420,14,src/orders/unit_orders.cpp,49,0,data source
piece,0x501414,12,src/orders/unit_orders.cpp,48,0,data source
piece,0x501408,9,src/orders/unit_orders.cpp,47,0,data source
piece,0x5013fc,12,src/orders/unit_orders.cpp,46,0,data source
piece,0x5013f0,10,src/orders/unit_orders.cpp,45,0,data source
piece,0x5013d0,13,src/orders/unit_orders.cpp,43,0,data source
piece,0x5013c4,11,src/orders/unit_orders.cpp,42,0,data source
piece,0x5013b8,10,src/orders/unit_orders.cpp,41,0,data source
piece,0x5013b0,8,src/orders/unit_orders.cpp,40,0,data source
piece,0x5013a0,13,src/orders/unit_orders.cpp,39,0,data source
piece,0x501394,10,src/orders/unit_orders.cpp,38,0,data source
piece,0x501380,8,src/orders/unit_orders.cpp,36,0,data source
piece,0x501374,12,src/orders/unit_orders.cpp,35,0,data source
piece,0x501360,17,src/orders/unit_orders.cpp,34,0,data source
piece,0x5012b0,9,src/orders/unit_orders.cpp,107,0,data source
piece,0x5012a8,5,src/orders/unit_orders.cpp,106,0,data source
piece,0x50128c,14,src/orders/unit_orders.cpp,104,0,data source
piece,0x501280,9,src/orders/unit_orders.cpp,103,0,data source
piece,0x501274,11,src/orders/unit_orders.cpp,102,0,data source
piece,0x501268,9,src/orders/unit_orders.cpp,101,0,data source
piece,0x50125c,9,src/orders/unit_orders.cpp,100,0,data source
piece,0x501250,11,src/orders/unit_orders.cpp,99,0,data source
piece,0x501244,10,src/orders/unit_orders.cpp,98,0,data source
piece,0x501234,13,src/orders/unit_orders.cpp,97,0,data source
piece,0x501220,19,src/orders/unit_orders.cpp,96,0,data source
piece,0x50120c,19,src/orders/unit_orders.cpp,95,0,data source
piece,0x5011f0,14,src/orders/unit_orders.cpp,93,0,data source
piece,0x5011e4,12,src/orders/unit_orders.cpp,92,0,data source
piece,0x5011cc,22,src/orders/unit_orders.cpp,91,0,data source
piece,0x5011bc,13,src/orders/unit_orders.cpp,90,0,data source
piece,0x5011ac,15,src/orders/unit_orders.cpp,89,0,data source
piece,0x5011a0,10,src/orders/unit_orders.cpp,88,0,data source
piece,0x501194,9,src/orders/unit_orders.cpp,87,0,data source
piece,0x501180,19,src/orders/unit_orders.cpp,86,0,data source
piece,0x501174,9,src/orders/unit_orders.cpp,85,0,data source
piece,0x501160,18,src/orders/unit_orders.cpp,84,0,data source
piece,0x501154,10,src/orders/unit_orders.cpp,83,0,data source
piece,0x501140,18,src/orders/unit_orders.cpp,82,0,data source
piece,0x501130,15,src/orders/unit_orders.cpp,81,0,data source
piece,0x501128,8,src/orders/unit_orders.cpp,80,0,data source
piece,0x501120,5,src/orders/unit_orders.cpp,79,0,data source
piece,0x50110c,19,src/orders/unit_orders.cpp,78,0,data source
piece,0x5010fc,14,src/orders/unit_orders.cpp,77,0,data source
piece,0x5010f0,12,src/orders/unit_orders.cpp,76,0,data source
piece,0x5010d8,13,src/orders/unit_orders.cpp,74,0,data source
piece,0x5010c0,11,src/orders/unit_orders.cpp,72,0,data source
piece,0x5010ac,18,src/orders/unit_orders.cpp,71,0,data source
piece,0x5010a4,6,src/orders/unit_orders.cpp,70,0,data source
piece,0x50109c,8,src/orders/unit_orders.cpp,69,0,data source
piece,0x508a70,7,src/units/unit_messages.cpp,38,0,data source
piece,0x508a64,12,src/units/unit_messages.cpp,37,0,data source
piece,0x508a54,13,src/units/unit_messages.cpp,36,0,data source
piece,0x508a48,9,src/units/unit_messages.cpp,35,0,data source
piece,0x508a3c,11,src/units/unit_messages.cpp,34,0,data source
piece,0x508a38,3,src/units/unit_messages.cpp,33,0,data source
piece,0x508a30,8,src/units/unit_messages.cpp,32,0,data source
piece,0x508a28,8,src/units/unit_messages.cpp,31,0,data source
piece,0x508a20,5,src/units/unit_messages.cpp,30,0,data source
piece,0x508a10,14,src/units/unit_messages.cpp,29,0,data source
piece,0x508a00,13,src/units/unit_messages.cpp,28,0,data source
piece,0x5089ec,19,src/units/unit_messages.cpp,27,0,data source
piece,0x5089e4,6,src/units/unit_messages.cpp,26,0,data source
piece,0x5089dc,7,src/units/unit_messages.cpp,25,0,data source
piece,0x5089d4,8,src/units/unit_messages.cpp,24,0,data source
piece,0x5089cc,5,src/units/unit_messages.cpp,23,0,data source
piece,0x5089c4,7,src/units/unit_messages.cpp,22,0,data source
piece,0x5089bc,6,src/units/unit_messages.cpp,21,0,data source
piece,0x5089b4,8,src/units/unit_messages.cpp,20,0,data source
piece,0x5089ac,8,src/units/unit_messages.cpp,19,0,data source
piece,0x5089a4,8,src/units/unit_messages.cpp,18,0,data source
piece,0x50899c,8,src/units/unit_messages.cpp,17,0,data source
piece,0x508994,7,src/units/unit_messages.cpp,16,0,data source
piece,0x50898c,5,src/units/unit_messages.cpp,15,0,data source
piece,0x508984,7,src/units/unit_messages.cpp,14,0,data source
piece,0x50897c,5,src/units/unit_messages.cpp,13,0,data source
piece,0x508974,7,src/units/unit_messages.cpp,12,0,data source
piece,0x50896c,6,src/units/unit_messages.cpp,11,0,data source
piece,0x508964,7,src/units/unit_messages.cpp,10,0,data source
piece,0x508960,4,src/units/unit_messages.cpp,9,0,data source
piece,0x508958,7,src/units/unit_messages.cpp,8,0,data source
piece,0x508954,4,src/units/unit_messages.cpp,7,0,data source
piece,0x50894c,7,src/units/unit_messages.cpp,6,0,data source
piece,0x508944,5,src/units/unit_messages.cpp,5,0,data source
piece,0x508934,15,src/units/unit_messages.cpp,4,0,data source
piece,0x508918,25,src/units/unit_messages.cpp,3,0,data source
piece,0x50dcd4,33,src/debug/perf_counters.cpp,23,0,data source
piece,0x50dc48,21,src/debug/perf_counters.cpp,17,0,data source
piece,0x50dc30,24,src/debug/perf_counters.cpp,16,0,data source
piece,0x50dc24,11,src/debug/perf_counters.cpp,15,0,data source
piece,0x50dc1c,8,src/debug/perf_counters.cpp,14,0,data source
piece,0x50dc08,20,src/debug/perf_counters.cpp,13,0,data source
piece,0x50dbf0,21,src/debug/perf_counters.cpp,12,0,data source
piece,0x50dbe0,15,src/debug/perf_counters.cpp,11,0,data source
piece,0x50dbc8,22,src/debug/perf_counters.cpp,10,0,data source
piece,0x50dbb8,16,src/debug/perf_counters.cpp,9,0,data source
piece,0x50dba0,23,src/debug/perf_counters.cpp,8,0,data source
piece,0x50dc60,11,src/debug/perf_counters.cpp,18,0,data source
piece,0x50db84,26,src/debug/perf_counters.cpp,7,0,data source
piece,0x50db64,31,src/debug/perf_counters.cpp,6,0,data source
piece,0x50db4c,22,src/debug/perf_counters.cpp,5,0,data source
piece,0x50db30,28,src/debug/perf_counters.cpp,4,0,data source
piece,0x50db10,30,src/debug/perf_counters.cpp,3,0,data source
piece,0x50dd0c,17,src/debug/perf_counters.cpp,25,0,data source
piece,0x50dcf8,18,src/debug/perf_counters.cpp,24,0,data source
piece,0x50dcb8,26,src/debug/perf_counters.cpp,22,0,data source
piece,0x50dca0,21,src/debug/perf_counters.cpp,21,0,data source
piece,0x50dc80,30,src/debug/perf_counters.cpp,20,0,data source
piece,0x50dc6c,18,src/debug/perf_counters.cpp,19,0,data source
piece,0x5018e0,3,src/game/console_commands.cpp,32,0,data source
piece,0x50224c,8,src/game/console_commands.cpp,31,0,data source
piece,0x502244,5,src/game/console_commands.cpp,30,0,data source
piece,0x50223c,5,src/game/console_commands.cpp,29,0,data source
piece,0x502234,6,src/game/console_commands.cpp,28,0,data source
piece,0x50222c,5,src/game/console_commands.cpp,27,0,data source
piece,0x502220,10,src/game/console_commands.cpp,26,0,data source
piece,0x502218,7,src/game/console_commands.cpp,25,0,data source
piece,0x502210,7,src/game/console_commands.cpp,24,0,data source
piece,0x502208,8,src/game/console_commands.cpp,23,0,data source
piece,0x502200,8,src/game/console_commands.cpp,22,0,data source
piece,0x5021f4,11,src/game/console_commands.cpp,21,0,data source
piece,0x5021ec,7,src/game/console_commands.cpp,20,0,data source
piece,0x5021e4,5,src/game/console_commands.cpp,19,0,data source
piece,0x5021dc,8,src/game/console_commands.cpp,18,0,data source
piece,0x5021d8,4,src/game/console_commands.cpp,17,0,data source
piece,0x5021d0,8,src/game/console_commands.cpp,16,0,data source
piece,0x5021c8,5,src/game/console_commands.cpp,15,0,data source
piece,0x5021b8,13,src/game/console_commands.cpp,14,0,data source
piece,0x5021b0,8,src/game/console_commands.cpp,13,0,data source
piece,0x5021a8,7,src/game/console_commands.cpp,12,0,data source
piece,0x502194,17,src/game/console_commands.cpp,11,0,data source
piece,0x50218c,5,src/game/console_commands.cpp,10,0,data source
piece,0x502180,9,src/game/console_commands.cpp,9,0,data source
piece,0x502178,7,src/game/console_commands.cpp,8,0,data source
piece,0x50216c,9,src/game/console_commands.cpp,7,0,data source
piece,0x502160,10,src/game/console_commands.cpp,6,0,data source
piece,0x502154,10,src/game/console_commands.cpp,5,0,data source
piece,0x50214c,8,src/game/console_commands.cpp,4,0,data source
piece,0x502144,8,src/game/console_commands.cpp,3,0,data source
piece,0x5022a0,6,src/game/console_commands.cpp,43,0,data source
piece,0x50229c,4,src/game/console_commands.cpp,42,0,data source
piece,0x502294,5,src/game/console_commands.cpp,41,0,data source
piece,0x502290,4,src/game/console_commands.cpp,40,0,data source
piece,0x50227c,11,src/game/console_commands.cpp,38,0,data source
piece,0x502270,9,src/game/console_commands.cpp,37,0,data source
piece,0x502268,8,src/game/console_commands.cpp,36,0,data source
piece,0x502260,7,src/game/console_commands.cpp,35,0,data source
piece,0x502254,11,src/game/console_commands.cpp,34,0,data source
piece,0x502444,8,src/game/console_commands.cpp,86,0,data source
piece,0x50243c,8,src/game/console_commands.cpp,85,0,data source
piece,0x502430,12,src/game/console_commands.cpp,84,0,data source
piece,0x502428,6,src/game/console_commands.cpp,83,0,data source
piece,0x502420,5,src/game/console_commands.cpp,82,0,data source
piece,0x502418,7,src/game/console_commands.cpp,81,0,data source
piece,0x502410,7,src/game/console_commands.cpp,80,0,data source
piece,0x502408,8,src/game/console_commands.cpp,79,0,data source
piece,0x502400,8,src/game/console_commands.cpp,78,0,data source
piece,0x5023f4,10,src/game/console_commands.cpp,77,0,data source
piece,0x5023ec,7,src/game/console_commands.cpp,76,0,data source
piece,0x5023e4,7,src/game/console_commands.cpp,75,0,data source
piece,0x5023d8,10,src/game/console_commands.cpp,74,0,data source
piece,0x5023d0,8,src/game/console_commands.cpp,73,0,data source
piece,0x5023c8,8,src/game/console_commands.cpp,72,0,data source
piece,0x5023c0,8,src/game/console_commands.cpp,71,0,data source
piece,0x5023b8,6,src/game/console_commands.cpp,70,0,data source
piece,0x5023b0,7,src/game/console_commands.cpp,69,0,data source
piece,0x5023a4,11,src/game/console_commands.cpp,68,0,data source
piece,0x502398,10,src/game/console_commands.cpp,67,0,data source
piece,0x502390,5,src/game/console_commands.cpp,66,0,data source
piece,0x502384,11,src/game/console_commands.cpp,65,0,data source
piece,0x50237c,6,src/game/console_commands.cpp,64,0,data source
piece,0x502374,6,src/game/console_commands.cpp,63,0,data source
piece,0x502368,9,src/game/console_commands.cpp,62,0,data source
piece,0x502360,5,src/game/console_commands.cpp,61,0,data source
piece,0x502358,8,src/game/console_commands.cpp,60,0,data source
piece,0x50234c,9,src/game/console_commands.cpp,59,0,data source
piece,0x502340,11,src/game/console_commands.cpp,58,0,data source
piece,0x50233c,4,src/game/console_commands.cpp,57,0,data source
piece,0x502334,5,src/game/console_commands.cpp,56,0,data source
piece,0x502328,9,src/game/console_commands.cpp,55,0,data source
piece,0x50231c,11,src/game/console_commands.cpp,54,0,data source
piece,0x502310,12,src/game/console_commands.cpp,53,0,data source
piece,0x502300,13,src/game/console_commands.cpp,52,0,data source
piece,0x5022f4,11,src/game/console_commands.cpp,51,0,data source
piece,0x5022e8,9,src/game/console_commands.cpp,50,0,data source
piece,0x5022dc,11,src/game/console_commands.cpp,49,0,data source
piece,0x5022cc,14,src/game/console_commands.cpp,48,0,data source
piece,0x5022bc,15,src/game/console_commands.cpp,47,0,data source
piece,0x5022b0,12,src/game/console_commands.cpp,46,0,data source
piece,0x5022ac,4,src/game/console_commands.cpp,45,0,data source
piece,0x5022a8,4,src/game/console_commands.cpp,44,0,data source
piece,0x529f48,4,LIBCMT.LIB#344,6,0,library data
piece,0x501064,4,LIBCMT.LIB#344,3,0,library data
piece,0x4fdfc8,24,LIBCMT.LIB#66,3,0,library data
piece,0x4fdfb8,12,LIBCMT.LIB#65,21,0,library data
piece,0x4e55d0,7,LIBCMT.LIB#62,2,0,library code
piece,0x4fdf20,8,LIBCMT.LIB#553,3,0,library data
piece,0x4fdf4c,8,LIBCMT.LIB#553,3,44,library data
piece,0x4fdf3c,8,LIBCMT.LIB#553,3,28,library data
piece,0x4fdf5c,8,LIBCMT.LIB#553,3,60,library data
piece,0x4fdf44,8,LIBCMT.LIB#553,3,36,library data
piece,0x4fdf34,8,LIBCMT.LIB#553,3,20,library data
piece,0x4fdf54,8,LIBCMT.LIB#553,3,52,library data
piece,0x50e3dc,16,LIBCMT.LIB#543,2,28,library data
piece,0x50e3d4,8,LIBCMT.LIB#543,2,20,library data
piece,0x50e3c0,10,LIBCMT.LIB#543,2,0,library data
piece,0x529ec8,4,LIBCMT.LIB#532,2,4,library data
piece,0x50e360,10,LIBCMT.LIB#547,2,0,library data
piece,0x50e36a,10,LIBCMT.LIB#547,2,10,library data
piece,0x50e37e,20,LIBCMT.LIB#547,2,30,library data
piece,0x50e392,8,LIBCMT.LIB#547,2,50,library data
piece,0x50e340,16,LIBCMT.LIB#557,1,0,library data
piece,0x50e350,12,LIBCMT.LIB#557,1,16,library data
piece,0x5109f0,640,LIBCMT.LIB#370,4,0,library data
piece,0x50df60,192,LIBCMT.LIB#338,1,0,library data
piece,0x529f98,24,LIBCMT.LIB#338,2,0,library data
piece,0x529fc8,24,LIBCMT.LIB#338,2,48,library data
piece,0x529fe0,24,LIBCMT.LIB#338,2,72,library data
piece,0x529fb0,24,LIBCMT.LIB#338,2,24,library data
piece,0x529ec4,4,LIBCMT.LIB#532,2,0,library data
piece,0x50df00,8,LIBCMT.LIB#569,2,0,library data
piece,0x4e5820,129,LIBCMT.LIB#62,12,0,library code
piece,0x52a490,4,LIBCMT.LIB#281,1,4,library data
piece,0x52a4ac,4,LIBCMT.LIB#281,1,32,library data
piece,0x52a4a4,4,LIBCMT.LIB#281,1,24,library data
piece,0x52a4a0,4,LIBCMT.LIB#281,1,20,library data
piece,0x52a4a8,4,LIBCMT.LIB#281,1,28,library data
piece,0x52a48c,4,LIBCMT.LIB#281,1,0,library data
piece,0x52a498,4,LIBCMT.LIB#281,1,12,library data
piece,0x52a49c,4,LIBCMT.LIB#281,1,16,library data
piece,0x52a494,4,LIBCMT.LIB#281,1,8,library data
piece,0x52a300,4,LIBCMT.LIB#205,2,520,library data
piece,0x52a0f8,264,LIBCMT.LIB#205,2,0,library data
piece,0x52a304,4,LIBCMT.LIB#205,2,524,library data
piece,0x52a200,256,LIBCMT.LIB#205,2,264,library data
piece,0x5119b0,8,LIBCMT.LIB#577,2,0,library data
piece,0x4febb0,8,LIBCMT.LIB#563,6,0,library data
piece,0x50e318,8,LIBCMT.LIB#584,1,0,library data
piece,0x52a4e0,4,LIBCMT.LIB#264,1,4,library data
piece,0x52a028,4,LIBCMT.LIB#298,1,24,library data
piece,0x52a4dc,4,LIBCMT.LIB#264,1,0,library data
piece,0x52a010,24,LIBCMT.LIB#298,1,0,library data
piece,0x5116e8,4,LIBCMT.LIB#290,1,56,library data
piece,0x5116b8,48,LIBCMT.LIB#290,1,8,library data
piece,0x5116b0,8,LIBCMT.LIB#290,1,0,library data
piece,0x52a4d8,1,LIBCMT.LIB#290,2,0,library data
piece,0x52a4d0,8,LIBCMT.LIB#284,2,0,library data
piece,0x50e22c,4,LIBCMT.LIB#297,1,0,library data
piece,0x50e020,4,LIBCMT.LIB#271,1,0,library data
piece,0x50e028,514,LIBCMT.LIB#271,1,8,library data
piece,0x52a4cc,4,LIBCMT.LIB#514,2,4,library data
piece,0x4feba8,6,LIBCMT.LIB#514,66,0,library data
piece,0x4feba4,4,LIBCMT.LIB#514,65,0,library data
piece,0x52a4c8,4,LIBCMT.LIB#514,2,0,library data
piece,0x50e7e8,8,LIBCMT.LIB#519,2,144,library data
piece,0x50e768,64,LIBCMT.LIB#519,2,16,library data
piece,0x50e7a8,64,LIBCMT.LIB#519,2,80,library data
piece,0x5116ac,4,LIBCMT.LIB#514,3,172,library data
piece,0x511600,172,LIBCMT.LIB#514,3,0,library data
piece,0x4feba0,4,LIBCMT.LIB#514,45,0,library data
piece,0x4feb9c,4,LIBCMT.LIB#514,44,0,library data
piece,0x4feb98,4,LIBCMT.LIB#514,43,0,library data
piece,0x4feb94,4,LIBCMT.LIB#514,42,0,library data
piece,0x4feb90,4,LIBCMT.LIB#514,41,0,library data
piece,0x4feb8c,4,LIBCMT.LIB#514,40,0,library data
piece,0x4feb88,4,LIBCMT.LIB#514,39,0,library data
piece,0x4feb80,7,LIBCMT.LIB#514,38,0,library data
piece,0x4feb78,7,LIBCMT.LIB#514,37,0,library data
piece,0x4feb70,8,LIBCMT.LIB#514,36,0,library data
piece,0x4feb64,10,LIBCMT.LIB#514,35,0,library data
piece,0x4feb58,9,LIBCMT.LIB#514,34,0,library data
piece,0x4feb50,7,LIBCMT.LIB#514,33,0,library data
piece,0x4feb44,9,LIBCMT.LIB#514,32,0,library data
piece,0x4feb40,4,LIBCMT.LIB#514,31,0,library data
piece,0x4feb3c,4,LIBCMT.LIB#514,30,0,library data
piece,0x4feb38,4,LIBCMT.LIB#514,29,0,library data
piece,0x4feb34,4,LIBCMT.LIB#514,28,0,library data
piece,0x4feb30,4,LIBCMT.LIB#514,27,0,library data
piece,0x4feb2c,4,LIBCMT.LIB#514,26,0,library data
piece,0x4feb28,4,LIBCMT.LIB#514,25,0,library data
piece,0x4feb24,4,LIBCMT.LIB#514,24,0,library data
piece,0x4feb20,4,LIBCMT.LIB#514,23,0,library data
piece,0x4feb1c,4,LIBCMT.LIB#514,22,0,library data
piece,0x4feb18,4,LIBCMT.LIB#514,21,0,library data
piece,0x4feb14,4,LIBCMT.LIB#514,20,0,library data
piece,0x4feb0c,8,LIBCMT.LIB#514,19,0,library data
piece,0x4feb00,9,LIBCMT.LIB#514,18,0,library data
piece,0x4feaf8,6,LIBCMT.LIB#514,17,0,library data
piece,0x4feaf0,6,LIBCMT.LIB#514,16,0,library data
piece,0x4feae8,5,LIBCMT.LIB#514,15,0,library data
piece,0x4feae0,5,LIBCMT.LIB#514,14,0,library data
piece,0x4fead8,7,LIBCMT.LIB#514,13,0,library data
piece,0x4feacc,10,LIBCMT.LIB#514,12,0,library data
piece,0x4feac4,8,LIBCMT.LIB#514,11,0,library data
piece,0x4feab8,9,LIBCMT.LIB#514,10,0,library data
piece,0x4feaac,9,LIBCMT.LIB#514,9,0,library data
piece,0x4feaa8,3,LIBCMT.LIB#514,8,0,library data
piece,0x4feaa4,3,LIBCMT.LIB#514,7,0,library data
piece,0x4fea9c,7,LIBCMT.LIB#514,6,0,library data
piece,0x4fea88,20,LIBCMT.LIB#514,5,0,library data
piece,0x4fea80,8,LIBCMT.LIB#514,4,0,library data
piece,0x4fea70,8,LIBCMT.LIB#582,2,0,library data
piece,0x4fea78,8,LIBCMT.LIB#582,2,8,library data
piece,0x5116f0,352,LIBCMT.LIB#530,1,0,library data
piece,0x511850,348,LIBCMT.LIB#530,1,352,library data
piece,0x4fea64,7,LIBCMT.LIB#537,5,0,library data
piece,0x4fea5c,6,LIBCMT.LIB#537,4,0,library data
piece,0x4fea54,6,LIBCMT.LIB#537,3,0,library data
piece,0x4fea4c,7,LIBCMT.LIB#537,2,0,library data
piece,0x529eec,4,LIBCMT.LIB#332,1,32,library data
piece,0x529ef0,4,LIBCMT.LIB#332,1,36,library data
piece,0x529ef4,4,LIBCMT.LIB#332,1,40,library data
piece,0x52a4c0,4,LIBCMT.LIB#261,1,4,library data
piece,0x4fe04c,4,LIBCMT.LIB#261,4,0,library data
piece,0x4fe048,2,LIBCMT.LIB#261,3,0,library data
piece,0x4f8740,47,LIBCMT.LIB#261,10,0,library code
piece,0x52a4bc,4,LIBCMT.LIB#261,1,0,library data
piece,0x4f8430,53,LIBCMT.LIB#261,6,0,library code
piece,0x52a4b0,4,LIBCMT.LIB#270,1,0,library data
piece,0x4fea40,11,LIBCMT.LIB#270,6,0,library data
piece,0x4fea34,12,LIBCMT.LIB#270,5,0,library data
piece,0x4fea24,16,LIBCMT.LIB#270,4,0,library data
piece,0x4fea10,19,LIBCMT.LIB#270,3,0,library data
piece,0x52a4b4,4,LIBCMT.LIB#270,1,4,library data
piece,0x52a4b8,4,LIBCMT.LIB#270,1,8,library data
piece,0x511158,1188,LIBCMT.LIB#281,2,728,library data
piece,0x4fe4e4,27,LIBCMT.LIB#281,37,0,library data
piece,0x4fe4dc,6,LIBCMT.LIB#281,36,0,library data
piece,0x4fe4d4,8,LIBCMT.LIB#281,35,0,library data
piece,0x4fe4cc,8,LIBCMT.LIB#281,34,0,library data
piece,0x4fe4c4,7,LIBCMT.LIB#281,33,0,library data
piece,0x4fe4bc,7,LIBCMT.LIB#281,32,0,library data
piece,0x4fe4b0,10,LIBCMT.LIB#281,31,0,library data
piece,0x4fe4a8,8,LIBCMT.LIB#281,30,0,library data
piece,0x4fe4a0,8,LIBCMT.LIB#281,29,0,library data
piece,0x4fe498,7,LIBCMT.LIB#281,28,0,library data
piece,0x4fe490,7,LIBCMT.LIB#281,27,0,library data
piece,0x4fe488,8,LIBCMT.LIB#281,26,0,library data
piece,0x4fe480,7,LIBCMT.LIB#281,25,0,library data
piece,0x4fe478,8,LIBCMT.LIB#281,24,0,library data
piece,0x4fe470,7,LIBCMT.LIB#281,23,0,library data
piece,0x4fe468,8,LIBCMT.LIB#281,22,0,library data
piece,0x4fe460,8,LIBCMT.LIB#281,21,0,library data
piece,0x4fe454,10,LIBCMT.LIB#281,20,0,library data
piece,0x4fe43c,22,LIBCMT.LIB#281,19,0,library data
piece,0x4fe434,7,LIBCMT.LIB#281,18,0,library data
piece,0x4fe428,10,LIBCMT.LIB#281,17,0,library data
piece,0x4fe41c,12,LIBCMT.LIB#281,16,0,library data
piece,0x4fe410,11,LIBCMT.LIB#281,15,0,library data
piece,0x4fe404,11,LIBCMT.LIB#281,14,0,library data
piece,0x4fe3fc,7,LIBCMT.LIB#281,13,0,library data
piece,0x4fe3ec,13,LIBCMT.LIB#281,12,0,library data
piece,0x4fe3d8,19,LIBCMT.LIB#281,11,0,library data
piece,0x4fe3cc,10,LIBCMT.LIB#281,10,0,library data
piece,0x4fe3c0,9,LIBCMT.LIB#281,9,0,library data
piece,0x4fe3b8,5,LIBCMT.LIB#281,8,0,library data
piece,0x4fe3ac,10,LIBCMT.LIB#281,7,0,library data
piece,0x4fe3a4,8,LIBCMT.LIB#281,6,0,library data
piece,0x4fe39c,6,LIBCMT.LIB#281,5,0,library data
piece,0x4fe394,8,LIBCMT.LIB#281,4,0,library data
piece,0x4fe388,9,LIBCMT.LIB#281,3,0,library data
piece,0x511140,24,LIBCMT.LIB#281,2,704,library data
piece,0x4fea0c,4,LIBCMT.LIB#281,144,0,library data
piece,0x4fea08,4,LIBCMT.LIB#281,143,0,library data
piece,0x510e80,520,LIBCMT.LIB#281,2,0,library data
piece,0x511088,184,LIBCMT.LIB#281,2,520,library data
piece,0x4fe5ec,8,LIBCMT.LIB#281,58,0,library data
piece,0x4fe5e4,8,LIBCMT.LIB#281,57,0,library data
piece,0x4fe5dc,6,LIBCMT.LIB#281,56,0,library data
piece,0x4fe5d4,6,LIBCMT.LIB#281,55,0,library data
piece,0x4fe5cc,8,LIBCMT.LIB#281,54,0,library data
piece,0x4fe5bc,14,LIBCMT.LIB#281,53,0,library data
piece,0x4fe5b4,8,LIBCMT.LIB#281,52,0,library data
piece,0x4fe5a8,10,LIBCMT.LIB#281,51,0,library data
piece,0x4fe59c,12,LIBCMT.LIB#281,50,0,library data
piece,0x4fe598,3,LIBCMT.LIB#281,49,0,library data
piece,0x4fe58c,9,LIBCMT.LIB#281,48,0,library data
piece,0x4fe580,9,LIBCMT.LIB#281,47,0,library data
piece,0x4fe574,12,LIBCMT.LIB#281,46,0,library data
piece,0x4fe56c,7,LIBCMT.LIB#281,45,0,library data
piece,0x4fe55c,13,LIBCMT.LIB#281,44,0,library data
piece,0x4fe550,12,LIBCMT.LIB#281,43,0,library data
piece,0x4fe540,13,LIBCMT.LIB#281,42,0,library data
piece,0x4fe534,12,LIBCMT.LIB#281,41,0,library data
piece,0x4fe520,18,LIBCMT.LIB#281,40,0,library data
piece,0x4fe5fc,3,LIBCMT.LIB#281,61,0,library data
piece,0x4fe510,15,LIBCMT.LIB#281,39,0,library data
piece,0x4fe500,14,LIBCMT.LIB#281,38,0,library data
piece,0x4fe5f8,3,LIBCMT.LIB#281,60,0,library data
piece,0x4fe9fc,9,LIBCMT.LIB#281,123,0,library data
piece,0x4fe9e8,17,LIBCMT.LIB#281,122,0,library data
piece,0x4fe9d4,17,LIBCMT.LIB#281,121,0,library data
piece,0x4fe9c8,11,LIBCMT.LIB#281,120,0,library data
piece,0x4fe9c0,8,LIBCMT.LIB#281,119,0,library data
piece,0x4fe9b4,9,LIBCMT.LIB#281,118,0,library data
piece,0x4fe9b0,4,LIBCMT.LIB#281,117,0,library data
piece,0x4fe9ac,4,LIBCMT.LIB#281,116,0,library data
piece,0x4fe9a4,8,LIBCMT.LIB#281,115,0,library data
piece,0x4fe990,17,LIBCMT.LIB#281,114,0,library data
piece,0x4fe97c,19,LIBCMT.LIB#281,113,0,library data
piece,0x4fe968,18,LIBCMT.LIB#281,112,0,library data
piece,0x4fe954,20,LIBCMT.LIB#281,111,0,library data
piece,0x4fe944,14,LIBCMT.LIB#281,110,0,library data
piece,0x4fe930,17,LIBCMT.LIB#281,109,0,library data
piece,0x4fe924,12,LIBCMT.LIB#281,108,0,library data
piece,0x4fe914,15,LIBCMT.LIB#281,107,0,library data
piece,0x4fe908,12,LIBCMT.LIB#281,106,0,library data
piece,0x4fe8f4,18,LIBCMT.LIB#281,105,0,library data
piece,0x4fe8e8,12,LIBCMT.LIB#281,104,0,library data
piece,0x4fe8d8,16,LIBCMT.LIB#281,103,0,library data
piece,0x4fe8cc,11,LIBCMT.LIB#281,102,0,library data
piece,0x4fe8b4,21,LIBCMT.LIB#281,101,0,library data
piece,0x4fe898,26,LIBCMT.LIB#281,100,0,library data
piece,0x4fe88c,11,LIBCMT.LIB#281,99,0,library data
piece,0x4fe880,11,LIBCMT.LIB#281,98,0,library data
piece,0x4fe874,12,LIBCMT.LIB#281,97,0,library data
piece,0x4fe864,15,LIBCMT.LIB#281,96,0,library data
piece,0x4fe854,16,LIBCMT.LIB#281,95,0,library data
piece,0x4fe840,18,LIBCMT.LIB#281,94,0,library data
piece,0x4fe830,13,LIBCMT.LIB#281,93,0,library data
piece,0x4fe820,16,LIBCMT.LIB#281,92,0,library data
piece,0x4fe80c,20,LIBCMT.LIB#281,91,0,library data
piece,0x4fe7f8,18,LIBCMT.LIB#281,90,0,library data
piece,0x4fe7e8,13,LIBCMT.LIB#281,89,0,library data
piece,0x4fe7d8,14,LIBCMT.LIB#281,88,0,library data
piece,0x4fe7c8,14,LIBCMT.LIB#281,87,0,library data
piece,0x4fe7bc,10,LIBCMT.LIB#281,86,0,library data
piece,0x4fe7a8,17,LIBCMT.LIB#281,85,0,library data
piece,0x4fe794,18,LIBCMT.LIB#281,84,0,library data
piece,0x4fe77c,21,LIBCMT.LIB#281,83,0,library data
piece,0x4fe768,18,LIBCMT.LIB#281,82,0,library data
piece,0x4fe758,16,LIBCMT.LIB#281,81,0,library data
piece,0x4fe748,14,LIBCMT.LIB#281,80,0,library data
piece,0x4fe734,17,LIBCMT.LIB#281,79,0,library data
piece,0x4fe720,19,LIBCMT.LIB#281,78,0,library data
piece,0x4fe704,27,LIBCMT.LIB#281,77,0,library data
piece,0x4fe6f4,16,LIBCMT.LIB#281,76,0,library data
piece,0x4fe6e0,20,LIBCMT.LIB#281,75,0,library data
piece,0x4fe6cc,18,LIBCMT.LIB#281,74,0,library data
piece,0x4fe6b8,17,LIBCMT.LIB#281,73,0,library data
piece,0x4fe6a8,16,LIBCMT.LIB#281,72,0,library data
piece,0x4fe698,15,LIBCMT.LIB#281,71,0,library data
piece,0x4fe684,18,LIBCMT.LIB#281,70,0,library data
piece,0x4fe674,15,LIBCMT.LIB#281,69,0,library data
piece,0x4fe660,17,LIBCMT.LIB#281,68,0,library data
piece,0x4fe650,13,LIBCMT.LIB#281,67,0,library data
piece,0x4fe63c,20,LIBCMT.LIB#281,66,0,library data
piece,0x4fe62c,16,LIBCMT.LIB#281,65,0,library data
piece,0x4fe618,18,LIBCMT.LIB#281,64,0,library data
piece,0x4fe608,16,LIBCMT.LIB#281,63,0,library data
piece,0x4fe600,6,LIBCMT.LIB#281,62,0,library data
piece,0x4fe5f4,4,LIBCMT.LIB#281,59,0,library data
piece,0x52a468,36,LIBCMT.LIB#299,1,0,library data
piece,0x52a45c,4,LIBCMT.LIB#283,1,0,library data
piece,0x50e024,4,LIBCMT.LIB#271,1,4,library data
piece,0x52a460,4,LIBCMT.LIB#283,1,4,library data
piece,0x4f6ce0,51,LIBCMT.LIB#285,6,0,library code
piece,0x52a458,4,LIBCMT.LIB#285,1,0,library data
piece,0x52a44c,4,LIBCMT.LIB#286,1,0,library data
piece,0x52a450,4,LIBCMT.LIB#286,1,4,library data
piece,0x52a454,4,LIBCMT.LIB#286,1,8,library data
piece,0x50e234,4,LIBCMT.LIB#297,1,8,library data
piece,0x50e230,4,LIBCMT.LIB#297,1,4,library data
piece,0x52a448,4,LIBCMT.LIB#287,1,0,library data
piece,0x4fe380,8,LIBCMT.LIB#581,8,8,library data
piece,0x4fe378,8,LIBCMT.LIB#581,8,0,library data
piece,0x510d10,4,LIBCMT.LIB#583,1,0,library data
piece,0x4f4c20,3,LIBCMT.LIB#583,2,0,library code
piece,0x510d20,16,LIBCMT.LIB#551,2,0,library data
piece,0x510d30,4,LIBCMT.LIB#551,2,16,library data
piece,0x510d34,4,LIBCMT.LIB#551,2,20,library data
piece,0x510d38,4,LIBCMT.LIB#551,2,24,library data
piece,0x510d7e,258,LIBCMT.LIB#551,2,94,library data
piece,0x510d3c,24,LIBCMT.LIB#551,2,28,library data
piece,0x510d6c,8,LIBCMT.LIB#551,2,76,library data
piece,0x510d74,10,LIBCMT.LIB#551,2,84,library data
piece,0x510d5c,16,LIBCMT.LIB#551,2,60,library data
piece,0x510d54,8,LIBCMT.LIB#551,2,52,library data
piece,0x52a4c4,4,LIBCMT.LIB#174,1,0,library data
piece,0x529ecc,4,LIBCMT.LIB#332,1,0,library data
piece,0x52a440,4,LIBCMT.LIB#266,1,4,library data
piece,0x52a43c,4,LIBCMT.LIB#266,1,0,library data
piece,0x510cf8,24,LIBCMT.LIB#533,1,24,library data
piece,0x510ce0,24,LIBCMT.LIB#533,1,0,library data
piece,0x52a438,4,LIBCMT.LIB#370,1,0,library data
piece,0x529f04,4,LIBCMT.LIB#332,1,56,library data
piece,0x52a434,4,LIBCMT.LIB#135,1,0,library data
piece,0x50e9c8,8224,LIBCMT.LIB#134,1,0,library data
piece,0x5109e8,4,LIBCMT.LIB#134,1,8224,library data
piece,0x52a42c,4,LIBCMT.LIB#134,2,0,library data
piece,0x5109ec,4,LIBCMT.LIB#134,1,8228,library data
piece,0x52a428,4,LIBCMT.LIB#68,4,0,library data
piece,0x50df14,4,LIBCMT.LIB#347,1,4,library data
piece,0x50e938,144,LIBCMT.LIB#335,2,0,library data
piece,0x4fe2f4,37,LIBCMT.LIB#335,20,0,library data
piece,0x4fe2c8,42,LIBCMT.LIB#335,19,0,library data
piece,0x4fe29c,44,LIBCMT.LIB#335,18,0,library data
piece,0x4fe278,33,LIBCMT.LIB#335,17,0,library data
piece,0x4fe24c,44,LIBCMT.LIB#335,16,0,library data
piece,0x4fe21c,45,LIBCMT.LIB#335,15,0,library data
piece,0x4fe1f8,33,LIBCMT.LIB#335,14,0,library data
piece,0x4fe1cc,41,LIBCMT.LIB#335,13,0,library data
piece,0x4fe194,53,LIBCMT.LIB#335,12,0,library data
piece,0x4fe16c,38,LIBCMT.LIB#335,11,0,library data
piece,0x4fe134,53,LIBCMT.LIB#335,10,0,library data
piece,0x4fe0fc,53,LIBCMT.LIB#335,9,0,library data
piece,0x4fe0d4,37,LIBCMT.LIB#335,8,0,library data
piece,0x4fe0c4,15,LIBCMT.LIB#335,7,0,library data
piece,0x4fe0b4,13,LIBCMT.LIB#335,6,0,library data
piece,0x4fe0a4,14,LIBCMT.LIB#335,5,0,library data
piece,0x50dd98,3,LIBCMT.LIB#335,4,0,library data
piece,0x4fe094,15,LIBCMT.LIB#335,3,0,library data
piece,0x529f44,4,LIBCMT.LIB#331,2,8,library data
piece,0x4fe360,23,LIBCMT.LIB#335,28,0,library data
piece,0x5099e4,4,LIBCMT.LIB#335,27,0,library data
piece,0x4fe344,26,LIBCMT.LIB#335,26,0,library data
piece,0x505a64,3,LIBCMT.LIB#335,25,0,library data
piece,0x4fe31c,37,LIBCMT.LIB#335,24,0,library data
piece,0x52a424,4,LIBCMT.LIB#335,1,0,library data
piece,0x52a420,4,LIBCMT.LIB#263,1,4,library data
piece,0x52a41c,4,LIBCMT.LIB#263,1,0,library data
piece,0x52a318,260,LIBCMT.LIB#339,2,0,library data
piece,0x529efc,4,LIBCMT.LIB#332,1,48,library data
piece,0x529ee4,4,LIBCMT.LIB#332,1,24,library data
piece,0x529ee0,4,LIBCMT.LIB#332,1,20,library data
piece,0x529f3c,4,LIBCMT.LIB#331,2,0,library data
piece,0x52a308,12,LIBCMT.LIB#205,2,528,library data
piece,0x52a314,4,LIBCMT.LIB#205,2,540,library data
piece,0x50e820,240,LIBCMT.LIB#205,1,8,library data
piece,0x50e818,8,LIBCMT.LIB#205,1,0,library data
piece,0x50e814,2,LIBCMT.LIB#401,1,8,library data
piece,0x50e80c,8,LIBCMT.LIB#401,1,0,library data
piece,0x50df48,24,LIBCMT.LIB#269,1,0,library data
piece,0x510ca8,52,LIBCMT.LIB#507,1,56,library data
piece,0x50e758,4,LIBCMT.LIB#519,2,0,library data
piece,0x50e75c,4,LIBCMT.LIB#519,2,4,library data
piece,0x50e760,8,LIBCMT.LIB#519,2,8,library data
piece,0x510c70,56,LIBCMT.LIB#507,1,0,library data
piece,0x50e7f0,16,LIBCMT.LIB#520,2,0,library data
piece,0x50e800,12,LIBCMT.LIB#520,2,16,library data
piece,0x52a038,8,LIBCMT.LIB#520,1,0,library data
piece,0x52a040,172,LIBCMT.LIB#520,1,8,library data
piece,0x4fe090,3,LIBCMT.LIB#520,8,0,library data
piece,0x52a0ec,4,LIBCMT.LIB#520,1,180,library data
piece,0x52a0f0,4,LIBCMT.LIB#520,1,184,library data
piece,0x50e754,4,LIBCMT.LIB#316,1,132,library data
piece,0x50e748,4,LIBCMT.LIB#316,1,120,library data
piece,0x50e74c,4,LIBCMT.LIB#316,1,124,library data
piece,0x50e568,360,LIBCMT.LIB#39,1,0,library data
piece,0x50e910,36,LIBCMT.LIB#161,1,0,library data
piece,0x52a030,4,LIBCMT.LIB#265,1,4,library data
piece,0x52a02c,4,LIBCMT.LIB#265,1,0,library data
piece,0x4fe044,2,LIBCMT.LIB#309,29,0,library data
piece,0x4fe040,4,LIBCMT.LIB#309,25,0,library data
piece,0x50e4e0,131,LIBCMT.LIB#309,1,216,library data
piece,0x50e458,136,LIBCMT.LIB#309,1,80,library data
piece,0x52a000,8,LIBCMT.LIB#309,2,0,library data
piece,0x52a008,4,LIBCMT.LIB#309,2,8,library data
piece,0x50e410,72,LIBCMT.LIB#309,1,8,library data
piece,0x4fe03c,2,LIBCMT.LIB#309,16,0,library data
piece,0x50d370,2,LIBCMT.LIB#309,10,0,library data
piece,0x4fe030,7,LIBCMT.LIB#309,8,0,library data
piece,0x4ee0f0,3,LIBCMT.LIB#309,20,0,library code
piece,0x4fe024,11,LIBCMT.LIB#309,7,0,library data
piece,0x50e408,8,LIBCMT.LIB#309,1,0,library data
piece,0x4f7050,3,LIBCMT.LIB#282,1,0,library code
piece,0x4fe018,9,LIBCMT.LIB#309,6,0,library data
piece,0x4fe00c,12,LIBCMT.LIB#309,5,0,library data
piece,0x4fe000,11,LIBCMT.LIB#309,4,0,library data
piece,0x4fdff8,8,LIBCMT.LIB#309,3,0,library data
piece,0x4fe038,3,LIBCMT.LIB#309,11,0,library data
piece,0x4fdfe0,24,LIBCMT.LIB#66,7,0,library data
piece,0x50e400,4,LIBCMT.LIB#66,1,0,library data
piece,0x4fdfa8,12,LIBCMT.LIB#65,19,0,library data
piece,0x4e55f0,7,LIBCMT.LIB#62,4,0,library code
piece,0x4e55e0,7,LIBCMT.LIB#62,3,0,library code
piece,0x4fdf90,24,LIBCMT.LIB#65,15,0,library data
piece,0x4fdf80,12,LIBCMT.LIB#65,9,0,library data
piece,0x4fdf78,8,LIBCMT.LIB#566,2,16,library data
piece,0x4fdf68,8,LIBCMT.LIB#566,2,0,library data
piece,0x4fdf70,8,LIBCMT.LIB#566,2,8,library data
piece,0x50e320,8,LIBCMT.LIB#584,1,8,library data
piece,0x50e338,8,LIBCMT.LIB#584,1,32,library data
piece,0x4fdf10,8,LIBCMT.LIB#584,13,0,library data
piece,0x50e240,216,LIBCMT.LIB#579,1,0,library data
piece,0x4fdf00,4,LIBCMT.LIB#579,28,0,library data
piece,0x4fdefc,4,LIBCMT.LIB#579,27,0,library data
piece,0x4fdef8,4,LIBCMT.LIB#579,26,0,library data
piece,0x4fdef0,6,LIBCMT.LIB#579,25,0,library data
piece,0x4fdee8,5,LIBCMT.LIB#579,24,0,library data
piece,0x4fdee0,5,LIBCMT.LIB#579,23,0,library data
piece,0x4fded8,5,LIBCMT.LIB#579,22,0,library data
piece,0x4fded0,5,LIBCMT.LIB#579,21,0,library data
piece,0x4fdec8,5,LIBCMT.LIB#579,20,0,library data
piece,0x4fdec0,5,LIBCMT.LIB#579,19,0,library data
piece,0x4fdeb8,6,LIBCMT.LIB#579,18,0,library data
piece,0x4fdeb0,5,LIBCMT.LIB#579,17,0,library data
piece,0x4fdeac,4,LIBCMT.LIB#579,16,0,library data
piece,0x4fdea8,4,LIBCMT.LIB#579,15,0,library data
piece,0x4fdea4,4,LIBCMT.LIB#579,14,0,library data
piece,0x4fde9c,5,LIBCMT.LIB#579,13,0,library data
piece,0x4fde94,6,LIBCMT.LIB#579,12,0,library data
piece,0x4fde8c,5,LIBCMT.LIB#579,11,0,library data
piece,0x4fde84,5,LIBCMT.LIB#579,10,0,library data
piece,0x4fde7c,6,LIBCMT.LIB#579,9,0,library data
piece,0x4fde74,6,LIBCMT.LIB#579,8,0,library data
piece,0x4fde6c,7,LIBCMT.LIB#579,7,0,library data
piece,0x4fde64,5,LIBCMT.LIB#579,6,0,library data
piece,0x4fde5c,6,LIBCMT.LIB#579,5,0,library data
piece,0x4fde58,4,LIBCMT.LIB#579,4,0,library data
piece,0x4fde54,4,LIBCMT.LIB#579,3,0,library data
piece,0x4fde50,4,LIBCMT.LIB#579,2,0,library data
piece,0x4fdf08,8,LIBCMT.LIB#579,40,0,library data
piece,0x50e328,8,LIBCMT.LIB#584,1,16,library data
piece,0x52a444,4,LIBCMT.LIB#444,1,0,library data
piece,0x50e238,4,LIBCMT.LIB#343,1,0,library data
piece,0x50e6d0,120,LIBCMT.LIB#316,1,0,library data
piece,0x529ff8,8,LIBCMT.LIB#376,1,0,library data
piece,0x4fde48,6,LIBCMT.LIB#531,13,0,library data
piece,0x4fde40,8,LIBCMT.LIB#531,6,0,library data
piece,0x4fde34,9,LIBCMT.LIB#567,5,0,library data
piece,0x4fde18,26,LIBCMT.LIB#567,4,0,library data
piece,0x4fde10,8,LIBCMT.LIB#567,2,0,library data
piece,0x4fdd98,89,LIBCMT.LIB#402,1,0,library data
piece,0x50df40,4,LIBCMT.LIB#402,2,0,library data
piece,0x50df44,4,LIBCMT.LIB#402,2,4,library data
piece,0x4fddf4,14,LIBCMT.LIB#402,3,0,library data
piece,0x4fde04,7,LIBCMT.LIB#402,4,0,library data
piece,0x529f78,26,LIBCMT.LIB#504,2,0,library data
piece,0x4fe050,24,LIBCMT.LIB#519,1,0,library data
piece,0x4fe068,37,LIBCMT.LIB#519,1,24,library data
piece,0x529f50,36,LIBCMT.LIB#511,1,0,library data
piece,0x4fdd94,3,LIBCMT.LIB#48,9,0,library data
piece,0x4fdd90,4,LIBCMT.LIB#48,8,0,library data
piece,0x4fdd88,5,LIBCMT.LIB#48,5,0,library data
piece,0x4fdd80,5,LIBCMT.LIB#48,4,0,library data
piece,0x4fdd78,5,LIBCMT.LIB#48,3,0,library data
piece,0x4fdd70,5,LIBCMT.LIB#48,2,0,library data
piece,0x52a430,4,LIBCMT.LIB#139,1,0,library data
piece,0x4fdd38,32,LIBCMT.LIB#67,1,0,library data
piece,0x4fdd34,4,LIBCMT.LIB#77,8,4,library data
piece,0x4fdd30,4,LIBCMT.LIB#77,8,0,library data
piece,0x4fed20,20,LIBCMT.LIB#77,7,0,library data
piece,0x50df18,24,LIBCMT.LIB#77,6,0,library data
piece,0x4fed10,16,LIBCMT.LIB#77,5,0,library data
piece,0x4fed08,5,LIBCMT.LIB#77,4,0,library data
piece,0x4fecf0,24,LIBCMT.LIB#77,3,0,library data
piece,0x4fdd1c,18,LIBCMT.LIB#76,21,0,library data
piece,0x4fdd14,8,LIBCMT.LIB#76,8,4,library data
piece,0x4fdd10,4,LIBCMT.LIB#76,8,0,library data
piece,0x4fecd8,20,LIBCMT.LIB#76,7,0,library data
piece,0x50a618,24,LIBCMT.LIB#76,6,0,library data
piece,0x4fecc8,16,LIBCMT.LIB#76,5,0,library data
piece,0x4fecbc,5,LIBCMT.LIB#76,4,0,library data
piece,0x4febb8,24,LIBCMT.LIB#76,3,0,library data
piece,0x50dec0,4,LIBCMT.LIB#532,1,16,library data
piece,0x4e4340,1,LIBCMT.LIB#532,5,0,library code
piece,0x4fdd00,12,LIBCMT.LIB#341,4,0,library data
piece,0x50debc,4,LIBCMT.LIB#532,1,12,library data
piece,0x50df10,4,LIBCMT.LIB#347,1,0,library data
piece,0x4fdcf0,12,LIBCMT.LIB#347,4,0,library data
piece,0x529edc,4,LIBCMT.LIB#332,1,16,library data
piece,0x529ed8,4,LIBCMT.LIB#332,1,12,library data
piece,0x529ed4,4,LIBCMT.LIB#332,1,8,library data
piece,0x529ed0,4,LIBCMT.LIB#332,1,4,library data
piece,0x529f28,4,LIBCMT.LIB#315,1,0,library data
piece,0x529f2c,4,LIBCMT.LIB#315,1,4,library data
piece,0x529f30,4,LIBCMT.LIB#315,1,8,library data
piece,0x529f34,4,LIBCMT.LIB#315,1,12,library data
piece,0x50e750,4,LIBCMT.LIB#316,1,128,library data
piece,0x529f38,4,LIBCMT.LIB#315,1,16,library data
piece,0x529f18,16,LIBCMT.LIB#518,2,8,library data
piece,0x529f10,8,LIBCMT.LIB#518,2,0,library data
piece,0x4fdce0,12,LIBCMT.LIB#342,4,0,library data
piece,0x50deec,16,LIBCMT.LIB#250,2,0,library data
piece,0x4e5720,42,LIBCMT.LIB#62,10,0,library code
piece,0x50dee8,4,LIBCMT.LIB#576,2,8,library data
piece,0x50dee0,8,LIBCMT.LIB#576,2,0,library data
piece,0x50ded0,4,LIBCMT.LIB#556,1,0,library data
piece,0x4fdcd8,8,LIBCMT.LIB#556,3,0,library data
piece,0x529f0c,4,LIBCMT.LIB#332,1,64,library data
piece,0x529f08,4,LIBCMT.LIB#332,1,60,library data
piece,0x501074,4,LIBCMT.LIB#334,4,0,library data
piece,0x50106c,4,LIBCMT.LIB#334,5,0,library data
piece,0x501080,4,LIBCMT.LIB#334,2,0,library data
piece,0x501078,4,LIBCMT.LIB#334,3,0,library data
piece,0x50deb8,4,LIBCMT.LIB#532,1,8,library data
piece,0x501060,4,LIBCMT.LIB#334,8,0,library data
piece,0x501050,4,LIBCMT.LIB#334,9,0,library data
piece,0x50104c,4,LIBCMT.LIB#334,6,0,library data
piece,0x501000,4,LIBCMT.LIB#334,7,0,library data
piece,0x4fb910,26,LIBCPMT.LIB#10,79,0,library code
piece,0x4fdcc0,24,LIBCPMT.LIB#10,82,0,library data
piece,0x4fdc1c,4,LIBCPMT.LIB#10,20,0,library data
piece,0x4fefb8,16,LIBCPMT.LIB#10,81,0,library data
piece,0x4fdcb4,12,LIBCPMT.LIB#10,80,4,library data
piece,0x4fdcb0,4,LIBCPMT.LIB#10,80,0,library data
piece,0x4feca8,20,LIBCPMT.LIB#10,75,0,library data
piece,0x50a650,31,LIBCPMT.LIB#10,76,0,library data
piece,0x4fec98,16,LIBCPMT.LIB#10,74,0,library data
piece,0x4fec88,13,LIBCPMT.LIB#10,73,0,library data
piece,0x4fec70,24,LIBCPMT.LIB#10,72,0,library data
piece,0x4febd0,24,LIBCPMT.LIB#10,5,0,library data
piece,0x50a630,30,LIBCPMT.LIB#10,12,0,library data
piece,0x4fefa8,16,LIBCPMT.LIB#10,78,0,library data
piece,0x4fef88,28,LIBCPMT.LIB#10,77,0,library data
piece,0x4fef68,28,LIBCPMT.LIB#10,13,0,library data
piece,0x4fef48,28,LIBCPMT.LIB#10,11,0,library data
piece,0x4ff0d8,32,LIBCPMT.LIB#10,83,0,library data
piece,0x4ff0f8,16,LIBCPMT.LIB#10,83,32,library data
piece,0x4fb8f0,18,LIBCPMT.LIB#10,68,0,library code
piece,0x4fdc98,1,LIBCPMT.LIB#10,26,0,library data
piece,0x4fdc7c,12,LIBCPMT.LIB#10,18,4,library data
piece,0x4fdc78,4,LIBCPMT.LIB#10,18,0,library data
piece,0x4fec20,20,LIBCPMT.LIB#10,9,0,library data
piece,0x50de90,31,LIBCPMT.LIB#10,14,0,library data
piece,0x4fec10,16,LIBCPMT.LIB#10,8,0,library data
piece,0x4fec00,13,LIBCPMT.LIB#10,7,0,library data
piece,0x4febe8,24,LIBCPMT.LIB#10,6,0,library data
piece,0x4ff0b0,32,LIBCPMT.LIB#10,69,0,library data
piece,0x4ff0d0,8,LIBCPMT.LIB#10,69,32,library data
piece,0x4ff070,16,LIBCPMT.LIB#10,19,0,library data
piece,0x4ff060,16,LIBCPMT.LIB#10,16,0,library data
piece,0x4ff040,28,LIBCPMT.LIB#10,15,0,library data
piece,0x4fdca4,12,LIBCPMT.LIB#3@2,54,4,library data
piece,0x4fdca0,4,LIBCPMT.LIB#3@2,54,0,library data
piece,0x4fec58,20,LIBCPMT.LIB#3@2,52,0,library data
piece,0x4fec48,16,LIBCPMT.LIB#3@2,51,0,library data
piece,0x4fec38,9,LIBCPMT.LIB#3@2,50,0,library data
piece,0x4fb8d0,26,LIBCPMT.LIB#10,17,0,library code
piece,0x4fdc88,16,LIBCPMT.LIB#10,22,0,library data
piece,0x4ff080,32,LIBCPMT.LIB#10,23,0,library data
piece,0x4ff0a0,16,LIBCPMT.LIB#10,23,32,library data
piece,0x529ec0,4,LIBCPMT.LIB#35@3,2,24,library data
piece,0x529ea8,24,LIBCPMT.LIB#35@3,2,0,library data
piece,0x529dc0,4,LIBCPMT.LIB#35,2,24,library data
piece,0x529da8,24,LIBCPMT.LIB#35,2,0,library data
piece,0x50c218,68,zlib/infutil.obj,2,0,library data
piece,0x50c1e0,22,zlib/inffast.obj,4,0,library data
piece,0x50c1f8,28,zlib/inffast.obj,3,0,library data
piece,0x5278f8,4240,zlib/inftrees.obj,2,8,library data
piece,0x528990,4,zlib/inftrees.obj,2,4256,library data
piece,0x52898c,4,zlib/inftrees.obj,2,4252,library data
piece,0x5278f4,4,zlib/inftrees.obj,2,4,library data
piece,0x50bfe0,128,zlib/inftrees.obj,3,176,library data
piece,0x50bf60,128,zlib/inftrees.obj,3,48,library data
piece,0x528988,4,zlib/inftrees.obj,2,4248,library data
piece,0x5278f0,4,zlib/inftrees.obj,2,0,library data
piece,0x50c0d8,120,zlib/inftrees.obj,3,424,library data
piece,0x50c060,120,zlib/inftrees.obj,3,304,library data
piece,0x50c1bc,35,zlib/inftrees.obj,12,0,library data
piece,0x50c19c,31,zlib/inftrees.obj,11,0,library data
piece,0x50c174,40,zlib/inftrees.obj,6,0,library data
piece,0x50c150,36,zlib/inftrees.obj,5,0,library data
piece,0x50be70,76,zlib/infblock.obj,2,0,library data
piece,0x50bf1c,19,zlib/infblock.obj,11,0,library data
piece,0x50befc,29,zlib/infblock.obj,10,0,library data
piece,0x50bed8,36,zlib/infblock.obj,9,0,library data
piece,0x50bebc,26,zlib/infblock.obj,8,0,library data
piece,0x527000,256,zlib/trees.obj,2,0,library data
piece,0x50bcd0,120,zlib/trees.obj,3,0,library data
piece,0x527100,120,zlib/trees.obj,2,256,library data
piece,0x527178,512,zlib/trees.obj,2,376,library data
piece,0x50bd48,120,zlib/trees.obj,3,120,library data
piece,0x527870,120,zlib/trees.obj,2,2160,library data
piece,0x50be10,24,zlib/trees.obj,3,320,library data
piece,0x5277f8,120,zlib/trees.obj,2,2040,library data
piece,0x527378,1152,zlib/trees.obj,2,888,library data
piece,0x5278e8,4,zlib/trees.obj,2,2280,library data
piece,0x50be28,24,zlib/trees.obj,3,344,library data
piece,0x50be40,24,zlib/trees.obj,3,368,library data
piece,0x50be58,20,zlib/trees.obj,3,392,library data
piece,0x50bdc0,80,zlib/trees.obj,3,240,library data
piece,0x50bb0c,6,zlib/zutil.obj,13,0,library data
piece,0x50bc1c,27,zlib/inflate.obj,16,0,library data
piece,0x50bc08,20,zlib/inflate.obj,15,0,library data
piece,0x50bbf0,23,zlib/inflate.obj,14,0,library data
piece,0x50bbd8,21,zlib/inflate.obj,13,0,library data
piece,0x50bbc8,16,zlib/inflate.obj,12,0,library data
piece,0x50bc38,40,zlib/zutil.obj,2,0,library data
piece,0x50bb50,120,zlib/deflate.obj,2,56,library data
piece,0x50bcc4,11,zlib/zutil.obj,10,0,library data
piece,0x50bcb8,11,zlib/zutil.obj,8,0,library data
piece,0x50bca8,13,zlib/zutil.obj,7,0,library data
piece,0x50bc9c,11,zlib/zutil.obj,6,0,library data
piece,0x50bc88,20,zlib/zutil.obj,5,0,library data
piece,0x50bc78,13,zlib/zutil.obj,4,0,library data
piece,0x50bc60,21,zlib/zutil.obj,3,0,library data
piece,0x50de80,13,src/debug/debug_lib_4e35b0.cpp,5,0,game data
piece,0x50de74,11,src/debug/debug_lib_4e35b0.cpp,4,0,game data
piece,0x50de64,15,src/debug/debug_lib_4e35b0.cpp,3,0,game data
piece,0x50ddd0,34,src/debug/debug_lib_4e1e50.cpp,8,0,game data
piece,0x50ddb4,25,src/debug/debug_lib_4e1e50.cpp,7,0,game data
piece,0x50dda8,12,src/debug/debug_lib_4e1e50.cpp,6,0,game data
piece,0x4fdc58,8,src/debug/debug_lib_4e1e50.cpp,5,0,game data
piece,0x50dd9c,11,src/debug/debug_lib_4e1e50.cpp,4,0,game data
piece,0x50d2cc,4,src/debug/debug_lib_4da120.cpp,2,136,game data
piece,0x50d2c4,7,src/debug/debug_lib_4da120.cpp,2,140,game data
piece,0x50b530,16,src/debug/debug_lib_4da120.cpp,2,8,game data
piece,0x50b524,12,src/debug/debug_lib_4da120.cpp,2,24,game data
piece,0x50d29c,40,src/debug/debug_lib_4da120.cpp,2,36,game data
piece,0x50d270,44,src/debug/debug_lib_4da120.cpp,2,76,game data
piece,0x4fdc28,12,src/debug/debug_lib_4d9ab0.cpp,8,0,game data
piece,0x5097a4,4,src/debug/debug_lib_4d9ab0.cpp,7,0,game data
piece,0x509794,13,src/debug/debug_lib_4d9ab0.cpp,6,0,game data
piece,0x50c8c8,5,src/debug/debug_lib_4d9ab0.cpp,5,0,game data
piece,0x50c8b4,20,src/debug/debug_lib_4d9ab0.cpp,4,0,game data
piece,0x4fb8c0,10,src/runtime/basic_string_4c4fa0.cpp,4,0,gap code
piece,0x4fefe8,32,src/runtime/basic_string_4c4fa0.cpp,5,0,game data
piece,0x4ff008,16,src/runtime/basic_string_4c4fa0.cpp,5,32,game data
piece,0x4ff018,24,src/runtime/basic_string_4c4fa0.cpp,5,48,game data
piece,0x4ff030,16,src/runtime/basic_string_4c4fa0.cpp,5,72,game data
piece,0x4fb8b0,10,src/game/main_49eda0.cpp,22,0,gap code
piece,0x509890,3,src/game/main_49eda0.cpp,21,0,game data
piece,0x509888,5,src/game/main_49eda0.cpp,20,0,game data
piece,0x50987c,10,src/game/main_49eda0.cpp,19,0,game data
piece,0x509870,11,src/game/main_49eda0.cpp,18,0,game data
piece,0x509864,11,src/game/main_49eda0.cpp,17,0,game data
piece,0x509858,9,src/game/main_49eda0.cpp,16,0,game data
piece,0x504c7c,8,src/game/main_49eda0.cpp,15,0,game data
piece,0x509850,8,src/game/main_49eda0.cpp,14,0,game data
piece,0x509848,8,src/game/main_49eda0.cpp,13,0,game data
piece,0x509840,8,src/game/main_49eda0.cpp,12,0,game data
piece,0x509834,9,src/game/main_49eda0.cpp,11,0,game data
piece,0x509828,9,src/game/main_49eda0.cpp,10,0,game data
piece,0x5066cc,3,src/game/main_49eda0.cpp,9,0,game data
piece,0x4fdac0,11,src/game/main_49eda0.cpp,8,0,game data
piece,0x4fdaa0,28,src/game/main_49eda0.cpp,7,0,game data
piece,0x509808,32,src/game/main_49eda0.cpp,6,0,game data
piece,0x4feef0,32,src/game/main_49eda0.cpp,23,0,game data
piece,0x4fef10,16,src/game/main_49eda0.cpp,23,32,game data
piece,0x4fef20,24,src/game/main_49eda0.cpp,23,48,game data
piece,0x4fef38,16,src/game/main_49eda0.cpp,23,72,game data
piece,0x4fdae0,12,src/game/main_49eda0.cpp,4,0,game data
piece,0x5097fc,12,src/game/main_49eda0.cpp,3,0,game data
piece,0x4fdad0,12,src/game/main_49e680.cpp,3,0,game data
piece,0x4fda58,4,src/weapons/weapons_49a120.cpp,3,0,game data
piece,0x4fda48,12,src/game/game_load_497c70.cpp,4,0,game data
piece,0x50957c,12,src/game/game_load_497c70.cpp,3,0,game data
piece,0x5074c8,13,src/game/players_466050.cpp,24,0,game data
piece,0x5074bc,9,src/game/players_466050.cpp,23,0,game data
piece,0x5073c4,9,src/game/players_466050.cpp,22,0,game data
piece,0x5074b4,7,src/game/players_466050.cpp,21,0,game data
piece,0x5074ac,6,src/game/players_466050.cpp,20,0,game data
piece,0x507498,20,src/game/players_466050.cpp,19,0,game data
piece,0x507484,19,src/game/players_466050.cpp,18,0,game data
piece,0x507470,20,src/game/players_466050.cpp,17,0,game data
piece,0x50745c,19,src/game/players_466050.cpp,16,0,game data
piece,0x50744c,13,src/game/players_466050.cpp,15,0,game data
piece,0x507440,12,src/game/players_466050.cpp,14,0,game data
piece,0x50742c,20,src/game/players_466050.cpp,13,0,game data
piece,0x507418,19,src/game/players_466050.cpp,12,0,game data
piece,0x507404,17,src/game/players_466050.cpp,11,0,game data
piece,0x502bb8,6,src/game/players_466050.cpp,10,0,game data
piece,0x502bb0,7,src/game/players_466050.cpp,9,0,game data
piece,0x5073f8,11,src/game/players_466050.cpp,8,0,game data
piece,0x5073ec,12,src/game/players_466050.cpp,7,0,game data
piece,0x5073dc,13,src/game/players_466050.cpp,6,0,game data
piece,0x5073b8,11,src/game/players_466050.cpp,27,0,game data
piece,0x5073d0,10,src/game/players_466050.cpp,3,0,game data
piece,0x4fb8a0,10,src/network/online_45b670.cpp,7,0,gap code
piece,0x4fd4d0,11,src/network/online_45b670.cpp,5,0,game data
piece,0x506678,14,src/network/online_45b670.cpp,4,0,game data
piece,0x5066e0,18,src/network/online_45b670.cpp,3,0,game data
piece,0x4fee98,32,src/network/online_45b670.cpp,8,0,game data
piece,0x4feeb8,16,src/network/online_45b670.cpp,8,32,game data
piece,0x4feec8,24,src/network/online_45b670.cpp,8,48,game data
piece,0x4feee0,16,src/network/online_45b670.cpp,8,72,game data
piece,0x4fb890,10,src/network/online_45b490.cpp,7,0,gap code
piece,0x5066d0,15,src/network/online_45b490.cpp,3,0,game data
piece,0x4fee40,32,src/network/online_45b490.cpp,8,0,game data
piece,0x4fee60,16,src/network/online_45b490.cpp,8,32,game data
piece,0x4fee70,24,src/network/online_45b490.cpp,8,48,game data
piece,0x4fee88,16,src/network/online_45b490.cpp,8,72,game data
piece,0x4fb880,10,src/network/online_45b250.cpp,10,0,gap code
piece,0x506688,67,src/network/online_45b250.cpp,7,0,game data
piece,0x506660,24,src/network/online_45b250.cpp,4,0,game data
piece,0x506630,45,src/network/online_45b250.cpp,3,0,game data
piece,0x4fede8,32,src/network/online_45b250.cpp,11,0,game data
piece,0x4fee08,16,src/network/online_45b250.cpp,11,32,game data
piece,0x4fee18,24,src/network/online_45b250.cpp,11,48,game data
piece,0x4fee30,16,src/network/online_45b250.cpp,11,72,game data
piece,0x4fb870,10,src/frontend/multi_444580.cpp,12,0,gap code
piece,0x505ad4,12,src/frontend/multi_444580.cpp,11,0,game data
piece,0x505ac8,12,src/frontend/multi_444580.cpp,10,0,game data
piece,0x505ab0,22,src/frontend/multi_444580.cpp,9,0,game data
piece,0x505aa0,15,src/frontend/multi_444580.cpp,8,0,game data
piece,0x505a8c,18,src/frontend/multi_444580.cpp,7,0,game data
piece,0x505a80,9,src/frontend/multi_444580.cpp,6,0,game data
piece,0x5058d4,10,src/frontend/multi_444580.cpp,5,0,game data
piece,0x505a70,7,src/frontend/multi_444580.cpp,4,0,game data
piece,0x505a78,6,src/frontend/multi_444580.cpp,3,0,game data
piece,0x4fed90,32,src/frontend/multi_444580.cpp,13,0,game data
piece,0x4fedb0,16,src/frontend/multi_444580.cpp,13,32,game data
piece,0x4fedc0,24,src/frontend/multi_444580.cpp,13,48,game data
piece,0x4fedd8,16,src/frontend/multi_444580.cpp,13,72,game data
piece,0x4fb860,10,src/frontend/multi_4441a0.cpp,13,0,gap code
piece,0x505a68,8,src/frontend/multi_4441a0.cpp,10,0,game data
piece,0x502ad0,10,src/frontend/multi_4441a0.cpp,9,0,game data
piece,0x505a08,91,src/frontend/multi_4441a0.cpp,7,0,game data
piece,0x505968,9,src/frontend/multi_4441a0.cpp,6,0,game data
piece,0x50560c,9,src/frontend/multi_4441a0.cpp,5,0,game data
piece,0x5059fc,9,src/frontend/multi_4441a0.cpp,4,0,game data
piece,0x4fed38,32,src/frontend/multi_4441a0.cpp,14,0,game data
piece,0x4fed58,16,src/frontend/multi_4441a0.cpp,14,32,game data
piece,0x4fed68,24,src/frontend/multi_4441a0.cpp,14,48,game data
piece,0x4fed80,16,src/frontend/multi_4441a0.cpp,14,72,game data
piece,0x503934,14,src/units/unit_types_42a8d0.cpp,44,0,game data
piece,0x5122a8,4,src/units/unit_types_42a8d0.cpp,43,8,game data
piece,0x5122a4,4,src/units/unit_types_42a8d0.cpp,43,0,game data
piece,0x50392c,8,src/units/unit_types_42a8d0.cpp,41,0,game data
piece,0x503928,4,src/units/unit_types_42a8d0.cpp,40,0,game data
piece,0x503920,6,src/units/unit_types_42a8d0.cpp,38,0,game data
piece,0x503914,9,src/units/unit_types_42a8d0.cpp,37,0,game data
piece,0x50390c,5,src/units/unit_types_42a8d0.cpp,36,0,game data
piece,0x5038cc,61,src/units/unit_types_42a8d0.cpp,35,0,game data
piece,0x5038c4,5,src/units/unit_types_42a8d0.cpp,34,0,game data
piece,0x5038c0,4,src/units/unit_types_42a8d0.cpp,33,0,game data
piece,0x5038ac,17,src/units/unit_types_42a8d0.cpp,32,0,game data
piece,0x50389c,14,src/units/unit_types_42a8d0.cpp,31,0,game data
piece,0x503898,3,src/units/unit_types_42a8d0.cpp,30,0,game data
piece,0x50388c,10,src/units/unit_types_42a8d0.cpp,29,0,game data
piece,0x503884,5,src/units/unit_types_42a8d0.cpp,28,0,game data
piece,0x503878,9,src/units/unit_types_42a8d0.cpp,27,0,game data
piece,0x503870,5,src/units/unit_types_42a8d0.cpp,26,0,game data
piece,0x503864,10,src/units/unit_types_42a8d0.cpp,25,0,game data
piece,0x503858,9,src/units/unit_types_42a8d0.cpp,24,0,game data
piece,0x50384c,11,src/units/unit_types_42a8d0.cpp,23,0,game data
piece,0x50383c,16,src/units/unit_types_42a8d0.cpp,22,0,game data
piece,0x50382c,15,src/units/unit_types_42a8d0.cpp,21,0,game data
piece,0x503820,11,src/units/unit_types_42a8d0.cpp,20,0,game data
piece,0x503818,6,src/units/unit_types_42a8d0.cpp,19,0,game data
piece,0x503810,8,src/units/unit_types_42a8d0.cpp,18,0,game data
piece,0x503808,8,src/units/unit_types_42a8d0.cpp,17,0,game data
piece,0x503800,8,src/units/unit_types_42a8d0.cpp,16,0,game data
piece,0x5037f4,10,src/units/unit_types_42a8d0.cpp,15,0,game data
piece,0x5037e4,15,src/units/unit_types_42a8d0.cpp,14,0,game data
piece,0x503358,8,src/units/unit_types_42a8d0.cpp,13,0,game data
piece,0x4fd208,8,src/units/unit_types_42a8d0.cpp,12,0,game data
piece,0x5037bc,40,src/units/unit_types_42a8d0.cpp,11,0,game data
piece,0x5037b0,10,src/units/unit_types_42a8d0.cpp,10,0,game data
piece,0x50374c,98,src/units/unit_types_42a8d0.cpp,9,0,game data
piece,0x502c48,15,src/weapons/explosions_420d20.cpp,4,0,game data
piece,0x4fd010,8,src/weapons/explosions_420d20.cpp,3,0,game data
piece,0x4fd018,8,src/weapons/explosions_420d20.cpp,3,8,game data
piece,0x50de50,17,src/debug/debug_lib_4e3400.cpp,9,0,game data
piece,0x50de40,16,src/debug/debug_lib_4e3400.cpp,8,0,game data
piece,0x50de34,9,src/debug/debug_lib_4e3400.cpp,7,0,game data
piece,0x50de2c,8,src/debug/debug_lib_4e3400.cpp,6,0,game data
piece,0x50de24,6,src/debug/debug_lib_4e3400.cpp,5,0,game data
piece,0x50de1c,7,src/debug/debug_lib_4e3400.cpp,4,0,game data
piece,0x50de14,7,src/debug/debug_lib_4e3400.cpp,3,0,game data
piece,0x4fdc70,8,src/debug/debug_lib_4e3080.cpp,3,0,game data
piece,0x50ddf4,31,src/debug/cavedog_registry_key.cpp,3,0,game data
piece,0x4fdc60,8,src/debug/timer.cpp,19,0,game data
piece,0x4fdc68,8,src/debug/timer.cpp,19,8,game data
piece,0x50d74c,15,src/debug/debug_lib_4e1b10.cpp,11,0,game data
piece,0x50dd84,20,src/debug/debug_lib_4e1b10.cpp,10,0,game data
piece,0x50dd70,17,src/debug/debug_lib_4e1b10.cpp,9,0,game data
piece,0x50dd60,14,src/debug/debug_lib_4e1b10.cpp,8,0,game data
piece,0x50dd4c,18,src/debug/debug_lib_4e1b10.cpp,7,0,game data
piece,0x50dd3c,16,src/debug/debug_lib_4e1b10.cpp,6,0,game data
piece,0x50dd30,12,src/debug/debug_lib_4e1b10.cpp,5,0,game data
piece,0x50dd28,7,src/debug/debug_lib_4e1b10.cpp,4,0,game data
piece,0x50dd20,7,src/debug/debug_lib_4e1b10.cpp,3,0,game data
piece,0x529e68,1,src/debug/debug_lib_4e1ac0.cpp,3,24,game data
piece,0x529de0,24,src/debug/debug_lib_4e1ac0.cpp,3,0,game data
piece,0x4fdc48,8,src/debug/debug_lib_4e1730.cpp,3,0,game data
piece,0x4fdc50,8,src/debug/debug_lib_4e1730.cpp,3,8,game data
piece,0x529538,124,src/debug/debug_lib_4e1410.cpp,3,0,game data
piece,0x50d974,6,src/debug/memory_status_dialog.cpp,10,0,game data
piece,0x5056f4,3,src/debug/memory_status_dialog.cpp,9,0,game data
piece,0x4fdc38,8,src/debug/memory_status_dialog.cpp,8,0,game data
piece,0x4fdc40,8,src/debug/memory_status_dialog.cpp,8,8,game data
piece,0x50d84c,293,src/debug/memory_status_dialog.cpp,7,0,game data
piece,0x50d724,5,src/debug/memory_status_dialog.cpp,6,0,game data
piece,0x50d804,70,src/debug/memory_status_dialog.cpp,5,0,game data
piece,0x50d7f8,10,src/debug/debug_lib_4e07e0.cpp,5,0,game data
piece,0x50d7e8,16,src/debug/debug_lib_4e07e0.cpp,4,0,game data
piece,0x50d75c,138,src/debug/debug_lib_4e07e0.cpp,3,0,game data
piece,0x529510,24,src/debug/debug_lib_4e06f0.cpp,3,0,game data
piece,0x50d740,11,src/debug/debug_lib_4e0520.cpp,3,0,game data
piece,0x5292d0,560,src/debug/debug_lib_4dfd50.cpp,3,8,game data
piece,0x50d6d8,75,src/debug/performance_dialog.cpp,3,0,game data
piece,0x50d678,59,src/debug/debug_lib_4df1e0.cpp,3,0,game data
piece,0x50d654,9,src/debug/debug_lib_4df160.cpp,4,0,game data
piece,0x5292bc,1,src/debug/debug_lib_4df160.cpp,3,4,game data
piece,0x50d648,9,src/debug/debug_lib_4ded60.cpp,16,0,game data
piece,0x50d638,13,src/debug/debug_lib_4ded60.cpp,15,0,game data
piece,0x50d628,13,src/debug/debug_lib_4ded60.cpp,14,0,game data
piece,0x50d618,16,src/debug/debug_lib_4ded60.cpp,13,0,game data
piece,0x50d610,8,src/debug/debug_lib_4ded60.cpp,12,0,game data
piece,0x50d5f8,21,src/debug/debug_lib_4ded60.cpp,11,0,game data
piece,0x50d5b8,63,src/debug/debug_lib_4ded60.cpp,10,0,game data
piece,0x50d59c,26,src/debug/debug_lib_4ded60.cpp,9,0,game data
piece,0x50d584,21,src/debug/debug_lib_4ded60.cpp,8,0,game data
piece,0x50d55c,37,src/debug/debug_lib_4ded60.cpp,7,0,game data
piece,0x50d54c,15,src/debug/debug_lib_4ded60.cpp,6,0,game data
piece,0x50d53c,13,src/debug/debug_lib_4ded60.cpp,5,0,game data
piece,0x50d520,27,src/debug/debug_lib_4ded60.cpp,4,0,game data
piece,0x50d500,32,src/debug/debug_lib_4ded60.cpp,3,0,game data
piece,0x50c8f4,13,src/debug/debug_lib_4dea00.cpp,12,0,game data
piece,0x50d4c0,13,src/debug/debug_lib_4dea00.cpp,11,0,game data
piece,0x50d4b0,15,src/debug/debug_lib_4dea00.cpp,10,0,game data
piece,0x50c8ec,6,src/debug/debug_lib_4dea00.cpp,9,0,game data
piece,0x50d4a0,13,src/debug/debug_lib_4dea00.cpp,8,0,game data
piece,0x50d48c,17,src/debug/debug_lib_4dea00.cpp,7,0,game data
piece,0x50d47c,16,src/debug/debug_lib_4dea00.cpp,6,0,game data
piece,0x50d470,11,src/debug/debug_lib_4dea00.cpp,5,0,game data
piece,0x50c8e8,2,src/debug/debug_lib_4dea00.cpp,4,0,game data
piece,0x50319c,2,src/debug/debug_lib_4dea00.cpp,3,0,game data
piece,0x50d464,9,src/debug/debug_lib_4de8a0.cpp,6,0,game data
piece,0x50d454,13,src/debug/debug_lib_4de8a0.cpp,5,0,game data
piece,0x50d444,13,src/debug/debug_lib_4de8a0.cpp,4,0,game data
piece,0x504328,5,src/debug/debug_lib_4de8a0.cpp,3,0,game data
piece,0x528a64,1,src/debug/debug_lib_4de4d0.cpp,3,4,game data
piece,0x50d434,14,src/debug/debug_lib_4de4d0.cpp,4,0,game data
piece,0x528a6c,4,src/debug/debug_lib_4de4d0.cpp,3,0,game data
piece,0x528a60,4,src/debug/debug_lib_4de180.cpp,15,0,game data
piece,0x50d428,9,src/debug/debug_lib_4de180.cpp,16,0,game data
piece,0x528a68,1,src/debug/debug_lib_4de180.cpp,15,4,game data
piece,0x50d418,13,src/debug/debug_lib_4de180.cpp,14,0,game data
piece,0x50d408,14,src/debug/debug_lib_4de180.cpp,13,0,game data
piece,0x50d3f8,14,src/debug/debug_lib_4de180.cpp,12,0,game data
piece,0x50d3ec,11,src/debug/debug_lib_4de180.cpp,11,0,game data
piece,0x50d3e0,10,src/debug/debug_lib_4de180.cpp,10,0,game data
piece,0x50d3c8,23,src/debug/debug_lib_4de180.cpp,9,0,game data
piece,0x50d3b4,17,src/debug/debug_lib_4de180.cpp,8,0,game data
piece,0x50d3a0,18,src/debug/debug_lib_4de180.cpp,7,0,game data
piece,0x50d38c,19,src/debug/debug_lib_4de180.cpp,6,0,game data
piece,0x50d374,21,src/debug/debug_lib_4de180.cpp,5,0,game data
piece,0x528a70,1,src/debug/debug_lib_4de0a0.cpp,3,4,game data
piece,0x50d364,10,src/debug/debug_lib_4db760.cpp,4,0,game data
piece,0x50d338,42,src/debug/debug_lib_4dab10.cpp,3,0,game data
piece,0x5289ec,1,src/debug/debug_lib_4da780.cpp,3,24,game data
piece,0x528a28,24,src/debug/debug_lib_4da780.cpp,3,0,game data
piece,0x50d330,5,src/debug/debug_lib_4da5b0.cpp,6,0,game data
piece,0x50d318,22,src/debug/debug_lib_4da5b0.cpp,5,0,game data
piece,0x50d2ec,43,src/debug/debug_lib_4da5b0.cpp,4,0,game data
piece,0x50d26c,3,src/debug/debug_lib_4da040.cpp,4,0,game data
piece,0x50266c,3,src/debug/debug_lib_4da040.cpp,3,0,game data
piece,0x50c8d8,13,src/debug/debug_lib_4d9ca0.cpp,4,0,game data
piece,0x50c8d0,8,src/debug/debug_lib_4d9ca0.cpp,3,0,game data
piece,0x50c8a0,10,src/debug/debug_lib_4d98c0.cpp,27,0,game data
piece,0x50c890,14,src/debug/debug_lib_4d98c0.cpp,26,0,game data
piece,0x50c878,22,src/debug/debug_lib_4d98c0.cpp,25,0,game data
piece,0x50c86c,11,src/debug/debug_lib_4d98c0.cpp,24,0,game data
piece,0x50c858,17,src/debug/debug_lib_4d98c0.cpp,23,0,game data
piece,0x50c848,14,src/debug/debug_lib_4d98c0.cpp,22,0,game data
piece,0x50c83c,10,src/debug/debug_lib_4d98c0.cpp,21,0,game data
piece,0x50c828,20,src/debug/debug_lib_4d98c0.cpp,20,0,game data
piece,0x50c80c,25,src/debug/debug_lib_4d98c0.cpp,19,0,game data
piece,0x50c7f8,20,src/debug/debug_lib_4d98c0.cpp,18,0,game data
piece,0x50c7e0,22,src/debug/debug_lib_4d98c0.cpp,17,0,game data
piece,0x50c7c8,23,src/debug/debug_lib_4d98c0.cpp,16,0,game data
piece,0x50c7b0,21,src/debug/debug_lib_4d98c0.cpp,15,0,game data
piece,0x50c798,21,src/debug/debug_lib_4d98c0.cpp,14,0,game data
piece,0x50c780,24,src/debug/debug_lib_4d98c0.cpp,13,0,game data
piece,0x50c770,15,src/debug/debug_lib_4d98c0.cpp,12,0,game data
piece,0x50c75c,18,src/debug/debug_lib_4d98c0.cpp,11,0,game data
piece,0x50c74c,16,src/debug/debug_lib_4d98c0.cpp,10,0,game data
piece,0x50c734,23,src/debug/debug_lib_4d98c0.cpp,9,0,game data
piece,0x50c720,17,src/debug/debug_lib_4d98c0.cpp,8,0,game data
piece,0x50c708,23,src/debug/debug_lib_4d98c0.cpp,7,0,game data
piece,0x50c6f8,15,src/debug/debug_lib_4d98c0.cpp,6,0,game data
piece,0x50c6dc,26,src/debug/debug_lib_4d98c0.cpp,5,0,game data
piece,0x50c6c4,24,src/debug/debug_lib_4d98c0.cpp,4,0,game data
piece,0x50c6ac,23,src/debug/debug_lib_4d98c0.cpp,3,0,game data
piece,0x50c698,20,src/debug/debug_lib_4d8e60.cpp,40,0,game data
piece,0x50c67c,26,src/debug/debug_lib_4d8e60.cpp,39,0,game data
piece,0x50c658,33,src/debug/debug_lib_4d8e60.cpp,38,0,game data
piece,0x50c638,30,src/debug/debug_lib_4d8e60.cpp,37,0,game data
piece,0x50c620,22,src/debug/debug_lib_4d8e60.cpp,36,0,game data
piece,0x50c618,7,src/debug/debug_lib_4d8e60.cpp,35,0,game data
piece,0x50c5ec,44,src/debug/debug_lib_4d8e60.cpp,34,0,game data
piece,0x50c5e4,6,src/debug/debug_lib_4d8e60.cpp,33,0,game data
piece,0x50c5dc,5,src/debug/debug_lib_4d8e60.cpp,32,0,game data
piece,0x50c5a8,52,src/debug/debug_lib_4d8e60.cpp,31,0,game data
piece,0x50c590,24,src/debug/debug_lib_4d8e60.cpp,30,0,game data
piece,0x50c574,26,src/debug/debug_lib_4d8e60.cpp,29,0,game data
piece,0x50c564,14,src/debug/debug_lib_4d8e60.cpp,28,0,game data
piece,0x50c55c,8,src/debug/debug_lib_4d8e60.cpp,27,0,game data
piece,0x50c550,12,src/debug/debug_lib_4d8e60.cpp,25,0,game data
piece,0x50c524,42,src/debug/debug_lib_4d8e60.cpp,24,0,game data
piece,0x50c4fc,40,src/debug/debug_lib_4d8e60.cpp,23,0,game data
piece,0x50c4d4,39,src/debug/debug_lib_4d8e60.cpp,22,0,game data
piece,0x50c4ac,39,src/debug/debug_lib_4d8e60.cpp,21,0,game data
piece,0x50c498,18,src/debug/debug_lib_4d8e60.cpp,20,0,game data
piece,0x50c490,7,src/debug/debug_lib_4d8e60.cpp,19,0,game data
piece,0x50c480,13,src/debug/debug_lib_4d8e60.cpp,18,0,game data
piece,0x50c470,13,src/debug/debug_lib_4d8e60.cpp,17,0,game data
piece,0x50c460,13,src/debug/debug_lib_4d8e60.cpp,16,0,game data
piece,0x50c450,13,src/debug/debug_lib_4d8e60.cpp,15,0,game data
piece,0x50c440,13,src/debug/debug_lib_4d8e60.cpp,14,0,game data
piece,0x50c430,13,src/debug/debug_lib_4d8e60.cpp,13,0,game data
piece,0x50c418,22,src/debug/debug_lib_4d8e60.cpp,12,0,game data
piece,0x50c400,23,src/debug/debug_lib_4d8e60.cpp,11,0,game data
piece,0x50c3ec,20,src/debug/debug_lib_4d8e60.cpp,10,0,game data
piece,0x50c3d8,18,src/debug/debug_lib_4d8e60.cpp,9,0,game data
piece,0x50c3c0,21,src/debug/debug_lib_4d8e60.cpp,8,0,game data
piece,0x50c3a8,23,src/debug/debug_lib_4d8e60.cpp,7,0,game data
piece,0x50c394,20,src/debug/debug_lib_4d8e60.cpp,6,0,game data
piece,0x50c37c,23,src/debug/debug_lib_4d8e60.cpp,5,0,game data
piece,0x50c364,21,src/debug/debug_lib_4d8e60.cpp,4,0,game data
piece,0x50c35c,6,src/debug/debug_lib_4d8e60.cpp,3,0,game data
piece,0x50c348,18,src/debug/block_history.cpp,6,0,game data
piece,0x50c338,14,src/debug/block_history.cpp,5,0,game data
piece,0x50c330,7,src/debug/debug_lib_4d89b0.cpp,4,0,game data
piece,0x50c32c,4,src/debug/debug_lib_4d89b0.cpp,3,0,game data
piece,0x50c2f8,51,src/debug/debug_lib_4d80b0.cpp,89,0,game data
piece,0x50c2cc,44,src/debug/debug_lib_4d80b0.cpp,88,0,game data
piece,0x5289a8,4,src/debug/debug_lib_4d80b0.cpp,5,24,game data
piece,0x50c2c0,9,src/debug/debug_lib_4d80b0.cpp,35,0,game data
piece,0x528998,4,src/debug/debug_lib_4d80b0.cpp,5,4,game data
piece,0x5289ac,1,src/debug/debug_lib_4d80b0.cpp,5,28,game data
piece,0x50c2a0,10,src/debug/debug_lib_4d80b0.cpp,26,0,game data
piece,0x52899c,4,src/debug/debug_lib_4d80b0.cpp,5,20,game data
piece,0x5289b0,4,src/debug/debug_lib_4d80b0.cpp,5,8,game data
piece,0x50c290,6,src/debug/debug_lib_4d80b0.cpp,16,0,game data
piece,0x5289a0,4,src/debug/debug_lib_4d80b0.cpp,5,0,game data
piece,0x528994,4,src/debug/debug_lib_4d80b0.cpp,5,16,game data
piece,0x50c25c,9,src/debug/debug_lib_4d80b0.cpp,6,0,game data
piece,0x5289a4,4,src/debug/debug_lib_4d80b0.cpp,5,12,game data
piece,0x50baf0,27,src/util/sqsh_4d1c00.cpp,6,0,game data
piece,0x50bad4,26,src/util/sqsh_4d1c00.cpp,5,0,game data
piece,0x50bab8,27,src/util/sqsh_4d1c00.cpp,4,0,game data
piece,0x50ba9c,27,src/util/sqsh_4d1c00.cpp,3,0,game data
piece,0x50ba94,5,src/util/sqsh_4d1b40.cpp,3,0,game data
piece,0x50b9b4,39,src/util/sqsh_4d1670.cpp,6,0,game data
piece,0x50b990,35,src/util/sqsh_4d1670.cpp,5,0,game data
piece,0x50b920,58,src/util/sqsh_4d1670.cpp,4,0,game data
piece,0x50b95c,49,src/util/sqsh_4d1670.cpp,3,0,game data
piece,0x50b910,5,src/sound/sound.cpp,98,0,game data
piece,0x50b918,5,src/sound/sound.cpp,95,0,game data
piece,0x50b908,5,src/sound/samples_4d01b0.cpp,7,0,game data
piece,0x50b900,5,src/sound/samples_4d01b0.cpp,6,0,game data
piece,0x50b8f8,5,src/sound/samples_4d01b0.cpp,5,0,game data
piece,0x50b8f0,5,src/sound/samples_4d01b0.cpp,4,0,game data
piece,0x50b8e8,5,src/sound/samples_4d01b0.cpp,3,0,game data
piece,0x50b8d0,21,src/sound/sound.cpp,48,0,game data
piece,0x509228,13,src/sound/cd_audio_4cedc0.cpp,3,0,game data
piece,0x50b5bc,20,src/sound/sound.cpp,23,0,game data
piece,0x50b5b4,8,src/sound/sound.cpp,22,0,game data
piece,0x50b574,29,src/sound/sound.cpp,8,0,game data
piece,0x50b6c8,21,src/sound/sound.cpp,29,0,game data
piece,0x50b6c0,7,src/sound/sound.cpp,28,0,game data
piece,0x50b654,8,src/sound/sound.cpp,27,0,game data
piece,0x50b5e4,37,src/sound/sound.cpp,26,0,game data
piece,0x50b6a0,29,src/sound/cd_audio_4ce910.cpp,10,0,game data
piece,0x50b690,13,src/sound/cd_audio_4ce910.cpp,9,0,game data
piece,0x50b688,7,src/sound/cd_audio_4ce910.cpp,8,0,game data
piece,0x50b62c,24,src/sound/cd_audio_4ce910.cpp,7,0,game data
piece,0x50b664,33,src/sound/cd_audio_4ce910.cpp,6,0,game data
piece,0x50b65c,5,src/sound/cd_audio_4ce910.cpp,5,0,game data
piece,0x50b644,14,src/sound/cd_audio_4ce910.cpp,3,0,game data
piece,0x50b60c,31,src/sound/cd_audio_4ce530.cpp,3,0,game data
piece,0x50b558,28,src/sound/cd_audio_4ce460.cpp,5,0,game data
piece,0x50b550,6,src/sound/cd_audio_4ce460.cpp,4,0,game data
piece,0x50b548,6,src/sound/cd_audio_4ce460.cpp,3,0,game data
piece,0x509218,14,src/sound/cd_audio_4ce410.cpp,3,0,game data
piece,0x509208,13,src/sound/cd_audio_4ce260.cpp,6,0,game data
piece,0x50b5d0,18,src/sound/cd_audio_4ce1e0.cpp,3,0,game data
piece,0x50b594,32,src/sound/sound.cpp,9,0,game data
piece,0x50b508,25,src/debug/debug_helper_4cbb70.cpp,4,0,game data
piece,0x50b4f0,24,src/debug/debug_helper_4cbb70.cpp,3,0,game data
piece,0x50a528,3,src/graphics/pcx_4cb7f0.cpp,3,0,game data
piece,0x50b4e4,12,src/graphics/pcx_4cb170.cpp,4,0,game data
piece,0x50b4d4,15,src/graphics/pcx_4cb170.cpp,3,0,game data
piece,0x50b4c8,9,src/graphics/pcx_4caa40.cpp,4,0,game data
piece,0x50b4bc,10,src/graphics/pcx_4caa40.cpp,3,0,game data
piece,0x50b4a0,26,src/network/hapinet_4ca330.cpp,51,0,game data
piece,0x50b480,31,src/network/hapinet_4ca330.cpp,48,0,game data
piece,0x50b460,30,src/network/hapinet_4ca330.cpp,45,0,game data
piece,0x50b448,21,src/network/hapinet_4ca330.cpp,42,0,game data
piece,0x50b428,31,src/network/hapinet_4ca330.cpp,39,0,game data
piece,0x50b410,21,src/network/hapinet_4ca330.cpp,36,0,game data
piece,0x50b3f8,23,src/network/hapinet_4ca330.cpp,33,0,game data
piece,0x50b3e0,23,src/network/hapinet_4ca330.cpp,30,0,game data
piece,0x50b3c8,22,src/network/hapinet_4ca330.cpp,27,0,game data
piece,0x50b3b4,19,src/network/hapinet_4ca330.cpp,24,0,game data
piece,0x50b39c,23,src/network/hapinet_4ca330.cpp,21,0,game data
piece,0x50b384,24,src/network/hapinet_4ca330.cpp,18,0,game data
piece,0x50b364,31,src/network/hapinet_4ca330.cpp,15,0,game data
piece,0x50b34c,23,src/network/hapinet_4ca330.cpp,14,0,game data
piece,0x50b0cc,26,src/network/hapinet_4ca330.cpp,13,0,game data
piece,0x50b330,26,src/network/hapinet_4ca330.cpp,10,0,game data
piece,0x50b318,22,src/network/hapinet_4ca330.cpp,7,0,game data
piece,0x50b300,23,src/network/hapinet_4ca330.cpp,4,0,game data
piece,0x50b2f4,9,src/network/hapinet_4ca330.cpp,3,0,game data
piece,0x50b2dc,24,src/network/hapinet_4c9530.cpp,99,0,game data
piece,0x50b2c0,25,src/network/hapinet_4c9530.cpp,96,0,game data
piece,0x50b2ac,17,src/network/hapinet_4c9530.cpp,95,0,game data
piece,0x50b298,18,src/network/hapinet_4c9530.cpp,91,0,game data
piece,0x50b14c,17,src/network/hapinet_4c9530.cpp,56,0,game data
piece,0x50b284,18,src/network/hapinet_4c9530.cpp,88,0,game data
piece,0x50b270,18,src/network/hapinet_4c9530.cpp,85,0,game data
piece,0x50b254,27,src/network/hapinet_4c9530.cpp,82,0,game data
piece,0x50b244,16,src/network/hapinet_4c9530.cpp,81,0,game data
piece,0x50b224,29,src/network/hapinet_4c9530.cpp,78,0,game data
piece,0x50b204,29,src/network/hapinet_4c9530.cpp,75,0,game data
piece,0x50b1f0,17,src/network/hapinet_4c9530.cpp,72,0,game data
piece,0x50b1d4,26,src/network/hapinet_4c9530.cpp,69,0,game data
piece,0x50b1b4,31,src/network/hapinet_4c9530.cpp,66,0,game data
piece,0x50b198,25,src/network/hapinet_4c9530.cpp,63,0,game data
piece,0x50b178,31,src/network/hapinet_4c9530.cpp,60,0,game data
piece,0x50b160,23,src/network/hapinet_4c9530.cpp,57,0,game data
piece,0x50b134,24,src/network/hapinet_4c9530.cpp,53,0,game data
piece,0x50b11c,23,src/network/hapinet_4c9530.cpp,50,0,game data
piece,0x50b0fc,30,src/network/hapinet_4c9530.cpp,47,0,game data
piece,0x50b0e8,20,src/network/hapinet_4c9530.cpp,44,0,game data
piece,0x50b0c8,4,src/network/hapinet_4c9530.cpp,38,0,game data
piece,0x50b0ac,26,src/network/hapinet_4c9530.cpp,33,0,game data
piece,0x50b060,75,src/network/hapinet_4c9530.cpp,32,0,game data
piece,0x50b028,56,src/network/hapinet_4c9530.cpp,31,0,game data
piece,0x50afd0,86,src/network/hapinet_4c9530.cpp,30,0,game data
piece,0x50af78,88,src/network/hapinet_4c9530.cpp,29,0,game data
piece,0x50af38,64,src/network/hapinet_4c9530.cpp,28,0,game data
piece,0x50aee8,80,src/network/hapinet_4c9530.cpp,27,0,game data
piece,0x50ae78,109,src/network/hapinet_4c9530.cpp,26,0,game data
piece,0x50ae18,94,src/network/hapinet_4c9530.cpp,25,0,game data
piece,0x50add4,65,src/network/hapinet_4c9530.cpp,24,0,game data
piece,0x50ad98,58,src/network/hapinet_4c9530.cpp,23,0,game data
piece,0x50ad34,100,src/network/hapinet_4c9530.cpp,22,0,game data
piece,0x50acec,70,src/network/hapinet_4c9530.cpp,21,0,game data
piece,0x50aca4,69,src/network/hapinet_4c9530.cpp,20,0,game data
piece,0x50ac60,65,src/network/hapinet_4c9530.cpp,19,0,game data
piece,0x50abfc,98,src/network/hapinet_4c9530.cpp,18,0,game data
piece,0x50ab9c,93,src/network/hapinet_4c9530.cpp,17,0,game data
piece,0x50ab5c,61,src/network/hapinet_4c9530.cpp,16,0,game data
piece,0x50ab20,58,src/network/hapinet_4c9530.cpp,15,0,game data
piece,0x50aaa4,123,src/network/hapinet_4c9530.cpp,14,0,game data
piece,0x50aa64,63,src/network/hapinet_4c9530.cpp,13,0,game data
piece,0x50aa20,66,src/network/hapinet_4c9530.cpp,12,0,game data
piece,0x50a9b8,102,src/network/hapinet_4c9530.cpp,11,0,game data
piece,0x50a968,77,src/network/hapinet_4c9530.cpp,10,0,game data
piece,0x50a914,81,src/network/hapinet_4c9530.cpp,9,0,game data
piece,0x50a8e0,52,src/network/hapinet_4c9530.cpp,8,0,game data
piece,0x50a874,107,src/network/hapinet_4c9530.cpp,7,0,game data
piece,0x50a828,76,src/network/hapinet_4c9530.cpp,6,0,game data
piece,0x50a7fc,44,src/network/hapinet_4c9530.cpp,5,0,game data
piece,0x50a7c4,54,src/network/hapinet_4c9530.cpp,4,0,game data
piece,0x50a798,43,src/network/hapinet_4c9530.cpp,3,0,game data
piece,0x50a768,15,src/graphics/surface_4c6d20.cpp,11,0,game data
piece,0x4fdc18,1,src/util/tdf_4c49a0.cpp,6,0,game data
piece,0x4fdc20,8,src/util/tdf_record.cpp,30,0,game data
piece,0x50a670,28,src/util/tdf_4c44c0.cpp,13,0,game data
piece,0x50a74c,27,src/util/tdf_record.cpp,9,0,game data
piece,0x50a730,27,src/util/tdf_record.cpp,8,0,game data
piece,0x50a714,27,src/util/tdf_record.cpp,7,0,game data
piece,0x50a6f0,35,src/util/tdf_record.cpp,6,0,game data
piece,0x50a6cc,35,src/util/tdf_record.cpp,5,0,game data
piece,0x50a6a8,33,src/util/tdf_record.cpp,4,0,game data
piece,0x50a68c,28,src/util/tdf_record.cpp,3,0,game data
piece,0x4fefd8,16,src/util/logic_error.cpp,18,0,game data
piece,0x4fefc8,12,src/util/logic_error.cpp,17,0,game data
piece,0x50a60c,9,src/util/tdf_4c3120.cpp,4,0,game data
piece,0x50a604,5,src/util/tdf_4c3120.cpp,3,0,game data
piece,0x50a5f4,13,src/gui/mouse.cpp,30,0,game data
piece,0x50a5e8,12,src/gui/mouse.cpp,29,0,game data
piece,0x50a5dc,12,src/gui/mouse.cpp,28,0,game data
piece,0x50a5d0,12,src/gui/mouse.cpp,27,0,game data
piece,0x505f10,3,src/util/hpi_4be180.cpp,3,0,game data
piece,0x50a5a8,23,src/util/hpi_4bdd70.cpp,6,0,game data
piece,0x50a564,5,src/util/hpi_4bdd70.cpp,5,0,game data
piece,0x50a598,16,src/util/hpi_4bdd70.cpp,3,0,game data
piece,0x50a478,12,src/util/hpi_4bd830.cpp,7,0,game data
piece,0x50a58c,12,src/util/hpi_4bd830.cpp,6,0,game data
piece,0x50a580,12,src/util/hpi_4bd830.cpp,5,0,game data
piece,0x50a560,3,src/util/hpi_4bd160.cpp,5,0,game data
piece,0x50a554,12,src/util/hpi_4bcf80.cpp,3,0,game data
piece,0x50a54c,5,src/util/hpi_4bcb50.cpp,6,0,game data
piece,0x504594,6,src/util/hpi_4bcb50.cpp,3,0,game data
piece,0x50a530,21,src/util/hpi_4bc4b0.cpp,5,0,game data
piece,0x50a52c,4,src/util/hpi_4bc4b0.cpp,4,0,game data
piece,0x50a514,19,src/util/hpi_4bb190.cpp,39,0,game data
piece,0x50a500,18,src/util/hpi_4bb190.cpp,38,0,game data
piece,0x50a4d0,45,src/util/hpi_4bb190.cpp,37,0,game data
piece,0x50a4c0,16,src/util/hpi_4bb190.cpp,36,0,game data
piece,0x50a4b0,16,src/util/hpi_4bb190.cpp,35,0,game data
piece,0x50a4a0,13,src/util/hpi_4bb190.cpp,34,0,game data
piece,0x50a490,13,src/util/hpi_4bb190.cpp,33,0,game data
piece,0x502538,4,src/util/hpi_4bb190.cpp,26,0,game data
piece,0x50a484,12,src/util/hpi_4bb190.cpp,15,0,game data
piece,0x50a474,4,src/util/hpi_4bb190.cpp,10,0,game data
piece,0x50a46c,5,src/util/hpi_4bb190.cpp,3,0,game data
piece,0x4fdbd0,8,src/graphics/palette_4babd0.cpp,3,0,game data
piece,0x4fdbd8,8,src/graphics/palette_4babd0.cpp,3,8,game data
piece,0x50a460,11,src/graphics/palette_4ba700.cpp,3,0,game data
piece,0x50a454,11,src/graphics/palette_4ba6b0.cpp,3,0,game data
piece,0x50a448,12,src/graphics/palette_4ba660.cpp,3,0,game data
piece,0x4fdbc0,8,src/graphics/palette_4ba200.cpp,4,0,game data
piece,0x4fdbc8,4,src/graphics/palette_4ba200.cpp,4,8,game data
piece,0x502978,8,src/graphics/palette_4ba200.cpp,3,0,game data
piece,0x50a424,10,src/graphics/gaf_4b91b0.cpp,5,0,game data
piece,0x51fc99,16,src/util/commands.cpp,5,0,game data
piece,0x509ed0,9,src/util/registry.cpp,14,0,game data
piece,0x509eb8,22,src/util/registry.cpp,13,0,game data
piece,0x509eac,9,src/graphics/display_4b6570.cpp,3,0,game data
piece,0x509e68,68,src/graphics/display_4b5980.cpp,3,0,game data
piece,0x4fdb98,11,src/graphics/display_4b5070.cpp,8,0,game data
piece,0x4fdba8,23,src/graphics/display_4b5070.cpp,7,0,game data
piece,0x4fdb58,27,src/graphics/display_4b5070.cpp,6,0,game data
piece,0x4fdb80,17,src/graphics/display_4b5070.cpp,5,0,game data
piece,0x4fdb78,8,src/graphics/display_4b5070.cpp,4,0,game data
piece,0x4fdb94,2,src/graphics/display_4b5070.cpp,3,0,game data
piece,0x5086d0,2,src/util/hapi_bank.cpp,70,0,game data
piece,0x509e50,22,src/util/hapi_bank.cpp,69,0,game data
piece,0x509e34,25,src/util/hapi_bank.cpp,68,0,game data
piece,0x509e20,18,src/util/hapi_bank.cpp,67,0,game data
piece,0x509df8,39,src/util/hapi_bank.cpp,66,0,game data
piece,0x509ddc,28,src/util/hapi_bank.cpp,65,0,game data
piece,0x509dc0,26,src/util/hapi_bank.cpp,64,0,game data
piece,0x509d9c,36,src/util/hapi_bank.cpp,63,0,game data
piece,0x509d70,44,src/util/hapi_bank.cpp,61,0,game data
piece,0x509d44,43,src/util/hapi_bank.cpp,60,0,game data
piece,0x509d40,4,src/util/hapi_bank.cpp,59,0,game data
piece,0x509d24,25,src/util/hapi_bank.cpp,58,0,game data
piece,0x509ce8,57,src/util/hapi_bank.cpp,19,0,game data
piece,0x509ce0,5,src/util/hapi_bank.cpp,14,0,game data
piece,0x509cd4,9,src/util/hapi_bank.cpp,10,0,game data
piece,0x509ca4,45,src/util/hapi_bank.cpp,9,0,game data
piece,0x509c94,13,src/units/cob.cpp,72,0,game data
piece,0x509c84,14,src/units/cob.cpp,23,0,game data
piece,0x509c74,16,src/units/cob.cpp,22,0,game data
piece,0x4fdb00,84,src/units/cob.cpp,3,0,game data
piece,0x509c6c,8,src/gui/listbox.cpp,7,0,game data
piece,0x509c60,11,src/gui/file_list.cpp,40,0,game data
piece,0x509c54,12,src/gui/file_list.cpp,37,0,game data
piece,0x509c40,20,src/gui/file_list.cpp,36,0,game data
piece,0x509c38,8,src/gui/file_list.cpp,35,0,game data
piece,0x504794,5,src/gui/file_list.cpp,24,0,game data
piece,0x509c30,5,src/gui/file_list.cpp,34,0,game data
piece,0x509c00,5,src/gui/file_list.cpp,25,0,game data
piece,0x509978,5,src/gui/file_list.cpp,33,0,game data
piece,0x509c28,5,src/gui/file_list.cpp,32,0,game data
piece,0x509c1c,11,src/gui/file_list.cpp,31,0,game data
piece,0x509c10,11,src/gui/file_list.cpp,30,0,game data
piece,0x5026c4,5,src/gui/file_list.cpp,27,0,game data
piece,0x509bd0,5,src/gui/file_list.cpp,16,0,game data
piece,0x509c08,5,src/gui/file_list.cpp,26,0,game data
piece,0x509bf8,5,src/gui/file_list.cpp,23,0,game data
piece,0x509bf0,5,src/gui/file_list.cpp,22,0,game data
piece,0x509be8,5,src/gui/file_list.cpp,21,0,game data
piece,0x509be0,5,src/gui/file_list.cpp,20,0,game data
piece,0x509bd8,5,src/gui/file_list.cpp,19,0,game data
piece,0x505af8,5,src/gui/file_list.cpp,15,0,game data
piece,0x509bc4,10,src/gui/file_list.cpp,12,0,game data
piece,0x509bc0,3,src/gui/file_list.cpp,11,0,game data
piece,0x509bb8,6,src/gui/file_list.cpp,9,0,game data
piece,0x509ba8,13,src/gui/file_list.cpp,6,0,game data
piece,0x509b98,13,src/gui/file_list.cpp,5,0,game data
piece,0x509b8c,10,src/gui/file_list.cpp,4,0,game data
piece,0x509b80,10,src/gui/file_list.cpp,3,0,game data
piece,0x502e38,4,src/gui/gui_file_4aeee0.cpp,3,0,game data
piece,0x502828,4,src/gui/gui_file_4aeac0.cpp,25,0,game data
piece,0x509b20,11,src/gui/gui_file_4aeac0.cpp,12,0,game data
piece,0x509b2c,9,src/gui/gui_file_4aeac0.cpp,11,0,game data
piece,0x5042d4,6,src/gui/gui_file_4aeac0.cpp,10,0,game data
piece,0x509b4c,6,src/gui/gui_file_4aeac0.cpp,9,0,game data
piece,0x509b44,8,src/gui/gui_file_4aeac0.cpp,8,0,game data
piece,0x509b38,9,src/gui/gui_file_4aeac0.cpp,7,0,game data
piece,0x504330,5,src/gui/gui_file_4aeac0.cpp,16,0,game data
piece,0x509b54,5,src/gui/gui_file_4aeac0.cpp,6,0,game data
piece,0x509b5c,9,src/gui/gui_file_4aeac0.cpp,5,0,game data
piece,0x502e44,9,src/gui/gui_file_4aeac0.cpp,4,0,game data
piece,0x509b68,7,src/gui/gui_file_4aeac0.cpp,3,0,game data
piece,0x509b7c,4,src/gui/gui_file_4ae630.cpp,24,0,game data
piece,0x509b70,9,src/gui/gui_file_4ae630.cpp,23,0,game data
piece,0x505dec,5,src/gui/gui_file_4ae630.cpp,22,0,game data
piece,0x509a04,3,src/gui/gui_file_4ae630.cpp,20,0,game data
piece,0x509a8c,7,src/gui/gui_file_4ae630.cpp,19,0,game data
piece,0x509a08,3,src/gui/gui_file_4ae630.cpp,18,0,game data
piece,0x509af8,7,src/gui/gui_file_4ae630.cpp,17,0,game data
piece,0x509b14,9,src/gui/gui_file_4ae630.cpp,15,0,game data
piece,0x509b08,10,src/gui/gui_file_4ae630.cpp,14,0,game data
piece,0x509b00,7,src/gui/gui_file_4ae630.cpp,13,0,game data
piece,0x509a0c,8,src/gui/gui_file_4ae580.cpp,3,0,game data
piece,0x509ae8,13,src/gui/gui_file_4ad890.cpp,11,0,game data
piece,0x509abc,6,src/gui/gui_file_4ad890.cpp,10,0,game data
piece,0x509ab0,10,src/gui/gui_file_4ad890.cpp,9,0,game data
piece,0x509aa4,11,src/gui/gui_file_4ad890.cpp,8,0,game data
piece,0x509a94,13,src/gui/gui_file_4ad890.cpp,7,0,game data
piece,0x509ae0,8,src/gui/gui_file_4ad890.cpp,6,0,game data
piece,0x509ad8,6,src/gui/gui_file_4ad890.cpp,5,0,game data
piece,0x509ad0,6,src/gui/gui_file_4ad890.cpp,4,0,game data
piece,0x509ac4,9,src/gui/gui_file_4ad890.cpp,3,0,game data
piece,0x509a88,3,src/gui/gui_file_4ad350.cpp,18,0,game data
piece,0x509a80,6,src/gui/gui_file_4ad350.cpp,17,0,game data
piece,0x509a78,5,src/gui/gui_file_4ad350.cpp,15,0,game data
piece,0x509a70,5,src/gui/gui_file_4ad350.cpp,14,0,game data
piece,0x509a68,6,src/gui/gui_file_4ad350.cpp,13,0,game data
piece,0x502e58,7,src/gui/gui_file_4ad350.cpp,12,0,game data
piece,0x509a60,8,src/gui/gui_file_4ad350.cpp,11,0,game data
piece,0x509a58,7,src/gui/gui_file_4ad350.cpp,10,0,game data
piece,0x509a50,7,src/gui/gui_file_4ad350.cpp,9,0,game data
piece,0x509a40,14,src/gui/gui_file_4ad350.cpp,8,0,game data
piece,0x509a34,11,src/gui/gui_file_4ad350.cpp,7,0,game data
piece,0x509a2c,7,src/gui/gui_file_4ad350.cpp,6,0,game data
piece,0x509a1c,14,src/gui/gui_file_4ad350.cpp,5,0,game data
piece,0x506c54,5,src/gui/gui_file_4ad350.cpp,4,0,game data
piece,0x509a14,8,src/gui/gui_file_4ad350.cpp,3,0,game data
piece,0x5099e8,5,src/gui/dialogs_4acbe0.cpp,3,0,game data
piece,0x509a00,4,src/gui/dialogs_4aca20.cpp,5,0,game data
piece,0x5099f8,5,src/gui/dialogs_4aca20.cpp,4,0,game data
piece,0x5099f0,5,src/gui/dialogs_4aca20.cpp,3,0,game data
piece,0x5099e0,2,src/gui/dialogs_4ac4c0.cpp,4,0,game data
piece,0x5099d4,9,src/gui/dialogs_4ac4c0.cpp,3,0,game data
piece,0x5099c8,10,src/gui/dialogs_4ac340.cpp,7,0,game data
piece,0x5099c0,5,src/gui/dialogs_4ac340.cpp,6,0,game data
piece,0x509994,5,src/gui/dialogs_4ac340.cpp,4,0,game data
piece,0x50998c,5,src/gui/dialogs_4ac340.cpp,3,0,game data
piece,0x5099b4,12,src/gui/dialogs_4ac170.cpp,7,0,game data
piece,0x5099ac,5,src/gui/dialogs_4ac170.cpp,4,0,game data
piece,0x50999c,13,src/gui/dialogs_4ac0a0.cpp,4,0,game data
piece,0x502bd4,11,src/gui/dialogs_4abd90.cpp,6,0,game data
piece,0x5029f8,5,src/gui/dialogs_4abd90.cpp,4,0,game data
piece,0x509980,12,src/gui/dialogs_4abb20.cpp,4,0,game data
piece,0x506938,6,src/gui/dialogs_4aa8f0.cpp,7,0,game data
piece,0x502808,5,src/gui/dialogs_4aa8f0.cpp,5,0,game data
piece,0x502810,5,src/gui/dialogs_4aa8f0.cpp,4,0,game data
piece,0x505ae8,7,src/gui/dialogs_4aa8f0.cpp,3,0,game data
piece,0x5098c4,9,src/gui/gui_4a9fd0.cpp,3,0,game data
piece,0x509970,8,src/gui/gui_4a81e0.cpp,15,0,game data
piece,0x509964,9,src/gui/gui_4a81e0.cpp,14,0,game data
piece,0x50995c,8,src/gui/gui_4a81e0.cpp,13,0,game data
piece,0x509950,10,src/gui/gui_4a81e0.cpp,12,0,game data
piece,0x509948,8,src/gui/gui_4a81e0.cpp,11,0,game data
piece,0x509908,9,src/gui/gui_4a81e0.cpp,10,0,game data
piece,0x509940,7,src/gui/gui_4a81e0.cpp,9,0,game data
piece,0x5098f8,13,src/gui/gui_4a81e0.cpp,8,0,game data
piece,0x509934,12,src/gui/gui_4a81e0.cpp,7,0,game data
piece,0x5098ec,9,src/gui/gui_4a81e0.cpp,6,0,game data
piece,0x50992c,5,src/gui/gui_4a81e0.cpp,5,0,game data
piece,0x509920,12,src/gui/gui_4a81e0.cpp,4,0,game data
piece,0x509914,11,src/gui/gui_4a81e0.cpp,3,0,game data
piece,0x5098b0,20,src/gui/gui_4a36a0.cpp,3,0,game data
piece,0x5098e0,12,src/gui/gui_4a31c0.cpp,3,0,game data
piece,0x5098d0,15,src/gui/gui_4a0d00.cpp,3,0,game data
piece,0x5098a0,14,src/game/main.cpp,24,0,game data
piece,0x509894,12,src/game/main.cpp,23,0,game data
piece,0x509764,45,src/game/main.cpp,10,0,game data
piece,0x50974c,22,src/game/main.cpp,9,0,game data
piece,0x509740,10,src/game/main.cpp,3,0,game data
piece,0x4fda98,8,src/weapons/weapons_49e070.cpp,4,0,game data
piece,0x509704,17,src/weapons/weapons_49e070.cpp,3,0,game data
piece,0x5096f8,9,src/weapons/weapons_49cde0.cpp,3,0,game data
piece,0x4fda60,8,src/weapons/weapons_499a30.cpp,27,0,game data
piece,0x4fda68,8,src/weapons/weapons_499a30.cpp,27,8,game data
piece,0x4fda78,8,src/weapons/weapons_499a30.cpp,27,24,game data
piece,0x4fda80,8,src/weapons/weapons_499a30.cpp,27,32,game data
piece,0x4fda88,8,src/weapons/weapons_499a30.cpp,27,40,game data
piece,0x4fda90,8,src/weapons/weapons_499a30.cpp,27,48,game data
piece,0x5096e8,13,src/weapons/weapons_499a30.cpp,3,0,game data
piece,0x502714,5,src/ingame/build_placement.cpp,4,0,game data
piece,0x509660,10,src/ingame/build_placement.cpp,5,0,game data
piece,0x509650,13,src/ingame/build_placement.cpp,3,0,game data
piece,0x5031d0,4,src/game/game_load.cpp,30,0,game data
piece,0x5031c8,7,src/game/game_load.cpp,29,0,game data
piece,0x5031bc,9,src/game/game_load.cpp,28,0,game data
piece,0x509644,12,src/game/game_load.cpp,27,0,game data
piece,0x509620,36,src/game/game_load.cpp,26,0,game data
piece,0x508ad8,7,src/game/game_load.cpp,23,0,game data
piece,0x4fda40,8,src/game/game_load.cpp,22,0,game data
piece,0x506c78,9,src/game/game_load.cpp,21,0,game data
piece,0x509614,9,src/game/game_load.cpp,20,0,game data
piece,0x50960c,8,src/game/game_load.cpp,19,0,game data
piece,0x5077ec,6,src/game/game_load.cpp,18,0,game data
piece,0x509600,10,src/game/game_load.cpp,17,0,game data
piece,0x5095f8,8,src/game/game_load.cpp,16,0,game data
piece,0x5095ec,11,src/game/game_load.cpp,15,0,game data
piece,0x5095d0,25,src/game/game_load.cpp,12,0,game data
piece,0x5095c0,13,src/game/game_load.cpp,11,0,game data
piece,0x5095b0,14,src/game/game_load.cpp,10,0,game data
piece,0x509594,26,src/game/game_load.cpp,9,0,game data
piece,0x509588,11,src/game/game_load.cpp,8,0,game data
piece,0x509348,8,src/game/game_load.cpp,5,0,game data
piece,0x509570,12,src/game/game_load.cpp,3,0,game data
piece,0x509534,59,src/game/main_loop.cpp,20,0,game data
piece,0x5094f8,5,src/game/main_loop.cpp,3,0,game data
piece,0x509528,12,src/ingame/keys.cpp,24,0,game data
piece,0x50951c,12,src/ingame/keys.cpp,23,0,game data
piece,0x509510,10,src/ingame/keys.cpp,22,0,game data
piece,0x509500,13,src/ingame/keys.cpp,21,0,game data
piece,0x5094f0,8,src/ingame/keys.cpp,19,0,game data
piece,0x5094e8,7,src/ingame/keys.cpp,18,0,game data
piece,0x501520,13,src/ingame/keys.cpp,17,0,game data
piece,0x5094e4,4,src/ingame/keys.cpp,13,0,game data
piece,0x5094d8,11,src/ingame/keys.cpp,12,0,game data
piece,0x5094cc,11,src/ingame/keys.cpp,9,0,game data
piece,0x5094bc,14,src/ingame/keys.cpp,8,0,game data
piece,0x4fda28,8,src/ingame/dialogs_495230.cpp,3,0,game data
piece,0x4fda30,8,src/ingame/dialogs_495230.cpp,3,8,game data
piece,0x4fda38,8,src/ingame/dialogs_495230.cpp,3,16,game data
piece,0x5094b0,12,src/ingame/dialogs_495010.cpp,6,0,game data
piece,0x509490,7,src/ingame/dialogs_495010.cpp,5,0,game data
piece,0x5094a0,6,src/ingame/dialogs_495010.cpp,4,0,game data
piece,0x509498,8,src/ingame/dialogs_495010.cpp,3,0,game data
piece,0x505ebc,6,src/ingame/dialogs_4948e0.cpp,7,0,game data
piece,0x505618,7,src/ingame/dialogs_494840.cpp,3,0,game data
piece,0x5094a8,8,src/ingame/dialogs_494740.cpp,8,0,game data
piece,0x509480,14,src/ingame/dialogs_4942e0.cpp,16,0,game data
piece,0x50942c,5,src/ingame/dialogs_4942e0.cpp,15,0,game data
piece,0x502974,4,src/ingame/dialogs_4942e0.cpp,14,0,game data
piece,0x505fe4,9,src/ingame/dialogs_4942e0.cpp,13,0,game data
piece,0x509478,5,src/ingame/dialogs_4942e0.cpp,12,0,game data
piece,0x50946c,11,src/ingame/dialogs_4942e0.cpp,8,0,game data
piece,0x509460,11,src/ingame/dialogs_4942e0.cpp,7,0,game data
piece,0x509450,13,src/ingame/dialogs_4942e0.cpp,6,0,game data
piece,0x509440,13,src/ingame/dialogs_4942e0.cpp,5,0,game data
piece,0x509434,10,src/ingame/dialogs_4942e0.cpp,4,0,game data
piece,0x509424,5,src/ingame/dialogs_494220.cpp,4,0,game data
piece,0x507d00,10,src/ingame/dialogs_494220.cpp,3,0,game data
piece,0x509418,10,src/ingame/dialogs_494050.cpp,7,0,game data
piece,0x50286c,9,src/ingame/dialogs_494050.cpp,6,0,game data
piece,0x505be0,9,src/ingame/dialogs_493ae0.cpp,4,0,game data
piece,0x505c74,11,src/ingame/dialogs_493ae0.cpp,3,0,game data
piece,0x5093e0,10,src/ingame/dialogs_4936f0.cpp,10,0,game data
piece,0x5056d4,8,src/ingame/dialogs_4936f0.cpp,7,0,game data
piece,0x5093d4,9,src/ingame/dialogs_4936f0.cpp,6,0,game data
piece,0x5093b0,7,src/ingame/dialogs_4936f0.cpp,4,0,game data
piece,0x5093b8,8,src/ingame/dialogs_4936f0.cpp,3,0,game data
piece,0x5093cc,8,src/ingame/dialogs_4934b0.cpp,10,0,game data
piece,0x5093c0,9,src/ingame/dialogs_4934b0.cpp,9,0,game data
piece,0x502860,10,src/ingame/dialogs_4933e0.cpp,3,0,game data
piece,0x50936c,13,src/game/savegame.cpp,72,0,game data
piece,0x5093a4,11,src/game/savegame.cpp,77,0,game data
piece,0x50937c,40,src/game/savegame.cpp,76,0,game data
piece,0x505f44,7,src/game/savegame.cpp,65,0,game data
piece,0x505670,9,src/game/savegame.cpp,29,0,game data
piece,0x502ac4,9,src/game/savegame.cpp,75,0,game data
piece,0x509360,11,src/game/savegame.cpp,71,0,game data
piece,0x505f4c,10,src/game/savegame.cpp,70,0,game data
piece,0x502adc,9,src/game/savegame.cpp,68,0,game data
piece,0x50935c,4,src/game/savegame.cpp,58,0,game data
piece,0x509350,10,src/game/savegame.cpp,54,0,game data
piece,0x5030c0,56,src/game/savegame.cpp,47,0,game data
piece,0x502a34,53,src/game/savegame.cpp,46,0,game data
piece,0x5057c4,10,src/game/savegame.cpp,45,0,game data
piece,0x509328,31,src/game/savegame.cpp,36,0,game data
piece,0x509308,6,src/game/savegame.cpp,26,0,game data
piece,0x509300,7,src/game/savegame.cpp,23,0,game data
piece,0x5092e8,22,src/game/savegame.cpp,22,0,game data
piece,0x5092e4,4,src/game/savegame.cpp,21,0,game data
piece,0x5092d8,9,src/game/savegame.cpp,20,0,game data
piece,0x5092cc,9,src/game/savegame.cpp,18,0,game data
piece,0x5092c0,9,src/game/savegame.cpp,17,0,game data
piece,0x506d74,8,src/game/savegame.cpp,14,0,game data
piece,0x50191c,15,src/game/savegame.cpp,12,0,game data
piece,0x5092b8,5,src/game/savegame.cpp,11,0,game data
piece,0x5092b0,5,src/game/savegame.cpp,9,0,game data
piece,0x5092a8,5,src/game/savegame.cpp,3,0,game data
piece,0x509298,15,src/game/game_state_4917d0.cpp,5,0,game data
piece,0x509284,19,src/game/game_state_4917d0.cpp,4,0,game data
piece,0x509278,10,src/game/game_state_4917d0.cpp,3,0,game data
piece,0x4fda18,8,src/game/game_state_491200.cpp,3,0,game data
piece,0x4fda20,8,src/game/game_state_491200.cpp,3,8,game data
piece,0x5091ec,18,src/game/game_state_490df0.cpp,5,0,game data
piece,0x507764,11,src/game/game_state_490df0.cpp,4,0,game data
piece,0x5091e0,10,src/game/game_state_490df0.cpp,3,0,game data
piece,0x4fda10,8,src/game/game_state_490c40.cpp,3,0,game data
piece,0x4fd9e0,44,src/game/victory_490940.cpp,3,0,game data
piece,0x4fd428,44,src/game/victory_490940.cpp,7,0,game data
piece,0x4fd980,44,src/game/victory_490940.cpp,4,0,game data
piece,0x4fd9b0,44,src/game/victory_4907e0.cpp,3,0,game data
piece,0x4fd940,4,src/game/mission_conditions.cpp,48,0,game data
piece,0x4fd800,24,src/game/mission_conditions.cpp,17,0,game data
piece,0x4fd7f8,4,src/game/mission_conditions.cpp,16,0,game data
piece,0x4fd948,24,src/game/victory_490230.cpp,3,0,game data
piece,0x5091a4,34,src/game/defeat_death_timer_runs_out.cpp,7,0,game data
piece,0x509184,31,src/game/defeat_any_unit_passes_z.cpp,9,0,game data
piece,0x509164,31,src/game/defeat_any_unit_passes_x.cpp,9,0,game data
piece,0x50913c,37,src/game/defeat_all_units_killed_of_type.cpp,9,0,game data
piece,0x50911c,31,src/game/defeat_unit_type_killed.cpp,8,0,game data
piece,0x4fd978,4,src/game/defeat_all_units_killed.cpp,3,0,game data
piece,0x5090dc,32,src/game/defeat_commander_killed.cpp,7,0,game data
piece,0x5090b4,37,src/game/victory_timer_runs_out.cpp,7,0,game data
piece,0x509090,33,src/game/victory_unit_type_passes_z.cpp,10,0,game data
piece,0x508f10,18,src/game/victory_unit_type_passes_z.cpp,3,0,game data
piece,0x50906c,33,src/game/victory_unit_type_passes_x.cpp,10,0,game data
piece,0x509048,34,src/game/victory_move_unit_to_radius.cpp,11,0,game data
piece,0x508ff8,31,src/game/victory_kill_all_of_type.cpp,10,0,game data
piece,0x508fd4,33,src/game/victory_capture_unit_type.cpp,8,0,game data
piece,0x508efc,19,src/game/mission_conditions.cpp,53,0,game data
piece,0x4fd960,24,src/game/mission_conditions.cpp,52,0,game data
piece,0x508eec,16,src/game/mission_conditions.cpp,51,0,game data
piece,0x508ed8,19,src/game/mission_conditions.cpp,49,0,game data
piece,0x4fd928,24,src/game/mission_conditions.cpp,47,0,game data
piece,0x4fd920,4,src/game/mission_conditions.cpp,46,0,game data
piece,0x508ec8,14,src/game/mission_conditions.cpp,45,0,game data
piece,0x4fd908,24,src/game/mission_conditions.cpp,44,0,game data
piece,0x4fd900,4,src/game/mission_conditions.cpp,43,0,game data
piece,0x508eb8,16,src/game/mission_conditions.cpp,42,0,game data
piece,0x4fd8e8,24,src/game/mission_conditions.cpp,41,0,game data
piece,0x508ea8,14,src/game/mission_conditions.cpp,40,0,game data
piece,0x4fd8d0,24,src/game/mission_conditions.cpp,39,0,game data
piece,0x4fd8c8,4,src/game/mission_conditions.cpp,38,0,game data
piece,0x508e98,13,src/game/mission_conditions.cpp,37,0,game data
piece,0x508e88,13,src/game/mission_conditions.cpp,36,0,game data
piece,0x4fd8b0,24,src/game/mission_conditions.cpp,35,0,game data
piece,0x508e74,17,src/game/mission_conditions.cpp,34,0,game data
piece,0x508e60,19,src/game/mission_conditions.cpp,33,0,game data
piece,0x508e58,8,src/game/mission_conditions.cpp,32,0,game data
piece,0x4fd8a8,4,src/game/mission_conditions.cpp,31,0,game data
piece,0x4fd890,24,src/game/mission_conditions.cpp,30,0,game data
piece,0x4fd888,4,src/game/mission_conditions.cpp,29,0,game data
piece,0x508e48,16,src/game/mission_conditions.cpp,28,0,game data
piece,0x4fd870,24,src/game/mission_conditions.cpp,27,0,game data
piece,0x4fd868,4,src/game/mission_conditions.cpp,26,0,game data
piece,0x508e38,16,src/game/mission_conditions.cpp,25,0,game data
piece,0x4fd850,24,src/game/mission_conditions.cpp,24,0,game data
piece,0x4fd848,4,src/game/mission_conditions.cpp,23,0,game data
piece,0x508e24,20,src/game/mission_conditions.cpp,22,0,game data
piece,0x4fd830,24,src/game/mission_conditions.cpp,21,0,game data
piece,0x508e14,16,src/game/mission_conditions.cpp,20,0,game data
piece,0x4fd818,24,src/game/mission_conditions.cpp,19,0,game data
piece,0x508e04,15,src/game/mission_conditions.cpp,18,0,game data
piece,0x508dec,21,src/game/mission_conditions.cpp,15,0,game data
piece,0x4fd7e0,24,src/game/mission_conditions.cpp,14,0,game data
piece,0x4fd7d8,4,src/game/mission_conditions.cpp,13,0,game data
piece,0x508ddc,15,src/game/mission_conditions.cpp,12,0,game data
piece,0x4fd7c0,24,src/game/mission_conditions.cpp,11,0,game data
piece,0x508dc8,18,src/game/mission_conditions.cpp,10,0,game data
piece,0x4fd7a8,24,src/game/mission_conditions.cpp,9,0,game data
piece,0x508db8,15,src/game/mission_conditions.cpp,8,0,game data
piece,0x4fd790,24,src/game/mission_conditions.cpp,7,0,game data
piece,0x4fd788,4,src/game/mission_conditions.cpp,6,0,game data
piece,0x508da8,15,src/game/mission_conditions.cpp,5,0,game data
piece,0x4fd770,24,src/game/mission_conditions.cpp,4,0,game data
piece,0x4fd768,4,src/game/mission_conditions.cpp,3,0,game data
piece,0x4fd758,4,src/ingame/selection_48dd10.cpp,3,0,game data
piece,0x508da0,7,src/ingame/selection_48dc30.cpp,4,0,game data
piece,0x4fd760,8,src/ingame/selection_48cf30.cpp,5,0,game data
piece,0x4fd748,4,src/units/unit_position.cpp,17,0,game data
piece,0x4fd74c,4,src/units/unit_position.cpp,17,4,game data
piece,0x5050f4,14,src/units/unit.cpp,4,0,game data
piece,0x505104,13,src/units/unit.cpp,18,0,game data
piece,0x508d58,14,src/units/unit_targets_48a1e0.cpp,3,0,game data
piece,0x4fd754,4,src/units/unit_ref.cpp,7,0,game data
piece,0x508d4c,9,src/units/unit_targets_489280.cpp,14,0,game data
piece,0x508d48,4,src/units/unit_targets_489280.cpp,11,0,game data
piece,0x4fd730,8,src/units/unit_targets_489280.cpp,6,0,game data
piece,0x4fd738,8,src/units/unit_targets_489280.cpp,6,8,game data
piece,0x508d3c,9,src/units/unit_targets_489280.cpp,10,0,game data
piece,0x508d34,6,src/units/unit_targets_489280.cpp,9,0,game data
piece,0x508d2c,8,src/units/unit_targets_489280.cpp,8,0,game data
piece,0x508d24,6,src/units/unit_targets_489280.cpp,7,0,game data
piece,0x4fd740,8,src/units/unit_targets_489280.cpp,6,16,game data
piece,0x508d1c,8,src/units/unit_targets_489280.cpp,5,0,game data
piece,0x508d18,4,src/units/unit_targets_489280.cpp,4,0,game data
piece,0x4fd720,8,src/units/unit_commands_488f30.cpp,3,0,game data
piece,0x4fd728,4,src/units/unit_commands_488f30.cpp,3,8,game data
piece,0x508d10,7,src/units/unit_types.cpp,167,0,game data
piece,0x507c14,4,src/units/unit_types.cpp,166,0,game data
piece,0x508ce8,37,src/units/unit_commands_488310.cpp,3,0,game data
piece,0x508ce4,2,src/units/unit_commands_487bf0.cpp,20,0,game data
piece,0x508cdc,7,src/units/unit_commands_487bf0.cpp,19,0,game data
piece,0x508cd4,7,src/units/unit_commands_487bf0.cpp,18,0,game data
piece,0x4fd710,8,src/units/unit_commands_487bf0.cpp,3,0,game data
piece,0x508cc4,16,src/units/unit_commands_487bf0.cpp,17,0,game data
piece,0x508cb4,15,src/units/unit_commands_487bf0.cpp,16,0,game data
piece,0x508ca8,10,src/units/unit_commands_487bf0.cpp,15,0,game data
piece,0x4fd718,4,src/units/unit_commands_487bf0.cpp,3,12,game data
piece,0x508c9c,12,src/units/unit_commands_487bf0.cpp,14,0,game data
piece,0x508c80,25,src/units/unit_commands_487bf0.cpp,13,0,game data
piece,0x502654,12,src/units/unit_commands_487bf0.cpp,12,0,game data
piece,0x502684,14,src/units/unit_commands_487bf0.cpp,11,0,game data
piece,0x508c7c,4,src/units/unit_commands_487bf0.cpp,10,0,game data
piece,0x502678,12,src/units/unit_commands_487bf0.cpp,9,0,game data
piece,0x508c74,7,src/units/unit_commands_487bf0.cpp,8,0,game data
piece,0x508c6c,5,src/units/unit_commands_487bf0.cpp,7,0,game data
piece,0x508c5c,15,src/units/unit_commands_487bf0.cpp,6,0,game data
piece,0x508c4c,14,src/units/unit_commands_487bf0.cpp,5,0,game data
piece,0x508c3c,15,src/units/unit_commands_487bf0.cpp,4,0,game data
piece,0x508c24,9,src/units/unit_save.cpp,8,0,game data
piece,0x508c30,11,src/units/unit_save.cpp,9,0,game data
piece,0x508c14,16,src/units/unit_save.cpp,3,0,game data
piece,0x4fd6f8,4,src/units/units_4866d0.cpp,3,0,game data
piece,0x4fd6fc,4,src/units/units_4866d0.cpp,3,4,game data
piece,0x4fd700,8,src/units/units_4866d0.cpp,3,8,game data
piece,0x4fd708,8,src/units/units_4866d0.cpp,3,16,game data
piece,0x4fd698,84,src/units/units_485d40.cpp,4,0,game data
piece,0x508be0,7,src/units/units_485d40.cpp,3,0,game data
piece,0x508bd4,12,src/units/units_4854a0.cpp,7,0,game data
piece,0x508bc8,10,src/units/units_4854a0.cpp,6,0,game data
piece,0x508bb8,16,src/units/units_4854a0.cpp,5,0,game data
piece,0x5031f4,5,src/map/plot_map.cpp,14,0,game data
piece,0x508ba8,15,src/map/plot_map.cpp,7,0,game data
piece,0x508ba0,8,src/map/plot_map.cpp,3,0,game data
piece,0x508b80,29,src/map/line_of_sight_483610.cpp,13,0,game data
piece,0x4fd680,8,src/map/line_of_sight_483610.cpp,12,0,game data
piece,0x4fd688,8,src/map/line_of_sight_483610.cpp,12,8,game data
piece,0x4fd690,4,src/map/line_of_sight_483610.cpp,12,16,game data
piece,0x508b6c,18,src/map/line_of_sight_483610.cpp,11,0,game data
piece,0x508b60,9,src/map/line_of_sight_483610.cpp,10,0,game data
piece,0x508b54,12,src/map/line_of_sight_483610.cpp,9,0,game data
piece,0x508b48,9,src/map/line_of_sight_483610.cpp,8,0,game data
piece,0x508b38,14,src/map/line_of_sight_483610.cpp,7,0,game data
piece,0x508b28,15,src/map/line_of_sight_483610.cpp,6,0,game data
piece,0x508b18,13,src/map/line_of_sight_483610.cpp,5,0,game data
piece,0x508b08,16,src/map/line_of_sight_483610.cpp,4,0,game data
piece,0x508af8,15,src/map/line_of_sight_483610.cpp,3,0,game data
piece,0x4fd668,4,src/units/unit_script.cpp,4,0,game data
piece,0x4fd66c,4,src/units/unit_script.cpp,4,4,game data
piece,0x508af0,7,src/units/squads.cpp,3,0,game data
piece,0x508ae8,5,src/sound/speech_queue.cpp,18,0,game data
piece,0x508ae0,5,src/sound/speech_queue.cpp,17,0,game data
piece,0x504cd4,4,src/sound/speech_queue.cpp,16,0,game data
piece,0x508ac4,7,src/sound/speech_queue.cpp,15,0,game data
piece,0x508acc,12,src/sound/speech_queue.cpp,9,0,game data
piece,0x4fd664,4,src/map/terrain_47ea40.cpp,3,0,game data
piece,0x4fd660,4,src/map/terrain_47db20.cpp,3,0,game data
piece,0x508550,10,src/graphics/movies.cpp,41,0,game data
piece,0x5086bc,19,src/graphics/movies.cpp,40,0,game data
piece,0x5086a4,24,src/graphics/movies.cpp,39,0,game data
piece,0x50868c,22,src/graphics/movies.cpp,38,0,game data
piece,0x508674,24,src/graphics/movies.cpp,37,0,game data
piece,0x508660,18,src/graphics/movies.cpp,36,0,game data
piece,0x50864c,18,src/graphics/movies.cpp,35,0,game data
piece,0x508638,18,src/graphics/movies.cpp,34,0,game data
piece,0x508624,20,src/graphics/movies.cpp,33,0,game data
piece,0x508604,29,src/graphics/movies.cpp,32,0,game data
piece,0x5085ec,21,src/graphics/movies.cpp,31,0,game data
piece,0x5085d4,22,src/graphics/movies.cpp,30,0,game data
piece,0x5085bc,21,src/graphics/movies.cpp,29,0,game data
piece,0x5085a8,20,src/graphics/movies.cpp,28,0,game data
piece,0x508590,21,src/graphics/movies.cpp,27,0,game data
piece,0x508578,21,src/graphics/movies.cpp,26,0,game data
piece,0x508560,21,src/graphics/movies.cpp,25,0,game data
piece,0x50855c,2,src/debug/memory_stats_47c4d0.cpp,5,0,game data
piece,0x508540,14,src/graphics/movies.cpp,12,0,game data
piece,0x508524,26,src/graphics/movies.cpp,11,0,game data
piece,0x5084e8,57,src/graphics/movies.cpp,4,0,game data
piece,0x5084bc,43,src/graphics/movies.cpp,3,0,game data
piece,0x5072d8,5,src/frontend/skirmish_menu_47bd70.cpp,5,0,game data
piece,0x5072e0,4,src/frontend/skirmish_menu_47bd70.cpp,4,0,game data
piece,0x502abc,6,src/frontend/skirmish_menu_47ae60.cpp,36,0,game data
piece,0x50842c,49,src/frontend/skirmish_menu_47ae60.cpp,33,0,game data
piece,0x5083fc,48,src/frontend/skirmish_menu_47ae60.cpp,32,0,game data
piece,0x5083c8,49,src/frontend/skirmish_menu_47ae60.cpp,31,0,game data
piece,0x50838c,60,src/frontend/skirmish_menu_47ae60.cpp,30,0,game data
piece,0x507cac,9,src/frontend/skirmish_menu_47ae60.cpp,29,0,game data
piece,0x504f6c,7,src/frontend/skirmish_menu_47ae60.cpp,27,0,game data
piece,0x507ccc,9,src/frontend/skirmish_menu_47ae60.cpp,26,0,game data
piece,0x50837c,6,src/frontend/skirmish_menu_47ae60.cpp,23,0,game data
piece,0x5080c0,9,src/frontend/skirmish_menu_47ae60.cpp,21,0,game data
piece,0x5080cc,8,src/frontend/skirmish_menu_47ae60.cpp,19,0,game data
piece,0x5082a4,39,src/frontend/skirmish_menu_47ae60.cpp,17,0,game data
piece,0x508274,45,src/frontend/skirmish_menu_47ae60.cpp,16,0,game data
piece,0x508334,14,src/frontend/skirmish_menu_47ae60.cpp,15,0,game data
piece,0x508300,51,src/frontend/skirmish_menu_47ae60.cpp,14,0,game data
piece,0x5082cc,52,src/frontend/skirmish_menu_47ae60.cpp,13,0,game data
piece,0x50824c,39,src/frontend/skirmish_menu_47ae60.cpp,11,0,game data
piece,0x508238,20,src/frontend/skirmish_menu_47ae60.cpp,10,0,game data
piece,0x5081ec,41,src/frontend/skirmish_menu_47ae60.cpp,8,0,game data
piece,0x5081bc,48,src/frontend/skirmish_menu_47ae60.cpp,7,0,game data
piece,0x508218,31,src/frontend/skirmish_menu_47ae60.cpp,6,0,game data
piece,0x508370,10,src/frontend/skirmish_menu_47ae60.cpp,5,0,game data
piece,0x502a6c,9,src/frontend/skirmish_menu_47ae60.cpp,3,0,game data
piece,0x5080b8,8,src/frontend/skirmish_menu_47acd0.cpp,3,0,game data
piece,0x505ae0,6,src/frontend/skirmish_menu_47acb0.cpp,3,0,game data
piece,0x508344,42,src/frontend/skirmish_menu_47aaf0.cpp,7,0,game data
piece,0x505b4c,11,src/frontend/skirmish_menu_47aaf0.cpp,6,0,game data
piece,0x505b3c,16,src/frontend/skirmish_menu_47aaf0.cpp,5,0,game data
piece,0x505b30,12,src/frontend/skirmish_menu_47aaf0.cpp,4,0,game data
piece,0x505b24,9,src/frontend/skirmish_menu_47aaf0.cpp,3,0,game data
piece,0x505af0,7,src/frontend/skirmish_menu_47a910.cpp,9,0,game data
piece,0x5081b4,8,src/frontend/skirmish_menu_47a910.cpp,3,0,game data
piece,0x5080e8,9,src/frontend/skirmish_menu_47a0e0.cpp,25,0,game data
piece,0x5080dc,9,src/frontend/skirmish_menu_47a0e0.cpp,24,0,game data
piece,0x5056f8,5,src/frontend/skirmish_menu_47a0e0.cpp,22,0,game data
piece,0x5080d4,7,src/frontend/skirmish_menu_47a0e0.cpp,21,0,game data
piece,0x507a0c,9,src/frontend/skirmish_menu_47a0e0.cpp,20,0,game data
piece,0x5081a8,10,src/frontend/skirmish_menu_479c50.cpp,13,0,game data
piece,0x508180,38,src/frontend/skirmish_menu_479c50.cpp,8,0,game data
piece,0x508174,9,src/frontend/skirmish_menu_479c50.cpp,6,0,game data
piece,0x508134,61,src/frontend/skirmish_menu_479c50.cpp,5,0,game data
piece,0x5080f4,63,src/frontend/skirmish_menu_479c50.cpp,3,0,game data
piece,0x5080ac,9,src/frontend/campaign_menu_478e80.cpp,73,0,game data
piece,0x50809c,13,src/frontend/campaign_menu_478e80.cpp,72,0,game data
piece,0x506c14,8,src/frontend/campaign_menu_478e80.cpp,69,0,game data
piece,0x506c1c,11,src/frontend/campaign_menu_478e80.cpp,68,0,game data
piece,0x507c5c,12,src/frontend/campaign_menu_478e80.cpp,67,0,game data
piece,0x507ddc,7,src/frontend/campaign_menu_478e80.cpp,66,0,game data
piece,0x508094,6,src/frontend/campaign_menu_478e80.cpp,65,0,game data
piece,0x508090,2,src/frontend/campaign_menu_478e80.cpp,64,0,game data
piece,0x508084,11,src/frontend/campaign_menu_478e80.cpp,63,0,game data
piece,0x508074,13,src/frontend/campaign_menu_478e80.cpp,62,0,game data
piece,0x508068,12,src/frontend/campaign_menu_478e80.cpp,61,0,game data
piece,0x50805c,11,src/frontend/campaign_menu_478e80.cpp,60,0,game data
piece,0x508054,7,src/frontend/campaign_menu_478e80.cpp,59,0,game data
piece,0x50804c,5,src/frontend/campaign_menu_478e80.cpp,58,0,game data
piece,0x508040,11,src/frontend/campaign_menu_478e80.cpp,57,0,game data
piece,0x508038,7,src/frontend/campaign_menu_478e80.cpp,55,0,game data
piece,0x508034,4,src/frontend/campaign_menu_478e80.cpp,54,0,game data
piece,0x50802c,5,src/frontend/campaign_menu_478e80.cpp,53,0,game data
piece,0x508024,6,src/frontend/campaign_menu_478e80.cpp,52,0,game data
piece,0x508018,12,src/frontend/campaign_menu_478e80.cpp,51,0,game data
piece,0x508010,5,src/frontend/campaign_menu_478e80.cpp,50,0,game data
piece,0x508008,8,src/frontend/campaign_menu_478e80.cpp,49,0,game data
piece,0x507ffc,11,src/frontend/campaign_menu_478e80.cpp,48,0,game data
piece,0x507fec,13,src/frontend/campaign_menu_478e80.cpp,47,0,game data
piece,0x507fe0,12,src/frontend/campaign_menu_478e80.cpp,46,0,game data
piece,0x507fd4,10,src/frontend/campaign_menu_478e80.cpp,45,0,game data
piece,0x507fc8,10,src/frontend/campaign_menu_478e80.cpp,44,0,game data
piece,0x507fbc,11,src/frontend/campaign_menu_478e80.cpp,43,0,game data
piece,0x507fb0,11,src/frontend/campaign_menu_478e80.cpp,42,0,game data
piece,0x507fa4,12,src/frontend/campaign_menu_478e80.cpp,41,0,game data
piece,0x507f98,9,src/frontend/campaign_menu_478e80.cpp,40,0,game data
piece,0x507f8c,10,src/frontend/campaign_menu_478e80.cpp,39,0,game data
piece,0x507f80,11,src/frontend/campaign_menu_478e80.cpp,38,0,game data
piece,0x507f74,11,src/frontend/campaign_menu_478e80.cpp,37,0,game data
piece,0x507f68,10,src/frontend/campaign_menu_478e80.cpp,36,0,game data
piece,0x507f58,13,src/frontend/campaign_menu_478e80.cpp,35,0,game data
piece,0x507f4c,9,src/frontend/campaign_menu_478e80.cpp,34,0,game data
piece,0x507f40,9,src/frontend/campaign_menu_478e80.cpp,33,0,game data
piece,0x507f38,8,src/frontend/campaign_menu_478e80.cpp,32,0,game data
piece,0x507f30,8,src/frontend/campaign_menu_478e80.cpp,31,0,game data
piece,0x507f28,8,src/frontend/campaign_menu_478e80.cpp,30,0,game data
piece,0x507f20,8,src/frontend/campaign_menu_478e80.cpp,29,0,game data
piece,0x507f14,9,src/frontend/campaign_menu_478e80.cpp,28,0,game data
piece,0x507f08,9,src/frontend/campaign_menu_478e80.cpp,27,0,game data
piece,0x507efc,10,src/frontend/campaign_menu_478e80.cpp,26,0,game data
piece,0x507ef4,7,src/frontend/campaign_menu_478e80.cpp,25,0,game data
piece,0x507eec,8,src/frontend/campaign_menu_478e80.cpp,24,0,game data
piece,0x507ee0,9,src/frontend/campaign_menu_478e80.cpp,23,0,game data
piece,0x507ed4,9,src/frontend/campaign_menu_478e80.cpp,22,0,game data
piece,0x507ecc,8,src/frontend/campaign_menu_478e80.cpp,21,0,game data
piece,0x507ec0,9,src/frontend/campaign_menu_478e80.cpp,20,0,game data
piece,0x507eb4,12,src/frontend/campaign_menu_478e80.cpp,19,0,game data
piece,0x507ea8,12,src/frontend/campaign_menu_478e80.cpp,18,0,game data
piece,0x507e98,14,src/frontend/campaign_menu_478e80.cpp,17,0,game data
piece,0x507e8c,11,src/frontend/campaign_menu_478e80.cpp,16,0,game data
piece,0x507e80,11,src/frontend/campaign_menu_478e80.cpp,15,0,game data
piece,0x507e74,11,src/frontend/campaign_menu_478e80.cpp,14,0,game data
piece,0x507e68,12,src/frontend/campaign_menu_478e80.cpp,13,0,game data
piece,0x507e5c,12,src/frontend/campaign_menu_478e80.cpp,12,0,game data
piece,0x507e4c,13,src/frontend/campaign_menu_478e80.cpp,11,0,game data
piece,0x507e40,10,src/frontend/campaign_menu_478e80.cpp,10,0,game data
piece,0x507e34,11,src/frontend/campaign_menu_478e80.cpp,9,0,game data
piece,0x507e28,12,src/frontend/campaign_menu_478e80.cpp,8,0,game data
piece,0x507e1c,12,src/frontend/campaign_menu_478e80.cpp,7,0,game data
piece,0x507e10,11,src/frontend/campaign_menu_478e80.cpp,6,0,game data
piece,0x507e00,14,src/frontend/campaign_menu_478e80.cpp,5,0,game data
piece,0x507df4,9,src/frontend/campaign_menu_478e80.cpp,4,0,game data
piece,0x507dec,7,src/frontend/campaign_menu_478e80.cpp,3,0,game data
piece,0x507de4,5,src/frontend/campaign_menu_478cb0.cpp,3,0,game data
piece,0x507dd0,11,src/frontend/campaign_menu_478790.cpp,8,0,game data
piece,0x507dc8,8,src/frontend/campaign_menu_478790.cpp,7,0,game data
piece,0x4fd658,8,src/frontend/campaign_menu_478790.cpp,6,0,game data
piece,0x507dc0,8,src/frontend/campaign_menu_478790.cpp,5,0,game data
piece,0x507db4,10,src/frontend/campaign_menu_478790.cpp,4,0,game data
piece,0x507dac,8,src/frontend/campaign_menu_478790.cpp,3,0,game data
piece,0x507da0,12,src/frontend/campaign_menu_478240.cpp,20,0,game data
piece,0x507d90,13,src/frontend/campaign_menu_478240.cpp,19,0,game data
piece,0x507d80,14,src/frontend/campaign_menu_478240.cpp,15,0,game data
piece,0x507d70,13,src/frontend/campaign_menu_478240.cpp,14,0,game data
piece,0x507d60,13,src/frontend/campaign_menu_478240.cpp,12,0,game data
piece,0x502ab0,9,src/frontend/campaign_menu_478240.cpp,11,0,game data
piece,0x507c88,6,src/frontend/campaign_menu_478240.cpp,10,0,game data
piece,0x507c80,6,src/frontend/campaign_menu_478240.cpp,9,0,game data
piece,0x507d50,13,src/frontend/campaign_menu_478240.cpp,3,0,game data
piece,0x507ca0,10,src/frontend/campaign_menu_477ab0.cpp,23,0,game data
piece,0x507d40,13,src/frontend/campaign_menu_477ab0.cpp,21,0,game data
piece,0x507d30,14,src/frontend/campaign_menu_477ab0.cpp,20,0,game data
piece,0x507d24,10,src/frontend/campaign_menu_477ab0.cpp,16,0,game data
piece,0x507d18,12,src/frontend/campaign_menu_477ab0.cpp,11,0,game data
piece,0x507d0c,11,src/frontend/campaign_menu_477ab0.cpp,10,0,game data
piece,0x507cf4,11,src/frontend/campaign_menu_4777a0.cpp,7,0,game data
piece,0x507ce8,9,src/frontend/campaign_menu_4777a0.cpp,6,0,game data
piece,0x507c90,7,src/frontend/campaign_menu_4777a0.cpp,5,0,game data
piece,0x507ce0,8,src/frontend/campaign_menu_4777a0.cpp,4,0,game data
piece,0x507cd8,8,src/frontend/campaign_menu_4775a0.cpp,15,0,game data
piece,0x507cc0,9,src/frontend/campaign_menu_4775a0.cpp,11,0,game data
piece,0x507cb8,8,src/frontend/campaign_menu_4775a0.cpp,7,0,game data
piece,0x507c98,8,src/frontend/campaign_menu_477510.cpp,4,0,game data
piece,0x507c70,14,src/frontend/campaign_menu_476ef0.cpp,6,0,game data
piece,0x507c68,8,src/frontend/campaign_menu_476ef0.cpp,5,0,game data
piece,0x507c50,12,src/frontend/campaign_menu_476cd0.cpp,3,0,game data
piece,0x507c40,16,src/frontend/campaign_menu_476a60.cpp,8,0,game data
piece,0x507c30,16,src/frontend/campaign_menu_476a60.cpp,7,0,game data
piece,0x507c28,7,src/frontend/campaign_menu_476a60.cpp,5,0,game data
piece,0x507c18,13,src/frontend/campaign_menu_476a60.cpp,4,0,game data
piece,0x507c04,15,src/frontend/campaign_menu_4769f0.cpp,3,0,game data
piece,0x507bf8,9,src/frontend/campaign_menu_476830.cpp,3,0,game data
piece,0x503384,8,src/frontend/campaign_menu_476740.cpp,3,0,game data
piece,0x4fd638,28,src/graphics/particles_4750b0.cpp,3,0,game data
piece,0x4fd618,28,src/graphics/smoke_particles.cpp,3,0,game data
piece,0x4fd5d8,28,src/graphics/particles_472ab0.cpp,3,0,game data
piece,0x4fd5f8,28,src/graphics/particles_470a40.cpp,63,0,game data
piece,0x4fd5b8,28,src/graphics/particles_470a40.cpp,49,0,game data
piece,0x4fd588,28,src/graphics/particles_470a40.cpp,41,0,game data
piece,0x4fd5a8,16,src/graphics/particles_470a40.cpp,44,0,game data
piece,0x4fd580,4,src/graphics/particles_470a40.cpp,7,0,game data
piece,0x507b40,35,src/network/unit_sync_46c620.cpp,48,0,game data
piece,0x507b24,26,src/network/unit_sync_46c620.cpp,47,0,game data
piece,0x507b08,25,src/network/unit_sync_46c620.cpp,46,0,game data
piece,0x507af8,13,src/game/statistics.cpp,26,0,game data
piece,0x507aec,12,src/game/statistics.cpp,25,0,game data
piece,0x507adc,16,src/game/statistics.cpp,24,0,game data
piece,0x507ac8,18,src/game/statistics.cpp,23,0,game data
piece,0x507ab8,13,src/game/statistics.cpp,22,0,game data
piece,0x507aa4,20,src/game/statistics.cpp,21,0,game data
piece,0x507a90,18,src/game/statistics.cpp,20,0,game data
piece,0x507a7c,19,src/game/statistics.cpp,19,0,game data
piece,0x507a6c,15,src/game/statistics.cpp,18,0,game data
piece,0x507a48,13,src/game/statistics.cpp,10,0,game data
piece,0x507a34,17,src/game/statistics.cpp,9,0,game data
piece,0x507a28,12,src/game/statistics.cpp,8,0,game data
piece,0x507a18,13,src/game/statistics.cpp,7,0,game data
piece,0x5079fc,13,src/game/statistics.cpp,5,0,game data
piece,0x5079f0,11,src/game/statistics.cpp,4,0,game data
piece,0x5079e4,9,src/game/statistics.cpp,3,0,game data
piece,0x4fd578,8,src/ingame/info_panel_46bc70.cpp,3,0,game data
piece,0x507930,23,src/ingame/info_panel_46a860.cpp,30,0,game data
piece,0x507914,25,src/ingame/info_panel_46a860.cpp,29,0,game data
piece,0x507904,15,src/ingame/info_panel_46a860.cpp,28,0,game data
piece,0x5078f4,14,src/ingame/info_panel_46a860.cpp,27,0,game data
piece,0x5078e4,14,src/ingame/info_panel_46a860.cpp,26,0,game data
piece,0x5078d4,13,src/ingame/info_panel_46a860.cpp,25,0,game data
piece,0x5078c0,19,src/ingame/info_panel_46a860.cpp,24,0,game data
piece,0x5078b0,15,src/ingame/info_panel_46a860.cpp,23,0,game data
piece,0x5078a4,9,src/ingame/info_panel_46a860.cpp,22,0,game data
piece,0x507894,14,src/ingame/info_panel_46a860.cpp,21,0,game data
piece,0x4fd568,4,src/ingame/info_panel_46a860.cpp,20,0,game data
piece,0x50788c,6,src/ingame/info_panel_46a860.cpp,19,0,game data
piece,0x507884,6,src/ingame/info_panel_46a860.cpp,18,0,game data
piece,0x50787c,6,src/ingame/info_panel_46a860.cpp,17,0,game data
piece,0x507874,6,src/ingame/info_panel_46a860.cpp,16,0,game data
piece,0x507548,6,src/ingame/info_panel_46a860.cpp,15,0,game data
piece,0x507540,5,src/ingame/info_panel_46a860.cpp,14,0,game data
piece,0x507538,8,src/ingame/info_panel_46a860.cpp,13,0,game data
piece,0x50752c,11,src/ingame/info_panel_46a860.cpp,12,0,game data
piece,0x507524,6,src/ingame/info_panel_46a860.cpp,11,0,game data
piece,0x5077b0,7,src/ingame/info_panel_46a860.cpp,10,0,game data
piece,0x507870,4,src/ingame/info_panel_46a860.cpp,9,0,game data
piece,0x50786c,4,src/ingame/info_panel_46a860.cpp,8,0,game data
piece,0x507858,20,src/ingame/info_panel_46a860.cpp,7,0,game data
piece,0x507850,6,src/ingame/info_panel_46a860.cpp,5,0,game data
piece,0x507848,6,src/ingame/info_panel_46a860.cpp,4,0,game data
piece,0x507840,8,src/ingame/info_panel_46a860.cpp,3,0,game data
piece,0x505e74,2,src/ingame/info_panel_468cf0.cpp,24,0,game data
piece,0x4fd56c,4,src/ingame/info_panel_468cf0.cpp,22,4,game data
piece,0x50783c,4,src/ingame/info_panel_468cf0.cpp,23,0,game data
piece,0x4fd570,4,src/ingame/info_panel_468cf0.cpp,22,8,game data
piece,0x507834,5,src/ingame/info_panel_468cf0.cpp,21,0,game data
piece,0x507828,11,src/ingame/info_panel_468cf0.cpp,20,0,game data
piece,0x50781c,10,src/ingame/info_panel_468cf0.cpp,19,0,game data
piece,0x50255c,3,src/ingame/info_panel_468cf0.cpp,18,0,game data
piece,0x502558,4,src/ingame/info_panel_468cf0.cpp,17,0,game data
piece,0x507814,6,src/ingame/info_panel_468cf0.cpp,16,0,game data
piece,0x50780c,7,src/ingame/info_panel_468cf0.cpp,15,0,game data
piece,0x5077fc,16,src/ingame/info_panel_468cf0.cpp,14,0,game data
piece,0x507794,20,src/ingame/info_panel_468cf0.cpp,12,0,game data
piece,0x5077f4,8,src/ingame/info_panel_468cf0.cpp,11,0,game data
piece,0x5077e4,6,src/ingame/info_panel_468cf0.cpp,9,0,game data
piece,0x5077d4,14,src/ingame/info_panel_468cf0.cpp,8,0,game data
piece,0x5077c4,13,src/ingame/info_panel_468cf0.cpp,7,0,game data
piece,0x5077b8,11,src/ingame/info_panel_468cf0.cpp,6,0,game data
piece,0x5077a8,5,src/ingame/info_panel_468cf0.cpp,3,0,game data
piece,0x507788,12,src/ingame/info_panel_4689c0.cpp,9,0,game data
piece,0x507774,18,src/ingame/info_panel_4689c0.cpp,8,0,game data
piece,0x5068c0,7,src/ingame/info_panel_4689c0.cpp,7,0,game data
piece,0x507770,4,src/ingame/info_panel_4689c0.cpp,6,0,game data
piece,0x50775c,7,src/ingame/info_panel_4689c0.cpp,3,0,game data
piece,0x507748,19,src/ingame/info_panel_4685a0.cpp,13,0,game data
piece,0x507734,19,src/ingame/info_panel_4685a0.cpp,12,0,game data
piece,0x507724,16,src/ingame/info_panel_4685a0.cpp,11,0,game data
piece,0x50765c,7,src/ingame/info_panel_4685a0.cpp,10,0,game data
piece,0x507650,9,src/ingame/info_panel_4685a0.cpp,9,0,game data
piece,0x507648,6,src/ingame/info_panel_4685a0.cpp,8,0,game data
piece,0x507640,7,src/ingame/info_panel_4685a0.cpp,7,0,game data
piece,0x507624,27,src/ingame/info_panel_4685a0.cpp,6,0,game data
piece,0x507710,17,src/ingame/info_panel_4685a0.cpp,5,0,game data
piece,0x5076e4,43,src/ingame/info_panel_4685a0.cpp,4,0,game data
piece,0x5076cc,22,src/ingame/info_panel_4685a0.cpp,3,0,game data
piece,0x4fd560,8,src/ingame/info_panel_468380.cpp,5,0,game data
piece,0x5076b8,17,src/ingame/info_panel_468380.cpp,4,0,game data
piece,0x5076a4,20,src/ingame/info_panel_468380.cpp,3,0,game data
piece,0x507690,17,src/ingame/info_panel_467e50.cpp,22,0,game data
piece,0x50767c,17,src/ingame/info_panel_467e50.cpp,21,0,game data
piece,0x507664,21,src/ingame/info_panel_467e50.cpp,20,0,game data
piece,0x507614,16,src/ingame/info_panel_467e50.cpp,14,0,game data
piece,0x5075fc,22,src/ingame/info_panel_467e50.cpp,13,0,game data
piece,0x5075f0,12,src/ingame/info_panel_467e50.cpp,12,0,game data
piece,0x5075e8,5,src/ingame/info_panel_467e50.cpp,11,0,game data
piece,0x5075e0,7,src/ingame/info_panel_467e50.cpp,10,0,game data
piece,0x5075dc,4,src/ingame/info_panel_467e50.cpp,9,0,game data
piece,0x5075d0,12,src/ingame/info_panel_467e50.cpp,8,0,game data
piece,0x5075a8,40,src/ingame/info_panel_467e50.cpp,7,0,game data
piece,0x50759c,11,src/ingame/info_panel_467e50.cpp,6,0,game data
piece,0x50757c,31,src/ingame/info_panel_467e50.cpp,5,0,game data
piece,0x507568,20,src/ingame/info_panel_467e50.cpp,4,0,game data
piece,0x507550,22,src/ingame/info_panel_467e50.cpp,3,0,game data
piece,0x4fd55c,4,src/ingame/info_panel_467440.cpp,5,0,game data
piece,0x4fd558,4,src/ingame/info_panel_467440.cpp,4,0,game data
piece,0x4fd554,4,src/ingame/info_panel_467440.cpp,3,0,game data
piece,0x5074d8,15,src/map/radar.cpp,3,0,game data
piece,0x4fd550,4,src/game/players_464f80.cpp,2,16,game data
piece,0x4fd540,8,src/game/players_464f80.cpp,2,0,game data
piece,0x4fd548,8,src/game/players_464f80.cpp,2,8,game data
piece,0x507338,126,src/game/players_464f80.cpp,4,0,game data
piece,0x4fd538,8,src/game/players_464c60.cpp,3,0,game data
piece,0x507308,15,src/game/players_4648e0.cpp,3,0,game data
piece,0x5072f8,16,src/game/players_4644d0.cpp,4,0,game data
piece,0x5072e4,17,src/game/players_4644d0.cpp,3,0,game data
piece,0x4fd520,8,src/network/net_chat.cpp,15,0,game data
piece,0x4fd528,8,src/network/net_chat.cpp,15,8,game data
piece,0x4fd530,8,src/network/net_chat.cpp,15,16,game data
piece,0x5072d4,3,src/network/net_chat.cpp,8,0,game data
piece,0x5072c8,12,src/network/net_chat.cpp,7,0,game data
piece,0x5072b8,15,src/network/net_chat.cpp,4,0,game data
piece,0x506580,12,src/network/net_chat.cpp,3,0,game data
piece,0x507240,33,src/network/player_frame_info.cpp,5,0,game data
piece,0x507288,46,src/network/packet_receiver.cpp,22,0,game data
piece,0x507264,35,src/network/packet_receiver.cpp,21,0,game data
piece,0x4fd518,4,src/network/packet_receiver.cpp,7,0,game data
piece,0x507210,47,src/network/packets_462ae0.cpp,4,0,game data
piece,0x5071d4,59,src/network/packets_462ae0.cpp,3,0,game data
piece,0x506e9c,58,src/network/packet_buffer.cpp,17,0,game data
piece,0x506e44,85,src/network/packet_buffer.cpp,16,0,game data
piece,0x5071a4,46,src/network/packet_buffer.cpp,11,0,game data
piece,0x507184,31,src/network/packet_buffer.cpp,10,0,game data
piece,0x507164,31,src/network/packet_buffer.cpp,7,0,game data
piece,0x507134,48,src/network/packet_buffer.cpp,6,0,game data
piece,0x507114,29,src/network/packet_buffer.cpp,5,0,game data
piece,0x5070ec,37,src/network/packet_buffer.cpp,4,0,game data
piece,0x5070d0,25,src/network/packet_buffer.cpp,3,0,game data
piece,0x50708c,67,src/network/packet_channel.cpp,33,0,game data
piece,0x507064,40,src/network/packet_channel.cpp,32,0,game data
piece,0x507034,48,src/network/packet_channel.cpp,31,0,game data
piece,0x507010,35,src/network/packet_channel.cpp,30,0,game data
piece,0x506dec,35,src/network/packet_channel.cpp,29,0,game data
piece,0x506fd0,62,src/network/packets_461fd0.cpp,10,0,game data
piece,0x506fa0,45,src/network/packets_461fd0.cpp,9,0,game data
piece,0x506f68,56,src/network/packets_461fd0.cpp,8,0,game data
piece,0x506ed8,39,src/network/packets_461fd0.cpp,7,0,game data
piece,0x506f48,32,src/network/packet_channel.cpp,14,0,game data
piece,0x506f00,70,src/network/packet_channel.cpp,13,0,game data
piece,0x506e10,50,src/network/packet_channel.cpp,7,0,game data
piece,0x506dc0,41,src/network/packet_manager.cpp,26,0,game data
piece,0x4fd514,4,src/network/packets_461420.cpp,10,0,game data
piece,0x506db0,11,src/frontend/options_460cc0.cpp,7,0,game data
piece,0x506d98,9,src/frontend/options_460cc0.cpp,5,0,game data
piece,0x506da4,9,src/frontend/options_460cc0.cpp,4,0,game data
piece,0x506d84,6,src/frontend/options_4609b0.cpp,13,0,game data
piece,0x506d7c,5,src/frontend/options_4609b0.cpp,12,0,game data
piece,0x506c6c,9,src/frontend/options_4609b0.cpp,11,0,game data
piece,0x506c64,6,src/frontend/options_4609b0.cpp,10,0,game data
piece,0x506c34,13,src/frontend/options_4609b0.cpp,8,0,game data
piece,0x506c28,9,src/frontend/options_4609b0.cpp,5,0,game data
piece,0x503034,5,src/frontend/options_4609b0.cpp,4,0,game data
piece,0x506d64,13,src/frontend/options_4608b0.cpp,6,0,game data
piece,0x506ca8,8,src/frontend/options_4608b0.cpp,5,0,game data
piece,0x506d5c,8,src/frontend/options_4608b0.cpp,4,0,game data
piece,0x503240,9,src/frontend/options_4608b0.cpp,3,0,game data
piece,0x506d50,9,src/frontend/options_460800.cpp,5,0,game data
piece,0x506d20,47,src/frontend/options_460680.cpp,6,0,game data
piece,0x506d10,16,src/frontend/options_460680.cpp,4,0,game data
piece,0x506ce4,43,src/frontend/options_460680.cpp,3,0,game data
piece,0x505c30,5,src/frontend/options_4605c0.cpp,5,0,game data
piece,0x506cd8,12,src/frontend/options_4604a0.cpp,7,0,game data
piece,0x506ccc,9,src/frontend/options_4604a0.cpp,6,0,game data
piece,0x506cc0,12,src/frontend/options_4604a0.cpp,5,0,game data
piece,0x506cb0,13,src/frontend/options_4604a0.cpp,3,0,game data
piece,0x506c9c,12,src/frontend/options_460160.cpp,6,0,game data
piece,0x506c90,12,src/frontend/options_460160.cpp,5,0,game data
piece,0x506c84,10,src/frontend/options_460160.cpp,4,0,game data
piece,0x5057bc,7,src/frontend/options_45fc60.cpp,11,0,game data
piece,0x506a44,8,src/frontend/options_45fc60.cpp,9,0,game data
piece,0x506940,6,src/frontend/options_45fc60.cpp,8,0,game data
piece,0x4fd4f0,8,src/frontend/options_45fc60.cpp,4,0,game data
piece,0x4fd4f8,8,src/frontend/options_45fc60.cpp,4,8,game data
piece,0x5069ec,6,src/frontend/options_45fc60.cpp,3,0,game data
piece,0x506c5c,5,src/frontend/options_45fac0.cpp,3,0,game data
piece,0x503360,9,src/frontend/options_45f8c0.cpp,6,0,game data
piece,0x506c4c,5,src/frontend/options_45f8c0.cpp,5,0,game data
piece,0x506c44,7,src/frontend/options_45f8c0.cpp,4,0,game data
piece,0x506c04,16,src/frontend/options_45f1d0.cpp,31,0,game data
piece,0x506bf4,13,src/frontend/options_45f1d0.cpp,30,0,game data
piece,0x506be0,17,src/frontend/options_45f1d0.cpp,29,0,game data
piece,0x506bd0,15,src/frontend/options_45f1d0.cpp,28,0,game data
piece,0x506bc4,10,src/frontend/options_45f1d0.cpp,27,0,game data
piece,0x506bbc,8,src/frontend/options_45f1d0.cpp,26,0,game data
piece,0x506bb0,11,src/frontend/options_45f1d0.cpp,25,0,game data
piece,0x506ba8,7,src/frontend/options_45f1d0.cpp,24,0,game data
piece,0x506b9c,11,src/frontend/options_45f1d0.cpp,23,0,game data
piece,0x506b94,6,src/frontend/options_45f1d0.cpp,22,0,game data
piece,0x506b8c,7,src/frontend/options_45f1d0.cpp,21,0,game data
piece,0x506b80,9,src/frontend/options_45f1d0.cpp,20,0,game data
piece,0x506b78,5,src/frontend/options_45f1d0.cpp,19,0,game data
piece,0x506b6c,9,src/frontend/options_45f1d0.cpp,18,0,game data
piece,0x506b60,10,src/frontend/options_45f1d0.cpp,17,0,game data
piece,0x506b4c,20,src/frontend/options_45f1d0.cpp,12,0,game data
piece,0x506b3c,14,src/frontend/options_45f1d0.cpp,11,0,game data
piece,0x506b2c,15,src/frontend/options_45f1d0.cpp,10,0,game data
piece,0x506b1c,13,src/frontend/options_45f1d0.cpp,9,0,game data
piece,0x506b10,10,src/frontend/options_45f1d0.cpp,8,0,game data
piece,0x506b04,12,src/frontend/options_45f1d0.cpp,7,0,game data
piece,0x506afc,5,src/frontend/options_45f1d0.cpp,6,0,game data
piece,0x506aec,16,src/frontend/options_45f1d0.cpp,5,0,game data
piece,0x506ad8,17,src/frontend/options_45f1d0.cpp,4,0,game data
piece,0x506acc,11,src/frontend/options_45f1d0.cpp,3,0,game data
piece,0x506abc,13,src/frontend/options_45ed50.cpp,16,0,game data
piece,0x506ab0,11,src/frontend/options_45ed50.cpp,15,0,game data
piece,0x506aa0,15,src/frontend/options_45ed50.cpp,14,0,game data
piece,0x5068c8,5,src/frontend/options_45ed50.cpp,13,0,game data
piece,0x4fd508,4,src/frontend/options_45ed50.cpp,3,0,game data
piece,0x4fd4e0,4,src/frontend/options_45ed50.cpp,3,4,game data
piece,0x4fd4e8,8,src/frontend/options_45ed50.cpp,3,8,game data
piece,0x5068d0,7,src/frontend/options_45ed50.cpp,11,0,game data
piece,0x4fd50c,4,src/frontend/options_45ed50.cpp,3,16,game data
piece,0x506a88,9,src/frontend/options_45ed50.cpp,10,0,game data
piece,0x506a94,10,src/frontend/options_45ed50.cpp,9,0,game data
piece,0x5068d8,13,src/frontend/options_45ed50.cpp,6,0,game data
piece,0x5068e8,9,src/frontend/options_45ed50.cpp,5,0,game data
piece,0x4fd510,4,src/frontend/options_45ed50.cpp,3,20,game data
piece,0x50690c,9,src/frontend/options_45ed50.cpp,4,0,game data
piece,0x4fd504,4,src/frontend/options_45ed50.cpp,3,24,game data
piece,0x506a78,13,src/frontend/options_45e5e0.cpp,20,0,game data
piece,0x506a68,13,src/frontend/options_45e5e0.cpp,19,0,game data
piece,0x506a5c,12,src/frontend/options_45e5e0.cpp,18,0,game data
piece,0x506a50,12,src/frontend/options_45e5e0.cpp,17,0,game data
piece,0x505c60,18,src/frontend/options_45e5e0.cpp,16,0,game data
piece,0x505c50,14,src/frontend/options_45e5e0.cpp,15,0,game data
piece,0x505c40,16,src/frontend/options_45e5e0.cpp,14,0,game data
piece,0x506874,8,src/frontend/options_45e5e0.cpp,13,0,game data
piece,0x50686c,7,src/frontend/options_45e5e0.cpp,12,0,game data
piece,0x506864,8,src/frontend/options_45e5e0.cpp,11,0,game data
piece,0x505cf4,4,src/frontend/options_45e5e0.cpp,10,0,game data
piece,0x506a4c,4,src/frontend/options_45e5e0.cpp,9,0,game data
piece,0x506a3c,5,src/frontend/options_45e5e0.cpp,7,0,game data
piece,0x506a30,9,src/frontend/options_45e5e0.cpp,6,0,game data
piece,0x506a28,8,src/frontend/options_45e5e0.cpp,5,0,game data
piece,0x50687c,6,src/frontend/options_45e5e0.cpp,4,0,game data
piece,0x506a18,13,src/frontend/options_45e100.cpp,3,0,game data
piece,0x506a08,13,src/frontend/options_45de30.cpp,12,0,game data
piece,0x506a00,7,src/frontend/options_45de30.cpp,11,0,game data
piece,0x5069f4,11,src/frontend/options_45de30.cpp,10,0,game data
piece,0x4fd500,4,src/frontend/options_45de30.cpp,7,0,game data
piece,0x5069ac,12,src/frontend/options_45d7c0.cpp,8,0,game data
piece,0x5069a0,11,src/frontend/options_45d7c0.cpp,6,0,game data
piece,0x50688c,9,src/frontend/options_45d7c0.cpp,5,0,game data
piece,0x506918,9,src/frontend/options_45d0c0.cpp,3,0,game data
piece,0x506958,10,src/frontend/options_45cfc0.cpp,5,0,game data
piece,0x506948,13,src/frontend/options_45cfc0.cpp,4,0,game data
piece,0x506924,8,src/frontend/options_45b800.cpp,70,0,game data
piece,0x506904,8,src/frontend/options_45b800.cpp,63,0,game data
piece,0x5068f4,15,src/frontend/options_45b800.cpp,62,0,game data
piece,0x5068b8,5,src/frontend/options_45b800.cpp,44,0,game data
piece,0x5068b0,7,src/frontend/options_45b800.cpp,43,0,game data
piece,0x5068a8,5,src/frontend/options_45b800.cpp,42,0,game data
piece,0x5068a0,7,src/frontend/options_45b800.cpp,41,0,game data
piece,0x506898,8,src/frontend/options_45b800.cpp,40,0,game data
piece,0x506624,11,src/graphics/model_render_45aec0.cpp,3,0,game data
piece,0x506614,13,src/graphics/model_render_45a950.cpp,3,0,game data
piece,0x4fd4c8,4,src/graphics/model_render_4597f0.cpp,3,0,game data
piece,0x4fd4c4,4,src/graphics/model_render_458d30.cpp,5,4,game data
piece,0x506604,16,src/graphics/model_render_458180.cpp,3,0,game data
piece,0x4fd4b8,4,src/network/net_game_456110.cpp,70,0,game data
piece,0x4fd4bc,4,src/network/net_game_456110.cpp,70,4,game data
piece,0x5063b0,38,src/network/net_game_456110.cpp,51,0,game data
piece,0x50639c,19,src/network/net_game_456110.cpp,50,0,game data
piece,0x506388,17,src/network/net_game_456110.cpp,49,0,game data
piece,0x506360,39,src/network/net_game_456110.cpp,48,0,game data
piece,0x506330,45,src/network/net_game_456110.cpp,47,0,game data
piece,0x506300,46,src/network/net_game_456110.cpp,46,0,game data
piece,0x5062d8,37,src/network/net_game_456110.cpp,45,0,game data
piece,0x5062b8,30,src/network/net_game_456110.cpp,44,0,game data
piece,0x506298,32,src/network/net_game_456110.cpp,43,0,game data
piece,0x5065f0,7,src/network/net_game_456110.cpp,38,0,game data
piece,0x5065e0,14,src/network/net_game_456110.cpp,37,0,game data
piece,0x505e78,15,src/network/net_game_453a50.cpp,6,0,game data
piece,0x505e38,7,src/network/net_game_453a50.cpp,5,0,game data
piece,0x506570,7,src/network/net_game_4538f0.cpp,3,0,game data
piece,0x506550,31,src/network/net_game_453640.cpp,4,0,game data
piece,0x506544,9,src/network/net_game_453640.cpp,3,0,game data
piece,0x506530,18,src/network/net_game_4534e0.cpp,3,0,game data
piece,0x5064fc,39,src/network/net_game_4517b0.cpp,3,0,game data
piece,0x5064ec,16,src/network/net_game_451640.cpp,4,0,game data
piece,0x5064bc,48,src/network/net_game_451640.cpp,3,0,game data
piece,0x5064b4,6,src/network/net_game_451220.cpp,5,0,game data
piece,0x506444,110,src/network/net_game_451220.cpp,4,0,game data
piece,0x5063d8,108,src/network/net_game_451220.cpp,3,0,game data
piece,0x506284,9,src/network/net_game_450a10.cpp,3,0,game data
piece,0x506178,64,src/network/net_condenser.cpp,22,0,game data
piece,0x506138,64,src/network/net_condenser.cpp,21,0,game data
piece,0x5060fc,58,src/network/net_condenser.cpp,20,0,game data
piece,0x50609c,96,src/network/net_condenser.cpp,17,0,game data
piece,0x4fd458,44,src/orders/order_targets_44f010.cpp,3,0,game data
piece,0x4fd3e8,4,src/orders/order_targets_44e740.cpp,11,0,game data
piece,0x4fd3f0,4,src/orders/order_targets_44e740.cpp,11,4,game data
piece,0x4fd3ec,4,src/orders/order_targets_44e5b0.cpp,3,4,game data
piece,0x50608c,14,src/frontend/multi_44c7e0.cpp,23,0,game data
piece,0x50607c,15,src/frontend/multi_44c7e0.cpp,22,0,game data
piece,0x506074,6,src/frontend/multi_44c7e0.cpp,21,0,game data
piece,0x505fcc,9,src/frontend/multi_44c7e0.cpp,20,0,game data
piece,0x505ff0,8,src/frontend/multi_44c7e0.cpp,19,0,game data
piece,0x506064,13,src/frontend/multi_44c7e0.cpp,18,0,game data
piece,0x506054,14,src/frontend/multi_44c7e0.cpp,17,0,game data
piece,0x506040,18,src/frontend/multi_44c7e0.cpp,16,0,game data
piece,0x506034,10,src/frontend/multi_44c7e0.cpp,15,0,game data
piece,0x506028,10,src/frontend/multi_44c7e0.cpp,14,0,game data
piece,0x506018,15,src/frontend/multi_44c7e0.cpp,13,0,game data
piece,0x505fd8,9,src/frontend/multi_44c7e0.cpp,12,0,game data
piece,0x506008,13,src/frontend/multi_44c7e0.cpp,11,0,game data
piece,0x505c14,11,src/frontend/multi_44c7e0.cpp,9,0,game data
piece,0x505c08,10,src/frontend/multi_44c7e0.cpp,8,0,game data
piece,0x506000,5,src/frontend/multi_44c7e0.cpp,7,0,game data
piece,0x505ff8,6,src/frontend/multi_44c7e0.cpp,5,0,game data
piece,0x505fc4,8,src/frontend/multi_44be70.cpp,4,0,game data
piece,0x505fb8,9,src/frontend/multi_44be70.cpp,3,0,game data
piece,0x505fa8,13,src/frontend/multi_44bc10.cpp,9,0,game data
piece,0x505f9c,10,src/frontend/multi_44bc10.cpp,8,0,game data
piece,0x505f74,40,src/frontend/multi_44bc10.cpp,7,0,game data
piece,0x505f64,13,src/frontend/multi_44b990.cpp,10,0,game data
piece,0x505f58,10,src/frontend/multi_44b990.cpp,9,0,game data
piece,0x505f14,4,src/frontend/multi_44b230.cpp,3,0,game data
piece,0x505f00,15,src/frontend/multi_44b020.cpp,7,0,game data
piece,0x505ef0,13,src/frontend/multi_44b020.cpp,6,0,game data
piece,0x505ee8,8,src/frontend/multi_44b020.cpp,5,0,game data
piece,0x505ee0,8,src/frontend/multi_44b020.cpp,4,0,game data
piece,0x505ed8,7,src/frontend/multi_44b020.cpp,3,0,game data
piece,0x505760,29,src/frontend/multi_44afb0.cpp,3,0,game data
piece,0x505ea0,12,src/frontend/multi_44a680.cpp,22,0,game data
piece,0x505ed0,8,src/frontend/multi_44a680.cpp,21,0,game data
piece,0x505bfc,9,src/frontend/multi_44a680.cpp,20,0,game data
piece,0x505e1c,12,src/frontend/multi_44a680.cpp,18,0,game data
piece,0x505ec4,9,src/frontend/multi_44a680.cpp,17,0,game data
piece,0x505e40,12,src/frontend/multi_44a680.cpp,16,0,game data
piece,0x505db4,6,src/frontend/multi_44a680.cpp,13,0,game data
piece,0x505eb4,7,src/frontend/multi_44a680.cpp,12,0,game data
piece,0x505eac,6,src/frontend/multi_44a680.cpp,11,0,game data
piece,0x505e94,11,src/frontend/multi_449bb0.cpp,24,0,game data
piece,0x505d7c,8,src/frontend/multi_449bb0.cpp,23,0,game data
piece,0x505e88,9,src/frontend/multi_449bb0.cpp,21,0,game data
piece,0x505cf8,13,src/frontend/multi_449bb0.cpp,16,0,game data
piece,0x505e4c,37,src/frontend/multi_449bb0.cpp,10,0,game data
piece,0x5056cc,8,src/frontend/multi_448c70.cpp,30,0,game data
piece,0x505e28,13,src/frontend/multi_448c70.cpp,29,0,game data
piece,0x505e04,23,src/frontend/multi_448c70.cpp,27,0,game data
piece,0x505bd8,8,src/frontend/multi_448c70.cpp,26,0,game data
piece,0x505dfc,5,src/frontend/multi_448c70.cpp,24,0,game data
piece,0x50586c,7,src/frontend/multi_448c70.cpp,22,0,game data
piece,0x505df4,8,src/frontend/multi_448c70.cpp,21,0,game data
piece,0x505cec,7,src/frontend/multi_448c70.cpp,19,0,game data
piece,0x5033f4,7,src/frontend/multi_448c70.cpp,5,0,game data
piece,0x505ce4,7,src/frontend/multi_448c70.cpp,18,0,game data
piece,0x505c8c,12,src/frontend/multi_448c70.cpp,17,0,game data
piece,0x505dbc,6,src/frontend/multi_448c70.cpp,16,0,game data
piece,0x505de4,7,src/frontend/multi_448c70.cpp,15,0,game data
piece,0x505ddc,6,src/frontend/multi_448c70.cpp,14,0,game data
piece,0x505dd8,4,src/frontend/multi_448c70.cpp,13,0,game data
piece,0x505dd0,6,src/frontend/multi_448c70.cpp,11,0,game data
piece,0x505dcc,3,src/frontend/multi_448c70.cpp,10,0,game data
piece,0x505cd4,12,src/frontend/multi_447b10.cpp,35,0,game data
piece,0x505cc0,20,src/frontend/multi_447b10.cpp,34,0,game data
piece,0x505cb8,7,src/frontend/multi_447b10.cpp,33,0,game data
piece,0x505d84,46,src/frontend/multi_447b10.cpp,28,0,game data
piece,0x505d70,9,src/frontend/multi_447b10.cpp,24,0,game data
piece,0x505d38,54,src/frontend/multi_447b10.cpp,15,0,game data
piece,0x505d08,46,src/frontend/multi_447b10.cpp,14,0,game data
piece,0x505b18,12,src/frontend/multi_447b10.cpp,8,0,game data
piece,0x505b0c,9,src/frontend/multi_447b10.cpp,7,0,game data
piece,0x505ca4,11,src/frontend/multi_4478b0.cpp,8,0,game data
piece,0x505cb0,8,src/frontend/multi_4478b0.cpp,3,0,game data
piece,0x505ce0,2,src/frontend/multi_447380.cpp,5,0,game data
piece,0x505c98,11,src/frontend/multi_447380.cpp,3,0,game data
piece,0x505c80,12,src/frontend/multi_4466b0.cpp,5,0,game data
piece,0x505c38,6,src/frontend/multi_4461d0.cpp,8,0,game data
piece,0x505c28,7,src/frontend/multi_446080.cpp,4,0,game data
piece,0x505c20,7,src/frontend/multi_446080.cpp,3,0,game data
piece,0x505bec,13,src/frontend/multi_445b70.cpp,3,0,game data
piece,0x505bcc,12,src/frontend/multi_445110.cpp,7,0,game data
piece,0x505bb8,17,src/frontend/multi_445110.cpp,6,0,game data
piece,0x505ba4,17,src/frontend/multi_445110.cpp,5,0,game data
piece,0x505b94,16,src/frontend/multi_445110.cpp,4,0,game data
piece,0x505b88,11,src/frontend/multi_444ea0.cpp,9,0,game data
piece,0x505b58,45,src/frontend/multi_444ea0.cpp,8,0,game data
piece,0x505b00,11,src/frontend/multi_444a20.cpp,6,0,game data
piece,0x504788,12,src/frontend/multi_444a20.cpp,3,0,game data
piece,0x5059e4,22,src/frontend/multi_443ff0.cpp,3,0,game data
piece,0x5059d8,12,src/frontend/multi_440d70.cpp,112,0,game data
piece,0x5059c8,13,src/frontend/multi_440d70.cpp,111,0,game data
piece,0x5059b4,18,src/frontend/multi_440d70.cpp,110,0,game data
piece,0x5059a4,14,src/frontend/multi_440d70.cpp,109,0,game data
piece,0x50599c,7,src/frontend/multi_440d70.cpp,108,0,game data
piece,0x505658,9,src/frontend/multi_440d70.cpp,9,0,game data
piece,0x505664,9,src/frontend/multi_440d70.cpp,10,0,game data
piece,0x505794,5,src/frontend/multi_440d70.cpp,33,0,game data
piece,0x5056b4,6,src/frontend/multi_440d70.cpp,101,0,game data
piece,0x505984,23,src/frontend/multi_440d70.cpp,107,0,game data
piece,0x50597c,7,src/frontend/multi_440d70.cpp,104,0,game data
piece,0x5056a8,9,src/frontend/multi_440d70.cpp,100,0,game data
piece,0x50595c,9,src/frontend/multi_440d70.cpp,99,0,game data
piece,0x505620,25,src/frontend/multi_440d70.cpp,5,0,game data
piece,0x505928,52,src/frontend/multi_440d70.cpp,98,0,game data
piece,0x505900,39,src/frontend/multi_440d70.cpp,95,0,game data
piece,0x5058f4,12,src/frontend/multi_440d70.cpp,94,0,game data
piece,0x5058e8,11,src/frontend/multi_440d70.cpp,90,0,game data
piece,0x5058e0,8,src/frontend/multi_440d70.cpp,89,0,game data
piece,0x5058cc,6,src/frontend/multi_440d70.cpp,83,0,game data
piece,0x4fd2f0,8,src/frontend/multi_440d70.cpp,82,0,game data
piece,0x5058c0,10,src/frontend/multi_440d70.cpp,79,0,game data
piece,0x5058b4,10,src/frontend/multi_440d70.cpp,78,0,game data
piece,0x5058a8,10,src/frontend/multi_440d70.cpp,77,0,game data
piece,0x50588c,26,src/frontend/multi_440d70.cpp,76,0,game data
piece,0x505884,7,src/frontend/multi_440d70.cpp,75,0,game data
piece,0x505874,14,src/frontend/multi_440d70.cpp,74,0,game data
piece,0x505828,13,src/frontend/multi_440d70.cpp,64,0,game data
piece,0x50585c,13,src/frontend/multi_440d70.cpp,72,0,game data
piece,0x50581c,9,src/frontend/multi_440d70.cpp,56,0,game data
piece,0x505758,7,src/frontend/multi_440d70.cpp,24,0,game data
piece,0x5057d0,5,src/frontend/multi_440d70.cpp,48,0,game data
piece,0x505838,33,src/frontend/multi_440d70.cpp,67,0,game data
piece,0x505810,11,src/frontend/multi_440d70.cpp,53,0,game data
piece,0x5057fc,20,src/frontend/multi_440d70.cpp,52,0,game data
piece,0x5057ac,6,src/frontend/multi_440d70.cpp,44,0,game data
piece,0x5057d8,36,src/frontend/multi_440d70.cpp,51,0,game data
piece,0x5057b4,8,src/frontend/multi_440d70.cpp,45,0,game data
piece,0x5057a4,8,src/frontend/multi_440d70.cpp,43,0,game data
piece,0x50579c,8,src/frontend/multi_440d70.cpp,36,0,game data
piece,0x505750,8,src/frontend/multi_440d70.cpp,23,0,game data
piece,0x505780,8,src/frontend/multi_440d70.cpp,31,0,game data
piece,0x505788,10,src/frontend/multi_440d70.cpp,32,0,game data
piece,0x505740,14,src/frontend/multi_440d70.cpp,22,0,game data
piece,0x505724,27,src/frontend/multi_441460.cpp,27,0,game data
piece,0x505718,12,src/frontend/multi_441460.cpp,26,0,game data
piece,0x505710,6,src/frontend/multi_441460.cpp,25,0,game data
piece,0x505708,5,src/frontend/multi_441460.cpp,23,0,game data
piece,0x505700,5,src/frontend/multi_441460.cpp,22,0,game data
piece,0x5056ec,5,src/frontend/multi_441460.cpp,19,0,game data
piece,0x5056e8,3,src/frontend/multi_441460.cpp,16,0,game data
piece,0x5056e4,4,src/frontend/multi_441460.cpp,14,0,game data
piece,0x5056dc,5,src/frontend/multi_441460.cpp,13,0,game data
piece,0x50278c,7,src/frontend/multi_441460.cpp,9,0,game data
piece,0x5056c4,5,src/frontend/multi_441460.cpp,4,0,game data
piece,0x5056bc,8,src/frontend/multi_441460.cpp,3,0,game data
piece,0x505698,13,src/frontend/multi_441220.cpp,4,0,game data
piece,0x505688,13,src/frontend/multi_440d70.cpp,15,0,game data
piece,0x50567c,10,src/frontend/multi_440d70.cpp,14,0,game data
piece,0x50563c,27,src/frontend/multi_440d70.cpp,6,0,game data
piece,0x505484,11,src/units/movement_class.cpp,24,0,game data
piece,0x505478,11,src/units/movement_class.cpp,23,0,game data
piece,0x505468,14,src/units/movement_class.cpp,22,0,game data
piece,0x505458,14,src/units/movement_class.cpp,21,0,game data
piece,0x50544c,9,src/units/movement_class.cpp,20,0,game data
piece,0x505440,9,src/units/movement_class.cpp,19,0,game data
piece,0x505430,14,src/units/movement_class.cpp,18,0,game data
piece,0x505420,14,src/units/movement_class.cpp,17,0,game data
piece,0x505414,9,src/orders/order_dispatch_43f0e0.cpp,43,0,game data
piece,0x505408,10,src/orders/order_dispatch_43f0e0.cpp,42,0,game data
piece,0x5053fc,9,src/orders/order_dispatch_43f0e0.cpp,41,0,game data
piece,0x5053f0,12,src/orders/order_dispatch_43f0e0.cpp,40,0,game data
piece,0x5053dc,17,src/orders/order_dispatch_43f0e0.cpp,39,0,game data
piece,0x5053cc,13,src/orders/order_dispatch_43f0e0.cpp,38,0,game data
piece,0x5053bc,14,src/orders/order_dispatch_43f0e0.cpp,37,0,game data
piece,0x5053ac,16,src/orders/order_dispatch_43f0e0.cpp,36,0,game data
piece,0x5053a4,8,src/orders/order_dispatch_43f0e0.cpp,35,0,game data
piece,0x505390,18,src/orders/order_dispatch_43f0e0.cpp,34,0,game data
piece,0x505380,13,src/orders/order_dispatch_43f0e0.cpp,33,0,game data
piece,0x505374,12,src/orders/order_dispatch_43f0e0.cpp,32,0,game data
piece,0x5026dc,7,src/orders/order_dispatch_43f0e0.cpp,31,0,game data
piece,0x501b2c,15,src/orders/order_dispatch_43f0e0.cpp,30,0,game data
piece,0x501b78,16,src/orders/order_dispatch_43f0e0.cpp,29,0,game data
piece,0x505368,12,src/orders/order_dispatch_43f0e0.cpp,28,0,game data
piece,0x501b68,13,src/orders/order_dispatch_43f0e0.cpp,27,0,game data
piece,0x501b48,17,src/orders/order_dispatch_43f0e0.cpp,26,0,game data
piece,0x50535c,12,src/orders/order_dispatch_43f0e0.cpp,25,0,game data
piece,0x505350,12,src/orders/order_dispatch_43f0e0.cpp,24,0,game data
piece,0x505340,14,src/orders/order_dispatch_43f0e0.cpp,23,0,game data
piece,0x502640,17,src/orders/order_dispatch_43f0e0.cpp,22,0,game data
piece,0x505330,14,src/orders/order_dispatch_43f0e0.cpp,20,0,game data
piece,0x505324,9,src/orders/order_dispatch_43f0e0.cpp,19,0,game data
piece,0x50531c,6,src/orders/order_dispatch_43f0e0.cpp,17,0,game data
piece,0x5016cc,10,src/orders/order_dispatch_43f0e0.cpp,16,0,game data
piece,0x5026d4,8,src/orders/order_dispatch_43f0e0.cpp,15,0,game data
piece,0x501b5c,12,src/orders/order_dispatch_43f0e0.cpp,14,0,game data
piece,0x501b3c,10,src/orders/order_dispatch_43f0e0.cpp,13,0,game data
piece,0x501b88,11,src/orders/order_dispatch_43f0e0.cpp,12,0,game data
piece,0x501b94,13,src/orders/order_dispatch_43f0e0.cpp,11,0,game data
piece,0x50530c,14,src/orders/order_dispatch_43f0e0.cpp,10,0,game data
piece,0x5052fc,14,src/orders/order_dispatch_43f0e0.cpp,9,0,game data
piece,0x5052f0,10,src/orders/order_dispatch_43f0e0.cpp,8,0,game data
piece,0x5016c4,8,src/orders/order_dispatch_43f0e0.cpp,7,0,game data
piece,0x5052e4,12,src/orders/order_dispatch_43f0e0.cpp,6,0,game data
piece,0x5052d4,15,src/units/unit_scripts.cpp,29,0,game data
piece,0x5052c8,10,src/units/unit_scripts.cpp,26,0,game data
piece,0x5052b8,15,src/units/unit_scripts.cpp,23,0,game data
piece,0x5052a4,17,src/units/unit_scripts.cpp,22,0,game data
piece,0x505294,16,src/units/unit_scripts.cpp,21,0,game data
piece,0x505284,13,src/units/unit_scripts.cpp,16,0,game data
piece,0x505274,15,src/units/unit_scripts.cpp,15,0,game data
piece,0x505264,14,src/units/unit_scripts.cpp,14,0,game data
piece,0x505258,9,src/orders/order_list_43cc20.cpp,31,0,game data
piece,0x505248,13,src/units/unit_scripts.cpp,3,0,game data
piece,0x50523c,11,src/orders/order_list_43cc20.cpp,22,0,game data
piece,0x505230,12,src/orders/order_list_43cc20.cpp,21,0,game data
piece,0x505224,10,src/orders/order_list_43cc20.cpp,20,0,game data
piece,0x505218,10,src/orders/order_list_43cc20.cpp,19,0,game data
piece,0x50520c,10,src/orders/order_list_43cc20.cpp,18,0,game data
piece,0x4fd2d0,8,src/orders/order_list_43cc20.cpp,13,0,game data
piece,0x4fd2d8,8,src/orders/order_list_43cc20.cpp,13,8,game data
piece,0x4fd2e0,4,src/orders/order_list_43cc20.cpp,13,16,game data
piece,0x5051f4,6,src/orders/order_queue_438870.cpp,17,0,game data
piece,0x5051e0,13,src/orders/order_queue_438870.cpp,9,0,game data
piece,0x5051f0,2,src/orders/order_queue_438870.cpp,12,0,game data
piece,0x4fd2cc,4,src/orders/order_queue_438870.cpp,18,0,game data
piece,0x4fd2c8,4,src/orders/order_queue_438870.cpp,6,0,game data
piece,0x4fd2c0,8,src/ingame/markers.cpp,28,0,game data
piece,0x5051c4,27,src/ingame/markers.cpp,25,0,game data
piece,0x5051ac,21,src/ingame/markers.cpp,24,0,game data
piece,0x50519c,14,src/ingame/markers.cpp,23,0,game data
piece,0x505190,9,src/ingame/markers.cpp,18,0,game data
piece,0x505188,6,src/ingame/markers.cpp,17,0,game data
piece,0x505180,6,src/ingame/markers.cpp,16,0,game data
piece,0x505178,6,src/ingame/markers.cpp,15,0,game data
piece,0x50516c,9,src/ingame/markers.cpp,14,0,game data
piece,0x505160,9,src/ingame/markers.cpp,13,0,game data
piece,0x505150,15,src/ingame/markers.cpp,12,0,game data
piece,0x505144,9,src/ingame/markers.cpp,11,0,game data
piece,0x503a0c,17,src/ingame/markers.cpp,10,0,game data
piece,0x505134,14,src/ingame/markers.cpp,9,0,game data
piece,0x505124,14,src/ingame/markers.cpp,8,0,game data
piece,0x505114,14,src/ingame/markers.cpp,7,0,game data
piece,0x4fd2a4,4,src/orders/order_queue_438650.cpp,3,0,game data
piece,0x4fd2a8,4,src/orders/order_queue_438650.cpp,3,4,game data
piece,0x5050e8,10,src/orders/order_queue_4384a0.cpp,3,0,game data
piece,0x5040a4,7,src/map/meteors.cpp,42,0,game data
piece,0x5050e0,8,src/map/meteors.cpp,40,0,game data
piece,0x504b00,13,src/map/meteors.cpp,39,0,game data
piece,0x504af0,13,src/map/meteors.cpp,38,0,game data
piece,0x504ae0,14,src/map/meteors.cpp,37,0,game data
piece,0x504ad0,15,src/map/meteors.cpp,36,0,game data
piece,0x504ac0,15,src/map/meteors.cpp,35,0,game data
piece,0x4fd284,4,src/map/meteors.cpp,13,4,game data
piece,0x5050a8,55,src/map/meteors.cpp,34,0,game data
piece,0x5050a0,8,src/map/meteors.cpp,28,0,game data
piece,0x505098,7,src/map/meteors.cpp,27,0,game data
piece,0x505084,17,src/map/meteors.cpp,26,0,game data
piece,0x505070,17,src/map/meteors.cpp,25,0,game data
piece,0x505060,14,src/map/meteors.cpp,24,0,game data
piece,0x505054,9,src/map/meteors.cpp,23,0,game data
piece,0x505048,9,src/map/meteors.cpp,22,0,game data
piece,0x50503c,9,src/map/meteors.cpp,21,0,game data
piece,0x505030,9,src/map/meteors.cpp,20,0,game data
piece,0x4fd280,4,src/map/meteors.cpp,13,0,game data
piece,0x50501c,17,src/units/unit_motion.cpp,14,0,game data
piece,0x4fd270,8,src/units/unit_motion.cpp,6,0,game data
piece,0x50500c,13,src/units/unit_motion.cpp,9,0,game data
piece,0x505000,9,src/units/unit_motion.cpp,5,0,game data
piece,0x4fd278,8,src/units/unit_motion.cpp,6,8,game data
piece,0x504ff0,14,src/map/map_list.cpp,186,0,game data
piece,0x504fdc,17,src/map/map_list.cpp,185,0,game data
piece,0x5122c0,16,src/map/map_list.cpp,4,0,game data
piece,0x504fcc,13,src/map/map_list.cpp,176,0,game data
piece,0x504fc0,9,src/map/map_list.cpp,174,0,game data
piece,0x504fb8,6,src/map/map_list.cpp,173,0,game data
piece,0x504fa8,15,src/map/map_list.cpp,172,0,game data
piece,0x504f94,17,src/map/map_list.cpp,171,0,game data
piece,0x504f8c,5,src/map/map_list.cpp,170,0,game data
piece,0x504f84,5,src/map/map_list.cpp,169,0,game data
piece,0x504f7c,5,src/map/map_list.cpp,168,0,game data
piece,0x504f74,6,src/map/map_list.cpp,167,0,game data
piece,0x504f58,17,src/map/map_list.cpp,165,0,game data
piece,0x504f48,14,src/map/map_list.cpp,164,0,game data
piece,0x504f34,18,src/map/map_list.cpp,163,0,game data
piece,0x504f20,20,src/map/map_list.cpp,162,0,game data
piece,0x504f14,9,src/map/map_list.cpp,161,0,game data
piece,0x504f00,17,src/map/map_list.cpp,160,0,game data
piece,0x504ef0,13,src/map/map_list.cpp,159,0,game data
piece,0x504ee4,9,src/map/map_list.cpp,158,0,game data
piece,0x504e30,9,src/map/map_list.cpp,141,0,game data
piece,0x504ed0,17,src/map/map_list.cpp,157,0,game data
piece,0x504e24,12,src/map/map_list.cpp,140,0,game data
piece,0x5122b8,1,src/map/map_list.cpp,4,28,game data
piece,0x504e18,9,src/map/map_list.cpp,139,0,game data
piece,0x5122b4,4,src/map/map_list.cpp,4,16,game data
piece,0x502c7c,9,src/map/map_list.cpp,156,0,game data
piece,0x504ebc,20,src/map/map_list.cpp,155,0,game data
piece,0x504eb0,12,src/map/map_list.cpp,154,0,game data
piece,0x504e8c,10,src/map/map_list.cpp,148,0,game data
piece,0x504e80,10,src/map/map_list.cpp,147,0,game data
piece,0x504e74,10,src/map/map_list.cpp,146,0,game data
piece,0x504e68,10,src/map/map_list.cpp,145,0,game data
piece,0x504d8c,13,src/map/map_list.cpp,133,0,game data
piece,0x504e50,24,src/map/map_list.cpp,144,0,game data
piece,0x504e44,10,src/map/map_list.cpp,143,0,game data
piece,0x504e3c,5,src/map/map_list.cpp,142,0,game data
piece,0x5122b0,4,src/map/map_list.cpp,4,24,game data
piece,0x5122d0,4,src/map/map_list.cpp,4,20,game data
piece,0x504a78,10,src/map/map_list.cpp,46,0,game data
piece,0x504de8,48,src/map/map_list.cpp,136,0,game data
piece,0x504aa0,12,src/map/map_list.cpp,50,0,game data
piece,0x504ddc,12,src/map/map_list.cpp,135,0,game data
piece,0x504a14,4,src/map/map_list.cpp,14,0,game data
piece,0x504a0c,5,src/map/map_list.cpp,13,0,game data
piece,0x504d9c,64,src/map/map_list.cpp,134,0,game data
piece,0x504d88,4,src/map/map_list.cpp,131,0,game data
piece,0x504d4c,59,src/map/map_list.cpp,130,0,game data
piece,0x504d28,36,src/map/map_list.cpp,129,0,game data
piece,0x504d00,39,src/map/map_list.cpp,128,0,game data
piece,0x504cf8,6,src/map/map_list.cpp,127,0,game data
piece,0x504cf4,4,src/map/map_list.cpp,126,0,game data
piece,0x504ce4,13,src/map/map_list.cpp,125,0,game data
piece,0x504a6c,9,src/map/map_list.cpp,32,0,game data
piece,0x504cd8,10,src/map/map_list.cpp,124,0,game data
piece,0x504cc8,12,src/map/map_list.cpp,122,0,game data
piece,0x504cbc,12,src/map/map_list.cpp,121,0,game data
piece,0x504cb4,8,src/map/map_list.cpp,120,0,game data
piece,0x504ca4,13,src/map/map_list.cpp,118,0,game data
piece,0x504c94,13,src/map/map_list.cpp,117,0,game data
piece,0x504c84,14,src/map/map_list.cpp,116,0,game data
piece,0x50419c,12,src/map/map_list.cpp,114,0,game data
piece,0x504c74,7,src/map/map_list.cpp,113,0,game data
piece,0x504c68,11,src/map/map_list.cpp,112,0,game data
piece,0x504c60,7,src/map/map_list.cpp,111,0,game data
piece,0x504c58,8,src/map/map_list.cpp,110,0,game data
piece,0x504c3c,25,src/map/map_list.cpp,109,0,game data
piece,0x504c28,19,src/map/map_list.cpp,108,0,game data
piece,0x504c18,13,src/map/map_list.cpp,107,0,game data
piece,0x504c08,13,src/map/map_list.cpp,106,0,game data
piece,0x504c00,8,src/map/map_list.cpp,105,0,game data
piece,0x504bf0,14,src/map/map_list.cpp,104,0,game data
piece,0x504be4,10,src/map/map_list.cpp,103,0,game data
piece,0x504bd0,18,src/map/map_list.cpp,102,0,game data
piece,0x504bc0,16,src/map/map_list.cpp,101,0,game data
piece,0x504bb4,12,src/map/map_list.cpp,100,0,game data
piece,0x504bac,8,src/map/map_list.cpp,99,0,game data
piece,0x504ba4,8,src/map/map_list.cpp,98,0,game data
piece,0x504b98,10,src/map/map_list.cpp,97,0,game data
piece,0x504b6c,41,src/map/map_list.cpp,96,0,game data
piece,0x504b60,11,src/map/map_list.cpp,95,0,game data
piece,0x504b54,12,src/map/map_list.cpp,94,0,game data
piece,0x504b44,14,src/map/map_list.cpp,93,0,game data
piece,0x504b34,15,src/map/map_list.cpp,92,0,game data
piece,0x504b24,13,src/map/map_list.cpp,91,0,game data
piece,0x504b18,10,src/map/map_list.cpp,90,0,game data
piece,0x504b14,4,src/map/map_list.cpp,89,0,game data
piece,0x504b10,3,src/map/map_list.cpp,88,0,game data
piece,0x50321c,8,src/map/map_list.cpp,87,0,game data
piece,0x4fd268,4,src/map/map_list.cpp,81,0,game data
piece,0x504aac,12,src/map/map_list.cpp,51,0,game data
piece,0x504a84,25,src/map/map_list.cpp,49,0,game data
piece,0x503378,9,src/map/map_list.cpp,41,0,game data
piece,0x504a30,49,src/map/map_list.cpp,25,0,game data
piece,0x504a24,11,src/map/map_list.cpp,16,0,game data
piece,0x504a18,11,src/map/map_list.cpp,15,0,game data
piece,0x504a04,7,src/map/los_tables_432ba0.cpp,39,0,game data
piece,0x504a00,3,src/map/los_tables_432ba0.cpp,38,0,game data
piece,0x5049f8,8,src/map/los_tables_432ba0.cpp,23,0,game data
piece,0x5049ec,9,src/map/los_tables_432ba0.cpp,22,0,game data
piece,0x5049e8,4,src/map/los_tables_433130.cpp,6,0,game data
piece,0x5049dc,10,src/map/los_tables_433130.cpp,4,0,game data
piece,0x5049d0,10,src/map/los_tables_433130.cpp,3,0,game data
piece,0x5044d4,19,src/game/settings_campaign.cpp,24,0,game data
piece,0x5032e8,19,src/game/settings_campaign.cpp,14,0,game data
piece,0x504370,12,src/game/settings_campaign.cpp,21,0,game data
piece,0x5049c4,9,src/game/settings_campaign.cpp,16,0,game data
piece,0x5049bc,8,src/game/settings_campaign.cpp,15,0,game data
piece,0x503410,9,src/game/side_data.cpp,58,0,game data
piece,0x5048ec,11,src/game/side_data.cpp,54,0,game data
piece,0x5039f0,10,src/game/side_data.cpp,53,0,game data
piece,0x5048e4,5,src/game/side_data.cpp,52,0,game data
piece,0x503394,4,src/game/side_data.cpp,51,0,game data
piece,0x5048d8,12,src/game/side_data.cpp,49,0,game data
piece,0x5048cc,11,src/game/side_data.cpp,48,0,game data
piece,0x5048c4,5,src/game/side_data.cpp,47,0,game data
piece,0x50474c,45,src/game/side_data.cpp,15,0,game data
piece,0x504748,3,src/game/side_data.cpp,14,0,game data
piece,0x504744,3,src/game/side_data.cpp,13,0,game data
piece,0x504740,3,src/game/side_data.cpp,12,0,game data
piece,0x50473c,3,src/game/side_data.cpp,11,0,game data
piece,0x5048b8,10,src/game/side_data.cpp,46,0,game data
piece,0x5048ac,10,src/game/side_data.cpp,45,0,game data
piece,0x5048a0,9,src/game/side_data.cpp,44,0,game data
piece,0x504894,9,src/game/side_data.cpp,43,0,game data
piece,0x504888,11,src/game/side_data.cpp,42,0,game data
piece,0x50487c,10,src/game/side_data.cpp,41,0,game data
piece,0x504874,8,src/game/side_data.cpp,40,0,game data
piece,0x50486c,7,src/game/side_data.cpp,39,0,game data
piece,0x504860,10,src/game/side_data.cpp,38,0,game data
piece,0x504854,9,src/game/side_data.cpp,37,0,game data
piece,0x504844,15,src/game/side_data.cpp,36,0,game data
piece,0x504834,15,src/game/side_data.cpp,35,0,game data
piece,0x504824,14,src/game/side_data.cpp,34,0,game data
piece,0x504814,14,src/game/side_data.cpp,33,0,game data
piece,0x50480c,6,src/game/side_data.cpp,32,0,game data
piece,0x503f54,9,src/game/side_data.cpp,31,0,game data
piece,0x504800,10,src/game/side_data.cpp,30,0,game data
piece,0x5047f0,14,src/game/side_data.cpp,29,0,game data
piece,0x5047e0,13,src/game/side_data.cpp,28,0,game data
piece,0x5047d0,15,src/game/side_data.cpp,27,0,game data
piece,0x5047c0,14,src/game/side_data.cpp,26,0,game data
piece,0x5047b4,12,src/game/side_data.cpp,25,0,game data
piece,0x5047a8,10,src/game/side_data.cpp,24,0,game data
piece,0x50479c,11,src/game/side_data.cpp,23,0,game data
piece,0x50477c,9,src/game/side_data.cpp,20,0,game data
piece,0x504734,6,src/game/side_data.cpp,5,0,game data
piece,0x503720,9,src/game/side_data.cpp,4,0,game data
piece,0x504728,9,src/game/side_data.cpp,3,0,game data
piece,0x504708,15,src/game/settings.cpp,79,0,game data
piece,0x5046f4,17,src/game/settings.cpp,78,0,game data
piece,0x5046e0,18,src/game/settings.cpp,77,0,game data
piece,0x504718,15,src/game/settings.cpp,82,0,game data
piece,0x5046d4,12,src/game/settings.cpp,74,0,game data
piece,0x5046bc,21,src/game/settings.cpp,73,0,game data
piece,0x5046ac,14,src/game/settings.cpp,72,0,game data
piece,0x504698,18,src/game/settings.cpp,71,0,game data
piece,0x504688,14,src/game/settings.cpp,70,0,game data
piece,0x50467c,11,src/game/settings.cpp,69,0,game data
piece,0x504670,11,src/game/settings.cpp,68,0,game data
piece,0x504664,11,src/game/settings.cpp,67,0,game data
piece,0x504644,14,src/game/settings.cpp,65,0,game data
piece,0x504654,14,src/game/settings.cpp,66,0,game data
piece,0x504634,14,src/game/settings.cpp,64,0,game data
piece,0x504624,14,src/game/settings.cpp,63,0,game data
piece,0x504618,11,src/game/settings.cpp,62,0,game data
piece,0x504610,8,src/game/settings.cpp,61,0,game data
piece,0x504600,15,src/game/settings.cpp,60,0,game data
piece,0x5045f0,15,src/game/settings.cpp,59,0,game data
piece,0x5045e4,12,src/game/settings.cpp,57,0,game data
piece,0x5045d8,9,src/game/settings.cpp,54,0,game data
piece,0x5045cc,9,src/game/settings.cpp,53,0,game data
piece,0x5045c0,10,src/game/settings.cpp,52,0,game data
piece,0x5045a8,23,src/game/settings.cpp,51,0,game data
piece,0x504580,18,src/game/settings.cpp,48,0,game data
piece,0x504544,9,src/game/settings.cpp,43,0,game data
piece,0x504534,13,src/game/settings.cpp,42,0,game data
piece,0x504574,10,src/game/settings.cpp,47,0,game data
piece,0x504568,11,src/game/settings.cpp,46,0,game data
piece,0x50455c,11,src/game/settings.cpp,45,0,game data
piece,0x504550,10,src/game/settings.cpp,44,0,game data
piece,0x5044e8,6,src/game/settings.cpp,34,0,game data
piece,0x504528,10,src/game/settings.cpp,41,0,game data
piece,0x504520,7,src/game/settings.cpp,40,0,game data
piece,0x504518,6,src/game/settings.cpp,39,0,game data
piece,0x504510,8,src/game/settings.cpp,38,0,game data
piece,0x504504,9,src/game/settings.cpp,37,0,game data
piece,0x5044fc,6,src/game/settings.cpp,36,0,game data
piece,0x5044f0,9,src/game/settings.cpp,35,0,game data
piece,0x5044c0,20,src/game/settings.cpp,32,0,game data
piece,0x5044b0,13,src/game/settings.cpp,31,0,game data
piece,0x50449c,17,src/game/settings.cpp,30,0,game data
piece,0x50448c,13,src/game/settings.cpp,29,0,game data
piece,0x504474,23,src/game/settings.cpp,28,0,game data
piece,0x504464,16,src/game/settings.cpp,27,0,game data
piece,0x504450,20,src/game/settings.cpp,26,0,game data
piece,0x504440,16,src/game/settings.cpp,25,0,game data
piece,0x504418,17,src/game/settings.cpp,23,0,game data
piece,0x50442c,19,src/game/settings.cpp,24,0,game data
piece,0x50440c,12,src/game/settings.cpp,22,0,game data
piece,0x5043f8,19,src/game/settings.cpp,21,0,game data
piece,0x503300,28,src/game/settings.cpp,20,0,game data
piece,0x5043e8,13,src/game/settings.cpp,19,0,game data
piece,0x5043d8,14,src/game/settings.cpp,18,0,game data
piece,0x5043c4,18,src/game/settings.cpp,17,0,game data
piece,0x5043b4,14,src/game/settings.cpp,16,0,game data
piece,0x5043a4,15,src/game/settings.cpp,15,0,game data
piece,0x504398,10,src/game/settings.cpp,14,0,game data
piece,0x50459c,12,src/game/settings.cpp,50,0,game data
piece,0x504384,17,src/game/settings.cpp,13,0,game data
piece,0x50437c,6,src/game/settings.cpp,12,0,game data
piece,0x504368,8,src/game/settings.cpp,4,0,game data
piece,0x50435c,9,src/sound/sound_types.cpp,16,0,game data
piece,0x504354,6,src/sound/sound_types.cpp,10,0,game data
piece,0x504340,17,src/sound/sound_types.cpp,8,0,game data
piece,0x504338,5,src/sound/sound_types.cpp,7,0,game data
piece,0x504310,3,src/weapons/weapon_types.cpp,85,0,game data
piece,0x504300,15,src/weapons/weapon_types.cpp,83,0,game data
piece,0x4fd240,8,src/weapons/weapon_types.cpp,61,0,game data
piece,0x5042f0,14,src/weapons/weapon_types.cpp,82,0,game data
piece,0x5042dc,19,src/weapons/weapon_types.cpp,81,0,game data
piece,0x4fd248,8,src/weapons/weapon_types.cpp,61,8,game data
piece,0x5042c8,9,src/weapons/weapon_types.cpp,79,0,game data
piece,0x5042bc,11,src/weapons/weapon_types.cpp,78,0,game data
piece,0x4fd250,8,src/weapons/weapon_types.cpp,61,16,game data
piece,0x5042ac,14,src/weapons/weapon_types.cpp,77,0,game data
piece,0x50429c,13,src/weapons/weapon_types.cpp,76,0,game data
piece,0x50428c,13,src/weapons/weapon_types.cpp,75,0,game data
piece,0x504278,18,src/weapons/weapon_types.cpp,74,0,game data
piece,0x50426c,12,src/weapons/weapon_types.cpp,73,0,game data
piece,0x504260,12,src/weapons/weapon_types.cpp,72,0,game data
piece,0x503dd4,9,src/weapons/weapon_types.cpp,71,0,game data
piece,0x4fd258,8,src/weapons/weapon_types.cpp,61,24,game data
piece,0x504258,6,src/weapons/weapon_types.cpp,70,0,game data
piece,0x50424c,10,src/weapons/weapon_types.cpp,69,0,game data
piece,0x504240,11,src/weapons/weapon_types.cpp,68,0,game data
piece,0x504234,9,src/weapons/weapon_types.cpp,67,0,game data
piece,0x504228,12,src/weapons/weapon_types.cpp,66,0,game data
piece,0x50421c,11,src/weapons/weapon_types.cpp,65,0,game data
piece,0x504210,11,src/weapons/weapon_types.cpp,64,0,game data
piece,0x504204,9,src/weapons/weapon_types.cpp,63,0,game data
piece,0x5041f4,15,src/weapons/weapon_types.cpp,62,0,game data
piece,0x4fd260,8,src/weapons/weapon_types.cpp,61,32,game data
piece,0x5041e8,12,src/weapons/weapon_types.cpp,60,0,game data
piece,0x5041dc,11,src/weapons/weapon_types.cpp,59,0,game data
piece,0x5041d4,6,src/weapons/weapon_types.cpp,58,0,game data
piece,0x5041cc,7,src/weapons/weapon_types.cpp,57,0,game data
piece,0x5041bc,13,src/weapons/weapon_types.cpp,56,0,game data
piece,0x5041b0,9,src/weapons/weapon_types.cpp,55,0,game data
piece,0x5041a8,7,src/weapons/weapon_types.cpp,54,0,game data
piece,0x504190,10,src/weapons/weapon_types.cpp,52,0,game data
piece,0x504184,10,src/weapons/weapon_types.cpp,51,0,game data
piece,0x504174,13,src/weapons/weapon_types.cpp,50,0,game data
piece,0x504168,12,src/weapons/weapon_types.cpp,49,0,game data
piece,0x50415c,12,src/weapons/weapon_types.cpp,48,0,game data
piece,0x504150,11,src/weapons/weapon_types.cpp,47,0,game data
piece,0x504148,7,src/weapons/weapon_types.cpp,46,0,game data
piece,0x50413c,9,src/weapons/weapon_types.cpp,45,0,game data
piece,0x504130,10,src/weapons/weapon_types.cpp,44,0,game data
piece,0x504124,10,src/weapons/weapon_types.cpp,43,0,game data
piece,0x504118,9,src/weapons/weapon_types.cpp,42,0,game data
piece,0x50410c,9,src/weapons/weapon_types.cpp,41,0,game data
piece,0x504104,7,src/weapons/weapon_types.cpp,40,0,game data
piece,0x5040f8,12,src/weapons/weapon_types.cpp,39,0,game data
piece,0x5040ec,10,src/weapons/weapon_types.cpp,38,0,game data
piece,0x5040e0,11,src/weapons/weapon_types.cpp,37,0,game data
piece,0x5040d4,12,src/weapons/weapon_types.cpp,36,0,game data
piece,0x5040c8,11,src/weapons/weapon_types.cpp,35,0,game data
piece,0x5040bc,12,src/weapons/weapon_types.cpp,34,0,game data
piece,0x5040b4,8,src/weapons/weapon_types.cpp,33,0,game data
piece,0x5040ac,8,src/weapons/weapon_types.cpp,32,0,game data
piece,0x50409c,8,src/weapons/weapon_types.cpp,30,0,game data
piece,0x504090,10,src/weapons/weapon_types.cpp,29,0,game data
piece,0x504084,11,src/weapons/weapon_types.cpp,28,0,game data
piece,0x504078,9,src/weapons/weapon_types.cpp,27,0,game data
piece,0x50406c,9,src/weapons/weapon_types.cpp,26,0,game data
piece,0x504060,10,src/weapons/weapon_types.cpp,25,0,game data
piece,0x504050,15,src/weapons/weapon_types.cpp,24,0,game data
piece,0x504040,15,src/weapons/weapon_types.cpp,23,0,game data
piece,0x504030,14,src/weapons/weapon_types.cpp,22,0,game data
piece,0x504028,6,src/weapons/weapon_types.cpp,21,0,game data
piece,0x5036f0,4,src/weapons/weapon_types.cpp,20,0,game data
piece,0x5036e4,10,src/weapons/weapon_types.cpp,19,0,game data
piece,0x504018,13,src/weapons/weapon_types.cpp,18,0,game data
piece,0x504008,13,src/weapons/weapon_types.cpp,17,0,game data
piece,0x503ff4,17,src/weapons/weapon_types.cpp,16,0,game data
piece,0x503fe0,17,src/weapons/weapon_types.cpp,15,0,game data
piece,0x503fcc,18,src/weapons/weapon_types.cpp,14,0,game data
piece,0x503fb8,18,src/weapons/weapon_types.cpp,13,0,game data
piece,0x503fac,11,src/weapons/weapon_types.cpp,12,0,game data
piece,0x503fa0,9,src/weapons/weapon_types.cpp,11,0,game data
piece,0x503f94,11,src/weapons/weapon_types.cpp,10,0,game data
piece,0x503f8c,7,src/weapons/weapon_types.cpp,9,0,game data
piece,0x50339c,4,src/graphics/palette_tables.cpp,11,0,game data
piece,0x5033a4,8,src/graphics/palette_tables.cpp,4,0,game data
piece,0x503398,4,src/graphics/palette_tables.cpp,8,0,game data
piece,0x5033a0,4,src/graphics/palette_tables.cpp,5,0,game data
piece,0x503730,9,src/units/unit_types.cpp,160,0,game data
piece,0x503f7c,13,src/units/unit_types.cpp,159,0,game data
piece,0x503f70,9,src/units/unit_types.cpp,158,0,game data
piece,0x503f68,5,src/units/unit_types.cpp,157,0,game data
piece,0x503f60,7,src/units/unit_types.cpp,156,0,game data
piece,0x503944,51,src/units/unit_types.cpp,9,0,game data
piece,0x503f48,9,src/units/unit_types.cpp,147,0,game data
piece,0x503f30,24,src/units/unit_types.cpp,145,0,game data
piece,0x503f28,8,src/units/unit_types.cpp,144,0,game data
piece,0x4fd218,8,src/units/unit_types.cpp,35,8,game data
piece,0x4fd220,8,src/units/unit_types.cpp,35,16,game data
piece,0x4fd228,8,src/units/unit_types.cpp,35,24,game data
piece,0x4fd230,8,src/units/unit_types.cpp,35,32,game data
piece,0x4fd238,4,src/units/unit_types.cpp,35,40,game data
piece,0x503f1c,11,src/units/unit_types.cpp,143,0,game data
piece,0x503f18,4,src/units/unit_types.cpp,140,0,game data
piece,0x502b30,5,src/units/unit_types.cpp,137,0,game data
piece,0x503ec8,4,src/units/unit_types.cpp,126,0,game data
piece,0x503740,8,src/units/unit_types.cpp,125,0,game data
piece,0x503f00,24,src/units/unit_types.cpp,135,0,game data
piece,0x503ef0,16,src/units/unit_types.cpp,134,0,game data
piece,0x503ee4,9,src/units/unit_types.cpp,133,0,game data
piece,0x503ed8,11,src/units/unit_types.cpp,132,0,game data
piece,0x503ecc,12,src/units/unit_types.cpp,131,0,game data
piece,0x503ebc,12,src/units/unit_types.cpp,119,0,game data
piece,0x503ea8,19,src/units/unit_types.cpp,118,0,game data
piece,0x503e88,23,src/units/unit_types.cpp,117,0,game data
piece,0x503e70,23,src/units/unit_types.cpp,116,0,game data
piece,0x503e58,23,src/units/unit_types.cpp,115,0,game data
piece,0x503e48,16,src/units/unit_types.cpp,114,0,game data
piece,0x503e3c,12,src/units/unit_types.cpp,110,0,game data
piece,0x503e30,10,src/units/unit_types.cpp,109,0,game data
piece,0x503e20,13,src/units/unit_types.cpp,108,0,game data
piece,0x503e14,10,src/units/unit_types.cpp,107,0,game data
piece,0x503e08,11,src/units/unit_types.cpp,106,0,game data
piece,0x503df8,15,src/units/unit_types.cpp,105,0,game data
piece,0x503dec,10,src/units/unit_types.cpp,104,0,game data
piece,0x503de0,10,src/units/unit_types.cpp,103,0,game data
piece,0x503dc8,10,src/units/unit_types.cpp,101,0,game data
piece,0x503db8,14,src/units/unit_types.cpp,100,0,game data
piece,0x503da4,18,src/units/unit_types.cpp,99,0,game data
piece,0x503d98,11,src/units/unit_types.cpp,98,0,game data
piece,0x503d8c,10,src/units/unit_types.cpp,97,0,game data
piece,0x503d80,10,src/units/unit_types.cpp,96,0,game data
piece,0x503d70,14,src/units/unit_types.cpp,95,0,game data
piece,0x503d64,11,src/units/unit_types.cpp,94,0,game data
piece,0x503d54,14,src/units/unit_types.cpp,93,0,game data
piece,0x503d44,15,src/units/unit_types.cpp,92,0,game data
piece,0x503d34,14,src/units/unit_types.cpp,91,0,game data
piece,0x503d24,13,src/units/unit_types.cpp,90,0,game data
piece,0x503d18,10,src/units/unit_types.cpp,89,0,game data
piece,0x503d0c,11,src/units/unit_types.cpp,88,0,game data
piece,0x503d00,9,src/units/unit_types.cpp,87,0,game data
piece,0x503cf4,10,src/units/unit_types.cpp,86,0,game data
piece,0x503ce4,14,src/units/unit_types.cpp,85,0,game data
piece,0x503cd4,14,src/units/unit_types.cpp,84,0,game data
piece,0x503cc4,14,src/units/unit_types.cpp,83,0,game data
piece,0x503cb0,17,src/units/unit_types.cpp,82,0,game data
piece,0x503c9c,17,src/units/unit_types.cpp,81,0,game data
piece,0x503c94,7,src/units/unit_types.cpp,80,0,game data
piece,0x503c80,18,src/units/unit_types.cpp,79,0,game data
piece,0x503c6c,18,src/units/unit_types.cpp,78,0,game data
piece,0x503c5c,13,src/units/unit_types.cpp,77,0,game data
piece,0x503c4c,13,src/units/unit_types.cpp,76,0,game data
piece,0x503c44,8,src/units/unit_types.cpp,75,0,game data
piece,0x503c3c,8,src/units/unit_types.cpp,74,0,game data
piece,0x503c30,10,src/units/unit_types.cpp,73,0,game data
piece,0x503c20,16,src/units/unit_types.cpp,72,0,game data
piece,0x503c0c,17,src/units/unit_types.cpp,71,0,game data
piece,0x503c00,11,src/units/unit_types.cpp,70,0,game data
piece,0x503bf0,14,src/units/unit_types.cpp,69,0,game data
piece,0x503be4,9,src/units/unit_types.cpp,68,0,game data
piece,0x503bd8,10,src/units/unit_types.cpp,67,0,game data
piece,0x503bd0,8,src/units/unit_types.cpp,66,0,game data
piece,0x503bc4,10,src/units/unit_types.cpp,65,0,game data
piece,0x503bb0,19,src/units/unit_types.cpp,64,0,game data
piece,0x503ba4,11,src/units/unit_types.cpp,63,0,game data
piece,0x503b98,11,src/units/unit_types.cpp,62,0,game data
piece,0x503b90,8,src/units/unit_types.cpp,61,0,game data
piece,0x503b80,13,src/units/unit_types.cpp,60,0,game data
piece,0x503b6c,18,src/units/unit_types.cpp,59,0,game data
piece,0x503b64,7,src/units/unit_types.cpp,58,0,game data
piece,0x503b58,9,src/units/unit_types.cpp,57,0,game data
piece,0x503b50,8,src/units/unit_types.cpp,56,0,game data
piece,0x503b48,8,src/units/unit_types.cpp,55,0,game data
piece,0x503b3c,11,src/units/unit_types.cpp,54,0,game data
piece,0x503b30,10,src/units/unit_types.cpp,53,0,game data
piece,0x503b24,9,src/units/unit_types.cpp,52,0,game data
piece,0x503b10,18,src/units/unit_types.cpp,51,0,game data
piece,0x503b04,12,src/units/unit_types.cpp,50,0,game data
piece,0x503af8,12,src/units/unit_types.cpp,49,0,game data
piece,0x503af0,7,src/units/unit_types.cpp,48,0,game data
piece,0x503ae4,10,src/units/unit_types.cpp,47,0,game data
piece,0x503ad0,18,src/units/unit_types.cpp,46,0,game data
piece,0x503ac0,16,src/units/unit_types.cpp,45,0,game data
piece,0x503ab8,8,src/units/unit_types.cpp,44,0,game data
piece,0x503aac,10,src/units/unit_types.cpp,43,0,game data
piece,0x503aa0,9,src/units/unit_types.cpp,42,0,game data
piece,0x503a94,10,src/units/unit_types.cpp,41,0,game data
piece,0x503a8c,8,src/units/unit_types.cpp,40,0,game data
piece,0x503a84,8,src/units/unit_types.cpp,39,0,game data
piece,0x503a74,13,src/units/unit_types.cpp,38,0,game data
piece,0x503a64,13,src/units/unit_types.cpp,37,0,game data
piece,0x503a58,11,src/units/unit_types.cpp,36,0,game data
piece,0x4fd210,8,src/units/unit_types.cpp,35,0,game data
piece,0x503a50,8,src/units/unit_types.cpp,34,0,game data
piece,0x503a3c,20,src/units/unit_types.cpp,33,0,game data
piece,0x503a2c,16,src/units/unit_types.cpp,32,0,game data
piece,0x503a20,9,src/units/unit_types.cpp,31,0,game data
piece,0x5039fc,15,src/units/unit_types.cpp,28,0,game data
piece,0x5039dc,18,src/units/unit_types.cpp,26,0,game data
piece,0x5039c4,22,src/units/unit_types.cpp,25,0,game data
piece,0x5039b8,9,src/units/unit_types.cpp,24,0,game data
piece,0x5039a8,14,src/units/unit_types.cpp,23,0,game data
piece,0x5039a0,7,src/units/unit_types.cpp,22,0,game data
piece,0x503990,14,src/units/unit_types.cpp,21,0,game data
piece,0x503988,8,src/units/unit_types.cpp,15,0,game data
piece,0x503978,14,src/units/unit_types.cpp,14,0,game data
piece,0x503748,4,src/game/data_files_42a610.cpp,9,0,game data
piece,0x50373c,4,src/game/data_files_42a610.cpp,7,0,game data
piece,0x503710,13,src/game/data_files_42a440.cpp,4,0,game data
piece,0x503704,10,src/game/data_files_42a440.cpp,3,0,game data
piece,0x5036fc,6,src/game/data_files_42a320.cpp,5,0,game data
piece,0x5036f4,8,src/game/data_files_42a320.cpp,3,0,game data
piece,0x5036d0,18,src/game/data_files_42a140.cpp,3,0,game data
piece,0x5036cc,3,src/game/data_files_429870.cpp,71,0,game data
piece,0x5036c4,8,src/game/data_files_429870.cpp,70,0,game data
piece,0x5036bc,8,src/game/data_files_429870.cpp,69,0,game data
piece,0x5036b4,6,src/game/data_files_429870.cpp,68,0,game data
piece,0x5036a8,9,src/game/data_files_429870.cpp,67,0,game data
piece,0x5036a0,8,src/game/data_files_429870.cpp,66,0,game data
piece,0x503694,12,src/game/data_files_429870.cpp,65,0,game data
piece,0x50368c,8,src/game/data_files_429870.cpp,64,0,game data
piece,0x503680,9,src/game/data_files_429870.cpp,63,0,game data
piece,0x503674,11,src/game/data_files_429870.cpp,62,0,game data
piece,0x503668,12,src/game/data_files_429870.cpp,61,0,game data
piece,0x50365c,9,src/game/data_files_429870.cpp,60,0,game data
piece,0x503650,9,src/game/data_files_429870.cpp,59,0,game data
piece,0x503644,11,src/game/data_files_429870.cpp,58,0,game data
piece,0x503638,12,src/game/data_files_429870.cpp,57,0,game data
piece,0x50362c,10,src/game/data_files_429870.cpp,56,0,game data
piece,0x503620,9,src/game/data_files_429870.cpp,55,0,game data
piece,0x503614,9,src/game/data_files_429870.cpp,54,0,game data
piece,0x503608,9,src/game/data_files_429870.cpp,53,0,game data
piece,0x5035fc,9,src/game/data_files_429870.cpp,52,0,game data
piece,0x5035f4,6,src/game/data_files_429870.cpp,51,0,game data
piece,0x5035ec,7,src/game/data_files_429870.cpp,50,0,game data
piece,0x5035e0,9,src/game/data_files_429870.cpp,49,0,game data
piece,0x5035d4,10,src/game/data_files_429870.cpp,48,0,game data
piece,0x5035c8,9,src/game/data_files_429870.cpp,47,0,game data
piece,0x5035bc,9,src/game/data_files_429870.cpp,46,0,game data
piece,0x5035b0,9,src/game/data_files_429870.cpp,45,0,game data
piece,0x5035a8,8,src/game/data_files_429870.cpp,44,0,game data
piece,0x5035a4,4,src/game/data_files_429870.cpp,43,0,game data
piece,0x50359c,7,src/game/data_files_429870.cpp,42,0,game data
piece,0x503594,7,src/game/data_files_429870.cpp,41,0,game data
piece,0x50358c,7,src/game/data_files_429870.cpp,40,0,game data
piece,0x503584,7,src/game/data_files_429870.cpp,39,0,game data
piece,0x50357c,6,src/game/data_files_429870.cpp,38,0,game data
piece,0x503574,6,src/game/data_files_429870.cpp,37,0,game data
piece,0x50356c,6,src/game/data_files_429870.cpp,36,0,game data
piece,0x503564,6,src/game/data_files_429870.cpp,35,0,game data
piece,0x50355c,8,src/game/data_files_429870.cpp,34,0,game data
piece,0x50354c,13,src/game/data_files_429870.cpp,33,0,game data
piece,0x50353c,16,src/game/data_files_429870.cpp,32,0,game data
piece,0x50352c,13,src/game/data_files_429870.cpp,31,0,game data
piece,0x50351c,14,src/game/data_files_429870.cpp,30,0,game data
piece,0x50350c,13,src/game/data_files_429870.cpp,29,0,game data
piece,0x5034fc,13,src/game/data_files_429870.cpp,28,0,game data
piece,0x5034ec,13,src/game/data_files_429870.cpp,27,0,game data
piece,0x5034dc,13,src/game/data_files_429870.cpp,26,0,game data
piece,0x5034cc,15,src/game/data_files_429870.cpp,25,0,game data
piece,0x5034bc,16,src/game/data_files_429870.cpp,24,0,game data
piece,0x5034b0,11,src/game/data_files_429870.cpp,23,0,game data
piece,0x5034a0,13,src/game/data_files_429870.cpp,22,0,game data
piece,0x503494,11,src/game/data_files_429870.cpp,21,0,game data
piece,0x503484,13,src/game/data_files_429870.cpp,20,0,game data
piece,0x503474,15,src/game/data_files_429870.cpp,19,0,game data
piece,0x503468,10,src/game/data_files_429870.cpp,18,0,game data
piece,0x50345c,10,src/game/data_files_429870.cpp,17,0,game data
piece,0x50344c,13,src/game/data_files_429870.cpp,16,0,game data
piece,0x50343c,16,src/game/data_files_429870.cpp,15,0,game data
piece,0x503430,9,src/game/data_files_429870.cpp,14,0,game data
piece,0x503420,13,src/game/data_files_429870.cpp,13,0,game data
piece,0x503408,8,src/game/data_files_429870.cpp,9,0,game data
piece,0x5033fc,11,src/game/data_files_429870.cpp,8,0,game data
piece,0x5033ec,7,src/game/data_files_429870.cpp,6,0,game data
piece,0x5033e0,9,src/game/data_files_429870.cpp,5,0,game data
piece,0x5033d4,10,src/game/data_files_429870.cpp,4,0,game data
piece,0x5033c8,9,src/game/data_files_429870.cpp,3,0,game data
piece,0x5033b8,16,src/game/data_files_429700.cpp,3,0,game data
piece,0x5033ac,9,src/game/data_files_4295b0.cpp,3,0,game data
piece,0x50336c,8,src/game/data_files_429000.cpp,8,0,game data
piece,0x50334c,11,src/game/data_files_429000.cpp,5,0,game data
piece,0x503344,5,src/game/data_files_429000.cpp,4,0,game data
piece,0x4fd118,235,src/game/data_files_429000.cpp,3,0,game data
piece,0x5032a4,51,src/ai/ai_profile.cpp,11,0,game data
piece,0x5032d8,14,src/ai/ai_profile.cpp,12,0,game data
piece,0x503234,10,src/frontend/frontend_4269d0.cpp,10,0,game data
piece,0x503224,15,src/frontend/frontend_4269d0.cpp,9,0,game data
piece,0x503210,11,src/frontend/frontend_4269d0.cpp,7,0,game data
piece,0x503200,14,src/frontend/frontend_4269d0.cpp,6,0,game data
piece,0x5031fc,4,src/frontend/frontend_426780.cpp,4,0,game data
piece,0x5031e4,13,src/frontend/frontend_4263b0.cpp,13,0,game data
piece,0x5031d8,10,src/frontend/frontend_4263b0.cpp,12,0,game data
piece,0x5031b4,5,src/frontend/frontend_4263b0.cpp,7,0,game data
piece,0x5031a8,12,src/frontend/frontend_4263b0.cpp,6,0,game data
piece,0x5031a0,7,src/frontend/frontend_4263b0.cpp,5,0,game data
piece,0x503174,39,src/frontend/frontend_4263b0.cpp,3,0,game data
piece,0x503144,25,src/frontend/frontend_426200.cpp,4,0,game data
piece,0x503118,7,src/frontend/frontend_425d80.cpp,18,0,game data
piece,0x503110,6,src/frontend/frontend_425d80.cpp,16,0,game data
piece,0x503100,10,src/frontend/frontend_425d80.cpp,14,0,game data
piece,0x5030f8,5,src/frontend/frontend_425d80.cpp,13,0,game data
piece,0x5030b8,6,src/frontend/frontend_425d80.cpp,11,0,game data
piece,0x5030ac,10,src/frontend/frontend_425d80.cpp,10,0,game data
piece,0x503070,57,src/frontend/frontend_425d80.cpp,9,0,game data
piece,0x50303c,52,src/frontend/frontend_425d80.cpp,8,0,game data
piece,0x50302c,5,src/frontend/frontend_425d80.cpp,4,0,game data
piece,0x503024,8,src/frontend/frontend_425d80.cpp,3,0,game data
piece,0x502f8c,9,src/map/features_424c00.cpp,11,0,game data
piece,0x502f78,19,src/map/features_424c00.cpp,10,0,game data
piece,0x502f3c,26,src/map/features_424c00.cpp,8,0,game data
piece,0x502ef4,16,src/map/features_424c00.cpp,7,0,game data
piece,0x502f04,29,src/map/features_424c00.cpp,6,0,game data
piece,0x502f58,19,src/map/features_424c00.cpp,5,0,game data
piece,0x502f24,22,src/map/features_424c00.cpp,4,0,game data
piece,0x502f6c,12,src/map/features_424c00.cpp,3,0,game data
piece,0x4fd040,8,src/map/features_4237d0.cpp,3,0,game data
piece,0x4fd048,8,src/map/features_4237d0.cpp,3,8,game data
piece,0x502ee8,9,src/map/features_4233a0.cpp,3,0,game data
piece,0x502edc,12,src/map/features_422ea0.cpp,5,0,game data
piece,0x502ec8,17,src/map/features_422ea0.cpp,4,0,game data
piece,0x502eb8,13,src/map/features_422ea0.cpp,3,0,game data
piece,0x502e90,39,src/map/features_4224b0.cpp,45,0,game data
piece,0x502e84,9,src/map/features_4224b0.cpp,44,0,game data
piece,0x502e6c,11,src/map/features_4224b0.cpp,42,0,game data
piece,0x502e60,11,src/map/features_4224b0.cpp,41,0,game data
piece,0x502e50,7,src/map/features_4224b0.cpp,39,0,game data
piece,0x502e3c,6,src/map/features_4224b0.cpp,37,0,game data
piece,0x502e28,8,src/map/features_4224b0.cpp,34,0,game data
piece,0x502e1c,12,src/map/features_4224b0.cpp,33,0,game data
piece,0x502e10,12,src/map/features_4224b0.cpp,32,0,game data
piece,0x502e00,16,src/map/features_4224b0.cpp,31,0,game data
piece,0x502df4,11,src/map/features_4224b0.cpp,30,0,game data
piece,0x502de4,15,src/map/features_4224b0.cpp,29,0,game data
piece,0x502dd0,17,src/map/features_4224b0.cpp,28,0,game data
piece,0x502db8,21,src/map/features_4224b0.cpp,27,0,game data
piece,0x502da8,13,src/map/features_4224b0.cpp,26,0,game data
piece,0x502d9c,10,src/map/features_4224b0.cpp,25,0,game data
piece,0x502d8c,14,src/map/features_4224b0.cpp,24,0,game data
piece,0x5024ac,6,src/map/features_4224b0.cpp,23,0,game data
piece,0x5024a4,7,src/map/features_4224b0.cpp,22,0,game data
piece,0x502d84,7,src/map/features_4224b0.cpp,21,0,game data
piece,0x502d78,10,src/map/features_4224b0.cpp,20,0,game data
piece,0x502d6c,10,src/map/features_4224b0.cpp,19,0,game data
piece,0x502d60,10,src/map/features_4224b0.cpp,18,0,game data
piece,0x502d54,9,src/map/features_4224b0.cpp,17,0,game data
piece,0x502d48,11,src/map/features_4224b0.cpp,16,0,game data
piece,0x502d3c,9,src/map/features_4224b0.cpp,15,0,game data
piece,0x502d30,12,src/map/features_4224b0.cpp,14,0,game data
piece,0x502d20,16,src/map/features_4224b0.cpp,13,0,game data
piece,0x502d10,15,src/map/features_4224b0.cpp,12,0,game data
piece,0x502d00,14,src/map/features_4224b0.cpp,11,0,game data
piece,0x502cf0,16,src/map/features_4224b0.cpp,10,0,game data
piece,0x502ce0,13,src/map/features_4224b0.cpp,9,0,game data
piece,0x502ccc,18,src/map/features_4224b0.cpp,8,0,game data
piece,0x502cbc,14,src/map/features_4224b0.cpp,7,0,game data
piece,0x502ca8,19,src/map/features_4224b0.cpp,6,0,game data
piece,0x502c9c,10,src/map/features_4224b0.cpp,5,0,game data
piece,0x4fd038,8,src/map/features_4224b0.cpp,4,0,game data
piece,0x502c90,11,src/map/features_4224b0.cpp,3,0,game data
piece,0x502c88,6,src/map/features_4222e0.cpp,4,0,game data
piece,0x4fd030,4,src/map/features_422040.cpp,3,0,game data
piece,0x502c68,18,src/map/features_421f20.cpp,4,0,game data
piece,0x502c58,13,src/map/features_421f20.cpp,3,0,game data
piece,0x4fd020,4,src/weapons/explosions_421700.cpp,3,0,game data
piece,0x4fd024,4,src/weapons/explosions_421700.cpp,3,4,game data
piece,0x4fd028,4,src/weapons/explosions_421700.cpp,3,8,game data
piece,0x502c38,16,src/weapons/explosions_420cb0.cpp,3,0,game data
piece,0x502be0,24,src/frontend/endgame_41f7f0.cpp,18,0,game data
piece,0x502b40,12,src/frontend/endgame_41f7f0.cpp,16,0,game data
piece,0x502a84,31,src/frontend/endgame_41f7f0.cpp,15,0,game data
piece,0x502bc0,19,src/frontend/endgame_41f7f0.cpp,14,0,game data
piece,0x502ba4,10,src/frontend/endgame_41f7f0.cpp,10,0,game data
piece,0x502b98,10,src/frontend/endgame_41f7f0.cpp,9,0,game data
piece,0x502b90,8,src/frontend/endgame_41f7f0.cpp,8,0,game data
piece,0x502b88,8,src/frontend/endgame_41f7f0.cpp,7,0,game data
piece,0x502b80,6,src/frontend/endgame_41f7f0.cpp,6,0,game data
piece,0x502b6c,20,src/frontend/endgame_41f7f0.cpp,5,0,game data
piece,0x502b5c,15,src/frontend/endgame_41f7f0.cpp,4,0,game data
piece,0x502b4c,13,src/frontend/endgame_41f7f0.cpp,3,0,game data
piece,0x502aec,5,src/frontend/endgame_41f400.cpp,7,0,game data
piece,0x502b24,11,src/frontend/endgame_41f400.cpp,4,0,game data
piece,0x502aa4,9,src/frontend/endgame_41f400.cpp,3,0,game data
piece,0x502b18,11,src/frontend/endgame_41f0a0.cpp,11,0,game data
piece,0x502b0c,10,src/frontend/endgame_41f0a0.cpp,10,0,game data
piece,0x502b00,9,src/frontend/endgame_41f0a0.cpp,9,0,game data
piece,0x502af4,9,src/frontend/endgame_41f0a0.cpp,7,0,game data
piece,0x502a24,13,src/frontend/endgame_41eb60.cpp,4,0,game data
piece,0x502a10,13,src/frontend/endgame_41eaa0.cpp,3,0,game data
piece,0x502a00,14,src/frontend/endgame_41e420.cpp,12,0,game data
piece,0x4fd008,4,src/frontend/endgame_41e420.cpp,10,0,game data
piece,0x4fd00c,4,src/frontend/endgame_41e420.cpp,10,4,game data
piece,0x5029f0,8,src/frontend/endgame_41e420.cpp,9,0,game data
piece,0x5029e4,9,src/frontend/endgame_41e420.cpp,8,0,game data
piece,0x5029d8,12,src/frontend/endgame_41e420.cpp,7,0,game data
piece,0x5029cc,12,src/frontend/endgame_41e420.cpp,6,0,game data
piece,0x5029c0,10,src/frontend/endgame_41e420.cpp,5,0,game data
piece,0x5029b4,10,src/frontend/endgame_41e420.cpp,4,0,game data
piece,0x5029ac,8,src/frontend/endgame_41e420.cpp,3,0,game data
piece,0x5029a0,10,src/frontend/endgame_41da60.cpp,11,0,game data
piece,0x502990,15,src/frontend/endgame_41da60.cpp,10,0,game data
piece,0x502980,15,src/frontend/endgame_41da60.cpp,9,0,game data
piece,0x502964,16,src/frontend/endgame_41da60.cpp,6,0,game data
piece,0x502950,18,src/frontend/endgame_41da60.cpp,5,0,game data
piece,0x502944,9,src/frontend/endgame_41da60.cpp,4,0,game data
piece,0x502938,9,src/frontend/endgame_41da60.cpp,3,0,game data
piece,0x50292c,12,src/frontend/endgame_41d920.cpp,6,0,game data
piece,0x502920,9,src/frontend/endgame_41d920.cpp,5,0,game data
piece,0x502914,10,src/game/cd_check.cpp,19,0,game data
piece,0x502904,12,src/game/cd_check.cpp,15,0,game data
piece,0x5028e8,14,src/game/cd_check.cpp,13,0,game data
piece,0x5028dc,9,src/game/cd_check.cpp,12,0,game data
piece,0x5028d8,3,src/game/cd_check.cpp,9,0,game data
piece,0x5028cc,10,src/game/cd_check.cpp,8,0,game data
piece,0x5028c4,6,src/game/cd_check.cpp,7,0,game data
piece,0x5028bc,6,src/game/cd_check.cpp,6,0,game data
piece,0x5028b4,6,src/game/cd_check.cpp,5,0,game data
piece,0x5028a8,10,src/game/cd_check.cpp,4,0,game data
piece,0x5028a0,7,src/game/cd_check.cpp,3,0,game data
piece,0x502850,14,src/ingame/control_panel_41c060.cpp,3,0,game data
piece,0x4fcc8c,4,src/ingame/control_panel_41bd10.cpp,3,0,game data
piece,0x4fcca0,4,src/ingame/control_panel_41bd10.cpp,3,4,game data
piece,0x4fcc88,4,src/ingame/control_panel_419560.cpp,83,0,game data
piece,0x4fcc90,8,src/ingame/control_panel_419560.cpp,83,8,game data
piece,0x4fcc98,8,src/ingame/control_panel_419560.cpp,83,16,game data
piece,0x502844,12,src/ingame/control_panel_419560.cpp,96,0,game data
piece,0x502838,9,src/ingame/control_panel_41b2e0.cpp,3,0,game data
piece,0x50282c,10,src/ingame/control_panel_419560.cpp,86,0,game data
piece,0x502818,5,src/ingame/control_panel_419560.cpp,80,0,game data
piece,0x5027e4,7,src/ingame/control_panel_419560.cpp,69,0,game data
piece,0x5027dc,7,src/ingame/control_panel_419560.cpp,68,0,game data
piece,0x502670,6,src/ingame/control_panel_419560.cpp,22,0,game data
piece,0x50274c,7,src/ingame/control_panel_419560.cpp,53,0,game data
piece,0x5027f8,13,src/ingame/control_panel_419560.cpp,73,0,game data
piece,0x502754,6,src/ingame/control_panel_419560.cpp,54,0,game data
piece,0x5027ec,12,src/ingame/control_panel_419560.cpp,72,0,game data
piece,0x5026b8,9,src/ingame/control_panel_419560.cpp,30,0,game data
piece,0x50273c,8,src/ingame/control_panel_419560.cpp,51,0,game data
piece,0x5027c8,19,src/ingame/control_panel_419560.cpp,65,0,game data
piece,0x5027b8,14,src/ingame/control_panel_419560.cpp,64,0,game data
piece,0x502734,8,src/ingame/control_panel_419560.cpp,50,0,game data
piece,0x5027a4,19,src/ingame/control_panel_419560.cpp,63,0,game data
piece,0x502794,14,src/ingame/control_panel_419560.cpp,62,0,game data
piece,0x502744,6,src/ingame/control_panel_419560.cpp,52,0,game data
piece,0x502780,10,src/ingame/control_panel_419560.cpp,60,0,game data
piece,0x502774,9,src/ingame/control_panel_419560.cpp,59,0,game data
piece,0x5026e4,14,src/ingame/control_panel_419560.cpp,40,0,game data
piece,0x502768,9,src/ingame/control_panel_419560.cpp,58,0,game data
piece,0x50275c,11,src/ingame/control_panel_419560.cpp,57,0,game data
piece,0x50272c,5,src/ingame/control_panel_419560.cpp,47,0,game data
piece,0x50270c,7,src/ingame/control_panel_419560.cpp,44,0,game data
piece,0x5026fc,7,src/ingame/control_panel_419560.cpp,42,0,game data
piece,0x5026f4,7,src/ingame/control_panel_419560.cpp,41,0,game data
piece,0x5026cc,7,src/ingame/control_panel_419560.cpp,36,0,game data
piece,0x502704,6,src/ingame/control_panel_419560.cpp,43,0,game data
piece,0x50271c,16,src/ingame/control_panel_419560.cpp,46,0,game data
piece,0x5026ac,9,src/ingame/control_panel_419560.cpp,29,0,game data
piece,0x5026a0,9,src/ingame/control_panel_419560.cpp,28,0,game data
piece,0x502694,9,src/ingame/control_panel_419560.cpp,27,0,game data
piece,0x502660,4,src/ingame/control_panel_419560.cpp,15,0,game data
piece,0x502664,5,src/ingame/control_panel_419560.cpp,18,0,game data
piece,0x502614,43,src/game/share_commands.cpp,30,0,game data
piece,0x5025f0,35,src/game/share_commands.cpp,25,0,game data
piece,0x5025cc,34,src/game/share_commands.cpp,22,0,game data
piece,0x50253c,26,src/game/share_commands.cpp,3,0,game data
piece,0x502560,27,src/game/share_commands.cpp,8,0,game data
piece,0x50257c,28,src/game/share_commands.cpp,11,0,game data
piece,0x5025b0,26,src/game/share_commands.cpp,17,0,game data
piece,0x502598,24,src/game/share_commands.cpp,14,0,game data
piece,0x502534,2,src/game/console_commands_418310.cpp,3,0,game data
piece,0x502520,20,src/game/console_commands_417a60.cpp,3,0,game data
piece,0x502510,16,src/game/console_commands_417890.cpp,3,0,game data
piece,0x50250c,4,src/game/console_commands_417600.cpp,5,0,game data
piece,0x5024f4,8,src/game/console_commands_417600.cpp,3,0,game data
piece,0x5024e4,16,src/game/console_commands_417430.cpp,5,0,game data
piece,0x5024d8,9,src/game/console_commands_417430.cpp,4,0,game data
piece,0x5024bc,25,src/game/console_commands_417430.cpp,3,0,game data
piece,0x4fcc80,4,src/game/console_commands_417290.cpp,3,0,game data
piece,0x4fcc7c,4,src/game/console_commands_4170c0.cpp,3,0,game data
piece,0x5024b4,6,src/game/console_commands_416e90.cpp,6,0,game data
piece,0x4fcc78,4,src/game/console_commands_416db0.cpp,3,0,game data
piece,0x50248c,21,src/game/console_commands_4168d0.cpp,3,0,game data
piece,0x502484,5,src/game/console_commands_416240.cpp,59,0,game data
piece,0x4fcc70,8,src/game/console_commands_416240.cpp,50,0,game data
piece,0x502478,12,src/game/console_commands_416240.cpp,3,0,game data
piece,0x50244c,44,src/network/net_stats.cpp,27,0,game data
piece,0x4fcc40,4,src/orders/vtol_orders_4158d0.cpp,3,0,game data
piece,0x4fcc58,8,src/orders/vtol_orders_4152f0.cpp,6,0,game data
piece,0x4fcc64,4,src/orders/vtol_orders_4152f0.cpp,7,0,game data
piece,0x5012dc,16,src/orders/vtol_orders_415250.cpp,4,0,game data
piece,0x5012cc,14,src/orders/vtol_orders_415250.cpp,3,0,game data
piece,0x5016ac,22,src/orders/vtol_orders_414e70.cpp,8,0,game data
piece,0x501cfc,22,src/orders/vtol_orders_414e70.cpp,7,0,game data
piece,0x501638,19,src/orders/vtol_orders_414a80.cpp,7,0,game data
piece,0x50164c,30,src/orders/vtol_orders_414a80.cpp,6,0,game data
piece,0x4fcc54,4,src/orders/vtol_orders_414770.cpp,5,0,game data
piece,0x4fcc50,4,src/orders/vtol_orders_414770.cpp,5,4,game data
piece,0x501cc4,9,src/orders/vtol_orders_414380.cpp,5,0,game data
piece,0x501cd0,42,src/orders/vtol_orders_414380.cpp,3,0,game data
piece,0x5015a4,24,src/orders/vtol_orders_413d80.cpp,11,0,game data
piece,0x50155c,33,src/orders/vtol_orders_413d80.cpp,9,0,game data
piece,0x501544,24,src/orders/vtol_orders_413d80.cpp,8,0,game data
piece,0x501310,32,src/orders/vtol_orders_413d80.cpp,7,0,game data
piece,0x5012f8,22,src/orders/vtol_orders_413d80.cpp,6,0,game data
piece,0x501cb8,9,src/orders/vtol_orders_413d80.cpp,5,0,game data
piece,0x501530,18,src/orders/vtol_orders_413d80.cpp,3,0,game data
piece,0x501c9c,16,src/orders/vtol_orders_413470.cpp,7,0,game data
piece,0x501cac,11,src/orders/vtol_orders_412d40.cpp,6,0,game data
piece,0x501c8c,16,src/orders/vtol_orders_4118e0.cpp,15,0,game data
piece,0x501c14,16,src/orders/vtol_orders_4118e0.cpp,5,0,game data
piece,0x501c7c,15,src/orders/vtol_orders_4118e0.cpp,13,0,game data
piece,0x501c54,39,src/orders/vtol_orders_4118e0.cpp,12,0,game data
piece,0x501b0c,13,src/orders/vtol_orders_4118e0.cpp,11,0,game data
piece,0x501c30,35,src/orders/vtol_orders_4118e0.cpp,10,0,game data
piece,0x501c24,11,src/orders/vtol_orders_4118e0.cpp,8,0,game data
piece,0x501bfc,22,src/orders/vtol_orders_411560.cpp,4,0,game data
piece,0x5016d8,25,src/orders/vtol_orders_4111b0.cpp,11,0,game data
piece,0x501bdc,31,src/orders/vtol_orders_4111b0.cpp,10,0,game data
piece,0x501bc4,24,src/orders/vtol_orders_4111b0.cpp,8,0,game data
piece,0x501bb4,15,src/orders/vtol_orders_4111b0.cpp,7,0,game data
piece,0x501ba4,15,src/orders/vtol_orders_4111b0.cpp,6,0,game data
piece,0x4fcc60,4,src/orders/vtol_orders_410850.cpp,3,0,game data
piece,0x501b1c,15,src/orders/vtol_orders_40fbe0.cpp,3,0,game data
piece,0x5012bc,15,src/orders/vtol_orders_40f7d0.cpp,3,0,game data
piece,0x50192c,28,src/ai/pathfind.cpp,45,0,game data
piece,0x501908,17,src/ai/ai_player_40c250.cpp,19,0,game data
piece,0x5018ec,25,src/ai/ai_player_40c250.cpp,18,0,game data
piece,0x5018e4,8,src/ai/ai_player_40c250.cpp,17,0,game data
piece,0x5018d8,6,src/ai/ai_player_40c250.cpp,15,0,game data
piece,0x5018c4,17,src/ai/ai_player_40c250.cpp,14,0,game data
piece,0x5018b0,19,src/ai/ai_player_40c250.cpp,13,0,game data
piece,0x50189c,19,src/ai/ai_player_40c250.cpp,12,0,game data
piece,0x501894,5,src/ai/ai_player_40c250.cpp,11,0,game data
piece,0x50188c,7,src/ai/ai_player_40c250.cpp,10,0,game data
piece,0x501884,5,src/ai/ai_player_40c250.cpp,9,0,game data
piece,0x501870,19,src/ai/ai_player_40c250.cpp,8,0,game data
piece,0x50183c,51,src/ai/ai_player_40c250.cpp,7,0,game data
piece,0x5017e0,92,src/ai/ai_player_40c250.cpp,6,0,game data
piece,0x5017d8,5,src/ai/ai_player_40c250.cpp,5,0,game data
piece,0x5017d4,4,src/ai/ai_player_40c250.cpp,4,0,game data
piece,0x5017ac,39,src/ai/ai_player_40c250.cpp,3,0,game data
piece,0x4fc9b8,4,src/ai/ai_player_40bfe0.cpp,3,0,game data
piece,0x4fc9f0,4,src/ai/ai_player_40bb00.cpp,3,0,game data
piece,0x4fc9f4,4,src/ai/ai_player_40bb00.cpp,3,4,game data
piece,0x4fc9f8,4,src/ai/ai_player_40bb00.cpp,3,8,game data
piece,0x4fc9fc,4,src/ai/ai_player_40bb00.cpp,3,16,game data
piece,0x4fca00,4,src/ai/ai_player_40bb00.cpp,3,20,game data
piece,0x4fca04,4,src/ai/ai_player_40bb00.cpp,3,24,game data
piece,0x4fca08,4,src/ai/ai_player_40bb00.cpp,3,28,game data
piece,0x4fc9cc,4,src/ai/ai_player_40bb00.cpp,3,32,game data
piece,0x4fc9d8,8,src/ai/player_ai.cpp,3,8,game data
piece,0x4fc9e0,8,src/ai/player_ai.cpp,3,16,game data
piece,0x4fc9e8,8,src/ai/player_ai.cpp,3,24,game data
piece,0x4fc9bc,4,src/ai/ai_player_409730.cpp,5,4,game data
piece,0x4fc9c0,4,src/ai/ai_player_409730.cpp,5,8,game data
piece,0x4fc9c4,4,src/ai/ai_player_409730.cpp,5,12,game data
piece,0x4fc9c8,4,src/ai/ai_player_409730.cpp,5,16,game data
piece,0x4fc9d0,4,src/ai/ai_player_409730.cpp,5,24,game data
piece,0x4fc9d4,4,src/ai/ai_player_409730.cpp,5,28,game data
piece,0x4fc9b0,8,src/ai/ai_player_406c90.cpp,78,0,game data
piece,0x4fc9a8,8,src/ai/ai_player_406c90.cpp,69,0,game data
piece,0x4fc980,8,src/ai/ai_player_406c90.cpp,33,0,game data
piece,0x4fc988,8,src/ai/ai_player_406c90.cpp,50,0,game data
piece,0x4fc990,8,src/ai/ai_player_406c90.cpp,55,0,game data
piece,0x4fc998,8,src/ai/ai_player_406c90.cpp,62,0,game data
piece,0x4fc968,4,src/ai/ai_player_406c90.cpp,28,0,game data
piece,0x4fc970,8,src/ai/ai_player_407d40.cpp,8,0,game data
piece,0x5017a4,5,src/ai/ai_player_406c90.cpp,21,0,game data
piece,0x50179c,7,src/ai/ai_player_406c90.cpp,20,0,game data
piece,0x501794,6,src/ai/ai_player_406c90.cpp,19,0,game data
piece,0x501790,4,src/ai/ai_player_406c90.cpp,8,0,game data
piece,0x501788,5,src/ai/ai_player_406c90.cpp,7,0,game data
piece,0x501780,7,src/ai/ai_player_406c90.cpp,6,0,game data
piece,0x501778,5,src/ai/ai_player_406c90.cpp,5,0,game data
piece,0x501744,46,src/orders/unit_orders_406900.cpp,6,0,game data
piece,0x501734,14,src/orders/unit_orders_406900.cpp,4,0,game data
piece,0x4fc958,8,src/orders/unit_orders_406900.cpp,3,0,game data
piece,0x501714,31,src/orders/unit_orders_406780.cpp,6,0,game data
piece,0x501704,13,src/orders/unit_orders_406780.cpp,5,0,game data
piece,0x5016f4,16,src/orders/unit_orders_406780.cpp,4,0,game data
piece,0x4fc920,4,src/orders/unit_orders_405d90.cpp,3,0,game data
piece,0x4fc950,8,src/orders/unit_orders_405980.cpp,5,0,game data
piece,0x4fc960,4,src/orders/unit_orders_405980.cpp,4,0,game data
piece,0x4fc910,8,src/orders/unit_orders_405300.cpp,4,8,game data
piece,0x4fc918,8,src/orders/unit_orders_405300.cpp,4,16,game data
piece,0x501698,20,src/orders/unit_orders_404db0.cpp,7,0,game data
piece,0x501684,20,src/orders/unit_orders_404db0.cpp,6,0,game data
piece,0x4fc948,8,src/orders/unit_orders_404db0.cpp,5,0,game data
piece,0x50166c,22,src/orders/unit_orders_404db0.cpp,3,0,game data
piece,0x4fc940,4,src/orders/unit_orders_404ad0.cpp,3,0,game data
piece,0x4fc944,4,src/orders/unit_orders_404ad0.cpp,3,4,game data
piece,0x501618,29,src/orders/unit_orders_404270.cpp,20,0,game data
piece,0x5015e0,53,src/orders/unit_orders_404270.cpp,19,0,game data
piece,0x4fc930,4,src/orders/unit_orders_404270.cpp,4,32,game data
piece,0x4fc934,4,src/orders/unit_orders_404270.cpp,4,36,game data
piece,0x4fc938,4,src/orders/unit_orders_404270.cpp,4,40,game data
piece,0x4fc93c,4,src/orders/unit_orders_404270.cpp,4,44,game data
piece,0x5015d0,15,src/orders/unit_orders_404270.cpp,17,0,game data
piece,0x4fc928,8,src/orders/unit_orders_403f70.cpp,4,0,game data
piece,0x5015bc,18,src/orders/unit_orders_403f70.cpp,5,0,game data
piece,0x501580,36,src/orders/unit_orders_403a20.cpp,10,0,game data
piece,0x5012ec,9,src/orders/unit_orders_403a20.cpp,5,0,game data
piece,0x4fc6d0,4,src/orders/unit_orders_401c20.cpp,20,0,game data
piece,0x501358,5,src/orders/unit_orders_401c20.cpp,36,0,game data
piece,0x4fc6d4,4,src/orders/unit_orders_401c20.cpp,20,4,game data
piece,0x4fc6d8,8,src/orders/unit_orders_401c20.cpp,20,8,game data
piece,0x4fc6e0,8,src/orders/unit_orders_401c20.cpp,20,16,game data
piece,0x501340,21,src/orders/unit_orders_401c20.cpp,29,0,game data
piece,0x501330,15,src/orders/unit_orders_401c20.cpp,28,0,game data
piece,0x4fc478,8,src/game/economy_401360.cpp,3,0,game data
piece,0x4fc480,8,src/game/economy_401360.cpp,3,8,game data
piece,0x4fc488,8,src/game/economy_401360.cpp,3,16,game data
piece,0x501090,9,src/game/economy.cpp,17,0,game data
piece,0x4f2c90,6,LIBCMT.LIB#135,4,0,library code
piece,0x4fdf28,2,LIBCMT.LIB#553,3,8,library data
piece,0x4fdf2a,10,LIBCMT.LIB#553,3,10,library data
piece,0x50e3ca,10,LIBCMT.LIB#543,2,10,library data
piece,0x50e374,10,LIBCMT.LIB#547,2,20,library data
piece,0x50e39a,32,LIBCMT.LIB#547,2,58,library data
piece,0x50e330,8,LIBCMT.LIB#584,1,24,library data
piece,0x529ee8,4,LIBCMT.LIB#332,1,28,library data
piece,0x529ef8,4,LIBCMT.LIB#332,1,44,library data
piece,0x529f00,4,LIBCMT.LIB#332,1,52,library data
piece,0x529f40,4,LIBCMT.LIB#331,2,4,library data
piece,0x50deb0,4,LIBCMT.LIB#532,1,0,library data
piece,0x50deb4,4,LIBCMT.LIB#532,1,4,library data
piece,0x50bf30,48,zlib/inftrees.obj,3,0,library data
piece,0x50bb18,56,zlib/deflate.obj,2,0,library data
piece,0x5295b4,1,src/debug/debug_lib_4e1410.cpp,3,124,game data
piece,0x50df30,4,LIBCMT.LIB#65,1,0,library data
piece,0x50e3f0,4,LIBCMT.LIB#67,2,0,library data
piece,0x50e934,4,LIBCMT.LIB#126,1,0,library data
piece,0x501008,4,src/map/map_list.cpp,2,0,game data
piece,0x50100c,4,src/map/meteors.cpp,2,0,game data
piece,0x501010,4,src/units/movement_class.cpp,2,0,game data
piece,0x50101c,4,src/network/packets_460e20.cpp,2,0,game data
piece,0x501028,4,src/map/line_of_sight_4814c0.cpp,2,0,game data
piece,0x50102c,4,src/units/unit_commands_4889d0.cpp,2,0,game data
piece,0x501030,4,src/weapons/weapons_49e610.cpp,2,0,game data
piece,0x501034,4,src/util/int_map_4b2290.cpp,2,0,game data
piece,0x50103c,4,src/util/commands.cpp,3,0,game data
piece,0x50107c,4,LIBCMT.LIB#68,1,0,library data
piece,0x50105c,4,LIBCMT.LIB#68,2,0,library data
piece,0x501054,4,LIBCMT.LIB#296,1,0,library data
piece,0x501070,4,LIBCMT.LIB#370,2,0,library data
piece,0x501058,4,LIBCMT.LIB#370,3,0,library data
piece,0x501048,4,LIBCPMT.LIB#10,2,0,library data
piece,0x501004,4,init/?FUN_004205f0@@YGXXZ,1,0,game data
piece,0x501020,4,init/?FUN_00463ba0@@YGXXZ,1,0,game data
piece,0x501024,4,init/?FUN_00471c80@@YGXXZ,1,0,game data
piece,0x501038,4,init/?ClearDefaultCommandHandler@@YGXXZ,1,0,game data
piece,0x501040,4,init/?InitBlitLock@@YGXXZ,1,0,game data
piece,0x501044,4,init/?FUN_004d09e0@@YGXXZ,1,0,game data
piece,0x501068,4,LIBCMT.LIB#344,2,0,library data
piece,0x52d000,424,res,2,0,resources
piece,0x52d1b0,2216,res,3,0,resources
alias,0x4b70c0,,src/util/math_4b70a0.cpp,2,32,_FUN_004b70c0
alias,0x4b70e0,,src/util/math_4b70a0.cpp,2,64,_FUN_004b70e0
alias,0x4b70ef,,src/util/math_4b70a0.cpp,2,79,_FUN_004b70ef
alias,0x4b7123,,src/util/math_4b70a0.cpp,2,131,_FUN_004b7123
alias,0x4b715a,,src/util/math_4b70a0.cpp,2,186,_FUN_004b715a
alias,0x4b7173,,src/util/math_4b70a0.cpp,2,211,_FUN_004b7173
alias,0x4b71a7,,src/util/math_4b70a0.cpp,2,263,_FUN_004b71a7
alias,0x4b72e2,,src/util/math_4b70a0.cpp,2,578,_FUN_004b72e2
alias,0x4b7381,,src/util/math_4b70a0.cpp,2,737,_FUN_004b7381
alias,0x4cbcd5,,src/graphics/blit_4cbbe0.cpp,2,245,_BlitSurfaceKeyed
alias,0x4cbdd1,,src/graphics/blit_4cbbe0.cpp,2,497,_BlitRect
alias,0x4cbe70,,src/graphics/blit_4cbbe0.cpp,2,656,_BlitRectKeyed
alias,0x4cbef1,,src/graphics/blit_4cbbe0.cpp,2,785,_BlitTile32x32
alias,0x4cbf2c,,src/graphics/blit_4cbbe0.cpp,2,844,_BlitRectBlended
alias,0x4cbfc4,,src/graphics/blit_4cbbe0.cpp,2,996,_BlitRectRemapDest
alias,0x4cc057,,src/graphics/blit_4cbbe0.cpp,2,1143,_BlitCompressedBlended
alias,0x4cc1bf,,src/graphics/blit_4cbbe0.cpp,2,1503,_BlitCompressedShadow
alias,0x4cc332,,src/graphics/blit_4cbbe0.cpp,2,1874,_BlitRectShadow
alias,0x4cc51d,,src/graphics/blit_4cbbe0.cpp,3,333,_BlitCompressed
alias,0x4cc7ab,,src/graphics/blit_4cbbe0.cpp,4,347,_BlitLine
alias,0x4cc8df,,src/graphics/blit_4cbbe0.cpp,4,655,_BlitLineRemapped
alias,0x4cca33,,src/graphics/blit_4cbbe0.cpp,4,995,_FUN_004cca33
alias,0x4ccb65,,src/graphics/blit_4cbbe0.cpp,4,1301,_FUN_004ccb65
alias,0x4ccd1c,,src/graphics/blit_4cbbe0.cpp,4,1740,_FUN_004ccd1c
alias,0x4ccd85,,src/graphics/blit_4cbbe0.cpp,4,1845,_FUN_004ccd85
alias,0x4ccdea,,src/graphics/blit_4cbbe0.cpp,4,1946,_FillSolidRect
alias,0x4cce87,,src/graphics/blit_4cbbe0.cpp,4,2103,_XorRect
alias,0x4cced5,,src/graphics/blit_4cbbe0.cpp,4,2181,_RemapRect
alias,0x4cd896,,src/graphics/blit_4cbbe0.cpp,6,2182,_BlitSpan128
alias,0x4cd8da,,src/graphics/blit_4cbbe0.cpp,6,2250,_BlitSpan64
alias,0x4cd91e,,src/graphics/blit_4cbbe0.cpp,6,2318,_BlitSpan32
alias,0x4cd962,,src/graphics/blit_4cbbe0.cpp,6,2386,_BlitSpan16
fill,0x40102a,6,,,90,padding
fill,0x401061,15,,,90,padding
fill,0x4010a9,7,,,90,padding
fill,0x40110f,1,,,90,padding
fill,0x401173,13,,,90,padding
fill,0x4011b5,11,,,90,padding
fill,0x40121d,3,,,90,padding
fill,0x40125d,3,,,90,padding
fill,0x40129d,3,,,90,padding
fill,0x40131e,2,,,90,padding
fill,0x401355,11,,,90,padding
fill,0x401c1f,1,,,90,padding
fill,0x401cbb,5,,,90,padding
fill,0x401cde,2,,,90,padding
fill,0x401df3,13,,,90,padding
fill,0x401fcf,1,,,90,padding
fill,0x40200f,1,,,90,padding
fill,0x40215a,6,,,90,padding
fill,0x4021ed,3,,,90,padding
fill,0x402424,12,,,90,padding
fill,0x40263a,6,,,90,padding
fill,0x402d01,15,,,90,padding
fill,0x402d93,13,,,90,padding
fill,0x402fb9,7,,,90,padding
fill,0x40300f,1,,,90,padding
fill,0x403039,7,,,90,padding
fill,0x403069,7,,,90,padding
fill,0x40309f,1,,,90,padding
fill,0x4030cf,1,,,90,padding
fill,0x4030fd,3,,,90,padding
fill,0x40315e,2,,,90,padding
fill,0x403173,13,,,90,padding
fill,0x40318d,3,,,90,padding
fill,0x4031c2,14,,,90,padding
fill,0x403254,12,,,90,padding
fill,0x40339d,3,,,90,padding
fill,0x403492,14,,,90,padding
fill,0x403898,8,,,90,padding
fill,0x403a1c,4,,,90,padding
fill,0x40472c,4,,,90,padding
fill,0x404ac8,8,,,90,padding
fill,0x404da4,12,,,90,padding
fill,0x4052f4,12,,,90,padding
fill,0x405738,8,,,90,padding
fill,0x40597e,2,,,90,padding
fill,0x405fd2,14,,,90,padding
fill,0x406082,14,,,90,padding
fill,0x406191,15,,,90,padding
fill,0x4062fa,6,,,90,padding
fill,0x406a98,8,,,90,padding
fill,0x406beb,5,,,90,padding
fill,0x406bfd,3,,,90,padding
fill,0x406c03,13,,,90,padding
fill,0x406c3e,2,,,90,padding
fill,0x406c63,13,,,90,padding
fill,0x406c83,13,,,90,padding
fill,0x406d91,15,,,90,padding
fill,0x406dab,5,,,90,padding
fill,0x406edc,4,,,90,padding
fill,0x406efd,3,,,90,padding
fill,0x406f34,12,,,90,padding
fill,0x406f41,15,,,90,padding
fill,0x406f7e,2,,,90,padding
fill,0x4071e5,11,,,90,padding
fill,0x407344,12,,,90,padding
fill,0x407378,8,,,90,padding
fill,0x407381,15,,,90,padding
fill,0x407403,13,,,90,padding
fill,0x40749f,1,,,90,padding
fill,0x40755d,3,,,90,padding
fill,0x4077df,1,,,90,padding
fill,0x407929,7,,,90,padding
fill,0x40797b,5,,,90,padding
fill,0x4079cf,1,,,90,padding
fill,0x407a8d,3,,,90,padding
fill,0x407ab8,8,,,90,padding
fill,0x407d39,7,,,90,padding
fill,0x407e68,8,,,90,padding
fill,0x408084,12,,,90,padding
fill,0x4080ff,1,,,90,padding
fill,0x4085c5,11,,,90,padding
fill,0x4085f8,8,,,90,padding
fill,0x408667,9,,,90,padding
fill,0x4086cc,4,,,90,padding
fill,0x4087dc,4,,,90,padding
fill,0x408808,8,,,90,padding
fill,0x408915,11,,,90,padding
fill,0x408995,11,,,90,padding
fill,0x408be2,14,,,90,padding
fill,0x408c39,7,,,90,padding
fill,0x408f0a,6,,,90,padding
fill,0x409152,14,,,90,padding
fill,0x40946f,1,,,90,padding
fill,0x4095c6,10,,,90,padding
fill,0x40972a,6,,,90,padding
fill,0x409dbe,2,,,90,padding
fill,0x409f73,13,,,90,padding
fill,0x40a039,7,,,90,padding
fill,0x40a0f9,7,,,90,padding
fill,0x40a14b,5,,,90,padding
fill,0x40a259,7,,,90,padding
fill,0x40a5a2,14,,,90,padding
fill,0x40a5c3,13,,,90,padding
fill,0x40a7a9,7,,,90,padding
fill,0x40aa34,12,,,90,padding
fill,0x40ad15,11,,,90,padding
fill,0x40ad69,7,,,90,padding
fill,0x40ad7f,1,,,90,padding
fill,0x40b0c2,14,,,90,padding
fill,0x40b1b5,11,,,90,padding
fill,0x40b2b4,12,,,90,padding
fill,0x40b315,11,,,90,padding
fill,0x40b364,12,,,90,padding
fill,0x40b383,13,,,90,padding
fill,0x40b521,15,,,90,padding
fill,0x40b7a3,13,,,90,padding
fill,0x40baa5,11,,,90,padding
fill,0x40bafe,2,,,90,padding
fill,0x40bdae,2,,,90,padding
fill,0x40bea4,12,,,90,padding
fill,0x40bfde,2,,,90,padding
fill,0x40c1f7,9,,,90,padding
fill,0x40c222,14,,,90,padding
fill,0x40c241,15,,,90,padding
fill,0x40c4e8,8,,,90,padding
fill,0x40c501,15,,,90,padding
fill,0x40c528,8,,,90,padding
fill,0x40c552,14,,,90,padding
fill,0x40c573,13,,,90,padding
fill,0x40c5a2,14,,,90,padding
fill,0x40c5c3,13,,,90,padding
fill,0x40c5f2,14,,,90,padding
fill,0x40c7ee,2,,,90,padding
fill,0x40c9ef,1,,,90,padding
fill,0x40ca22,14,,,90,padding
fill,0x40ca43,13,,,90,padding
fill,0x40cc23,13,,,90,padding
fill,0x40cc33,13,,,90,padding
fill,0x40cc74,12,,,90,padding
fill,0x40cc9e,2,,,90,padding
fill,0x40cfad,3,,,90,padding
fill,0x40cff2,14,,,90,padding
fill,0x40d012,14,,,90,padding
fill,0x40d234,12,,,90,padding
fill,0x40d274,12,,,90,padding
fill,0x40d283,13,,,90,padding
fill,0x40d46d,3,,,90,padding
fill,0x40d4a3,13,,,90,padding
fill,0x40d4b3,13,,,90,padding
fill,0x40d4d3,13,,,90,padding
fill,0x40d4e3,13,,,90,padding
fill,0x40d513,13,,,90,padding
fill,0x40d543,13,,,90,padding
fill,0x40d57e,2,,,90,padding
fill,0x40d5a3,13,,,90,padding
fill,0x40d5d9,7,,,90,padding
fill,0x40d5f9,7,,,90,padding
fill,0x40d613,13,,,90,padding
fill,0x40d669,7,,,90,padding
fill,0x40d6f4,12,,,90,padding
fill,0x40d739,7,,,90,padding
fill,0x40d7ac,4,,,90,padding
fill,0x40d873,13,,,90,padding
fill,0x40d8ae,2,,,90,padding
fill,0x40d8f6,10,,,90,padding
fill,0x40d9bf,1,,,90,padding
fill,0x40da3b,5,,,90,padding
fill,0x40da66,10,,,90,padding
fill,0x40deff,1,,,90,padding
fill,0x40e04a,6,,,90,padding
fill,0x40e15e,2,,,90,padding
fill,0x40e628,8,,,90,padding
fill,0x40e9b9,7,,,90,padding
fill,0x40e9dc,4,,,90,padding
fill,0x40eb26,10,,,90,padding
fill,0x40eb64,12,,,90,padding
fill,0x40ef19,7,,,90,padding
fill,0x40efff,1,,,90,padding
fill,0x40f058,8,,,90,padding
fill,0x40f10c,4,,,90,padding
fill,0x40f1dc,4,,,90,padding
fill,0x40f1f9,7,,,90,padding
fill,0x40f29e,2,,,90,padding
fill,0x40f78c,4,,,90,padding
fill,0x40f7c3,13,,,90,padding
fill,0x40fa1e,2,,,90,padding
fill,0x40fbd3,13,,,90,padding
fill,0x410398,8,,,90,padding
fill,0x4103df,1,,,90,padding
fill,0x41082e,2,,,90,padding
fill,0x410846,10,,,90,padding
fill,0x410c6b,5,,,90,padding
fill,0x410e6c,4,,,90,padding
fill,0x4111a8,8,,,90,padding
fill,0x411554,12,,,90,padding
fill,0x411838,8,,,90,padding
fill,0x4118db,5,,,90,padding
fill,0x411f44,12,,,90,padding
fill,0x41270c,4,,,90,padding
fill,0x412d34,12,,,90,padding
fill,0x41346e,2,,,90,padding
fill,0x413bb8,8,,,90,padding
fill,0x413d79,7,,,90,padding
fill,0x414348,8,,,90,padding
fill,0x41437c,4,,,90,padding
fill,0x414768,8,,,90,padding
fill,0x414e65,11,,,90,padding
fill,0x41524c,4,,,90,padding
fill,0x4152e2,14,,,90,padding
fill,0x415b12,14,,,90,padding
fill,0x415b2d,3,,,90,padding
fill,0x415b59,7,,,90,padding
fill,0x415b83,13,,,90,padding
fill,0x415ba4,12,,,90,padding
fill,0x415c0c,4,,,90,padding
fill,0x415d9b,5,,,90,padding
fill,0x415db1,15,,,90,padding
fill,0x415e53,13,,,90,padding
fill,0x415e86,10,,,90,padding
fill,0x415f3d,3,,,90,padding
fill,0x415f96,10,,,90,padding
fill,0x41614a,6,,,90,padding
fill,0x4161e1,15,,,90,padding
fill,0x41623b,5,,,90,padding
fill,0x41626b,5,,,90,padding
fill,0x416273,13,,,90,padding
fill,0x416306,10,,,90,padding
fill,0x416373,13,,,90,padding
fill,0x416383,13,,,90,padding
fill,0x416398,8,,,90,padding
fill,0x41641b,5,,,90,padding
fill,0x416457,9,,,90,padding
fill,0x4164aa,6,,,90,padding
fill,0x4164f7,9,,,90,padding
fill,0x416503,13,,,90,padding
fill,0x416547,9,,,90,padding
fill,0x416587,9,,,90,padding
fill,0x4165b7,9,,,90,padding
fill,0x416627,9,,,90,padding
fill,0x416652,14,,,90,padding
fill,0x416682,14,,,90,padding
fill,0x4166b9,7,,,90,padding
fill,0x416702,14,,,90,padding
fill,0x416723,13,,,90,padding
fill,0x41677a,6,,,90,padding
fill,0x4167ec,4,,,90,padding
fill,0x41685d,3,,,90,padding
fill,0x4168c4,12,,,90,padding
fill,0x4169cd,3,,,90,padding
fill,0x416a2c,4,,,90,padding
fill,0x416a86,10,,,90,padding
fill,0x416aac,4,,,90,padding
fill,0x416b42,14,,,90,padding
fill,0x416bcb,5,,,90,padding
fill,0x416cec,4,,,90,padding
fill,0x416d11,15,,,90,padding
fill,0x416d41,15,,,90,padding
fill,0x416d7e,2,,,90,padding
fill,0x416dae,2,,,90,padding
fill,0x416df2,14,,,90,padding
fill,0x416e22,14,,,90,padding
fill,0x416e52,14,,,90,padding
fill,0x416e82,14,,,90,padding
fill,0x41702a,6,,,90,padding
fill,0x417055,11,,,90,padding
fill,0x417085,11,,,90,padding
fill,0x4170b5,11,,,90,padding
fill,0x417123,13,,,90,padding
fill,0x417144,12,,,90,padding
fill,0x4171ed,3,,,90,padding
fill,0x41728d,3,,,90,padding
fill,0x4172d7,9,,,90,padding
fill,0x4172f5,11,,,90,padding
fill,0x417327,9,,,90,padding
fill,0x4173df,1,,,90,padding
fill,0x41742d,3,,,90,padding
fill,0x417489,7,,,90,padding
fill,0x4174c7,9,,,90,padding
fill,0x4174d8,8,,,90,padding
fill,0x41751e,2,,,90,padding
fill,0x41753b,5,,,90,padding
fill,0x417566,10,,,90,padding
fill,0x4175d7,9,,,90,padding
fill,0x4175fe,2,,,90,padding
fill,0x41775b,5,,,90,padding
fill,0x417792,14,,,90,padding
fill,0x4177d4,12,,,90,padding
fill,0x41788b,5,,,90,padding
fill,0x417a5c,4,,,90,padding
fill,0x417b48,8,,,90,padding
fill,0x417baa,6,,,90,padding
fill,0x417bfe,2,,,90,padding
fill,0x417c6a,6,,,90,padding
fill,0x417d22,14,,,90,padding
fill,0x417df7,9,,,90,padding
fill,0x417f28,8,,,90,padding
fill,0x417f53,13,,,90,padding
fill,0x4181c9,7,,,90,padding
fill,0x41830b,5,,,90,padding
fill,0x418bab,5,,,90,padding
fill,0x418c61,15,,,90,padding
fill,0x418cc5,11,,,90,padding
fill,0x418d82,14,,,90,padding
fill,0x418e42,14,,,90,padding
fill,0x418f02,14,,,90,padding
fill,0x418fc2,14,,,90,padding
fill,0x419082,14,,,90,padding
fill,0x41933b,5,,,90,padding
fill,0x4194cf,1,,,90,padding
fill,0x41953d,3,,,90,padding
fill,0x41954f,1,,,90,padding
fill,0x41955a,6,,,90,padding
fill,0x4195ea,6,,,90,padding
fill,0x41962d,3,,,90,padding
fill,0x419665,11,,,90,padding
fill,0x4197c5,11,,,90,padding
fill,0x4199a2,14,,,90,padding
fill,0x419ab4,12,,,90,padding
fill,0x419bb3,13,,,90,padding
fill,0x419bde,2,,,90,padding
fill,0x41a111,15,,,90,padding
fill,0x41a9f5,11,,,90,padding
fill,0x41ac86,10,,,90,padding
fill,0x41acda,6,,,90,padding
fill,0x41b0e6,10,,,90,padding
fill,0x41b1f4,12,,,90,padding
fill,0x41b222,14,,,90,padding
fill,0x41b29d,3,,,90,padding
fill,0x41b2d8,8,,,90,padding
fill,0x41b8c8,8,,,90,padding
fill,0x41ba54,12,,,90,padding
fill,0x41bd03,13,,,90,padding
fill,0x41bddb,5,,,90,padding
fill,0x41bf0b,5,,,90,padding
fill,0x41c055,11,,,90,padding
fill,0x41c10d,3,,,90,padding
fill,0x41c144,12,,,90,padding
fill,0x41c178,8,,,90,padding
fill,0x41c2ac,4,,,90,padding
fill,0x41c2db,5,,,90,padding
fill,0x41c306,10,,,90,padding
fill,0x41c386,10,,,90,padding
fill,0x41c3b8,8,,,90,padding
fill,0x41c449,7,,,90,padding
fill,0x41c4b9,7,,,90,padding
fill,0x41c5d8,8,,,90,padding
fill,0x41c6ea,6,,,90,padding
fill,0x41c7b8,8,,,90,padding
fill,0x41c8d1,15,,,90,padding
fill,0x41ca06,10,,,90,padding
fill,0x41cc5b,5,,,90,padding
fill,0x41cd11,15,,,90,padding
fill,0x41cd45,11,,,90,padding
fill,0x41ce8b,5,,,90,padding
fill,0x41d0ea,6,,,90,padding
fill,0x41d1e7,9,,,90,padding
fill,0x41d2a3,13,,,90,padding
fill,0x41d353,13,,,90,padding
fill,0x41d3a6,10,,,90,padding
fill,0x41d3eb,5,,,90,padding
fill,0x41d491,15,,,90,padding
fill,0x41d4ac,4,,,90,padding
fill,0x41d4bc,4,,,90,padding
fill,0x41d697,9,,,90,padding
fill,0x41d7af,1,,,90,padding
fill,0x41d895,11,,,90,padding
fill,0x41d8a6,10,,,90,padding
fill,0x41d8b6,10,,,90,padding
fill,0x41d911,15,,,90,padding
fill,0x41d9eb,5,,,90,padding
fill,0x41da08,8,,,90,padding
fill,0x41da2a,6,,,90,padding
fill,0x41da58,8,,,90,padding
fill,0x41dc13,13,,,90,padding
fill,0x41ded9,7,,,90,padding
fill,0x41df12,14,,,90,padding
fill,0x41dfb6,10,,,90,padding
fill,0x41e239,7,,,90,padding
fill,0x41e253,13,,,90,padding
fill,0x41e26c,4,,,90,padding
fill,0x41e41e,2,,,90,padding
fill,0x41ea28,8,,,90,padding
fill,0x41ea91,15,,,90,padding
fill,0x41ec4e,2,,,90,padding
fill,0x41f3f4,12,,,90,padding
fill,0x41f5b7,9,,,90,padding
fill,0x41f623,13,,,90,padding
fill,0x41f67e,2,,,90,padding
fill,0x41f6f4,12,,,90,padding
fill,0x41f751,15,,,90,padding
fill,0x41f7e3,13,,,90,padding
fill,0x4205ec,4,,,90,padding
fill,0x420608,8,,,90,padding
fill,0x42061a,6,,,90,padding
fill,0x42091e,2,,,90,padding
fill,0x420a21,15,,,90,padding
fill,0x420af2,14,,,90,padding
fill,0x420ca4,12,,,90,padding
fill,0x420d13,13,,,90,padding
fill,0x420e43,13,,,90,padding
fill,0x421148,8,,,90,padding
fill,0x42116c,4,,,90,padding
fill,0x421195,11,,,90,padding
fill,0x4211ce,2,,,90,padding
fill,0x4213a5,11,,,90,padding
fill,0x421549,7,,,90,padding
fill,0x421614,12,,,90,padding
fill,0x4216f2,14,,,90,padding
fill,0x421d9c,4,,,90,padding
fill,0x421e52,14,,,90,padding
fill,0x421ea3,13,,,90,padding
fill,0x421f1c,4,,,90,padding
fill,0x42216a,6,,,90,padding
fill,0x4222a2,14,,,90,padding
fill,0x4222d6,10,,,90,padding
fill,0x4223de,2,,,90,padding
fill,0x42245f,1,,,90,padding
fill,0x4224aa,6,,,90,padding
fill,0x422dc4,12,,,90,padding
fill,0x422e31,15,,,90,padding
fill,0x422e9f,1,,,90,padding
fill,0x423291,15,,,90,padding
fill,0x4232e4,12,,,90,padding
fill,0x42339f,1,,,90,padding
fill,0x423546,10,,,90,padding
fill,0x423701,15,,,90,padding
fill,0x4237c9,7,,,90,padding
fill,0x4239b8,8,,,90,padding
fill,0x423bef,1,,,90,padding
fill,0x423c48,8,,,90,padding
fill,0x424044,12,,,90,padding
fill,0x4244ad,3,,,90,padding
fill,0x4246a9,7,,,90,padding
fill,0x424833,13,,,90,padding
fill,0x42488e,2,,,90,padding
fill,0x424bfa,6,,,90,padding
fill,0x4251d8,8,,,90,padding
fill,0x4251e3,13,,,90,padding
fill,0x425202,14,,,90,padding
fill,0x425464,12,,,90,padding
fill,0x425473,13,,,90,padding
fill,0x425699,7,,,90,padding
fill,0x4256cc,4,,,90,padding
fill,0x42572a,6,,,90,padding
fill,0x42574a,6,,,90,padding
fill,0x425792,14,,,90,padding
fill,0x4257bf,1,,,90,padding
fill,0x4257d3,13,,,90,padding
fill,0x425859,7,,,90,padding
fill,0x425929,7,,,90,padding
fill,0x425a8b,5,,,90,padding
fill,0x425b54,12,,,90,padding
fill,0x425d71,15,,,90,padding
fill,0x42618a,6,,,90,padding
fill,0x4261f4,12,,,90,padding
fill,0x4263a4,12,,,90,padding
fill,0x42677b,5,,,90,padding
fill,0x4268a1,15,,,90,padding
fill,0x4269c3,13,,,90,padding
fill,0x426d1a,6,,,90,padding
fill,0x426e73,13,,,90,padding
fill,0x428726,10,,,90,padding
fill,0x4287a4,12,,,90,padding
fill,0x4287c1,15,,,90,padding
fill,0x428844,12,,,90,padding
fill,0x4288c4,12,,,90,padding
fill,0x428b56,10,,,90,padding
fill,0x428ba2,14,,,90,padding
fill,0x428bb1,15,,,90,padding
fill,0x428bc3,13,,,90,padding
fill,0x428bd1,15,,,90,padding
fill,0x428be1,15,,,90,padding
fill,0x428bf1,15,,,90,padding
fill,0x428c06,10,,,90,padding
fill,0x428c16,10,,,90,padding
fill,0x428c26,10,,,90,padding
fill,0x428c31,15,,,90,padding
fill,0x428c41,15,,,90,padding
fill,0x428c51,15,,,90,padding
fill,0x428c8f,1,,,90,padding
fill,0x428cc9,7,,,90,padding
fill,0x428d0f,1,,,90,padding
fill,0x428e8a,6,,,90,padding
fill,0x428f34,12,,,90,padding
fill,0x428f56,10,,,90,padding
fill,0x428fb6,10,,,90,padding
fill,0x428fd5,11,,,90,padding
fill,0x428ff5,11,,,90,padding
fill,0x4290eb,5,,,90,padding
fill,0x429282,14,,,90,padding
fill,0x4292de,2,,,90,padding
fill,0x429328,8,,,90,padding
fill,0x429466,10,,,90,padding
fill,0x4295ad,3,,,90,padding
fill,0x429658,8,,,90,padding
fill,0x4296f7,9,,,90,padding
fill,0x42984e,2,,,90,padding
fill,0x429862,14,,,90,padding
fill,0x42a002,14,,,90,padding
fill,0x42a0dc,4,,,90,padding
fill,0x42a139,7,,,90,padding
fill,0x42a2ba,6,,,90,padding
fill,0x42a318,8,,,90,padding
fill,0x42a3f9,7,,,90,padding
fill,0x42a432,14,,,90,padding
fill,0x42a567,9,,,90,padding
fill,0x42a60f,1,,,90,padding
fill,0x42a864,12,,,90,padding
fill,0x42a8cf,1,,,90,padding
fill,0x42b36f,1,,,90,padding
fill,0x42bcb7,9,,,90,padding
fill,0x42bd0d,3,,,90,padding
fill,0x42bd3e,2,,,90,padding
fill,0x42be21,15,,,90,padding
fill,0x42bf36,10,,,90,padding
fill,0x42d1e4,12,,,90,padding
fill,0x42d2df,1,,,90,padding
fill,0x42db5d,3,,,90,padding
fill,0x42db84,12,,,90,padding
fill,0x42dcef,1,,,90,padding
fill,0x42e115,11,,,90,padding
fill,0x42e135,11,,,90,padding
fill,0x42e2fd,3,,,90,padding
fill,0x42e30d,3,,,90,padding
fill,0x42e431,15,,,90,padding
fill,0x42f393,13,,,90,padding
fill,0x42f447,9,,,90,padding
fill,0x42f579,7,,,90,padding
fill,0x42f7d5,11,,,90,padding
fill,0x42f8b7,9,,,90,padding
fill,0x42f8fe,2,,,90,padding
fill,0x42f903,13,,,90,padding
fill,0x42f951,15,,,90,padding
fill,0x42f97c,4,,,90,padding
fill,0x42f99c,4,,,90,padding
fill,0x4318be,2,,,90,padding
fill,0x43191e,2,,,90,padding
fill,0x431945,11,,,90,padding
fill,0x431a17,9,,,90,padding
fill,0x431a5b,5,,,90,padding
fill,0x432511,15,,,90,padding
fill,0x432586,10,,,90,padding
fill,0x4325ad,3,,,90,padding
fill,0x432604,12,,,90,padding
fill,0x4326a4,12,,,90,padding
fill,0x432af8,8,,,90,padding
fill,0x432b58,8,,,90,padding
fill,0x432b7f,1,,,90,padding
fill,0x432b9c,4,,,90,padding
fill,0x432bd8,8,,,90,padding
fill,0x432bf3,13,,,90,padding
fill,0x432c1e,2,,,90,padding
fill,0x432c3e,2,,,90,padding
fill,0x432c77,9,,,90,padding
fill,0x432cae,2,,,90,padding
fill,0x432ce3,13,,,90,padding
fill,0x432d11,15,,,90,padding
fill,0x432d3b,5,,,90,padding
fill,0x432fa4,12,,,90,padding
fill,0x4330a4,12,,,90,padding
fill,0x433127,9,,,90,padding
fill,0x433268,8,,,90,padding
fill,0x43337e,2,,,90,padding
fill,0x4334f9,7,,,90,padding
fill,0x433513,13,,,90,padding
fill,0x433533,13,,,90,padding
fill,0x4335b7,9,,,90,padding
fill,0x4335d3,13,,,90,padding
fill,0x4336b2,14,,,90,padding
fill,0x4336e2,14,,,90,padding
fill,0x4339b4,12,,,90,padding
fill,0x4339d3,13,,,90,padding
fill,0x433a04,12,,,90,padding
fill,0x433a28,8,,,90,padding
fill,0x433a52,14,,,90,padding
fill,0x433a73,13,,,90,padding
fill,0x433af5,11,,,90,padding
fill,0x433b13,13,,,90,padding
fill,0x433d43,13,,,90,padding
fill,0x433d82,14,,,90,padding
fill,0x433d93,13,,,90,padding
fill,0x43401e,2,,,90,padding
fill,0x4340a6,10,,,90,padding
fill,0x4340e7,9,,,90,padding
fill,0x43435e,2,,,90,padding
fill,0x4343e6,10,,,90,padding
fill,0x4343f3,13,,,90,padding
fill,0x434424,12,,,90,padding
fill,0x434433,13,,,90,padding
fill,0x434464,12,,,90,padding
fill,0x4344d1,15,,,90,padding
fill,0x4345bc,4,,,90,padding
fill,0x4345d3,13,,,90,padding
fill,0x434762,14,,,90,padding
fill,0x4349ba,6,,,90,padding
fill,0x4349ee,2,,,90,padding
fill,0x434a27,9,,,90,padding
fill,0x434a5a,6,,,90,padding
fill,0x434aa3,13,,,90,padding
fill,0x434b84,12,,,90,padding
fill,0x434bec,4,,,90,padding
fill,0x434f66,10,,,90,padding
fill,0x434fe6,10,,,90,padding
fill,0x4350f3,13,,,90,padding
fill,0x435103,13,,,90,padding
fill,0x4352a1,15,,,90,padding
fill,0x4352c8,8,,,90,padding
fill,0x43531c,4,,,90,padding
fill,0x435399,7,,,90,padding
fill,0x4353a7,9,,,90,padding
fill,0x435426,10,,,90,padding
fill,0x4356bc,4,,,90,padding
fill,0x4356e5,11,,,90,padding
fill,0x435751,15,,,90,padding
fill,0x4358ea,6,,,90,padding
fill,0x4358f7,9,,,90,padding
fill,0x435907,9,,,90,padding
fill,0x435917,9,,,90,padding
fill,0x435971,15,,,90,padding
fill,0x435a13,13,,,90,padding
fill,0x435bf1,15,,,90,padding
fill,0x435c1e,2,,,90,padding
fill,0x435c27,9,,,90,padding
fill,0x435c37,9,,,90,padding
fill,0x435c4e,2,,,90,padding
fill,0x435c57,9,,,90,padding
fill,0x435d24,12,,,90,padding
fill,0x435d94,12,,,90,padding
fill,0x436854,12,,,90,padding
fill,0x436c2c,4,,,90,padding
fill,0x43727d,3,,,90,padding
fill,0x4372ff,1,,,90,padding
fill,0x43731f,1,,,90,padding
fill,0x437394,12,,,90,padding
fill,0x43757d,3,,,90,padding
fill,0x4377ff,1,,,90,padding
fill,0x43781b,5,,,90,padding
fill,0x43783b,5,,,90,padding
fill,0x43790f,1,,,90,padding
fill,0x437993,13,,,90,padding
fill,0x4379ab,5,,,90,padding
fill,0x4379fd,3,,,90,padding
fill,0x437a1c,4,,,90,padding
fill,0x437a2d,3,,,90,padding
fill,0x437b27,9,,,90,padding
fill,0x437b41,15,,,90,padding
fill,0x437bd5,11,,,90,padding
fill,0x437c7e,2,,,90,padding
fill,0x437cc2,14,,,90,padding
fill,0x437d26,10,,,90,padding
fill,0x437d31,15,,,90,padding
fill,0x437d4b,5,,,90,padding
fill,0x437d5b,5,,,90,padding
fill,0x437dd1,15,,,90,padding
fill,0x43806d,3,,,90,padding
fill,0x438174,12,,,90,padding
fill,0x438242,14,,,90,padding
fill,0x438314,12,,,90,padding
fill,0x438442,14,,,90,padding
fill,0x43847a,6,,,90,padding
fill,0x438586,10,,,90,padding
fill,0x4385ed,3,,,90,padding
fill,0x438648,8,,,90,padding
fill,0x4386f1,15,,,90,padding
fill,0x438727,9,,,90,padding
fill,0x43875a,6,,,90,padding
fill,0x438826,10,,,90,padding
fill,0x438843,13,,,90,padding
fill,0x438863,13,,,90,padding
fill,0x43887f,1,,,90,padding
fill,0x4388a1,15,,,90,padding
fill,0x4388c5,11,,,90,padding
fill,0x438929,7,,,90,padding
fill,0x4389f4,12,,,90,padding
fill,0x438acd,3,,,90,padding
fill,0x438b8f,1,,,90,padding
fill,0x438bd5,11,,,90,padding
fill,0x438bfb,5,,,90,padding
fill,0x438e94,12,,,90,padding
fill,0x439099,7,,,90,padding
fill,0x4394d1,15,,,90,padding
fill,0x439739,7,,,90,padding
fill,0x4399e2,14,,,90,padding
fill,0x439b28,8,,,90,padding
fill,0x439ce9,7,,,90,padding
fill,0x439d18,8,,,90,padding
fill,0x439d71,15,,,90,padding
fill,0x439dcc,4,,,90,padding
fill,0x439dea,6,,,90,padding
fill,0x439e23,13,,,90,padding
fill,0x439e76,10,,,90,padding
fill,0x439ea8,8,,,90,padding
fill,0x439f7b,5,,,90,padding
fill,0x439fdb,5,,,90,padding
fill,0x43a01a,6,,,90,padding
fill,0x43a0b8,8,,,90,padding
fill,0x43a1d2,14,,,90,padding
fill,0x43a1e3,13,,,90,padding
fill,0x43a2ca,6,,,90,padding
fill,0x43a353,13,,,90,padding
fill,0x43a41a,6,,,90,padding
fill,0x43a934,12,,,90,padding
fill,0x43a961,15,,,90,padding
fill,0x43ac54,12,,,90,padding
fill,0x43acae,2,,,90,padding
fill,0x43ad07,9,,,90,padding
fill,0x43ad48,8,,,90,padding
fill,0x43adb4,12,,,90,padding
fill,0x43afb4,12,,,90,padding
fill,0x43b0a9,7,,,90,padding
fill,0x43b1e6,10,,,90,padding
fill,0x43b3f7,9,,,90,padding
fill,0x43b72a,6,,,90,padding
fill,0x43b7b8,8,,,90,padding
fill,0x43bacc,4,,,90,padding
fill,0x43bc88,8,,,90,padding
fill,0x43c01d,3,,,90,padding
fill,0x43c044,12,,,90,padding
fill,0x43c341,15,,,90,padding
fill,0x43c35b,5,,,90,padding
fill,0x43c381,15,,,90,padding
fill,0x43c393,13,,,90,padding
fill,0x43c6a5,11,,,90,padding
fill,0x43c714,12,,,90,padding
fill,0x43c936,10,,,90,padding
fill,0x43c989,7,,,90,padding
fill,0x43ca61,15,,,90,padding
fill,0x43cb13,13,,,90,padding
fill,0x43cba9,7,,,90,padding
fill,0x43cc1d,3,,,90,padding
fill,0x43cd1e,2,,,90,padding
fill,0x43d0cf,1,,,90,padding
fill,0x43d202,14,,,90,padding
fill,0x43d28f,1,,,90,padding
fill,0x43d6c2,14,,,90,padding
fill,0x43da68,8,,,90,padding
fill,0x43db48,8,,,90,padding
fill,0x43dbfa,6,,,90,padding
fill,0x43dd0b,5,,,90,padding
fill,0x43dd1d,3,,,90,padding
fill,0x43dd6f,1,,,90,padding
fill,0x43de24,12,,,90,padding
fill,0x43dee4,12,,,90,padding
fill,0x43e057,9,,,90,padding
fill,0x43e0aa,6,,,90,padding
fill,0x43e17a,6,,,90,padding
fill,0x43e236,10,,,90,padding
fill,0x43e2d1,15,,,90,padding
fill,0x43e3b9,7,,,90,padding
fill,0x43e3fe,2,,,90,padding
fill,0x43e467,9,,,90,padding
fill,0x43e48d,3,,,90,padding
fill,0x440224,12,,,90,padding
fill,0x44028c,4,,,90,padding
fill,0x4402d1,15,,,90,padding
fill,0x440315,11,,,90,padding
fill,0x44033c,4,,,90,padding
fill,0x44041e,2,,,90,padding
fill,0x440466,10,,,90,padding
fill,0x4404bf,1,,,90,padding
fill,0x4404fc,4,,,90,padding
fill,0x440922,14,,,90,padding
fill,0x440931,15,,,90,padding
fill,0x4409fd,3,,,90,padding
fill,0x440a39,7,,,90,padding
fill,0x440a6f,1,,,90,padding
fill,0x440ae3,13,,,90,padding
fill,0x440bd1,15,,,90,padding
fill,0x440c02,14,,,90,padding
fill,0x440c9f,1,,,90,padding
fill,0x440cca,6,,,90,padding
fill,0x440d67,9,,,90,padding
fill,0x441077,9,,,90,padding
fill,0x441211,15,,,90,padding
fill,0x441425,11,,,90,padding
fill,0x441457,9,,,90,padding
fill,0x441bb2,14,,,90,padding
fill,0x441ffd,3,,,90,padding
fill,0x44204e,2,,,90,padding
fill,0x4421e8,8,,,90,padding
fill,0x44237e,2,,,90,padding
fill,0x44239f,1,,,90,padding
fill,0x4423b8,8,,,90,padding
fill,0x442796,10,,,90,padding
fill,0x4428e2,14,,,90,padding
fill,0x44296d,3,,,90,padding
fill,0x442a29,7,,,90,padding
fill,0x44306a,6,,,90,padding
fill,0x4430fa,6,,,90,padding
fill,0x443478,8,,,90,padding
fill,0x443585,11,,,90,padding
fill,0x443595,11,,,90,padding
fill,0x4436dc,4,,,90,padding
fill,0x4437bf,1,,,90,padding
fill,0x443ca5,11,,,90,padding
fill,0x443fe8,8,,,90,padding
fill,0x444198,8,,,90,padding
fill,0x4444c1,15,,,90,padding
fill,0x44457d,3,,,90,padding
fill,0x444902,14,,,90,padding
fill,0x44492f,1,,,90,padding
fill,0x444a15,11,,,90,padding
fill,0x444b94,12,,,90,padding
fill,0x444bd4,12,,,90,padding
fill,0x444c3f,1,,,90,padding
fill,0x444ca6,10,,,90,padding
fill,0x444e9c,4,,,90,padding
fill,0x445108,8,,,90,padding
fill,0x4452ff,1,,,90,padding
fill,0x445398,8,,,90,padding
fill,0x4455a5,11,,,90,padding
fill,0x445b6c,4,,,90,padding
fill,0x445c69,7,,,90,padding
fill,0x445d53,13,,,90,padding
fill,0x445e1b,5,,,90,padding
fill,0x445e43,13,,,90,padding
fill,0x445ecd,3,,,90,padding
fill,0x446014,12,,,90,padding
fill,0x44607b,5,,,90,padding
fill,0x4461c4,12,,,90,padding
fill,0x446307,9,,,90,padding
fill,0x44644f,1,,,90,padding
fill,0x4464cf,1,,,90,padding
fill,0x4466ab,5,,,90,padding
fill,0x4467b6,10,,,90,padding
fill,0x4467eb,5,,,90,padding
fill,0x4468bc,4,,,90,padding
fill,0x4469b8,8,,,90,padding
fill,0x446a49,7,,,90,padding
fill,0x446c69,7,,,90,padding
fill,0x446e81,15,,,90,padding
fill,0x446f41,15,,,90,padding
fill,0x446fa8,8,,,90,padding
fill,0x44714e,2,,,90,padding
fill,0x447378,8,,,90,padding
fill,0x4478a6,10,,,90,padding
fill,0x447b0f,1,,,90,padding
fill,0x448be2,14,,,90,padding
fill,0x448c67,9,,,90,padding
fill,0x449bae,2,,,90,padding
fill,0x44a674,12,,,90,padding
fill,0x44afa4,12,,,90,padding
fill,0x44b018,8,,,90,padding
fill,0x44b0fb,5,,,90,padding
fill,0x44b139,7,,,90,padding
fill,0x44b222,14,,,90,padding
fill,0x44b324,12,,,90,padding
fill,0x44b3b7,9,,,90,padding
fill,0x44b4d9,7,,,90,padding
fill,0x44b5f7,9,,,90,padding
fill,0x44b689,7,,,90,padding
fill,0x44b989,7,,,90,padding
fill,0x44bc0b,5,,,90,padding
fill,0x44be6d,3,,,90,padding
fill,0x44bfcf,1,,,90,padding
fill,0x44c0c9,7,,,90,padding
fill,0x44c21f,1,,,90,padding
fill,0x44c36d,3,,,90,padding
fill,0x44c416,10,,,90,padding
fill,0x44c799,7,,,90,padding
fill,0x44c7db,5,,,90,padding
fill,0x44ce12,14,,,90,padding
fill,0x44ce32,14,,,90,padding
fill,0x44ce46,10,,,90,padding
fill,0x44ce7b,5,,,90,padding
fill,0x44ce85,11,,,90,padding
fill,0x44cebf,1,,,90,padding
fill,0x44cec5,11,,,90,padding
fill,0x44cee6,10,,,90,padding
fill,0x44cef3,13,,,90,padding
fill,0x44cf18,8,,,90,padding
fill,0x44cf25,11,,,90,padding
fill,0x44cf36,10,,,90,padding
fill,0x44cf45,11,,,90,padding
fill,0x44cf53,13,,,90,padding
fill,0x44cfd1,15,,,90,padding
fill,0x44cfe6,10,,,90,padding
fill,0x44d08b,5,,,90,padding
fill,0x44d0dc,4,,,90,padding
fill,0x44d281,15,,,90,padding
fill,0x44d2bf,1,,,90,padding
fill,0x44d307,9,,,90,padding
fill,0x44d343,13,,,90,padding
fill,0x44d3a4,12,,,90,padding
fill,0x44d43d,3,,,90,padding
fill,0x44d446,10,,,90,padding
fill,0x44d4f9,7,,,90,padding
fill,0x44d55a,6,,,90,padding
fill,0x44d71d,3,,,90,padding
fill,0x44d7bd,3,,,90,padding
fill,0x44d7fa,6,,,90,padding
fill,0x44d83e,2,,,90,padding
fill,0x44d8f3,13,,,90,padding
fill,0x44d906,10,,,90,padding
fill,0x44d996,10,,,90,padding
fill,0x44d9f3,13,,,90,padding
fill,0x44dc5e,2,,,90,padding
fill,0x44dcab,5,,,90,padding
fill,0x44dcfa,6,,,90,padding
fill,0x44ddb6,10,,,90,padding
fill,0x44de7d,3,,,90,padding
fill,0x44df62,14,,,90,padding
fill,0x44df76,10,,,90,padding
fill,0x44dfa8,8,,,90,padding
fill,0x44e07e,2,,,90,padding
fill,0x44e182,14,,,90,padding
fill,0x44e247,9,,,90,padding
fill,0x44e2c1,15,,,90,padding
fill,0x44e32f,1,,,90,padding
fill,0x44e39f,1,,,90,padding
fill,0x44e3b6,10,,,90,padding
fill,0x44e523,13,,,90,padding
fill,0x44e5ac,4,,,90,padding
fill,0x44e6ab,5,,,90,padding
fill,0x44e6b3,13,,,90,padding
fill,0x44e71a,6,,,90,padding
fill,0x44e792,14,,,90,padding
fill,0x44e7a6,10,,,90,padding
fill,0x44e87a,6,,,90,padding
fill,0x44e923,13,,,90,padding
fill,0x44e9b1,15,,,90,padding
fill,0x44ea4c,4,,,90,padding
fill,0x44ea53,13,,,90,padding
fill,0x44eb39,7,,,90,padding
fill,0x44eb5f,1,,,90,padding
fill,0x44ebff,1,,,90,padding
fill,0x44ec03,13,,,90,padding
fill,0x44ec13,13,,,90,padding
fill,0x44ee52,14,,,90,padding
fill,0x44ee63,13,,,90,padding
fill,0x44ee83,13,,,90,padding
fill,0x44eebe,2,,,90,padding
fill,0x44eee3,13,,,90,padding
fill,0x44ef1a,6,,,90,padding
fill,0x44ef39,7,,,90,padding
fill,0x44ef43,13,,,90,padding
fill,0x44ef53,13,,,90,padding
fill,0x44ef8b,5,,,90,padding
fill,0x44efaf,1,,,90,padding
fill,0x44efb1,15,,,90,padding
fill,0x44efc3,13,,,90,padding
fill,0x44efd3,13,,,90,padding
fill,0x44efe3,13,,,90,padding
fill,0x44eff3,13,,,90,padding
fill,0x44f003,13,,,90,padding
fill,0x44f039,7,,,90,padding
fill,0x44f077,9,,,90,padding
fill,0x44f0fa,6,,,90,padding
fill,0x44f14c,4,,,90,padding
fill,0x44f19a,6,,,90,padding
fill,0x44f259,7,,,90,padding
fill,0x44f285,11,,,90,padding
fill,0x44f297,9,,,90,padding
fill,0x44f44f,1,,,90,padding
fill,0x44f472,14,,,90,padding
fill,0x44f49f,1,,,90,padding
fill,0x44f564,12,,,90,padding
fill,0x44f58a,6,,,90,padding
fill,0x44f5bc,4,,,90,padding
fill,0x44f649,7,,,90,padding
fill,0x44f69a,6,,,90,padding
fill,0x44f6d4,12,,,90,padding
fill,0x44f712,14,,,90,padding
fill,0x44f79e,2,,,90,padding
fill,0x44f7d9,7,,,90,padding
fill,0x44f85e,2,,,90,padding
fill,0x44f899,7,,,90,padding
fill,0x44f8fc,4,,,90,padding
fill,0x44f934,12,,,90,padding
fill,0x44f9bd,3,,,90,padding
fill,0x44fc09,7,,,90,padding
fill,0x44fd3c,4,,,90,padding
fill,0x44fd46,10,,,90,padding
fill,0x44fd56,10,,,90,padding
fill,0x44fd66,10,,,90,padding
fill,0x44fd76,10,,,90,padding
fill,0x44fd86,10,,,90,padding
fill,0x44fd96,10,,,90,padding
fill,0x44fdad,3,,,90,padding
fill,0x44fdfa,6,,,90,padding
fill,0x44fe38,8,,,90,padding
fill,0x44fea3,13,,,90,padding
fill,0x44fec6,10,,,90,padding
fill,0x44ffc3,13,,,90,padding
fill,0x45000d,3,,,90,padding
fill,0x45002b,5,,,90,padding
fill,0x450131,15,,,90,padding
fill,0x45023c,4,,,90,padding
fill,0x450371,15,,,90,padding
fill,0x4504e7,9,,,90,padding
fill,0x45052b,5,,,90,padding
fill,0x450901,15,,,90,padding
fill,0x450971,15,,,90,padding
fill,0x450a0d,3,,,90,padding
fill,0x450d78,8,,,90,padding
fill,0x450dc1,15,,,90,padding
fill,0x450e1a,6,,,90,padding
fill,0x450f88,8,,,90,padding
fill,0x451088,8,,,90,padding
fill,0x45117c,4,,,90,padding
fill,0x451212,14,,,90,padding
fill,0x4515c7,9,,,90,padding
fill,0x451638,8,,,90,padding
fill,0x45176c,4,,,90,padding
fill,0x4517a1,15,,,90,padding
fill,0x451b59,7,,,90,padding
fill,0x451bb4,12,,,90,padding
fill,0x451dea,6,,,90,padding
fill,0x451fc7,9,,,90,padding
fill,0x452363,13,,,90,padding
fill,0x4523df,1,,,90,padding
fill,0x452561,15,,,90,padding
fill,0x4526ba,6,,,90,padding
fill,0x4527f3,13,,,90,padding
fill,0x45295e,2,,,90,padding
fill,0x452b68,8,,,90,padding
fill,0x452bc2,14,,,90,padding
fill,0x452c31,15,,,90,padding
fill,0x452cbc,4,,,90,padding
fill,0x453314,12,,,90,padding
fill,0x453354,12,,,90,padding
fill,0x4534dc,4,,,90,padding
fill,0x45363d,3,,,90,padding
fill,0x4538ef,1,,,90,padding
fill,0x453a42,14,,,90,padding
fill,0x453c1c,4,,,90,padding
fill,0x453d31,15,,,90,padding
fill,0x456049,7,,,90,padding
fill,0x4560b9,7,,,90,padding
fill,0x456104,12,,,90,padding
fill,0x456189,7,,,90,padding
fill,0x4561fa,6,,,90,padding
fill,0x45628b,5,,,90,padding
fill,0x45630c,4,,,90,padding
fill,0x456591,15,,,90,padding
fill,0x45675a,6,,,90,padding
fill,0x456841,15,,,90,padding
fill,0x4568a7,9,,,90,padding
fill,0x4568b3,13,,,90,padding
fill,0x456dde,2,,,90,padding
fill,0x456ed3,13,,,90,padding
fill,0x45729a,6,,,90,padding
fill,0x4573c5,11,,,90,padding
fill,0x457536,10,,,90,padding
fill,0x457703,13,,,90,padding
fill,0x4578c7,9,,,90,padding
fill,0x4578e2,14,,,90,padding
fill,0x457a44,12,,,90,padding
fill,0x457aea,6,,,90,padding
fill,0x457b33,13,,,90,padding
fill,0x457b83,13,,,90,padding
fill,0x457bbc,4,,,90,padding
fill,0x457c0c,4,,,90,padding
fill,0x457c71,15,,,90,padding
fill,0x457cac,4,,,90,padding
fill,0x457d2e,2,,,90,padding
fill,0x458155,11,,,90,padding
fill,0x458173,13,,,90,padding
fill,0x4581b9,7,,,90,padding
fill,0x4581dc,4,,,90,padding
fill,0x458301,15,,,90,padding
fill,0x458429,7,,,90,padding
fill,0x4584cf,1,,,90,padding
fill,0x45869d,3,,,90,padding
fill,0x4587ab,5,,,90,padding
fill,0x458805,11,,,90,padding
fill,0x4589bb,5,,,90,padding
fill,0x458d1d,3,,,90,padding
fill,0x458d2e,2,,,90,padding
fill,0x458dc5,11,,,90,padding
fill,0x458f91,15,,,90,padding
fill,0x459167,9,,,90,padding
fill,0x4597e2,14,,,90,padding
fill,0x45982d,3,,,90,padding
fill,0x459c6a,6,,,90,padding
fill,0x45a46f,1,,,90,padding
fill,0x45a50c,4,,,90,padding
fill,0x45a60e,2,,,90,padding
fill,0x45a78b,5,,,90,padding
fill,0x45a8c3,13,,,90,padding
fill,0x45a944,12,,,90,padding
fill,0x45aa92,14,,,90,padding
fill,0x45ab04,12,,,90,padding
fill,0x45ac14,12,,,90,padding
fill,0x45aeb1,15,,,90,padding
fill,0x45af8a,6,,,90,padding
fill,0x45b028,8,,,90,padding
fill,0x45b099,7,,,90,padding
fill,0x45b14e,2,,,90,padding
fill,0x45b242,14,,,90,padding
fill,0x45b48d,3,,,90,padding
fill,0x45b631,15,,,90,padding
fill,0x45b65b,5,,,90,padding
fill,0x45b666,10,,,90,padding
fill,0x45b7fb,5,,,90,padding
fill,0x45b81e,2,,,90,padding
fill,0x45b852,14,,,90,padding
fill,0x45b919,7,,,90,padding
fill,0x45b9a9,7,,,90,padding
fill,0x45ba19,7,,,90,padding
fill,0x45ba5f,1,,,90,padding
fill,0x45baea,6,,,90,padding
fill,0x45bafe,2,,,90,padding
fill,0x45bbe4,12,,,90,padding
fill,0x45bcb2,14,,,90,padding
fill,0x45bd11,15,,,90,padding
fill,0x45bdd3,13,,,90,padding
fill,0x45be93,13,,,90,padding
fill,0x45bf53,13,,,90,padding
fill,0x45c001,15,,,90,padding
fill,0x45c06a,6,,,90,padding
fill,0x45c16b,5,,,90,padding
fill,0x45c21d,3,,,90,padding
fill,0x45c32c,4,,,90,padding
fill,0x45c3cd,3,,,90,padding
fill,0x45c3e6,10,,,90,padding
fill,0x45c502,14,,,90,padding
fill,0x45c568,8,,,90,padding
fill,0x45c62b,5,,,90,padding
fill,0x45c6c6,10,,,90,padding
fill,0x45c73e,2,,,90,padding
fill,0x45c816,10,,,90,padding
fill,0x45c94e,2,,,90,padding
fill,0x45ca46,10,,,90,padding
fill,0x45cadf,1,,,90,padding
fill,0x45cc41,15,,,90,padding
fill,0x45cddf,1,,,90,padding
fill,0x45cfbe,2,,,90,padding
fill,0x45d0b4,12,,,90,padding
fill,0x45d12f,1,,,90,padding
fill,0x45d276,10,,,90,padding
fill,0x45d7b5,11,,,90,padding
fill,0x45d9ce,2,,,90,padding
fill,0x45da81,15,,,90,padding
fill,0x45de2b,5,,,90,padding
fill,0x45e0f6,10,,,90,padding
fill,0x45e4b2,14,,,90,padding
fill,0x45e5df,1,,,90,padding
fill,0x45eace,2,,,90,padding
fill,0x45ed48,8,,,90,padding
fill,0x45f18b,5,,,90,padding
fill,0x45f1c4,12,,,90,padding
fill,0x45f767,9,,,90,padding
fill,0x45f7f9,7,,,90,padding
fill,0x45f8b9,7,,,90,padding
fill,0x45fab8,8,,,90,padding
fill,0x45fb23,13,,,90,padding
fill,0x45fbb2,14,,,90,padding
fill,0x45fc34,12,,,90,padding
fill,0x45fc5b,5,,,90,padding
fill,0x45ffa4,12,,,90,padding
fill,0x46015e,2,,,90,padding
fill,0x460339,7,,,90,padding
fill,0x46049d,3,,,90,padding
fill,0x4605be,2,,,90,padding
fill,0x46067b,5,,,90,padding
fill,0x4607f2,14,,,90,padding
fill,0x4608a8,8,,,90,padding
fill,0x460999,7,,,90,padding
fill,0x4609af,1,,,90,padding
fill,0x460cb9,7,,,90,padding
fill,0x460e19,7,,,90,padding
fill,0x460f39,7,,,90,padding
fill,0x460f57,9,,,90,padding
fill,0x461018,8,,,90,padding
fill,0x46116d,3,,,90,padding
fill,0x461171,15,,,90,padding
fill,0x4611d7,9,,,90,padding
fill,0x461411,15,,,90,padding
fill,0x4614da,6,,,90,padding
fill,0x4615e4,12,,,90,padding
fill,0x461604,12,,,90,padding
fill,0x461611,15,,,90,padding
fill,0x461623,13,,,90,padding
fill,0x461749,7,,,90,padding
fill,0x46185d,3,,,90,padding
fill,0x461898,8,,,90,padding
fill,0x4618f4,12,,,90,padding
fill,0x4619ab,5,,,90,padding
fill,0x4619de,2,,,90,padding
fill,0x461a6f,1,,,90,padding
fill,0x461ab6,10,,,90,padding
fill,0x461b06,10,,,90,padding
fill,0x461d56,10,,,90,padding
fill,0x461d63,13,,,90,padding
fill,0x461d7f,1,,,90,padding
fill,0x461d98,8,,,90,padding
fill,0x461daf,1,,,90,padding
fill,0x461f84,12,,,90,padding
fill,0x461fce,2,,,90,padding
fill,0x462367,9,,,90,padding
fill,0x4623ac,4,,,90,padding
fill,0x4623d7,9,,,90,padding
fill,0x462469,7,,,90,padding
fill,0x462499,7,,,90,padding
fill,0x4626da,6,,,90,padding
fill,0x462854,12,,,90,padding
fill,0x46289b,5,,,90,padding
fill,0x4628c1,15,,,90,padding
fill,0x4629ab,5,,,90,padding
fill,0x462a5b,5,,,90,padding
fill,0x462ad8,8,,,90,padding
fill,0x462bc9,7,,,90,padding
fill,0x462be5,11,,,90,padding
fill,0x462bfb,5,,,90,padding
fill,0x462cbc,4,,,90,padding
fill,0x462d2a,6,,,90,padding
fill,0x462d84,12,,,90,padding
fill,0x462eca,6,,,90,padding
fill,0x462f28,8,,,90,padding
fill,0x4635a5,11,,,90,padding
fill,0x46360d,3,,,90,padding
fill,0x46367d,3,,,90,padding
fill,0x4636a9,7,,,90,padding
fill,0x463701,15,,,90,padding
fill,0x46372d,3,,,90,padding
fill,0x46378b,5,,,90,padding
fill,0x463bc2,14,,,90,padding
fill,0x463bd1,15,,,90,padding
fill,0x463c32,14,,,90,padding
fill,0x463c5d,3,,,90,padding
fill,0x463c78,8,,,90,padding
fill,0x463c9d,3,,,90,padding
fill,0x463e41,15,,,90,padding
fill,0x463ee2,14,,,90,padding
fill,0x463f5f,1,,,90,padding
fill,0x464057,9,,,90,padding
fill,0x4644c1,15,,,90,padding
fill,0x4646fb,5,,,90,padding
fill,0x4648d9,7,,,90,padding
fill,0x46498e,2,,,90,padding
fill,0x4649c7,9,,,90,padding
fill,0x464aa2,14,,,90,padding
fill,0x464abd,3,,,90,padding
fill,0x464acd,3,,,90,padding
fill,0x464ae3,13,,,90,padding
fill,0x464afd,3,,,90,padding
fill,0x464b0d,3,,,90,padding
fill,0x464b23,13,,,90,padding
fill,0x464c5d,3,,,90,padding
fill,0x464d91,15,,,90,padding
fill,0x464dd7,9,,,90,padding
fill,0x464e6f,1,,,90,padding
fill,0x464f77,9,,,90,padding
fill,0x4658d8,8,,,90,padding
fill,0x465ab5,11,,,90,padding
fill,0x465e21,15,,,90,padding
fill,0x465fa3,13,,,90,padding
fill,0x466043,13,,,90,padding
fill,0x4662e9,7,,,90,padding
fill,0x46657e,2,,,90,padding
fill,0x4665c3,13,,,90,padding
fill,0x466779,7,,,90,padding
fill,0x4669a4,12,,,90,padding
fill,0x466a93,13,,,90,padding
fill,0x466afc,4,,,90,padding
fill,0x466b67,9,,,90,padding
fill,0x466c15,11,,,90,padding
fill,0x466db2,14,,,90,padding
fill,0x46743e,2,,,90,padding
fill,0x467837,9,,,90,padding
fill,0x46795e,2,,,90,padding
fill,0x467979,7,,,90,padding
fill,0x467999,7,,,90,padding
fill,0x467a1e,2,,,90,padding
fill,0x467a48,8,,,90,padding
fill,0x467b53,13,,,90,padding
fill,0x467bfd,3,,,90,padding
fill,0x467caf,1,,,90,padding
fill,0x467e4a,6,,,90,padding
fill,0x46830c,4,,,90,padding
fill,0x46837c,4,,,90,padding
fill,0x46859b,5,,,90,padding
fill,0x4689b5,11,,,90,padding
fill,0x468ce3,13,,,90,padding
fill,0x46a424,12,,,90,padding
fill,0x46a608,8,,,90,padding
fill,0x46a85d,3,,,90,padding
fill,0x46b8f7,9,,,90,padding
fill,0x46b9c4,12,,,90,padding
fill,0x46ba75,11,,,90,padding
fill,0x46bad9,7,,,90,padding
fill,0x46bc5c,4,,,90,padding
fill,0x46bc6d,3,,,90,padding
fill,0x46bcdc,4,,,90,padding
fill,0x46befe,2,,,90,padding
fill,0x46bf1b,5,,,90,padding
fill,0x46bf2e,2,,,90,padding
fill,0x46c18a,6,,,90,padding
fill,0x46c293,13,,,90,padding
fill,0x46c612,14,,,90,padding
fill,0x46c806,10,,,90,padding
fill,0x46c8ad,3,,,90,padding
fill,0x46c8c3,13,,,90,padding
fill,0x46c8d1,15,,,90,padding
fill,0x46c91a,6,,,90,padding
fill,0x46ca5d,3,,,90,padding
fill,0x46cbdd,3,,,90,padding
fill,0x46cc0f,1,,,90,padding
fill,0x46ceb6,10,,,90,padding
fill,0x46cee1,15,,,90,padding
fill,0x46d035,11,,,90,padding
fill,0x46d196,10,,,90,padding
fill,0x46d2d8,8,,,90,padding
fill,0x46d4bb,5,,,90,padding
fill,0x46d4f1,15,,,90,padding
fill,0x46d521,15,,,90,padding
fill,0x46d5aa,6,,,90,padding
fill,0x46d625,11,,,90,padding
fill,0x46d6b6,10,,,90,padding
fill,0x46d963,13,,,90,padding
fill,0x46dacf,1,,,90,padding
fill,0x46df3f,1,,,90,padding
fill,0x46dff9,7,,,90,padding
fill,0x46e0a6,10,,,90,padding
fill,0x46e153,13,,,90,padding
fill,0x46e274,12,,,90,padding
fill,0x46e32d,3,,,90,padding
fill,0x46e3b6,10,,,90,padding
fill,0x46e441,15,,,90,padding
fill,0x46e4ca,6,,,90,padding
fill,0x46e54a,6,,,90,padding
fill,0x46e5ba,6,,,90,padding
fill,0x46e5d8,8,,,90,padding
fill,0x46e602,14,,,90,padding
fill,0x46e632,14,,,90,padding
fill,0x46e862,14,,,90,padding
fill,0x46e873,13,,,90,padding
fill,0x46e88e,2,,,90,padding
fill,0x46e9a4,12,,,90,padding
fill,0x46ea08,8,,,90,padding
fill,0x46ea94,12,,,90,padding
fill,0x46eb5d,3,,,90,padding
fill,0x46eb94,12,,,90,padding
fill,0x46ef48,8,,,90,padding
fill,0x46f1d3,13,,,90,padding
fill,0x46f6c6,10,,,90,padding
fill,0x46f71f,1,,,90,padding
fill,0x46f79c,4,,,90,padding
fill,0x46fabe,2,,,90,padding
fill,0x46facf,1,,,90,padding
fill,0x46fae6,10,,,90,padding
fill,0x46fb3a,6,,,90,padding
fill,0x46fb7f,1,,,90,padding
fill,0x46fe5b,5,,,90,padding
fill,0x46feaf,1,,,90,padding
fill,0x46ff0a,6,,,90,padding
fill,0x46ff6c,4,,,90,padding
fill,0x46ff8b,5,,,90,padding
fill,0x47002f,1,,,90,padding
fill,0x470033,13,,,90,padding
fill,0x47024e,2,,,90,padding
fill,0x470263,13,,,90,padding
fill,0x470283,13,,,90,padding
fill,0x470293,13,,,90,padding
fill,0x4702ce,2,,,90,padding
fill,0x4702fa,6,,,90,padding
fill,0x470384,12,,,90,padding
fill,0x470559,7,,,90,padding
fill,0x470763,13,,,90,padding
fill,0x470793,13,,,90,padding
fill,0x470a35,11,,,90,padding
fill,0x470a86,10,,,90,padding
fill,0x470ad6,10,,,90,padding
fill,0x470b77,9,,,90,padding
fill,0x470c02,14,,,90,padding
fill,0x470e41,15,,,90,padding
fill,0x470eaf,1,,,90,padding
fill,0x470ecc,4,,,90,padding
fill,0x470ee4,12,,,90,padding
fill,0x470ef3,13,,,90,padding
fill,0x470f2e,2,,,90,padding
fill,0x470f53,13,,,90,padding
fill,0x470f73,13,,,90,padding
fill,0x470faa,6,,,90,padding
fill,0x47104a,6,,,90,padding
fill,0x4710d4,12,,,90,padding
fill,0x471117,9,,,90,padding
fill,0x471153,13,,,90,padding
fill,0x47133c,4,,,90,padding
fill,0x47142f,1,,,90,padding
fill,0x47146f,1,,,90,padding
fill,0x47155f,1,,,90,padding
fill,0x47159f,1,,,90,padding
fill,0x471694,12,,,90,padding
fill,0x4716df,1,,,90,padding
fill,0x4717d9,7,,,90,padding
fill,0x47181f,1,,,90,padding
fill,0x471a4c,4,,,90,padding
fill,0x471c72,14,,,90,padding
fill,0x471c9f,1,,,90,padding
fill,0x471cbf,1,,,90,padding
fill,0x471cf2,14,,,90,padding
fill,0x471d07,9,,,90,padding
fill,0x471d4e,2,,,90,padding
fill,0x471d62,14,,,90,padding
fill,0x471d87,9,,,90,padding
fill,0x471dd4,12,,,90,padding
fill,0x471ea3,13,,,90,padding
fill,0x471f3f,1,,,90,padding
fill,0x471f82,14,,,90,padding
fill,0x471fce,2,,,90,padding
fill,0x4720c8,8,,,90,padding
fill,0x4721f9,7,,,90,padding
fill,0x472329,7,,,90,padding
fill,0x47242d,3,,,90,padding
fill,0x47252c,4,,,90,padding
fill,0x47262b,5,,,90,padding
fill,0x472716,10,,,90,padding
fill,0x472806,10,,,90,padding
fill,0x472c4d,3,,,90,padding
fill,0x472d2f,1,,,90,padding
fill,0x472d43,13,,,90,padding
fill,0x472df3,13,,,90,padding
fill,0x472e21,15,,,90,padding
fill,0x472ea7,9,,,90,padding
fill,0x472f53,13,,,90,padding
fill,0x472f81,15,,,90,padding
fill,0x473007,9,,,90,padding
fill,0x4730b3,13,,,90,padding
fill,0x4730e1,15,,,90,padding
fill,0x473169,7,,,90,padding
fill,0x473213,13,,,90,padding
fill,0x473241,15,,,90,padding
fill,0x4732c7,9,,,90,padding
fill,0x4732d3,13,,,90,padding
fill,0x4734f9,7,,,90,padding
fill,0x47352e,2,,,90,padding
fill,0x473553,13,,,90,padding
fill,0x47358d,3,,,90,padding
fill,0x4736bd,3,,,90,padding
fill,0x4736d3,13,,,90,padding
fill,0x4737b4,12,,,90,padding
fill,0x4739ad,3,,,90,padding
fill,0x4739f5,11,,,90,padding
fill,0x473b2c,4,,,90,padding
fill,0x473b43,13,,,90,padding
fill,0x473d43,13,,,90,padding
fill,0x474127,9,,,90,padding
fill,0x47416c,4,,,90,padding
fill,0x47429d,3,,,90,padding
fill,0x4742b3,13,,,90,padding
fill,0x47439c,4,,,90,padding
fill,0x474579,7,,,90,padding
fill,0x4745da,6,,,90,padding
fill,0x474712,14,,,90,padding
fill,0x474753,13,,,90,padding
fill,0x47487c,4,,,90,padding
fill,0x474af6,10,,,90,padding
fill,0x474b7f,1,,,90,padding
fill,0x474caf,1,,,90,padding
fill,0x474cc4,12,,,90,padding
fill,0x474d05,11,,,90,padding
fill,0x474d4a,6,,,90,padding
fill,0x474de3,13,,,90,padding
fill,0x474f7b,5,,,90,padding
fill,0x474fb8,8,,,90,padding
fill,0x47503f,1,,,90,padding
fill,0x475088,8,,,90,padding
fill,0x4750a4,12,,,90,padding
fill,0x4750e5,11,,,90,padding
fill,0x475103,13,,,90,padding
fill,0x47514a,6,,,90,padding
fill,0x4751b9,7,,,90,padding
fill,0x47532f,1,,,90,padding
fill,0x475333,13,,,90,padding
fill,0x475438,8,,,90,padding
fill,0x475461,15,,,90,padding
fill,0x4755fe,2,,,90,padding
fill,0x4756f8,8,,,90,padding
fill,0x47576c,4,,,90,padding
fill,0x475861,15,,,90,padding
fill,0x475873,13,,,90,padding
fill,0x4758ba,6,,,90,padding
fill,0x475bcb,5,,,90,padding
fill,0x475ee7,9,,,90,padding
fill,0x47620a,6,,,90,padding
fill,0x47648c,4,,,90,padding
fill,0x476708,8,,,90,padding
fill,0x4767d4,12,,,90,padding
fill,0x4767ec,4,,,90,padding
fill,0x476822,14,,,90,padding
fill,0x476915,11,,,90,padding
fill,0x4769e4,12,,,90,padding
fill,0x476a59,7,,,90,padding
fill,0x476c6f,1,,,90,padding
fill,0x476c9a,6,,,90,padding
fill,0x476cca,6,,,90,padding
fill,0x476d79,7,,,90,padding
fill,0x476e84,12,,,90,padding
fill,0x476ee6,10,,,90,padding
fill,0x477354,12,,,90,padding
fill,0x47740e,2,,,90,padding
fill,0x4774cc,4,,,90,padding
fill,0x47750c,4,,,90,padding
fill,0x477596,10,,,90,padding
fill,0x47779a,6,,,90,padding
fill,0x477936,10,,,90,padding
fill,0x4779d9,7,,,90,padding
fill,0x477aa8,8,,,90,padding
fill,0x47823f,1,,,90,padding
fill,0x478784,12,,,90,padding
fill,0x478cac,4,,,90,padding
fill,0x478e7e,2,,,90,padding
fill,0x4794cf,1,,,90,padding
fill,0x4794f5,11,,,90,padding
fill,0x479525,11,,,90,padding
fill,0x479559,7,,,90,padding
fill,0x479589,7,,,90,padding
fill,0x47961b,5,,,90,padding
fill,0x479652,14,,,90,padding
fill,0x479759,7,,,90,padding
fill,0x4797da,6,,,90,padding
fill,0x479bea,6,,,90,padding
fill,0x479c4c,4,,,90,padding
fill,0x47a0d4,12,,,90,padding
fill,0x47a6f9,7,,,90,padding
fill,0x47a759,7,,,90,padding
fill,0x47a8d4,12,,,90,padding
fill,0x47a908,8,,,90,padding
fill,0x47aa96,10,,,90,padding
fill,0x47aae6,10,,,90,padding
fill,0x47acac,4,,,90,padding
fill,0x47accf,1,,,90,padding
fill,0x47ae2a,6,,,90,padding
fill,0x47ae5d,3,,,90,padding
fill,0x47b9e3,13,,,90,padding
fill,0x47bba5,11,,,90,padding
fill,0x47bd69,7,,,90,padding
fill,0x47bde5,11,,,90,padding
fill,0x47c148,8,,,90,padding
fill,0x47c226,10,,,90,padding
fill,0x47c298,8,,,90,padding
fill,0x47c2e8,8,,,90,padding
fill,0x47c326,10,,,90,padding
fill,0x47c39a,6,,,90,padding
fill,0x47c4c6,10,,,90,padding
fill,0x47c52e,2,,,90,padding
fill,0x47c6be,2,,,90,padding
fill,0x47c776,10,,,90,padding
fill,0x47c786,10,,,90,padding
fill,0x47cae1,15,,,90,padding
fill,0x47caf1,15,,,90,padding
fill,0x47cb33,13,,,90,padding
fill,0x47cb53,13,,,90,padding
fill,0x47cbc3,13,,,90,padding
fill,0x47cc23,13,,,90,padding
fill,0x47d0df,1,,,90,padding
fill,0x47d2d9,7,,,90,padding
fill,0x47d81b,5,,,90,padding
fill,0x47d96d,3,,,90,padding
fill,0x47dab2,14,,,90,padding
fill,0x47db14,12,,,90,padding
fill,0x47db61,15,,,90,padding
fill,0x47ddbb,5,,,90,padding
fill,0x47de5e,2,,,90,padding
fill,0x47dfb6,10,,,90,padding
fill,0x47e1ef,1,,,90,padding
fill,0x47e562,14,,,90,padding
fill,0x47e5bb,5,,,90,padding
fill,0x47e742,14,,,90,padding
fill,0x47e883,13,,,90,padding
fill,0x47ea39,7,,,90,padding
fill,0x47ed2a,6,,,90,padding
fill,0x47ed3d,3,,,90,padding
fill,0x47ee2c,4,,,90,padding
fill,0x47eedb,5,,,90,padding
fill,0x47efcb,5,,,90,padding
fill,0x47f059,7,,,90,padding
fill,0x47f08f,1,,,90,padding
fill,0x47f0b8,8,,,90,padding
fill,0x47f195,11,,,90,padding
fill,0x47f205,11,,,90,padding
fill,0x47f289,7,,,90,padding
fill,0x47f2fa,6,,,90,padding
fill,0x47f607,9,,,90,padding
fill,0x47f67a,6,,,90,padding
fill,0x47f744,12,,,90,padding
fill,0x47f775,11,,,90,padding
fill,0x47f7dd,3,,,90,padding
fill,0x47f846,10,,,90,padding
fill,0x47f8b6,10,,,90,padding
fill,0x47f956,10,,,90,padding
fill,0x47f987,9,,,90,padding
fill,0x47fa22,14,,,90,padding
fill,0x47fac2,14,,,90,padding
fill,0x47fc94,12,,,90,padding
fill,0x47fd62,14,,,90,padding
fill,0x47ff9d,3,,,90,padding
fill,0x48001b,5,,,90,padding
fill,0x4800fc,4,,,90,padding
fill,0x48015d,3,,,90,padding
fill,0x48018a,6,,,90,padding
fill,0x4801e6,10,,,90,padding
fill,0x480243,13,,,90,padding
fill,0x480458,8,,,90,padding
fill,0x4804d8,8,,,90,padding
fill,0x480508,8,,,90,padding
fill,0x480563,13,,,90,padding
fill,0x4805a1,15,,,90,padding
fill,0x48071e,2,,,90,padding
fill,0x48076e,2,,,90,padding
fill,0x480b14,12,,,90,padding
fill,0x480c2c,4,,,90,padding
fill,0x480c4f,1,,,90,padding
fill,0x480caf,1,,,90,padding
fill,0x480cd2,14,,,90,padding
fill,0x480d4d,3,,,90,padding
fill,0x480dad,3,,,90,padding
fill,0x480ded,3,,,90,padding
fill,0x480e2e,2,,,90,padding
fill,0x480e4a,6,,,90,padding
fill,0x480e6c,4,,,90,padding
fill,0x480e8d,3,,,90,padding
fill,0x480e93,13,,,90,padding
fill,0x480ea3,13,,,90,padding
fill,0x48133c,4,,,90,padding
fill,0x4813af,1,,,90,padding
fill,0x48142b,5,,,90,padding
fill,0x48146e,2,,,90,padding
fill,0x4814a2,14,,,90,padding
fill,0x4814b5,11,,,90,padding
fill,0x4814ea,6,,,90,padding
fill,0x4814fa,6,,,90,padding
fill,0x48152e,2,,,90,padding
fill,0x481545,11,,,90,padding
fill,0x481596,10,,,90,padding
fill,0x4815ed,3,,,90,padding
fill,0x481696,10,,,90,padding
fill,0x48192e,2,,,90,padding
fill,0x481d4c,4,,,90,padding
fill,0x482085,11,,,90,padding
fill,0x48210f,1,,,90,padding
fill,0x48212c,4,,,90,padding
fill,0x48226e,2,,,90,padding
fill,0x4825a1,15,,,90,padding
fill,0x4827a8,8,,,90,padding
fill,0x48282f,1,,,90,padding
fill,0x48290d,3,,,90,padding
fill,0x482ab2,14,,,90,padding
fill,0x482c16,10,,,90,padding
fill,0x48320f,1,,,90,padding
fill,0x48336b,5,,,90,padding
fill,0x4833af,1,,,90,padding
fill,0x483605,11,,,90,padding
fill,0x483dc7,9,,,90,padding
fill,0x483f9d,3,,,90,padding
fill,0x4843b6,10,,,90,padding
fill,0x4848d7,9,,,90,padding
fill,0x484b4b,5,,,90,padding
fill,0x484cd7,9,,,90,padding
fill,0x484d55,11,,,90,padding
fill,0x484dee,2,,,90,padding
fill,0x484e7e,2,,,90,padding
fill,0x484f42,14,,,90,padding
fill,0x484f9e,2,,,90,padding
fill,0x485001,15,,,90,padding
fill,0x485068,8,,,90,padding
fill,0x4851b5,11,,,90,padding
fill,0x485322,14,,,90,padding
fill,0x4853a5,11,,,90,padding
fill,0x48541a,6,,,90,padding
fill,0x485493,13,,,90,padding
fill,0x48593c,4,,,90,padding
fill,0x485975,11,,,90,padding
fill,0x485a32,14,,,90,padding
fill,0x485d34,12,,,90,padding
fill,0x485e29,7,,,90,padding
fill,0x485e4e,2,,,90,padding
fill,0x485e86,10,,,90,padding
fill,0x485f4a,6,,,90,padding
fill,0x4861c7,9,,,90,padding
fill,0x48635b,5,,,90,padding
fill,0x486457,9,,,90,padding
fill,0x4864aa,6,,,90,padding
fill,0x4866c2,14,,,90,padding
fill,0x486e7c,4,,,90,padding
fill,0x486ec7,9,,,90,padding
fill,0x486f0a,6,,,90,padding
fill,0x486fc9,7,,,90,padding
fill,0x487072,14,,,90,padding
fill,0x4876bb,5,,,90,padding
fill,0x487ae6,10,,,90,padding
fill,0x487be1,15,,,90,padding
fill,0x488303,13,,,90,padding
fill,0x488564,12,,,90,padding
fill,0x488801,15,,,90,padding
fill,0x488917,9,,,90,padding
fill,0x48895b,5,,,90,padding
fill,0x4889c2,14,,,90,padding
fill,0x4889fa,6,,,90,padding
fill,0x488a43,13,,,90,padding
fill,0x488b0f,1,,,90,padding
fill,0x488bdb,5,,,90,padding
fill,0x488beb,5,,,90,padding
fill,0x488c4a,6,,,90,padding
fill,0x488d29,7,,,90,padding
fill,0x488e65,11,,,90,padding
fill,0x488f2c,4,,,90,padding
fill,0x488fac,4,,,90,padding
fill,0x489239,7,,,90,padding
fill,0x48925b,5,,,90,padding
fill,0x48927b,5,,,90,padding
fill,0x4894ea,6,,,90,padding
fill,0x489534,12,,,90,padding
fill,0x489571,15,,,90,padding
fill,0x4895b5,11,,,90,padding
fill,0x48964d,3,,,90,padding
fill,0x48968b,5,,,90,padding
fill,0x48973f,1,,,90,padding
fill,0x4897a5,11,,,90,padding
fill,0x4897dc,4,,,90,padding
fill,0x4897fa,6,,,90,padding
fill,0x4898a2,14,,,90,padding
fill,0x489952,14,,,90,padding
fill,0x4899a1,15,,,90,padding
fill,0x489a6a,6,,,90,padding
fill,0x489ba3,13,,,90,padding
fill,0x489cdb,5,,,90,padding
fill,0x489f99,7,,,90,padding
fill,0x48a05a,6,,,90,padding
fill,0x48a093,13,,,90,padding
fill,0x48a0e3,13,,,90,padding
fill,0x48a153,13,,,90,padding
fill,0x48a181,15,,,90,padding
fill,0x48a1dd,3,,,90,padding
fill,0x48a43c,4,,,90,padding
fill,0x48a487,9,,,90,padding
fill,0x48a7e9,7,,,90,padding
fill,0x48a86a,6,,,90,padding
fill,0x48a975,11,,,90,padding
fill,0x48a9a5,11,,,90,padding
fill,0x48a9e4,12,,,90,padding
fill,0x48aabe,2,,,90,padding
fill,0x48ab6d,3,,,90,padding
fill,0x48b081,15,,,90,padding
fill,0x48b1ff,1,,,90,padding
fill,0x48b3e1,15,,,90,padding
fill,0x48b706,10,,,90,padding
fill,0x48b91d,3,,,90,padding
fill,0x48bad2,14,,,90,padding
fill,0x48bca9,7,,,90,padding
fill,0x48bcf5,11,,,90,padding
fill,0x48bd43,13,,,90,padding
fill,0x48bdf9,7,,,90,padding
fill,0x48bf22,14,,,90,padding
fill,0x48c021,15,,,90,padding
fill,0x48c143,13,,,90,padding
fill,0x48c18c,4,,,90,padding
fill,0x48c312,14,,,90,padding
fill,0x48c38d,3,,,90,padding
fill,0x48c695,11,,,90,padding
fill,0x48c7eb,5,,,90,padding
fill,0x48c9af,1,,,90,padding
fill,0x48ca1d,3,,,90,padding
fill,0x48cc21,15,,,90,padding
fill,0x48cd73,13,,,90,padding
fill,0x48cf2c,4,,,90,padding
fill,0x48d216,10,,,90,padding
fill,0x48d413,13,,,90,padding
fill,0x48d4cf,1,,,90,padding
fill,0x48d62c,4,,,90,padding
fill,0x48d78c,4,,,90,padding
fill,0x48d914,12,,,90,padding
fill,0x48d998,8,,,90,padding
fill,0x48dc24,12,,,90,padding
fill,0x48dd07,9,,,90,padding
fill,0x48ddba,6,,,90,padding
fill,0x48df81,15,,,90,padding
fill,0x48dfa8,8,,,90,padding
fill,0x48e002,14,,,90,padding
fill,0x48e9fe,2,,,90,padding
fill,0x48ea04,12,,,90,padding
fill,0x48ea13,13,,,90,padding
fill,0x48ea23,13,,,90,padding
fill,0x48ea33,13,,,90,padding
fill,0x48eab6,10,,,90,padding
fill,0x48eaf9,7,,,90,padding
fill,0x48eb3b,5,,,90,padding
fill,0x48eb77,9,,,90,padding
fill,0x48ebb9,7,,,90,padding
fill,0x48ebfb,5,,,90,padding
fill,0x48ec1a,6,,,90,padding
fill,0x48ecf9,7,,,90,padding
fill,0x48ed4c,4,,,90,padding
fill,0x48eda6,10,,,90,padding
fill,0x48ee27,9,,,90,padding
fill,0x48ee69,7,,,90,padding
fill,0x48eeab,5,,,90,padding
fill,0x48eeff,1,,,90,padding
fill,0x48ef39,7,,,90,padding
fill,0x48ef7b,5,,,90,padding
fill,0x48efa2,14,,,90,padding
fill,0x48f068,8,,,90,padding
fill,0x48f0a9,7,,,90,padding
fill,0x48f0eb,5,,,90,padding
fill,0x48f153,13,,,90,padding
fill,0x48f1a9,7,,,90,padding
fill,0x48f1fc,4,,,90,padding
fill,0x48f24c,4,,,90,padding
fill,0x48f2e2,14,,,90,padding
fill,0x48f329,7,,,90,padding
fill,0x48f36b,5,,,90,padding
fill,0x48f3d7,9,,,90,padding
fill,0x48f43c,4,,,90,padding
fill,0x48f479,7,,,90,padding
fill,0x48f4bb,5,,,90,padding
fill,0x48f527,9,,,90,padding
fill,0x48f58c,4,,,90,padding
fill,0x48f5c9,7,,,90,padding
fill,0x48f60b,5,,,90,padding
fill,0x48f624,12,,,90,padding
fill,0x48f669,7,,,90,padding
fill,0x48f6ab,5,,,90,padding
fill,0x48f70d,3,,,90,padding
fill,0x48f749,7,,,90,padding
fill,0x48f78b,5,,,90,padding
fill,0x48f7dd,3,,,90,padding
fill,0x48f83c,4,,,90,padding
fill,0x48f879,7,,,90,padding
fill,0x48f8bb,5,,,90,padding
fill,0x48f8f9,7,,,90,padding
fill,0x48f949,7,,,90,padding
fill,0x48f99c,4,,,90,padding
fill,0x48f9c2,14,,,90,padding
fill,0x48faa9,7,,,90,padding
fill,0x48fae9,7,,,90,padding
fill,0x48fb2b,5,,,90,padding
fill,0x48fb5b,5,,,90,padding
fill,0x48fbbc,4,,,90,padding
fill,0x48fbf9,7,,,90,padding
fill,0x48fc3b,5,,,90,padding
fill,0x48fc6b,5,,,90,padding
fill,0x48fccc,4,,,90,padding
fill,0x48fd09,7,,,90,padding
fill,0x48fd4b,5,,,90,padding
fill,0x48fd64,12,,,90,padding
fill,0x48fda9,7,,,90,padding
fill,0x48fdeb,5,,,90,padding
fill,0x48fe59,7,,,90,padding
fill,0x48fec9,7,,,90,padding
fill,0x48ff3c,4,,,90,padding
fill,0x48ffc8,8,,,90,padding
fill,0x49004e,2,,,90,padding
fill,0x49007a,6,,,90,padding
fill,0x4901fa,6,,,90,padding
fill,0x49022a,6,,,90,padding
fill,0x49035d,3,,,90,padding
fill,0x4904ae,2,,,90,padding
fill,0x4904bb,5,,,90,padding
fill,0x490514,12,,,90,padding
fill,0x490574,12,,,90,padding
fill,0x4905d4,12,,,90,padding
fill,0x49062c,4,,,90,padding
fill,0x49068f,1,,,90,padding
fill,0x4907d6,10,,,90,padding
fill,0x49083e,2,,,90,padding
fill,0x490879,7,,,90,padding
fill,0x4908a6,10,,,90,padding
fill,0x4908b7,9,,,90,padding
fill,0x49093d,3,,,90,padding
fill,0x490992,14,,,90,padding
fill,0x4909da,6,,,90,padding
fill,0x490a05,11,,,90,padding
fill,0x490a96,10,,,90,padding
fill,0x490aba,6,,,90,padding
fill,0x490afc,4,,,90,padding
fill,0x490c34,12,,,90,padding
fill,0x490d92,14,,,90,padding
fill,0x490de4,12,,,90,padding
fill,0x490edf,1,,,90,padding
fill,0x490f01,15,,,90,padding
fill,0x490f31,15,,,90,padding
fill,0x490f71,15,,,90,padding
fill,0x490fd8,8,,,90,padding
fill,0x4911fa,6,,,90,padding
fill,0x491696,10,,,90,padding
fill,0x4917c6,10,,,90,padding
fill,0x491a67,9,,,90,padding
fill,0x491b5e,2,,,90,padding
fill,0x491c5a,6,,,90,padding
fill,0x491c77,9,,,90,padding
fill,0x491cb8,8,,,90,padding
fill,0x491d6f,1,,,90,padding
fill,0x491e06,10,,,90,padding
fill,0x491e49,7,,,90,padding
fill,0x491eb5,11,,,90,padding
fill,0x492324,12,,,90,padding
fill,0x492359,7,,,90,padding
fill,0x492b0c,4,,,90,padding
fill,0x492ddb,5,,,90,padding
fill,0x492de8,8,,,90,padding
fill,0x49305a,6,,,90,padding
fill,0x4931cb,5,,,90,padding
fill,0x493339,7,,,90,padding
fill,0x49338f,1,,,90,padding
fill,0x4933df,1,,,90,padding
fill,0x4934ad,3,,,90,padding
fill,0x4936e4,12,,,90,padding
fill,0x493ad2,14,,,90,padding
fill,0x493be8,8,,,90,padding
fill,0x49404c,4,,,90,padding
fill,0x494219,7,,,90,padding
fill,0x494289,7,,,90,padding
fill,0x4942db,5,,,90,padding
fill,0x494739,7,,,90,padding
fill,0x49483a,6,,,90,padding
fill,0x494886,10,,,90,padding
fill,0x4948a3,13,,,90,padding
fill,0x4948d1,15,,,90,padding
fill,0x494e6a,6,,,90,padding
fill,0x494fe3,13,,,90,padding
fill,0x495003,13,,,90,padding
fill,0x4951fe,2,,,90,padding
fill,0x49522a,6,,,90,padding
fill,0x495489,7,,,90,padding
fill,0x4956b3,13,,,90,padding
fill,0x4958b3,13,,,90,padding
fill,0x495927,9,,,90,padding
fill,0x495e81,15,,,90,padding
fill,0x496784,12,,,90,padding
fill,0x496a57,9,,,90,padding
fill,0x496b0f,1,,,90,padding
fill,0x496ba4,12,,,90,padding
fill,0x496cda,6,,,90,padding
fill,0x496daf,1,,,90,padding
fill,0x496e0f,1,,,90,padding
fill,0x496ed7,9,,,90,padding
fill,0x497071,15,,,90,padding
fill,0x497178,8,,,90,padding
fill,0x497c6d,3,,,90,padding
fill,0x497cd5,11,,,90,padding
fill,0x497f33,13,,,90,padding
fill,0x498cc7,9,,,90,padding
fill,0x498cfc,4,,,90,padding
fill,0x498d91,15,,,90,padding
fill,0x498f6b,5,,,90,padding
fill,0x4990fb,5,,,90,padding
fill,0x4991fe,2,,,90,padding
fill,0x499877,9,,,90,padding
fill,0x499885,11,,,90,padding
fill,0x499a2b,5,,,90,padding
fill,0x499a75,11,,,90,padding
fill,0x499aa5,11,,,90,padding
fill,0x499b96,10,,,90,padding
fill,0x499c06,10,,,90,padding
fill,0x499c67,9,,,90,padding
fill,0x499cc8,8,,,90,padding
fill,0x499e48,8,,,90,padding
fill,0x499eab,5,,,90,padding
fill,0x49a0b5,11,,,90,padding
fill,0x49a115,11,,,90,padding
fill,0x49a845,11,,,90,padding
fill,0x49aa78,8,,,90,padding
fill,0x49abad,3,,,90,padding
fill,0x49ade8,8,,,90,padding
fill,0x49ae11,15,,,90,padding
fill,0x49af84,12,,,90,padding
fill,0x49aff7,9,,,90,padding
fill,0x49b081,15,,,90,padding
fill,0x49b3dc,4,,,90,padding
fill,0x49b51d,3,,,90,padding
fill,0x49b67b,5,,,90,padding
fill,0x49b6d8,8,,,90,padding
fill,0x49be5d,3,,,90,padding
fill,0x49c872,14,,,90,padding
fill,0x49c913,13,,,90,padding
fill,0x49c977,9,,,90,padding
fill,0x49c9b7,9,,,90,padding
fill,0x49cc18,8,,,90,padding
fill,0x49cdd4,12,,,90,padding
fill,0x49d0bc,4,,,90,padding
fill,0x49d11d,3,,,90,padding
fill,0x49d1d6,10,,,90,padding
fill,0x49d261,15,,,90,padding
fill,0x49d576,10,,,90,padding
fill,0x49d879,7,,,90,padding
fill,0x49d90c,4,,,90,padding
fill,0x49d9b4,12,,,90,padding
fill,0x49db6d,3,,,90,padding
fill,0x49dd56,10,,,90,padding
fill,0x49df0e,2,,,90,padding
fill,0x49e009,7,,,90,padding
fill,0x49e068,8,,,90,padding
fill,0x49e195,11,,,90,padding
fill,0x49e569,7,,,90,padding
fill,0x49e5a5,11,,,90,padding
fill,0x49e60b,5,,,90,padding
fill,0x49e628,8,,,90,padding
fill,0x49e63a,6,,,90,padding
fill,0x49e6ea,6,,,90,padding
fill,0x49e6fe,2,,,90,padding
fill,0x49e823,13,,,90,padding
fill,0x49ed85,11,,,90,padding
fill,0x49ed91,15,,,90,padding
fill,0x49ee2a,6,,,90,padding
fill,0x49f536,10,,,90,padding
fill,0x49f574,12,,,90,padding
fill,0x49f59b,5,,,90,padding
fill,0x49f608,8,,,90,padding
fill,0x49f616,10,,,90,padding
fill,0x49f635,11,,,90,padding
fill,0x49f676,10,,,90,padding
fill,0x49f692,14,,,90,padding
fill,0x49f6b7,9,,,90,padding
fill,0x49f704,12,,,90,padding
fill,0x49f8b4,12,,,cc,padding
fill,0x49f92a,6,,,90,padding
fill,0x49f9b3,13,,,90,padding
fill,0x49fa43,13,,,90,padding
fill,0x49fa61,15,,,90,padding
fill,0x49fa81,15,,,90,padding
fill,0x49faa1,15,,,90,padding
fill,0x49fac1,15,,,90,padding
fill,0x49fae5,11,,,90,padding
fill,0x49fb01,15,,,90,padding
fill,0x49fb25,11,,,90,padding
fill,0x49fb46,10,,,90,padding
fill,0x49fc4e,2,,,90,padding
fill,0x49fce2,14,,,90,padding
fill,0x49fd05,11,,,90,padding
fill,0x49fd55,11,,,90,padding
fill,0x49fdea,6,,,90,padding
fill,0x49fe53,13,,,90,padding
fill,0x49fec1,15,,,90,padding
fill,0x49ff07,9,,,90,padding
fill,0x49ff83,13,,,90,padding
fill,0x4a000d,3,,,90,padding
fill,0x4a008d,3,,,90,padding
fill,0x4a0176,10,,,90,padding
fill,0x4a01fd,3,,,90,padding
fill,0x4a027d,3,,,90,padding
fill,0x4a02fd,3,,,90,padding
fill,0x4a03ea,6,,,90,padding
fill,0x4a04e7,9,,,90,padding
fill,0x4a056b,5,,,90,padding
fill,0x4a05df,1,,,90,padding
fill,0x4a07ce,2,,,90,padding
fill,0x4a0874,12,,,90,padding
fill,0x4a09bf,1,,,90,padding
fill,0x4a0be1,15,,,90,padding
fill,0x4a0c64,12,,,90,padding
fill,0x4a0cfb,5,,,90,padding
fill,0x4a0df1,15,,,90,padding
fill,0x4a0f2b,5,,,90,padding
fill,0x4a0f5c,4,,,90,padding
fill,0x4a102e,2,,,90,padding
fill,0x4a1072,14,,,90,padding
fill,0x4a1106,10,,,90,padding
fill,0x4a11b4,12,,,90,padding
fill,0x4a11fc,4,,,90,padding
fill,0x4a1248,8,,,90,padding
fill,0x4a12de,2,,,90,padding
fill,0x4a14bb,5,,,90,padding
fill,0x4a152b,5,,,90,padding
fill,0x4a15b8,8,,,90,padding
fill,0x4a1628,8,,,90,padding
fill,0x4a167d,3,,,90,padding
fill,0x4a16ee,2,,,90,padding
fill,0x4a180d,3,,,90,padding
fill,0x4a18b4,12,,,90,padding
fill,0x4a194e,2,,,90,padding
fill,0x4a1967,9,,,90,padding
fill,0x4a1987,9,,,90,padding
fill,0x4a19e7,9,,,90,padding
fill,0x4a1a47,9,,,90,padding
fill,0x4a1aa7,9,,,90,padding
fill,0x4a1b3f,1,,,90,padding
fill,0x4a2474,12,,,90,padding
fill,0x4a2572,14,,,90,padding
fill,0x4a2bdf,1,,,90,padding
fill,0x4a2e35,11,,,90,padding
fill,0x4a31b4,12,,,90,padding
fill,0x4a3292,14,,,90,padding
fill,0x4a359d,3,,,90,padding
fill,0x4a3696,10,,,90,padding
fill,0x4a3ea8,8,,,90,padding
fill,0x4a3eeb,5,,,90,padding
fill,0x4a4165,11,,,90,padding
fill,0x4a443a,6,,,90,padding
fill,0x4a461d,3,,,90,padding
fill,0x4a4659,7,,,90,padding
fill,0x4a488c,4,,,90,padding
fill,0x4a492e,2,,,90,padding
fill,0x4a4971,15,,,90,padding
fill,0x4a4b4e,2,,,90,padding
fill,0x4a4c85,11,,,90,padding
fill,0x4a4d67,9,,,90,padding
fill,0x4a5005,11,,,90,padding
fill,0x4a502f,1,,,90,padding
fill,0x4a50a1,15,,,90,padding
fill,0x4a50d8,8,,,90,padding
fill,0x4a51ce,2,,,90,padding
fill,0x4a53b5,11,,,90,padding
fill,0x4a56ac,4,,,90,padding
fill,0x4a5d2e,2,,,90,padding
fill,0x4a5d42,14,,,90,padding
fill,0x4a5e4e,2,,,90,padding
fill,0x4a5f34,12,,,90,padding
fill,0x4a69cc,4,,,90,padding
fill,0x4a6a38,8,,,90,padding
fill,0x4a6ad3,13,,,90,padding
fill,0x4a7187,9,,,90,padding
fill,0x4a7284,12,,,90,padding
fill,0x4a7552,14,,,90,padding
fill,0x4a75cc,4,,,90,padding
fill,0x4a76a2,14,,,90,padding
fill,0x4a7822,14,,,90,padding
fill,0x4a7955,11,,,90,padding
fill,0x4a7edc,4,,,90,padding
fill,0x4a7f61,15,,,90,padding
fill,0x4a8144,12,,,90,padding
fill,0x4a81a5,11,,,90,padding
fill,0x4a81d7,9,,,90,padding
fill,0x4a96cc,4,,,90,padding
fill,0x4a9774,12,,,90,padding
fill,0x4a9824,12,,,90,padding
fill,0x4a99b6,10,,,90,padding
fill,0x4a9b88,8,,,90,padding
fill,0x4a9fcf,1,,,90,padding
fill,0x4aa844,12,,,90,padding
fill,0x4aa8d6,10,,,90,padding
fill,0x4aa8ed,3,,,90,padding
fill,0x4aafd2,14,,,90,padding
fill,0x4ab03b,5,,,90,padding
fill,0x4ab051,15,,,90,padding
fill,0x4ab092,14,,,90,padding
fill,0x4ab0ae,2,,,90,padding
fill,0x4ab16c,4,,,90,padding
fill,0x4ab18a,6,,,90,padding
fill,0x4ab1a1,15,,,90,padding
fill,0x4ab287,9,,,90,padding
fill,0x4ab2aa,6,,,90,padding
fill,0x4ab30a,6,,,90,padding
fill,0x4ab391,15,,,90,padding
fill,0x4ab3fa,6,,,90,padding
fill,0x4ab432,14,,,90,padding
fill,0x4ab4ba,6,,,90,padding
fill,0x4ab4da,6,,,90,padding
fill,0x4ab50f,1,,,90,padding
fill,0x4ab567,9,,,90,padding
fill,0x4ab5a7,9,,,90,padding
fill,0x4ab5c6,10,,,90,padding
fill,0x4ab689,7,,,90,padding
fill,0x4ab6a4,12,,,90,padding
fill,0x4ab6ba,6,,,90,padding
fill,0x4ab712,14,,,90,padding
fill,0x4abb17,9,,,90,padding
fill,0x4abb9a,6,,,90,padding
fill,0x4abbcc,4,,,90,padding
fill,0x4abcf7,9,,,90,padding
fill,0x4abd1c,4,,,90,padding
fill,0x4abd82,14,,,90,padding
fill,0x4ac07c,4,,,90,padding
fill,0x4ac09c,4,,,90,padding
fill,0x4ac12a,6,,,90,padding
fill,0x4ac166,10,,,90,padding
fill,0x4ac2f5,11,,,90,padding
fill,0x4ac338,8,,,90,padding
fill,0x4ac4b5,11,,,90,padding
fill,0x4ac605,11,,,90,padding
fill,0x4ac70c,4,,,90,padding
fill,0x4ac7c3,13,,,90,padding
fill,0x4ac89f,1,,,90,padding
fill,0x4ac8bc,4,,,90,padding
fill,0x4ac967,9,,,90,padding
fill,0x4aca11,15,,,90,padding
fill,0x4acad5,11,,,90,padding
fill,0x4acbd6,10,,,90,padding
fill,0x4acc6e,2,,,90,padding
fill,0x4acccd,3,,,90,padding
fill,0x4accfa,6,,,90,padding
fill,0x4acd9f,1,,,90,padding
fill,0x4acdd7,9,,,90,padding
fill,0x4ace4c,4,,,90,padding
fill,0x4ad4e7,9,,,90,padding
fill,0x4ad882,14,,,90,padding
fill,0x4ad971,15,,,90,padding
fill,0x4ada0e,2,,,90,padding
fill,0x4ada31,15,,,90,padding
fill,0x4adc6a,6,,,90,padding
fill,0x4add5d,3,,,90,padding
fill,0x4addee,2,,,90,padding
fill,0x4adf0c,4,,,90,padding
fill,0x4adf89,7,,,90,padding
fill,0x4ae163,13,,,90,padding
fill,0x4ae228,8,,,90,padding
fill,0x4ae2f9,7,,,90,padding
fill,0x4ae371,15,,,90,padding
fill,0x4ae43d,3,,,90,padding
fill,0x4ae4ac,4,,,90,padding
fill,0x4ae4d5,11,,,90,padding
fill,0x4ae54c,4,,,90,padding
fill,0x4ae575,11,,,90,padding
fill,0x4ae60d,3,,,90,padding
fill,0x4aeab8,8,,,90,padding
fill,0x4aed9c,4,,,90,padding
fill,0x4aedcf,1,,,90,padding
fill,0x4aeed3,13,,,90,padding
fill,0x4aef76,10,,,90,padding
fill,0x4af31f,1,,,90,padding
fill,0x4af5a2,14,,,90,padding
fill,0x4afa21,15,,,90,padding
fill,0x4afc58,8,,,90,padding
fill,0x4afce7,9,,,90,padding
fill,0x4afd16,10,,,90,padding
fill,0x4afd37,9,,,90,padding
fill,0x4afd5b,5,,,90,padding
fill,0x4afd7b,5,,,90,padding
fill,0x4afe8f,1,,,90,padding
fill,0x4afeb3,13,,,90,padding
fill,0x4afefc,4,,,90,padding
fill,0x4b0085,11,,,90,padding
fill,0x4b0151,15,,,90,padding
fill,0x4b0221,15,,,90,padding
fill,0x4b04a7,9,,,90,padding
fill,0x4b04df,1,,,90,padding
fill,0x4b050f,1,,,90,padding
fill,0x4b0584,12,,,90,padding
fill,0x4b0604,12,,,90,padding
fill,0x4b0648,8,,,90,padding
fill,0x4b0653,13,,,90,padding
fill,0x4b0663,13,,,90,padding
fill,0x4b0673,13,,,90,padding
fill,0x4b0685,11,,,90,padding
fill,0x4b0695,11,,,90,padding
fill,0x4b06a3,13,,,90,padding
fill,0x4b06ef,1,,,90,padding
fill,0x4b071b,5,,,90,padding
fill,0x4b0798,8,,,90,padding
fill,0x4b07a4,12,,,90,padding
fill,0x4b07b5,11,,,90,padding
fill,0x4b082b,5,,,90,padding
fill,0x4b08b7,9,,,90,padding
fill,0x4b0934,12,,,90,padding
fill,0x4b0a02,14,,,90,padding
fill,0x4b0a6d,3,,,90,padding
fill,0x4b0aff,1,,,90,padding
fill,0x4b0bb5,11,,,90,padding
fill,0x4b0d1f,1,,,90,padding
fill,0x4b0d57,9,,,90,padding
fill,0x4b0d92,14,,,90,padding
fill,0x4b1bf2,14,,,90,padding
fill,0x4b1e4a,6,,,90,padding
fill,0x4b1e55,11,,,90,padding
fill,0x4b1e65,11,,,90,padding
fill,0x4b1e75,11,,,90,padding
fill,0x4b1e83,13,,,90,padding
fill,0x4b1e93,13,,,90,padding
fill,0x4b1ea3,13,,,90,padding
fill,0x4b1eb3,13,,,90,padding
fill,0x4b203d,3,,,90,padding
fill,0x4b228e,2,,,90,padding
fill,0x4b2339,7,,,90,padding
fill,0x4b2533,13,,,90,padding
fill,0x4b26e7,9,,,90,padding
fill,0x4b284e,2,,,90,padding
fill,0x4b2fa6,10,,,90,padding
fill,0x4b2fff,1,,,90,padding
fill,0x4b3016,10,,,90,padding
fill,0x4b330c,4,,,90,padding
fill,0x4b336a,6,,,90,padding
fill,0x4b33a3,13,,,90,padding
fill,0x4b340c,4,,,90,padding
fill,0x4b342b,5,,,90,padding
fill,0x4b3484,12,,,90,padding
fill,0x4b34e4,12,,,90,padding
fill,0x4b358f,1,,,90,padding
fill,0x4b3614,12,,,90,padding
fill,0x4b3629,7,,,90,padding
fill,0x4b3749,7,,,90,padding
fill,0x4b376f,1,,,90,padding
fill,0x4b39b1,15,,,90,padding
fill,0x4b3c56,10,,,90,padding
fill,0x4b4268,8,,,90,padding
fill,0x4b4551,15,,,90,padding
fill,0x4b4628,8,,,90,padding
fill,0x4b46ba,6,,,90,padding
fill,0x4b474a,6,,,90,padding
fill,0x4b47f6,10,,,90,padding
fill,0x4b484e,2,,,90,padding
fill,0x4b489e,2,,,90,padding
fill,0x4b48ee,2,,,90,padding
fill,0x4b4908,8,,,90,padding
fill,0x4b49c4,12,,,90,padding
fill,0x4b4a72,14,,,90,padding
fill,0x4b4b48,8,,,90,padding
fill,0x4b4b91,15,,,90,padding
fill,0x4b4be1,15,,,90,padding
fill,0x4b4c0d,3,,,90,padding
fill,0x4b4c44,12,,,90,padding
fill,0x4b4c73,13,,,90,padding
fill,0x4b4ce2,14,,,90,padding
fill,0x4b4d63,13,,,90,padding
fill,0x4b4f09,7,,,90,padding
fill,0x4b4f1e,2,,,90,padding
fill,0x4b4f2e,2,,,90,padding
fill,0x4b4f3e,2,,,90,padding
fill,0x4b4f4e,2,,,90,padding
fill,0x4b4fc5,11,,,90,padding
fill,0x4b4fe6,10,,,90,padding
fill,0x4b506f,1,,,90,padding
fill,0x4b52db,5,,,90,padding
fill,0x4b5369,7,,,90,padding
fill,0x4b550b,5,,,90,padding
fill,0x4b5909,7,,,90,padding
fill,0x4b5932,14,,,90,padding
fill,0x4b5979,7,,,90,padding
fill,0x4b5cb4,12,,,90,padding
fill,0x4b621c,4,,,90,padding
fill,0x4b6226,10,,,90,padding
fill,0x4b628b,5,,,90,padding
fill,0x4b62be,2,,,90,padding
fill,0x4b62c5,11,,,90,padding
fill,0x4b6326,10,,,90,padding
fill,0x4b633c,4,,,90,padding
fill,0x4b6362,14,,,90,padding
fill,0x4b64c1,15,,,90,padding
fill,0x4b6501,15,,,90,padding
fill,0x4b6555,11,,,90,padding
fill,0x4b6566,10,,,90,padding
fill,0x4b6696,10,,,90,padding
fill,0x4b670c,4,,,90,padding
fill,0x4b671c,4,,,90,padding
fill,0x4b674e,2,,,90,padding
fill,0x4b67cb,5,,,90,padding
fill,0x4b681a,6,,,90,padding
fill,0x4b683a,6,,,90,padding
fill,0x4b685c,4,,,90,padding
fill,0x4b69a9,7,,,90,padding
fill,0x4b69fa,6,,,90,padding
fill,0x4b6a7a,6,,,90,padding
fill,0x4b6aef,1,,,90,padding
fill,0x4b6b44,12,,,90,padding
fill,0x4b6b5e,2,,,90,padding
fill,0x4b6b73,13,,,90,padding
fill,0x4b6b9a,6,,,90,padding
fill,0x4b6c21,15,,,90,padding
fill,0x4b6c95,11,,,90,padding
fill,0x4b6cb3,13,,,90,padding
fill,0x4b6d46,10,,,90,padding
fill,0x4b6d95,11,,,90,padding
fill,0x4b6de5,11,,,90,padding
fill,0x4b6e35,11,,,90,padding
fill,0x4b6e71,15,,,90,padding
fill,0x4b6ea7,9,,,90,padding
fill,0x4b6ef7,9,,,90,padding
fill,0x4b6f65,11,,,90,padding
fill,0x4b6fe3,13,,,90,padding
fill,0x4b7061,15,,,90,padding
fill,0x4b7099,7,,,90,padding
fill,0x4b73a4,12,,,cc,padding
fill,0x4b73bd,3,,,90,padding
fill,0x4b73dd,3,,,90,padding
fill,0x4b7406,10,,,90,padding
fill,0x4b7436,10,,,90,padding
fill,0x4b74e2,14,,,90,padding
fill,0x4b753f,1,,,90,padding
fill,0x4b758d,3,,,90,padding
fill,0x4b759d,3,,,90,padding
fill,0x4b75ca,6,,,90,padding
fill,0x4b7613,13,,,90,padding
fill,0x4b775f,1,,,90,padding
fill,0x4b78d2,14,,,90,padding
fill,0x4b78f6,10,,,90,padding
fill,0x4b7a0e,2,,,90,padding
fill,0x4b7a2e,2,,,90,padding
fill,0x4b7abe,2,,,90,padding
fill,0x4b7ac1,15,,,90,padding
fill,0x4b7afd,3,,,90,padding
fill,0x4b7df3,13,,,90,padding
fill,0x4b7e21,15,,,90,padding
fill,0x4b7e51,15,,,90,padding
fill,0x4b7ed9,7,,,90,padding
fill,0x4b7ef7,9,,,90,padding
fill,0x4b7f27,9,,,90,padding
fill,0x4b7f54,12,,,90,padding
fill,0x4b7f6c,4,,,90,padding
fill,0x4b8147,9,,,90,padding
fill,0x4b8304,12,,,90,padding
fill,0x4b84f4,12,,,90,padding
fill,0x4b86d1,15,,,90,padding
fill,0x4b88c1,15,,,90,padding
fill,0x4b8a7b,5,,,90,padding
fill,0x4b8ad9,7,,,90,padding
fill,0x4b8b25,11,,,90,padding
fill,0x4b8b81,15,,,90,padding
fill,0x4b8beb,5,,,90,padding
fill,0x4b8c55,11,,,90,padding
fill,0x4b8d38,8,,,90,padding
fill,0x4b8d95,11,,,90,padding
fill,0x4b8df3,13,,,90,padding
fill,0x4b8e4d,3,,,90,padding
fill,0x4b8eb8,8,,,90,padding
fill,0x4b909b,5,,,90,padding
fill,0x4b91a4,12,,,90,padding
fill,0x4b9357,9,,,90,padding
fill,0x4b94b5,11,,,90,padding
fill,0x4b9594,12,,,90,padding
fill,0x4b969c,4,,,90,padding
fill,0x4b96d6,10,,,90,padding
fill,0x4b973a,6,,,90,padding
fill,0x4b9a4a,6,,,90,padding
fill,0x4b9d6f,1,,,90,padding
fill,0x4b9e5a,6,,,90,padding
fill,0x4b9ece,2,,,90,padding
fill,0x4b9f48,8,,,90,padding
fill,0x4b9fff,1,,,90,padding
fill,0x4ba1ae,2,,,90,padding
fill,0x4ba1f5,11,,,90,padding
fill,0x4ba4b1,15,,,90,padding
fill,0x4ba58f,1,,,90,padding
fill,0x4ba5b4,12,,,90,padding
fill,0x4ba5e4,12,,,90,padding
fill,0x4ba606,10,,,90,padding
fill,0x4ba634,12,,,90,padding
fill,0x4ba656,10,,,90,padding
fill,0x4ba684,12,,,90,padding
fill,0x4ba6a6,10,,,90,padding
fill,0x4ba6d4,12,,,90,padding
fill,0x4ba6f6,10,,,90,padding
fill,0x4ba724,12,,,90,padding
fill,0x4ba746,10,,,90,padding
fill,0x4ba878,8,,,90,padding
fill,0x4ba917,9,,,90,padding
fill,0x4ba9c7,9,,,90,padding
fill,0x4baac3,13,,,90,padding
fill,0x4baafb,5,,,90,padding
fill,0x4bab2b,5,,,90,padding
fill,0x4bab5b,5,,,90,padding
fill,0x4bab8a,6,,,90,padding
fill,0x4bab93,13,,,90,padding
fill,0x4babcc,4,,,90,padding
fill,0x4bad21,15,,,90,padding
fill,0x4bade6,10,,,90,padding
fill,0x4baf2d,3,,,90,padding
fill,0x4bafef,1,,,90,padding
fill,0x4bb09b,5,,,90,padding
fill,0x4bb0e3,13,,,90,padding
fill,0x4bb11c,4,,,90,padding
fill,0x4bb14d,3,,,90,padding
fill,0x4bb18b,5,,,90,padding
fill,0x4bb1fb,5,,,90,padding
fill,0x4bb258,8,,,90,padding
fill,0x4bb2be,2,,,90,padding
fill,0x4bb2d2,14,,,90,padding
fill,0x4bb4da,6,,,90,padding
fill,0x4bb5a6,10,,,90,padding
fill,0x4bb5c2,14,,,90,padding
fill,0x4bb64c,4,,,90,padding
fill,0x4bb661,15,,,90,padding
fill,0x4bb694,12,,,90,padding
fill,0x4bb70d,3,,,90,padding
fill,0x4bb797,9,,,90,padding
fill,0x4bb7bf,1,,,90,padding
fill,0x4bbbd2,14,,,90,padding
fill,0x4bbc0b,5,,,90,padding
fill,0x4bbc25,11,,,90,padding
fill,0x4bbcf2,14,,,90,padding
fill,0x4bbd2e,2,,,90,padding
fill,0x4bbfe5,11,,,90,padding
fill,0x4bc111,15,,,90,padding
fill,0x4bc284,12,,,90,padding
fill,0x4bc2d8,8,,,90,padding
fill,0x4bc2f7,9,,,90,padding
fill,0x4bc354,12,,,90,padding
fill,0x4bc4aa,6,,,90,padding
fill,0x4bc635,11,,,90,padding
fill,0x4bc7ff,1,,,90,padding
fill,0x4bc8c5,11,,,90,padding
fill,0x4bc924,12,,,90,padding
fill,0x4bca25,11,,,90,padding
fill,0x4bcd0a,6,,,90,padding
fill,0x4bce03,13,,,90,padding
fill,0x4bce51,15,,,90,padding
fill,0x4bce9a,6,,,90,padding
fill,0x4bcef4,12,,,90,padding
fill,0x4bcf79,7,,,90,padding
fill,0x4bd146,10,,,90,padding
fill,0x4bd155,11,,,90,padding
fill,0x4bd3a4,12,,,90,padding
fill,0x4bd82c,4,,,90,padding
fill,0x4bdd64,12,,,90,padding
fill,0x4be005,11,,,90,padding
fill,0x4be06a,6,,,90,padding
fill,0x4be0a1,15,,,90,padding
fill,0x4be26b,5,,,90,padding
fill,0x4be312,14,,,90,padding
fill,0x4be3a7,9,,,90,padding
fill,0x4be3f9,7,,,90,padding
fill,0x4be6bb,5,,,90,padding
fill,0x4be949,7,,,90,padding
fill,0x4bea19,7,,,90,padding
fill,0x4bec6d,3,,,90,padding
fill,0x4bed64,12,,,90,padding
fill,0x4bee51,15,,,90,padding
fill,0x4befdc,4,,,90,padding
fill,0x4bf053,13,,,90,padding
fill,0x4bf25c,4,,,90,padding
fill,0x4bf4c2,14,,,90,padding
fill,0x4bf61c,4,,,90,padding
fill,0x4bf6e4,12,,,90,padding
fill,0x4bf7a2,14,,,90,padding
fill,0x4bf8b5,11,,,90,padding
fill,0x4bfd54,12,,,90,padding
fill,0x4bfe07,9,,,90,padding
fill,0x4bff1b,5,,,90,padding
fill,0x4c006c,4,,,90,padding
fill,0x4c019d,3,,,90,padding
fill,0x4c0301,15,,,90,padding
fill,0x4c032c,4,,,90,padding
fill,0x4c06d4,12,,,90,padding
fill,0x4c07a8,8,,,90,padding
fill,0x4c081a,6,,,90,padding
fill,0x4c0a85,11,,,90,padding
fill,0x4c0b06,10,,,90,padding
fill,0x4c0ff1,15,,,90,padding
fill,0x4c1317,9,,,90,padding
fill,0x4c139e,2,,,90,padding
fill,0x4c13c6,10,,,90,padding
fill,0x4c13e2,14,,,90,padding
fill,0x4c13fc,4,,,90,padding
fill,0x4c140c,4,,,90,padding
fill,0x4c141c,4,,,90,padding
fill,0x4c1438,8,,,90,padding
fill,0x4c144c,4,,,90,padding
fill,0x4c1462,14,,,90,padding
fill,0x4c147b,5,,,90,padding
fill,0x4c14e1,15,,,90,padding
fill,0x4c1759,7,,,90,padding
fill,0x4c1829,7,,,90,padding
fill,0x4c1a34,12,,,90,padding
fill,0x4c1a54,12,,,90,padding
fill,0x4c1a96,10,,,90,padding
fill,0x4c1aa1,15,,,90,padding
fill,0x4c1af2,14,,,90,padding
fill,0x4c1b74,12,,,90,padding
fill,0x4c1d48,8,,,90,padding
fill,0x4c2299,7,,,90,padding
fill,0x4c22cf,1,,,90,padding
fill,0x4c22e2,14,,,90,padding
fill,0x4c2303,13,,,90,padding
fill,0x4c2338,8,,,90,padding
fill,0x4c235d,3,,,90,padding
fill,0x4c237d,3,,,90,padding
fill,0x4c23d5,11,,,90,padding
fill,0x4c2461,15,,,90,padding
fill,0x4c24ae,2,,,90,padding
fill,0x4c25db,5,,,90,padding
fill,0x4c2867,9,,,90,padding
fill,0x4c298a,6,,,90,padding
fill,0x4c2a75,11,,,90,padding
fill,0x4c2abe,2,,,90,padding
fill,0x4c2b18,8,,,90,padding
fill,0x4c2b94,12,,,90,padding
fill,0x4c2bac,4,,,90,padding
fill,0x4c2bc4,12,,,90,padding
fill,0x4c2cba,6,,,90,padding
fill,0x4c2d5c,4,,,90,padding
fill,0x4c2dd3,13,,,90,padding
fill,0x4c2e92,14,,,90,padding
fill,0x4c2ead,3,,,90,padding
fill,0x4c2f5b,5,,,90,padding
fill,0x4c3112,14,,,90,padding
fill,0x4c32ea,6,,,90,padding
fill,0x4c3399,7,,,90,padding
fill,0x4c3409,7,,,90,padding
fill,0x4c3483,13,,,90,padding
fill,0x4c35b4,12,,,90,padding
fill,0x4c3722,14,,,90,padding
fill,0x4c373d,3,,,90,padding
fill,0x4c389c,4,,,90,padding
fill,0x4c38eb,5,,,90,padding
fill,0x4c394f,1,,,90,padding
fill,0x4c3a9e,2,,,90,padding
fill,0x4c3aeb,5,,,90,padding
fill,0x4c3c54,12,,,90,padding
fill,0x4c3cbf,1,,,90,padding
fill,0x4c3e0b,5,,,90,padding
fill,0x4c3e18,8,,,90,padding
fill,0x4c3e24,12,,,90,padding
fill,0x4c3e3a,6,,,90,padding
fill,0x4c429b,5,,,90,padding
fill,0x4c433f,1,,,90,padding
fill,0x4c43e8,8,,,90,padding
fill,0x4c441b,5,,,90,padding
fill,0x4c4438,8,,,90,padding
fill,0x4c4443,13,,,90,padding
fill,0x4c4463,13,,,90,padding
fill,0x4c44b7,9,,,90,padding
fill,0x4c45bd,3,,,90,padding
fill,0x4c45d3,13,,,90,padding
fill,0x4c462a,6,,,90,padding
fill,0x4c46b8,8,,,90,padding
fill,0x4c475b,5,,,90,padding
fill,0x4c47fb,5,,,90,padding
fill,0x4c48b4,12,,,90,padding
fill,0x4c4994,12,,,90,padding
fill,0x4c4abd,3,,,90,padding
fill,0x4c4b08,8,,,90,padding
fill,0x4c4c21,15,,,90,padding
fill,0x4c4c41,15,,,90,padding
fill,0x4c4f93,13,,,90,padding
fill,0x4c509f,1,,,90,padding
fill,0x4c5169,7,,,90,padding
fill,0x4c5188,8,,,90,padding
fill,0x4c51a4,12,,,90,padding
fill,0x4c51d8,8,,,90,padding
fill,0x4c5469,7,,,90,padding
fill,0x4c5491,15,,,90,padding
fill,0x4c54c1,15,,,90,padding
fill,0x4c5737,9,,,90,padding
fill,0x4c5839,7,,,90,padding
fill,0x4c5891,15,,,90,padding
fill,0x4c59c4,12,,,90,padding
fill,0x4c5b6f,1,,,90,padding
fill,0x4c5bb3,13,,,90,padding
fill,0x4c5c17,9,,,90,padding
fill,0x4c5c5f,1,,,90,padding
fill,0x4c5ccc,4,,,90,padding
fill,0x4c5d0d,3,,,90,padding
fill,0x4c5d87,9,,,90,padding
fill,0x4c5db4,12,,,90,padding
fill,0x4c5dd2,14,,,90,padding
fill,0x4c5de6,10,,,90,padding
fill,0x4c5e6c,4,,,90,padding
fill,0x4c5f95,11,,,90,padding
fill,0x4c5fed,3,,,90,padding
fill,0x4c60c6,10,,,90,padding
fill,0x4c61a5,11,,,90,padding
fill,0x4c61ee,2,,,90,padding
fill,0x4c6202,14,,,90,padding
fill,0x4c62b5,11,,,90,padding
fill,0x4c639b,5,,,90,padding
fill,0x4c67bb,5,,,90,padding
fill,0x4c6887,9,,,90,padding
fill,0x4c699a,6,,,90,padding
fill,0x4c69bc,4,,,90,padding
fill,0x4c69e4,12,,,90,padding
fill,0x4c6a5b,5,,,90,padding
fill,0x4c6abc,4,,,90,padding
fill,0x4c6ada,6,,,90,padding
fill,0x4c6b04,12,,,90,padding
fill,0x4c6b31,15,,,90,padding
fill,0x4c6b52,14,,,90,padding
fill,0x4c6b6c,4,,,90,padding
fill,0x4c6d12,14,,,90,padding
fill,0x4c6db5,11,,,90,padding
fill,0x4c6e63,13,,,90,padding
fill,0x4c6f05,11,,,90,padding
fill,0x4c6f74,12,,,90,padding
fill,0x4c707b,5,,,90,padding
fill,0x4c70c8,8,,,90,padding
fill,0x4c71e8,8,,,90,padding
fill,0x4c7308,8,,,90,padding
fill,0x4c7579,7,,,90,padding
fill,0x4c7a1f,1,,,90,padding
fill,0x4c8019,7,,,90,padding
fill,0x4c8755,11,,,90,padding
fill,0x4c8ba6,10,,,90,padding
fill,0x4c90af,1,,,90,padding
fill,0x4c9173,13,,,90,padding
fill,0x4c9196,10,,,90,padding
fill,0x4c9225,11,,,90,padding
fill,0x4c9289,7,,,90,padding
fill,0x4c93af,1,,,90,padding
fill,0x4c93e8,8,,,90,padding
fill,0x4c9481,15,,,90,padding
fill,0x4c9528,8,,,90,padding
fill,0x4c973b,5,,,90,padding
fill,0x4c9741,15,,,90,padding
fill,0x4c97af,1,,,90,padding
fill,0x4c97fd,3,,,90,padding
fill,0x4c983f,1,,,90,padding
fill,0x4c9885,11,,,90,padding
fill,0x4c991b,5,,,90,padding
fill,0x4c9a6f,1,,,90,padding
fill,0x4c9b6c,4,,,90,padding
fill,0x4c9c19,7,,,90,padding
fill,0x4c9c48,8,,,90,padding
fill,0x4c9d0f,1,,,90,padding
fill,0x4c9d2d,3,,,90,padding
fill,0x4c9d73,13,,,90,padding
fill,0x4c9dc3,13,,,90,padding
fill,0x4c9e45,11,,,90,padding
fill,0x4c9fc2,14,,,90,padding
fill,0x4ca0fc,4,,,90,padding
fill,0x4ca246,10,,,90,padding
fill,0x4ca324,12,,,90,padding
fill,0x4ca3f9,7,,,90,padding
fill,0x4ca442,14,,,90,padding
fill,0x4ca487,9,,,90,padding
fill,0x4ca584,12,,,90,padding
fill,0x4ca5c5,11,,,90,padding
fill,0x4ca696,10,,,90,padding
fill,0x4ca77f,1,,,90,padding
fill,0x4ca7b7,9,,,90,padding
fill,0x4ca7fb,5,,,90,padding
fill,0x4ca83b,5,,,90,padding
fill,0x4ca93f,1,,,90,padding
fill,0x4ca984,12,,,90,padding
fill,0x4ca9c8,8,,,90,padding
fill,0x4ca9dd,3,,,90,padding
fill,0x4ca9ec,4,,,90,padding
fill,0x4ca9f5,11,,,90,padding
fill,0x4caa08,8,,,90,padding
fill,0x4caa18,8,,,90,padding
fill,0x4caa36,10,,,90,padding
fill,0x4cac3a,6,,,90,padding
fill,0x4caf22,14,,,90,padding
fill,0x4cb07e,2,,,90,padding
fill,0x4cb16b,5,,,90,padding
fill,0x4cb2e2,14,,,90,padding
fill,0x4cb32b,5,,,90,padding
fill,0x4cb36a,6,,,90,padding
fill,0x4cb4b5,11,,,90,padding
fill,0x4cb55c,4,,,90,padding
fill,0x4cb584,12,,,90,padding
fill,0x4cb5ef,1,,,90,padding
fill,0x4cb644,12,,,90,padding
fill,0x4cb695,11,,,90,padding
fill,0x4cb7b8,8,,,90,padding
fill,0x4cb7ca,6,,,90,padding
fill,0x4cb7e1,15,,,90,padding
fill,0x4cb936,10,,,90,padding
fill,0x4cb9dd,3,,,90,padding
fill,0x4cbaad,3,,,90,padding
fill,0x4cbb6d,3,,,90,padding
fill,0x4cbbd9,7,,,90,padding
fill,0x4cc3cd,3,,,cc,padding
fill,0x4cc643,13,,,cc,padding
fill,0x4ccf5f,1,,,cc,padding
fill,0x4cd00f,1,,,cc,padding
fill,0x4cd9a6,10,,,cc,padding
fill,0x4cd9b3,13,,,90,padding
fill,0x4cd9c7,9,,,90,padding
fill,0x4cd9f7,9,,,90,padding
fill,0x4cdb33,13,,,90,padding
fill,0x4ce027,9,,,90,padding
fill,0x4ce184,12,,,90,padding
fill,0x4ce1cd,3,,,90,padding
fill,0x4ce1de,2,,,90,padding
fill,0x4ce252,14,,,90,padding
fill,0x4ce3da,6,,,90,padding
fill,0x4ce407,9,,,90,padding
fill,0x4ce442,14,,,90,padding
fill,0x4ce457,9,,,90,padding
fill,0x4ce522,14,,,90,padding
fill,0x4ce57d,3,,,90,padding
fill,0x4ce597,9,,,90,padding
fill,0x4ce5a7,9,,,90,padding
fill,0x4ce5d3,13,,,90,padding
fill,0x4ce676,10,,,90,padding
fill,0x4ce687,9,,,90,padding
fill,0x4ce792,14,,,90,padding
fill,0x4ce7b2,14,,,90,padding
fill,0x4ce7d2,14,,,90,padding
fill,0x4ce7ee,2,,,90,padding
fill,0x4ce7f7,9,,,90,padding
fill,0x4ce875,11,,,90,padding
fill,0x4ce8b2,14,,,90,padding
fill,0x4ce907,9,,,90,padding
fill,0x4ceb5f,1,,,90,padding
fill,0x4ced3e,2,,,90,padding
fill,0x4cedb9,7,,,90,padding
fill,0x4cee3b,5,,,90,padding
fill,0x4cee43,13,,,90,padding
fill,0x4ceed9,7,,,90,padding
fill,0x4cef8a,6,,,90,padding
fill,0x4cf0a2,14,,,90,padding
fill,0x4cf144,12,,,90,padding
fill,0x4cf20a,6,,,90,padding
fill,0x4cf21a,6,,,90,padding
fill,0x4cf224,12,,,90,padding
fill,0x4cf365,11,,,90,padding
fill,0x4cf4cc,4,,,90,padding
fill,0x4cf537,9,,,90,padding
fill,0x4cf568,8,,,90,padding
fill,0x4cf7f6,10,,,90,padding
fill,0x4cf899,7,,,90,padding
fill,0x4cf939,7,,,90,padding
fill,0x4cfb33,13,,,90,padding
fill,0x4cfb92,14,,,90,padding
fill,0x4cfbbc,4,,,90,padding
fill,0x4cfc9a,6,,,90,padding
fill,0x4cfe33,13,,,90,padding
fill,0x4cfe78,8,,,90,padding
fill,0x4cfe88,8,,,90,padding
fill,0x4cfe98,8,,,90,padding
fill,0x4cfea4,12,,,90,padding
fill,0x4cfec1,15,,,90,padding
fill,0x4cfed3,13,,,90,padding
fill,0x4cfee1,15,,,90,padding
fill,0x4cfef3,13,,,90,padding
fill,0x4cff01,15,,,90,padding
fill,0x4cff13,13,,,90,padding
fill,0x4cff27,9,,,90,padding
fill,0x4cffea,6,,,90,padding
fill,0x4d0037,9,,,90,padding
fill,0x4d0068,8,,,90,padding
fill,0x4d00c8,8,,,90,padding
fill,0x4d0121,15,,,90,padding
fill,0x4d01ac,4,,,90,padding
fill,0x4d0299,7,,,90,padding
fill,0x4d061f,1,,,90,padding
fill,0x4d0633,13,,,90,padding
fill,0x4d0659,7,,,90,padding
fill,0x4d0676,10,,,90,padding
fill,0x4d06be,2,,,90,padding
fill,0x4d0715,11,,,90,padding
fill,0x4d07ed,3,,,90,padding
fill,0x4d0903,13,,,90,padding
fill,0x4d09de,2,,,90,padding
fill,0x4d0a0f,1,,,90,padding
fill,0x4d0a66,10,,,90,padding
fill,0x4d0a8c,4,,,90,padding
fill,0x4d0aac,4,,,90,padding
fill,0x4d0b75,11,,,90,padding
fill,0x4d0c09,7,,,90,padding
fill,0x4d0c48,8,,,90,padding
fill,0x4d0dd5,11,,,90,padding
fill,0x4d0f55,11,,,90,padding
fill,0x4d1478,8,,,90,padding
fill,0x4d166d,3,,,90,padding
fill,0x4d17f1,15,,,90,padding
fill,0x4d180d,3,,,90,padding
fill,0x4d181d,3,,,90,padding
fill,0x4d196d,3,,,90,padding
fill,0x4d1a98,8,,,90,padding
fill,0x4d1af1,15,,,90,padding
fill,0x4d1b3d,3,,,90,padding
fill,0x4d1b67,9,,,90,padding
fill,0x4d1b93,13,,,90,padding
fill,0x4d1bc3,13,,,90,padding
fill,0x4d1bf3,13,,,90,padding
fill,0x4d1c51,15,,,90,padding
fill,0x4d1c78,8,,,90,padding
fill,0x4d1d1e,2,,,90,padding
fill,0x4d1da5,11,,,90,padding
fill,0x4d1dd4,12,,,90,padding
fill,0x4d20ed,3,,,90,padding
fill,0x4d21eb,5,,,90,padding
fill,0x4d22fa,6,,,90,padding
fill,0x4d282c,4,,,90,padding
fill,0x4d28b5,11,,,90,padding
fill,0x4d28ea,6,,,90,padding
fill,0x4d2acf,1,,,90,padding
fill,0x4d2c6d,3,,,90,padding
fill,0x4d2f89,7,,,90,padding
fill,0x4d30ff,1,,,90,padding
fill,0x4d3541,15,,,90,padding
fill,0x4d3595,11,,,90,padding
fill,0x4d35eb,5,,,90,padding
fill,0x4d3774,12,,,90,padding
fill,0x4d3799,7,,,90,padding
fill,0x4d3bd4,12,,,90,padding
fill,0x4d3d66,10,,,90,padding
fill,0x4d3d85,11,,,90,padding
fill,0x4d409b,5,,,90,padding
fill,0x4d4588,8,,,90,padding
fill,0x4d4b0a,6,,,90,padding
fill,0x4d4fa2,14,,,90,padding
fill,0x4d5064,12,,,90,padding
fill,0x4d5159,7,,,90,padding
fill,0x4d56d7,9,,,90,padding
fill,0x4d5803,13,,,90,padding
fill,0x4d5c54,12,,,90,padding
fill,0x4d5cc7,9,,,90,padding
fill,0x4d5dfc,4,,,90,padding
fill,0x4d5e8b,5,,,90,padding
fill,0x4d5ef8,8,,,90,padding
fill,0x4d6b6c,4,,,90,padding
fill,0x4d6bd3,13,,,90,padding
fill,0x4d6c58,8,,,90,padding
fill,0x4d7141,15,,,90,padding
fill,0x4d72a4,12,,,90,padding
fill,0x4d73ed,3,,,90,padding
fill,0x4d740a,6,,,90,padding
fill,0x4d744d,3,,,90,padding
fill,0x4d7488,8,,,90,padding
fill,0x4d7c33,13,,,90,padding
fill,0x4d7d6a,6,,,90,padding
fill,0x4d80a8,8,,,90,padding
fill,0x4d80c1,15,,,90,padding
fill,0x4d8127,9,,,90,padding
fill,0x4d8131,15,,,90,padding
fill,0x4d8186,10,,,90,padding
fill,0x4d8191,15,,,90,padding
fill,0x4d81fe,2,,,90,padding
fill,0x4d824a,6,,,90,padding
fill,0x4d8251,15,,,90,padding
fill,0x4d82a5,11,,,90,padding
fill,0x4d82b1,15,,,90,padding
fill,0x4d8304,12,,,90,padding
fill,0x4d8353,13,,,90,padding
fill,0x4d838b,5,,,90,padding
fill,0x4d8391,15,,,90,padding
fill,0x4d83a1,15,,,90,padding
fill,0x4d83be,2,,,90,padding
fill,0x4d844b,5,,,90,padding
fill,0x4d845e,2,,,90,padding
fill,0x4d8491,15,,,90,padding
fill,0x4d84b3,13,,,90,padding
fill,0x4d8576,10,,,90,padding
fill,0x4d8595,11,,,90,padding
fill,0x4d85ae,2,,,90,padding
fill,0x4d860b,5,,,90,padding
fill,0x4d865c,4,,,90,padding
fill,0x4d866e,2,,,90,padding
fill,0x4d867e,2,,,90,padding
fill,0x4d8683,13,,,90,padding
fill,0x4d86a5,11,,,90,padding
fill,0x4d86ef,1,,,90,padding
fill,0x4d8705,11,,,90,padding
fill,0x4d8772,14,,,90,padding
fill,0x4d87e1,15,,,90,padding
fill,0x4d8812,14,,,90,padding
fill,0x4d886f,1,,,90,padding
fill,0x4d88c6,10,,,90,padding
fill,0x4d89ae,2,,,90,padding
fill,0x4d8ad5,11,,,90,padding
fill,0x4d8b26,10,,,90,padding
fill,0x4d8b55,11,,,90,padding
fill,0x4d8bc1,15,,,90,padding
fill,0x4d8bf6,10,,,90,padding
fill,0x4d8c49,7,,,90,padding
fill,0x4d8d32,14,,,90,padding
fill,0x4d8d63,13,,,90,padding
fill,0x4d8ded,3,,,90,padding
fill,0x4d8e12,14,,,90,padding
fill,0x4d8e42,14,,,90,padding
fill,0x4d98b4,12,,,90,padding
fill,0x4d9aa7,9,,,90,padding
fill,0x4d9c54,12,,,90,padding
fill,0x4d9c9c,4,,,90,padding
fill,0x4d9f27,9,,,90,padding
fill,0x4d9f4d,3,,,90,padding
fill,0x4d9f56,10,,,90,padding
fill,0x4d9fd6,10,,,90,padding
fill,0x4da039,7,,,90,padding
fill,0x4da0aa,6,,,90,padding
fill,0x4da0b6,10,,,90,padding
fill,0x4da0da,6,,,90,padding
fill,0x4da142,14,,,cc,padding
fill,0x4da1c3,13,,,cc,padding
fill,0x4da29b,5,,,cc,padding
fill,0x4da2b5,11,,,90,padding
fill,0x4da2d5,11,,,cc,padding
fill,0x4da372,14,,,cc,padding
fill,0x4da3d4,12,,,cc,padding
fill,0x4da3ef,1,,,cc,padding
fill,0x4da472,14,,,90,padding
fill,0x4da4e4,12,,,90,padding
fill,0x4da531,15,,,90,padding
fill,0x4da581,15,,,90,padding
fill,0x4da5ab,5,,,90,padding
fill,0x4da77c,4,,,90,padding
fill,0x4da7b2,14,,,90,padding
fill,0x4da7c1,15,,,90,padding
fill,0x4da83d,3,,,90,padding
fill,0x4da85e,2,,,90,padding
fill,0x4da895,11,,,90,padding
fill,0x4da8b1,15,,,90,padding
fill,0x4da8cf,1,,,90,padding
fill,0x4da9eb,5,,,90,padding
fill,0x4daa2e,2,,,90,padding
fill,0x4dab06,10,,,90,padding
fill,0x4dace7,9,,,90,padding
fill,0x4daffc,4,,,90,padding
fill,0x4db1b7,9,,,90,padding
fill,0x4db446,10,,,90,padding
fill,0x4db60c,4,,,90,padding
fill,0x4db75c,4,,,90,padding
fill,0x4db7a6,10,,,90,padding
fill,0x4db7b1,15,,,90,padding
fill,0x4db7c6,10,,,90,padding
fill,0x4dbade,2,,,90,padding
fill,0x4dbb88,8,,,90,padding
fill,0x4dbbb3,13,,,90,padding
fill,0x4dbcf7,9,,,90,padding
fill,0x4dbd1a,6,,,90,padding
fill,0x4dbd73,13,,,90,padding
fill,0x4dbe03,13,,,90,padding
fill,0x4dbea1,15,,,90,padding
fill,0x4dbebe,2,,,90,padding
fill,0x4dc12d,3,,,90,padding
fill,0x4dc61e,2,,,90,padding
fill,0x4dc673,13,,,90,padding
fill,0x4dc903,13,,,90,padding
fill,0x4dcdfe,2,,,90,padding
fill,0x4dce58,8,,,90,padding
fill,0x4dd14a,6,,,90,padding
fill,0x4dd1aa,6,,,90,padding
fill,0x4dd1e1,15,,,90,padding
fill,0x4dd24c,4,,,90,padding
fill,0x4dd29f,1,,,90,padding
fill,0x4dd33f,1,,,90,padding
fill,0x4dd3c4,12,,,90,padding
fill,0x4dd423,13,,,90,padding
fill,0x4dd70a,6,,,90,padding
fill,0x4dd76a,6,,,90,padding
fill,0x4dd7cc,4,,,90,padding
fill,0x4dd81f,1,,,90,padding
fill,0x4dd8bf,1,,,90,padding
fill,0x4ddbd1,15,,,90,padding
fill,0x4ddbf6,10,,,90,padding
fill,0x4ddc85,11,,,90,padding
fill,0x4ddcdf,1,,,90,padding
fill,0x4ddd65,11,,,90,padding
fill,0x4dddee,2,,,90,padding
fill,0x4dde6e,2,,,90,padding
fill,0x4ddef4,12,,,90,padding
fill,0x4ddf9e,2,,,90,padding
fill,0x4ddfdf,1,,,90,padding
fill,0x4de019,7,,,90,padding
fill,0x4de09d,3,,,90,padding
fill,0x4de0e6,10,,,90,padding
fill,0x4de0fa,6,,,90,padding
fill,0x4de108,8,,,90,padding
fill,0x4de179,7,,,90,padding
fill,0x4de4b7,9,,,90,padding
fill,0x4de4c1,15,,,90,padding
fill,0x4de53d,3,,,90,padding
fill,0x4de541,15,,,90,padding
fill,0x4de5ff,1,,,90,padding
fill,0x4de6f3,13,,,90,padding
fill,0x4de80f,1,,,90,padding
fill,0x4de892,14,,,90,padding
fill,0x4de9fb,5,,,90,padding
fill,0x4ded52,14,,,90,padding
fill,0x4df155,11,,,90,padding
fill,0x4df1c5,11,,,90,padding
fill,0x4df1d1,15,,,90,padding
fill,0x4df246,10,,,90,padding
fill,0x4df27e,2,,,90,padding
fill,0x4df323,13,,,90,padding
fill,0x4df37c,4,,,90,padding
fill,0x4df4d4,12,,,90,padding
fill,0x4df58f,1,,,90,padding
fill,0x4dfd0f,1,,,90,padding
fill,0x4dfd43,13,,,90,padding
fill,0x4dfe72,14,,,90,padding
fill,0x4dfe9c,4,,,90,padding
fill,0x4e03ee,2,,,90,padding
fill,0x4e0448,8,,,90,padding
fill,0x4e04d4,12,,,90,padding
fill,0x4e0511,15,,,90,padding
fill,0x4e0563,13,,,90,padding
fill,0x4e05b9,7,,,90,padding
fill,0x4e05ee,2,,,90,padding
fill,0x4e0698,8,,,90,padding
fill,0x4e06ec,4,,,90,padding
fill,0x4e0722,14,,,90,padding
fill,0x4e0731,15,,,90,padding
fill,0x4e0783,13,,,90,padding
fill,0x4e07d3,13,,,90,padding
fill,0x4e0b86,10,,,90,padding
fill,0x4e13f6,10,,,90,padding
fill,0x4e140f,1,,,90,padding
fill,0x4e1443,13,,,90,padding
fill,0x4e1451,15,,,90,padding
fill,0x4e147c,4,,,90,padding
fill,0x4e1506,10,,,90,padding
fill,0x4e1537,9,,,90,padding
fill,0x4e1555,11,,,90,padding
fill,0x4e158d,3,,,90,padding
fill,0x4e1645,11,,,90,padding
fill,0x4e167f,1,,,90,padding
fill,0x4e16a6,10,,,90,padding
fill,0x4e16fa,6,,,90,padding
fill,0x4e172c,4,,,90,padding
fill,0x4e17b4,12,,,90,padding
fill,0x4e18bc,4,,,90,padding
fill,0x4e1986,10,,,90,padding
fill,0x4e1a2e,2,,,90,padding
fill,0x4e1a8e,2,,,90,padding
fill,0x4e1abc,4,,,90,padding
fill,0x4e1af2,14,,,90,padding
fill,0x4e1b01,15,,,90,padding
fill,0x4e1bd3,13,,,90,padding
fill,0x4e1d11,15,,,90,padding
fill,0x4e1d3e,2,,,90,padding
fill,0x4e1d5a,6,,,90,padding
fill,0x4e1dda,6,,,90,padding
fill,0x4e1e2e,2,,,90,padding
fill,0x4e1e47,9,,,90,padding
fill,0x4e2099,7,,,90,padding
fill,0x4e2149,7,,,90,padding
fill,0x4e2179,7,,,90,padding
fill,0x4e2192,14,,,90,padding
fill,0x4e21bd,3,,,90,padding
fill,0x4e21ea,6,,,90,padding
fill,0x4e223b,5,,,90,padding
fill,0x4e224e,2,,,90,padding
fill,0x4e2571,15,,,90,padding
fill,0x4e2612,14,,,90,padding
fill,0x4e29aa,6,,,90,padding
fill,0x4e2a0c,4,,,90,padding
fill,0x4e2a26,10,,,90,padding
fill,0x4e2aaa,6,,,90,padding
fill,0x4e2b52,14,,,90,padding
fill,0x4e2bde,2,,,90,padding
fill,0x4e2ca8,8,,,90,padding
fill,0x4e2cb1,15,,,90,padding
fill,0x4e2cf7,9,,,90,padding
fill,0x4e2d6a,6,,,90,padding
fill,0x4e2d8c,4,,,90,padding
fill,0x4e2dfa,6,,,90,padding
fill,0x4e2e1c,4,,,90,padding
fill,0x4e2e5d,3,,,90,padding
fill,0x4e2e9d,3,,,90,padding
fill,0x4e2edd,3,,,90,padding
fill,0x4e2f22,14,,,90,padding
fill,0x4e2f81,15,,,90,padding
fill,0x4e2fd1,15,,,90,padding
fill,0x4e3023,13,,,90,padding
fill,0x4e307f,1,,,90,padding
fill,0x4e33c1,15,,,90,padding
fill,0x4e33f9,7,,,90,padding
fill,0x4e35a7,9,,,90,padding
fill,0x4e370d,3,,,90,padding
fill,0x4e3744,12,,,90,padding
fill,0x4e38d9,7,,,90,padding
fill,0x4e392e,2,,,90,padding
fill,0x4e3995,11,,,90,padding
fill,0x4e39a6,10,,,90,padding
fill,0x4e3a36,10,,,90,padding
fill,0x4e3a67,9,,,90,padding
fill,0x4e3a85,11,,,90,padding
fill,0x4e3bb2,14,,,90,padding
fill,0x4e3bfe,2,,,90,padding
fill,0x4e3e03,13,,,90,padding
fill,0x4e3e16,10,,,90,padding
fill,0x4e3e6b,5,,,90,padding
fill,0x4e3eae,2,,,90,padding
fill,0x4e4001,15,,,90,padding
fill,0x4e4132,14,,,90,padding
fill,0x4e41d8,8,,,90,padding
fill,0x4e41ee,2,,,90,padding
fill,0x4e41fe,2,,,90,padding
fill,0x4e420e,2,,,90,padding
fill,0x4e421e,2,,,90,padding
fill,0x4e422e,2,,,90,padding
fill,0x4e423e,2,,,90,padding
fill,0x4e424e,2,,,90,padding
fill,0x4e4251,15,,,90,padding
fill,0x4e4261,15,,,90,padding
fill,0x4e4271,15,,,90,padding
fill,0x4e4281,15,,,90,padding
fill,0x4e4291,15,,,90,padding
fill,0x4e42a1,15,,,90,padding
fill,0x4e4318,8,,,90,padding
fill,0x4e4337,9,,,90,padding
fill,0x4e4341,15,,,90,padding
fill,0x4e4388,8,,,90,padding
fill,0x4e43c7,9,,,cc,padding
fill,0x4e43f1,15,,,cc,padding
fill,0x4e4434,12,,,cc,padding
fill,0x4e44ea,6,,,cc,padding
fill,0x4e450f,1,,,cc,padding
fill,0x4e4559,7,,,90,padding
fill,0x4e45c2,14,,,90,padding
fill,0x4e4612,14,,,90,padding
fill,0x4e4632,14,,,90,padding
fill,0x4e464f,1,,,90,padding
fill,0x4e465f,1,,,90,padding
fill,0x4e4712,14,,,90,padding
fill,0x4e472b,5,,,90,padding
fill,0x4e473b,5,,,90,padding
fill,0x4e485e,2,,,cc,padding
fill,0x4e486d,3,,,90,padding
fill,0x4e489d,3,,,90,padding
fill,0x4e48dd,3,,,90,padding
fill,0x4e4945,11,,,90,padding
fill,0x4e4987,9,,,90,padding
fill,0x4e49a5,11,,,90,padding
fill,0x4e4abf,1,,,90,padding
fill,0x4e4ad5,11,,,90,padding
fill,0x4e4b16,10,,,90,padding
fill,0x4e4b4f,1,,,cc,padding
fill,0x4e4b88,8,,,cc,padding
fill,0x4e4bf8,8,,,90,padding
fill,0x4e4c5a,6,,,90,padding
fill,0x4e4c8a,6,,,90,padding
fill,0x4e4cba,6,,,90,padding
fill,0x4e4cef,1,,,90,padding
fill,0x4e4d1a,6,,,90,padding
fill,0x4e4d4a,6,,,90,padding
fill,0x4e4e0a,6,,,90,padding
fill,0x4e4e1d,3,,,90,padding
fill,0x4e4e28,8,,,90,padding
fill,0x4e4e73,13,,,90,padding
fill,0x4e4ec3,13,,,90,padding
fill,0x4e4f69,7,,,90,padding
fill,0x4e4f7e,2,,,90,padding
fill,0x4e504e,2,,,90,padding
fill,0x4e5149,7,,,90,padding
fill,0x4e5273,13,,,cc,padding
fill,0x4e5368,8,,,90,padding
fill,0x4e558d,3,,,cc,padding
fill,0x4e55c6,10,,,cc,padding
fill,0x4e55d7,9,,,cc,padding
fill,0x4e55e7,9,,,cc,padding
fill,0x4e55f7,9,,,cc,padding
fill,0x4e5656,10,,,cc,padding
fill,0x4e569c,4,,,90,padding
fill,0x4e56bd,3,,,90,padding
fill,0x4e571b,5,,,90,padding
fill,0x4e574a,6,,,90,padding
fill,0x4e581c,4,,,cc,padding
fill,0x4e58a1,15,,,cc,padding
fill,0x4e592f,1,,,90,padding
fill,0x4e5a1e,2,,,cc,padding
fill,0x4e5a28,8,,,90,padding
fill,0x4e5ab2,14,,,90,padding
fill,0x4e5bbe,2,,,90,padding
fill,0x4e5bf7,9,,,90,padding
fill,0x4e5d3c,4,,,90,padding
fill,0x4e5d77,9,,,90,padding
fill,0x4e5ec6,10,,,90,padding
fill,0x4e6075,11,,,90,padding
fill,0x4e60d9,7,,,90,padding
fill,0x4e610c,4,,,90,padding
fill,0x4e611b,5,,,90,padding
fill,0x4e619b,5,,,90,padding
fill,0x4e624d,3,,,90,padding
fill,0x4e6287,9,,,90,padding
fill,0x4e6476,10,,,90,padding
fill,0x4e65ac,4,,,90,padding
fill,0x4e667c,4,,,cc,padding
fill,0x4e66c2,14,,,90,padding
fill,0x4e670e,2,,,cc,padding
fill,0x4e68bb,5,,,cc,padding
fill,0x4e6aed,3,,,90,padding
fill,0x4e6b74,12,,,90,padding
fill,0x4e6d8d,3,,,90,padding
fill,0x4e6dcf,1,,,90,padding
fill,0x4e6dd9,7,,,90,padding
fill,0x4e6de9,7,,,90,padding
fill,0x4e6e17,9,,,cc,padding
fill,0x4e6f91,15,,,90,padding
fill,0x4e7148,8,,,90,padding
fill,0x4e717a,6,,,90,padding
fill,0x4e71a7,9,,,90,padding
fill,0x4e71b8,8,,,90,padding
fill,0x4e7242,14,,,90,padding
fill,0x4e734e,2,,,90,padding
fill,0x4e7378,8,,,90,padding
fill,0x4e7524,12,,,90,padding
fill,0x4e7562,14,,,90,padding
fill,0x4e7607,9,,,90,padding
fill,0x4e7672,14,,,90,padding
fill,0x4e77ce,2,,,90,padding
fill,0x4e78f7,9,,,90,padding
fill,0x4e7943,13,,,90,padding
fill,0x4e7982,14,,,90,padding
fill,0x4e79bd,3,,,90,padding
fill,0x4e79ce,2,,,90,padding
fill,0x4e7a74,12,,,90,padding
fill,0x4e7ac3,13,,,90,padding
fill,0x4e7b7f,1,,,90,padding
fill,0x4e7bb2,14,,,90,padding
fill,0x4e7ceb,5,,,90,padding
fill,0x4e7dc9,7,,,90,padding
fill,0x4e7ef5,11,,,90,padding
fill,0x4e801d,3,,,90,padding
fill,0x4e8041,15,,,90,padding
fill,0x4e80dc,4,,,90,padding
fill,0x4e810f,1,,,90,padding
fill,0x4e8185,11,,,90,padding
fill,0x4e81a1,15,,,90,padding
fill,0x4e81ce,2,,,90,padding
fill,0x4e822a,6,,,90,padding
fill,0x4e829d,3,,,90,padding
fill,0x4e82da,6,,,90,padding
fill,0x4e82ed,3,,,90,padding
fill,0x4e831f,1,,,90,padding
fill,0x4e833e,2,,,90,padding
fill,0x4e8393,13,,,90,padding
fill,0x4e83f3,13,,,90,padding
fill,0x4e8453,13,,,90,padding
fill,0x4e8464,12,,,90,padding
fill,0x4e847b,5,,,90,padding
fill,0x4e8485,11,,,90,padding
fill,0x4e84d7,9,,,90,padding
fill,0x4e8815,11,,,cc,padding
fill,0x4e8888,8,,,90,padding
fill,0x4e88a4,12,,,90,padding
fill,0x4e88f4,12,,,90,padding
fill,0x4e8955,11,,,90,padding
fill,0x4e8adf,1,,,90,padding
fill,0x4e8c5f,1,,,90,padding
fill,0x4e8c78,8,,,90,padding
fill,0x4e8c99,7,,,90,padding
fill,0x4e8cdb,5,,,90,padding
fill,0x4e8cf8,8,,,90,padding
fill,0x4e8d2e,2,,,90,padding
fill,0x4e8dc6,10,,,90,padding
fill,0x4e8e5b,5,,,90,padding
fill,0x4e8e97,9,,,90,padding
fill,0x4e8f4b,5,,,90,padding
fill,0x4e8fab,5,,,90,padding
fill,0x4e9013,13,,,90,padding
fill,0x4e91f8,8,,,90,padding
fill,0x4e928e,2,,,90,padding
fill,0x4e9352,14,,,90,padding
fill,0x4e969f,1,,,90,padding
fill,0x4e971f,1,,,90,padding
fill,0x4e9888,8,,,90,padding
fill,0x4e997d,3,,,90,padding
fill,0x4e99b4,12,,,90,padding
fill,0x4ea476,10,,,90,padding
fill,0x4ea4c2,14,,,90,padding
fill,0x4ea509,7,,,90,padding
fill,0x4ea54d,3,,,90,padding
fill,0x4ea561,15,,,90,padding
fill,0x4ea582,14,,,90,padding
fill,0x4ea5a2,14,,,90,padding
fill,0x4ea5c3,13,,,90,padding
fill,0x4ea649,7,,,90,padding
fill,0x4ea6ad,3,,,90,padding
fill,0x4ea71b,5,,,90,padding
fill,0x4ea73c,4,,,90,padding
fill,0x4ea792,14,,,90,padding
fill,0x4ea813,13,,,90,padding
fill,0x4ea912,14,,,90,padding
fill,0x4ea986,10,,,90,padding
fill,0x4eaa46,10,,,90,padding
fill,0x4eab06,10,,,90,padding
fill,0x4eab75,11,,,90,padding
fill,0x4eaba9,7,,,90,padding
fill,0x4eabdb,5,,,90,padding
fill,0x4eac52,14,,,90,padding
fill,0x4eacd6,10,,,90,padding
fill,0x4eacf6,10,,,90,padding
fill,0x4ead36,10,,,90,padding
fill,0x4ead68,8,,,90,padding
fill,0x4eada6,10,,,90,padding
fill,0x4eadd8,8,,,90,padding
fill,0x4eadf9,7,,,90,padding
fill,0x4eaeb8,8,,,90,padding
fill,0x4eaefd,3,,,90,padding
fill,0x4eaf96,10,,,90,padding
fill,0x4eb035,11,,,90,padding
fill,0x4eb09c,4,,,90,padding
fill,0x4eb0c1,15,,,90,padding
fill,0x4eb0e3,13,,,90,padding
fill,0x4eb16a,6,,,90,padding
fill,0x4eb226,10,,,90,padding
fill,0x4eb236,10,,,90,padding
fill,0x4eb2a8,8,,,90,padding
fill,0x4eb373,13,,,90,padding
fill,0x4eb3b7,9,,,90,padding
fill,0x4eb3f5,11,,,90,padding
fill,0x4eb46e,2,,,90,padding
fill,0x4eb47b,5,,,90,padding
fill,0x4eb53b,5,,,90,padding
fill,0x4eb70e,2,,,90,padding
fill,0x4eb7e9,7,,,90,padding
fill,0x4eb805,11,,,90,padding
fill,0x4eb8d3,13,,,90,padding
fill,0x4eb99c,4,,,90,padding
fill,0x4eba8e,2,,,90,padding
fill,0x4ebdc4,12,,,90,padding
fill,0x4ec1ad,3,,,90,padding
fill,0x4ec1d8,8,,,90,padding
fill,0x4ec205,11,,,90,padding
fill,0x4ec247,9,,,90,padding
fill,0x4ec289,7,,,90,padding
fill,0x4ec2a5,11,,,90,padding
fill,0x4ec2de,2,,,90,padding
fill,0x4ec313,13,,,90,padding
fill,0x4ec37c,4,,,90,padding
fill,0x4ec483,13,,,90,padding
fill,0x4ec4b1,15,,,90,padding
fill,0x4ec4e8,8,,,90,padding
fill,0x4ec549,7,,,90,padding
fill,0x4ec757,9,,,cc,padding
fill,0x4ec92a,6,,,cc,padding
fill,0x4ec983,13,,,cc,padding
fill,0x4ecb1c,4,,,cc,padding
fill,0x4ecd41,15,,,90,padding
fill,0x4ecdd1,15,,,90,padding
fill,0x4ecead,3,,,90,padding
fill,0x4ed16b,5,,,90,padding
fill,0x4ed247,9,,,90,padding
fill,0x4ed305,11,,,90,padding
fill,0x4ed326,10,,,90,padding
fill,0x4ed3b9,7,,,90,padding
fill,0x4ed519,7,,,90,padding
fill,0x4ed54d,3,,,90,padding
fill,0x4ed751,15,,,90,padding
fill,0x4ed7d5,11,,,90,padding
fill,0x4ed805,11,,,90,padding
fill,0x4ed85c,4,,,cc,padding
fill,0x4ed8ee,2,,,90,padding
fill,0x4ed909,7,,,90,padding
fill,0x4ed995,11,,,90,padding
fill,0x4edc68,8,,,90,padding
fill,0x4eddc5,11,,,90,padding
fill,0x4edeeb,5,,,90,padding
fill,0x4ee0e2,14,,,90,padding
fill,0x4ee0f3,13,,,90,padding
fill,0x4ee144,12,,,90,padding
fill,0x4ee257,9,,,90,padding
fill,0x4ee2ca,6,,,90,padding
fill,0x4ee4d7,9,,,90,padding
fill,0x4ee515,11,,,90,padding
fill,0x4ee745,11,,,90,padding
fill,0x4ee77f,1,,,90,padding
fill,0x4ee86f,1,,,90,padding
fill,0x4ee8e2,14,,,90,padding
fill,0x4eeb15,11,,,90,padding
fill,0x4eeb92,14,,,90,padding
fill,0x4eeda9,7,,,90,padding
fill,0x4eee23,13,,,90,padding
fill,0x4eee39,7,,,90,padding
fill,0x4eee49,7,,,90,padding
fill,0x4ef05d,3,,,90,padding
fill,0x4ef09c,4,,,90,padding
fill,0x4ef0d2,14,,,90,padding
fill,0x4ef0fa,6,,,90,padding
fill,0x4ef3d8,8,,,90,padding
fill,0x4ef408,8,,,90,padding
fill,0x4ef679,7,,,90,padding
fill,0x4ef81c,4,,,90,padding
fill,0x4ef902,14,,,90,padding
fill,0x4f0649,7,,,90,padding
fill,0x4f0689,7,,,90,padding
fill,0x4f06b1,15,,,90,padding
fill,0x4f06d8,8,,,90,padding
fill,0x4f0728,8,,,90,padding
fill,0x4f095b,5,,,90,padding
fill,0x4f09ad,3,,,90,padding
fill,0x4f0a0f,1,,,90,padding
fill,0x4f0a42,14,,,90,padding
fill,0x4f0c2a,6,,,90,padding
fill,0x4f0c42,14,,,90,padding
fill,0x4f0c5b,5,,,90,padding
fill,0x4f0d07,9,,,90,padding
fill,0x4f0d22,14,,,90,padding
fill,0x4f0d42,14,,,90,padding
fill,0x4f0d62,14,,,90,padding
fill,0x4f0d85,11,,,90,padding
fill,0x4f0da5,11,,,90,padding
fill,0x4f0dc5,11,,,90,padding
fill,0x4f0de5,11,,,90,padding
fill,0x4f0e02,14,,,90,padding
fill,0x4f0e22,14,,,90,padding
fill,0x4f0e42,14,,,90,padding
fill,0x4f0e7a,6,,,90,padding
fill,0x4f0eba,6,,,90,padding
fill,0x4f0fae,2,,,90,padding
fill,0x4f104e,2,,,90,padding
fill,0x4f125f,1,,,90,padding
fill,0x4f145c,4,,,90,padding
fill,0x4f15b6,10,,,90,padding
fill,0x4f17cc,4,,,90,padding
fill,0x4f182f,1,,,90,padding
fill,0x4f1867,9,,,90,padding
fill,0x4f18a7,9,,,90,padding
fill,0x4f18ed,3,,,90,padding
fill,0x4f1ac6,10,,,90,padding
fill,0x4f1afe,2,,,90,padding
fill,0x4f1b72,14,,,90,padding
fill,0x4f1d68,8,,,90,padding
fill,0x4f1e11,15,,,90,padding
fill,0x4f1eb3,13,,,90,padding
fill,0x4f1f09,7,,,90,padding
fill,0x4f1fba,6,,,90,padding
fill,0x4f2025,11,,,90,padding
fill,0x4f2052,14,,,90,padding
fill,0x4f20c2,14,,,90,padding
fill,0x4f2134,12,,,90,padding
fill,0x4f21de,2,,,90,padding
fill,0x4f2233,13,,,90,padding
fill,0x4f2251,15,,,90,padding
fill,0x4f226d,3,,,90,padding
fill,0x4f2276,10,,,90,padding
fill,0x4f229e,2,,,90,padding
fill,0x4f2402,14,,,90,padding
fill,0x4f246b,5,,,90,padding
fill,0x4f253d,3,,,90,padding
fill,0x4f2599,7,,,90,padding
fill,0x4f25f3,13,,,90,padding
fill,0x4f2833,13,,,90,padding
fill,0x4f29b2,14,,,90,padding
fill,0x4f2a84,12,,,90,padding
fill,0x4f2c5e,2,,,90,padding
fill,0x4f2c88,8,,,90,padding
fill,0x4f2c96,10,,,90,padding
fill,0x4f2d7c,4,,,90,padding
fill,0x4f2d94,12,,,90,padding
fill,0x4f2ddb,5,,,90,padding
fill,0x4f2e5a,6,,,90,padding
fill,0x4f3005,11,,,90,padding
fill,0x4f316a,6,,,90,padding
fill,0x4f320e,2,,,90,padding
fill,0x4f32bd,3,,,90,padding
fill,0x4f331d,3,,,90,padding
fill,0x4f334b,5,,,90,padding
fill,0x4f33bc,4,,,90,padding
fill,0x4f3432,14,,,90,padding
fill,0x4f34a8,8,,,cc,padding
fill,0x4f3525,11,,,cc,padding
fill,0x4f3596,10,,,90,padding
fill,0x4f3609,7,,,90,padding
fill,0x4f36ad,3,,,90,padding
fill,0x4f36cd,3,,,90,padding
fill,0x4f36df,1,,,90,padding
fill,0x4f36fd,3,,,90,padding
fill,0x4f37b1,15,,,90,padding
fill,0x4f398f,1,,,90,padding
fill,0x4f39a8,8,,,90,padding
fill,0x4f39c8,8,,,90,padding
fill,0x4f3a88,8,,,90,padding
fill,0x4f3ac8,8,,,90,padding
fill,0x4f3b08,8,,,90,padding
fill,0x4f3ba1,15,,,90,padding
fill,0x4f3c3b,5,,,90,padding
fill,0x4f3cfe,2,,,90,padding
fill,0x4f3d0b,5,,,90,padding
fill,0x4f4493,13,,,90,padding
fill,0x4f44e9,7,,,90,padding
fill,0x4f4674,12,,,90,padding
fill,0x4f47b8,8,,,90,padding
fill,0x4f485e,2,,,90,padding
fill,0x4f487a,6,,,90,padding
fill,0x4f4c19,7,,,90,padding
fill,0x4f4c23,13,,,90,padding
fill,0x4f59bb,5,,,cc,padding
fill,0x4f5b0b,5,,,90,padding
fill,0x4f5b38,8,,,90,padding
fill,0x4f5b58,8,,,90,padding
fill,0x4f5c71,15,,,90,padding
fill,0x4f5f77,9,,,90,padding
fill,0x4f5f96,10,,,90,padding
fill,0x4f606b,5,,,90,padding
fill,0x4f60cb,5,,,90,padding
fill,0x4f60ef,1,,,90,padding
fill,0x4f619e,2,,,90,padding
fill,0x4f6511,15,,,90,padding
fill,0x4f6753,13,,,90,padding
fill,0x4f6856,10,,,90,padding
fill,0x4f6a56,10,,,90,padding
fill,0x4f6a93,13,,,90,padding
fill,0x4f6b8f,1,,,90,padding
fill,0x4f6cdb,5,,,90,padding
fill,0x4f6d13,13,,,90,padding
fill,0x4f6d86,10,,,90,padding
fill,0x4f704b,5,,,90,padding
fill,0x4f7053,13,,,90,padding
fill,0x4f709a,6,,,cc,padding
fill,0x4f7231,15,,,90,padding
fill,0x4f729d,3,,,90,padding
fill,0x4f732a,6,,,90,padding
fill,0x4f7603,13,,,90,padding
fill,0x4f766e,2,,,90,padding
fill,0x4f774e,2,,,90,padding
fill,0x4f778e,2,,,90,padding
fill,0x4f782e,2,,,90,padding
fill,0x4f784b,5,,,90,padding
fill,0x4f7933,13,,,90,padding
fill,0x4f7961,15,,,90,padding
fill,0x4f79f2,14,,,90,padding
fill,0x4f7a39,7,,,90,padding
fill,0x4f7b69,7,,,90,padding
fill,0x4f7bae,2,,,90,padding
fill,0x4f7bd1,15,,,90,padding
fill,0x4f7c51,15,,,90,padding
fill,0x4f7e4a,6,,,90,padding
fill,0x4f7e82,14,,,90,padding
fill,0x4f7f01,15,,,90,padding
fill,0x4f800e,2,,,90,padding
fill,0x4f803d,3,,,90,padding
fill,0x4f80c3,13,,,90,padding
fill,0x4f80ee,2,,,90,padding
fill,0x4f817f,1,,,90,padding
fill,0x4f8213,13,,,90,padding
fill,0x4f8422,14,,,90,padding
fill,0x4f8465,11,,,90,padding
fill,0x4f8735,11,,,90,padding
fill,0x4f876f,1,,,90,padding
fill,0x4f8973,13,,,90,padding
fill,0x4f89f4,12,,,90,padding
fill,0x4f8a6f,1,,,90,padding
fill,0x4f8b63,13,,,90,padding
fill,0x4f8bd8,8,,,90,padding
fill,0x4f8c0e,2,,,90,padding
fill,0x4f8c3d,3,,,90,padding
fill,0x4f8d31,15,,,90,padding
fill,0x4f90c2,14,,,90,padding
fill,0x4f9388,8,,,90,padding
fill,0x4f941a,6,,,90,padding
fill,0x4f9675,11,,,90,padding
fill,0x4f9764,12,,,90,padding
fill,0x4f985a,6,,,90,padding
fill,0x4f9bc2,14,,,90,padding
fill,0x4f9bef,1,,,90,padding
fill,0x4f9d31,15,,,90,padding
fill,0x4fa2de,2,,,90,padding
fill,0x4fa30d,3,,,90,padding
fill,0x4fa3a3,13,,,90,padding
fill,0x4fa415,11,,,90,padding
fill,0x4fa76c,4,,,90,padding
fill,0x4fa91c,4,,,90,padding
fill,0x4fa926,10,,,90,padding
fill,0x4fa96d,3,,,90,padding
fill,0x4fa9d1,15,,,90,padding
fill,0x4faa21,15,,,90,padding
fill,0x4faa4e,2,,,90,padding
fill,0x4faa9a,6,,,90,padding
fill,0x4fab21,15,,,90,padding
fill,0x4fac51,15,,,cc,padding
fill,0x4fad22,14,,,90,padding
fill,0x4fafef,1,,,90,padding
fill,0x4fb45f,1,,,90,padding
fill,0x4fb47f,1,,,90,padding
fill,0x4fb796,10,,,90,padding
fill,0x4fb85a,6,,,cc,padding
fill,0x4fb86a,6,,,cc,padding
fill,0x4fb87a,6,,,cc,padding
fill,0x4fb88a,6,,,cc,padding
fill,0x4fb89a,6,,,cc,padding
fill,0x4fb8aa,6,,,cc,padding
fill,0x4fb8ba,6,,,cc,padding
fill,0x4fb8ca,6,,,cc,padding
fill,0x4fb8ea,6,,,cc,padding
fill,0x4fb902,14,,,cc,padding
fill,0x4fc924,4,,,00,padding
fill,0x4fc964,4,,,00,padding
fill,0x4fc96c,4,,,00,padding
fill,0x4fca0c,4,,,00,padding
fill,0x4fcc44,4,,,00,padding
fill,0x4fcc84,4,,,00,padding
fill,0x4fcca4,4,,,00,padding
fill,0x4fd02c,4,,,00,padding
fill,0x4fd034,4,,,00,padding
fill,0x4fd203,5,,,00,padding
fill,0x4fd23c,4,,,00,padding
fill,0x4fd26c,4,,,00,padding
fill,0x4fd2a1,3,,,00,padding
fill,0x4fd2ac,4,,,00,padding
fill,0x4fd2ec,4,,,00,padding
fill,0x4fd3f4,4,,,00,padding
fill,0x4fd454,4,,,00,padding
fill,0x4fd484,4,,,00,padding
fill,0x4fd4db,5,,,00,padding
fill,0x4fd4e4,4,,,00,padding
fill,0x4fd51c,4,,,00,padding
fill,0x4fd574,4,,,00,padding
fill,0x4fd584,4,,,00,padding
fill,0x4fd5a4,4,,,00,padding
fill,0x4fd5d4,4,,,00,padding
fill,0x4fd5f4,4,,,00,padding
fill,0x4fd614,4,,,00,padding
fill,0x4fd634,4,,,00,padding
fill,0x4fd654,4,,,00,padding
fill,0x4fd694,4,,,00,padding
fill,0x4fd6ec,4,,,00,padding
fill,0x4fd71c,4,,,00,padding
fill,0x4fd72c,4,,,00,padding
fill,0x4fd75c,4,,,00,padding
fill,0x4fd76c,4,,,00,padding
fill,0x4fd78c,4,,,00,padding
fill,0x4fd7dc,4,,,00,padding
fill,0x4fd7fc,4,,,00,padding
fill,0x4fd84c,4,,,00,padding
fill,0x4fd86c,4,,,00,padding
fill,0x4fd88c,4,,,00,padding
fill,0x4fd8ac,4,,,00,padding
fill,0x4fd8cc,4,,,00,padding
fill,0x4fd904,4,,,00,padding
fill,0x4fd924,4,,,00,padding
fill,0x4fd944,4,,,00,padding
fill,0x4fd97c,4,,,00,padding
fill,0x4fd9ac,4,,,00,padding
fill,0x4fd9dc,4,,,00,padding
fill,0x4fda0c,4,,,00,padding
fill,0x4fda54,4,,,00,padding
fill,0x4fda5c,4,,,00,padding
fill,0x4fdabc,4,,,00,padding
fill,0x4fdacb,5,,,00,padding
fill,0x4fdadc,4,,,00,padding
fill,0x4fdaec,4,,,00,padding
fill,0x4fdb54,4,,,00,padding
fill,0x4fdb73,5,,,00,padding
fill,0x4fdb91,3,,,00,padding
fill,0x4fdb96,2,,,00,padding
fill,0x4fdba3,5,,,00,padding
fill,0x4fdbbf,1,,,00,padding
fill,0x4fdbcc,4,,,00,padding
fill,0x4fdc19,3,,,00,padding
fill,0x4fdc34,4,,,00,padding
fill,0x4fdc99,7,,,00,padding
fill,0x4fdcec,4,,,00,padding
fill,0x4fdcfc,4,,,00,padding
fill,0x4fdd0c,4,,,00,padding
fill,0x4fdd2e,2,,,00,padding
fill,0x4fdd75,3,,,00,padding
fill,0x4fdd7d,3,,,00,padding
fill,0x4fdd85,3,,,00,padding
fill,0x4fdd8d,3,,,00,padding
fill,0x4fdd97,1,,,00,padding
fill,0x4fddf1,3,,,00,padding
fill,0x4fde02,2,,,00,padding
fill,0x4fde0b,5,,,00,padding
fill,0x4fde32,2,,,00,padding
fill,0x4fde3d,3,,,00,padding
fill,0x4fde4e,2,,,00,padding
fill,0x4fde62,2,,,00,padding
fill,0x4fde69,3,,,00,padding
fill,0x4fde73,1,,,00,padding
fill,0x4fde7a,2,,,00,padding
fill,0x4fde82,2,,,00,padding
fill,0x4fde89,3,,,00,padding
fill,0x4fde91,3,,,00,padding
fill,0x4fde9a,2,,,00,padding
fill,0x4fdea1,3,,,00,padding
fill,0x4fdeb5,3,,,00,padding
fill,0x4fdebe,2,,,00,padding
fill,0x4fdec5,3,,,00,padding
fill,0x4fdecd,3,,,00,padding
fill,0x4fded5,3,,,00,padding
fill,0x4fdedd,3,,,00,padding
fill,0x4fdee5,3,,,00,padding
fill,0x4fdeed,3,,,00,padding
fill,0x4fdef6,2,,,00,padding
fill,0x4fdf04,4,,,00,padding
fill,0x4fdf18,8,,,00,padding
fill,0x4fdf64,4,,,00,padding
fill,0x4fdf8c,4,,,00,padding
fill,0x4fdfb4,4,,,00,padding
fill,0x4fdfc4,4,,,00,padding
fill,0x4fe00b,1,,,00,padding
fill,0x4fe021,3,,,00,padding
fill,0x4fe02f,1,,,00,padding
fill,0x4fe037,1,,,00,padding
fill,0x4fe03b,1,,,00,padding
fill,0x4fe03e,2,,,00,padding
fill,0x4fe046,2,,,00,padding
fill,0x4fe04a,2,,,00,padding
fill,0x4fe08d,3,,,00,padding
fill,0x4fe093,1,,,00,padding
fill,0x4fe0a3,1,,,00,padding
fill,0x4fe0b2,2,,,00,padding
fill,0x4fe0c1,3,,,00,padding
fill,0x4fe0d3,1,,,00,padding
fill,0x4fe0f9,3,,,00,padding
fill,0x4fe131,3,,,00,padding
fill,0x4fe169,3,,,00,padding
fill,0x4fe192,2,,,00,padding
fill,0x4fe1c9,3,,,00,padding
fill,0x4fe1f5,3,,,00,padding
fill,0x4fe219,3,,,00,padding
fill,0x4fe249,3,,,00,padding
fill,0x4fe299,3,,,00,padding
fill,0x4fe2f2,2,,,00,padding
fill,0x4fe319,3,,,00,padding
fill,0x4fe341,3,,,00,padding
fill,0x4fe35e,2,,,00,padding
fill,0x4fe377,1,,,00,padding
fill,0x4fe391,3,,,00,padding
fill,0x4fe3a2,2,,,00,padding
fill,0x4fe3b6,2,,,00,padding
fill,0x4fe3bd,3,,,00,padding
fill,0x4fe3c9,3,,,00,padding
fill,0x4fe3d6,2,,,00,padding
fill,0x4fe3eb,1,,,00,padding
fill,0x4fe3f9,3,,,00,padding
fill,0x4fe403,1,,,00,padding
fill,0x4fe40f,1,,,00,padding
fill,0x4fe41b,1,,,00,padding
fill,0x4fe432,2,,,00,padding
fill,0x4fe43b,1,,,00,padding
fill,0x4fe452,2,,,00,padding
fill,0x4fe45e,2,,,00,padding
fill,0x4fe477,1,,,00,padding
fill,0x4fe487,1,,,00,padding
fill,0x4fe497,1,,,00,padding
fill,0x4fe49f,1,,,00,padding
fill,0x4fe4ba,2,,,00,padding
fill,0x4fe4c3,1,,,00,padding
fill,0x4fe4cb,1,,,00,padding
fill,0x4fe4e2,2,,,00,padding
fill,0x4fe4ff,1,,,00,padding
fill,0x4fe50e,2,,,00,padding
fill,0x4fe51f,1,,,00,padding
fill,0x4fe532,2,,,00,padding
fill,0x4fe54d,3,,,00,padding
fill,0x4fe569,3,,,00,padding
fill,0x4fe573,1,,,00,padding
fill,0x4fe589,3,,,00,padding
fill,0x4fe595,3,,,00,padding
fill,0x4fe59b,1,,,00,padding
fill,0x4fe5b2,2,,,00,padding
fill,0x4fe5ca,2,,,00,padding
fill,0x4fe5da,2,,,00,padding
fill,0x4fe5e2,2,,,00,padding
fill,0x4fe5fb,1,,,00,padding
fill,0x4fe5ff,1,,,00,padding
fill,0x4fe606,2,,,00,padding
fill,0x4fe62a,2,,,00,padding
fill,0x4fe65d,3,,,00,padding
fill,0x4fe671,3,,,00,padding
fill,0x4fe683,1,,,00,padding
fill,0x4fe696,2,,,00,padding
fill,0x4fe6a7,1,,,00,padding
fill,0x4fe6c9,3,,,00,padding
fill,0x4fe6de,2,,,00,padding
fill,0x4fe71f,1,,,00,padding
fill,0x4fe733,1,,,00,padding
fill,0x4fe745,3,,,00,padding
fill,0x4fe756,2,,,00,padding
fill,0x4fe77a,2,,,00,padding
fill,0x4fe791,3,,,00,padding
fill,0x4fe7a6,2,,,00,padding
fill,0x4fe7b9,3,,,00,padding
fill,0x4fe7c6,2,,,00,padding
fill,0x4fe7d6,2,,,00,padding
fill,0x4fe7e6,2,,,00,padding
fill,0x4fe7f5,3,,,00,padding
fill,0x4fe80a,2,,,00,padding
fill,0x4fe83d,3,,,00,padding
fill,0x4fe852,2,,,00,padding
fill,0x4fe873,1,,,00,padding
fill,0x4fe88b,1,,,00,padding
fill,0x4fe897,1,,,00,padding
fill,0x4fe8b2,2,,,00,padding
fill,0x4fe8c9,3,,,00,padding
fill,0x4fe8d7,1,,,00,padding
fill,0x4fe906,2,,,00,padding
fill,0x4fe923,1,,,00,padding
fill,0x4fe941,3,,,00,padding
fill,0x4fe952,2,,,00,padding
fill,0x4fe97a,2,,,00,padding
fill,0x4fe98f,1,,,00,padding
fill,0x4fe9a1,3,,,00,padding
fill,0x4fe9bd,3,,,00,padding
fill,0x4fe9d3,1,,,00,padding
fill,0x4fe9e5,3,,,00,padding
fill,0x4fe9f9,3,,,00,padding
fill,0x4fea05,3,,,00,padding
fill,0x4fea23,1,,,00,padding
fill,0x4fea4b,1,,,00,padding
fill,0x4fea53,1,,,00,padding
fill,0x4fea5a,2,,,00,padding
fill,0x4fea62,2,,,00,padding
fill,0x4fea6b,5,,,00,padding
fill,0x4feaa3,1,,,00,padding
fill,0x4feaa7,1,,,00,padding
fill,0x4feaab,1,,,00,padding
fill,0x4feab5,3,,,00,padding
fill,0x4feac1,3,,,00,padding
fill,0x4fead6,2,,,00,padding
fill,0x4feadf,1,,,00,padding
fill,0x4feae5,3,,,00,padding
fill,0x4feaed,3,,,00,padding
fill,0x4feaf6,2,,,00,padding
fill,0x4feafe,2,,,00,padding
fill,0x4feb09,3,,,00,padding
fill,0x4feb4d,3,,,00,padding
fill,0x4feb57,1,,,00,padding
fill,0x4feb61,3,,,00,padding
fill,0x4feb6e,2,,,00,padding
fill,0x4feb7f,1,,,00,padding
fill,0x4feb87,1,,,00,padding
fill,0x4febae,2,,,00,padding
fill,0x4fec0d,3,,,00,padding
fill,0x4fec34,4,,,00,padding
fill,0x4fec41,7,,,00,padding
fill,0x4fec6c,4,,,00,padding
fill,0x4fec95,3,,,00,padding
fill,0x4fecc1,7,,,00,padding
fill,0x4fecec,4,,,00,padding
fill,0x4fed0d,3,,,00,padding
fill,0x4fed34,4,,,00,padding
fill,0x4fef64,4,,,00,padding
fill,0x4fef84,4,,,00,padding
fill,0x4fefa4,4,,,00,padding
fill,0x4fefd4,4,,,00,padding
fill,0x4ff05c,4,,,00,padding
fill,0x501014,1,,,20,data (copied)
fill,0x501015,1,,,f7,data (copied)
fill,0x501016,1,,,44,data (copied)
fill,0x501017,1,,,00,data (copied)
fill,0x501018,1,,,e0,data (copied)
fill,0x501019,1,,,f7,data (copied)
fill,0x50101a,1,,,44,data (copied)
fill,0x50101b,1,,,00,data (copied)
fill,0x501084,12,,,00,padding
fill,0x501099,3,,,00,padding
fill,0x5010aa,2,,,00,padding
fill,0x5010be,2,,,00,padding
fill,0x5010cb,1,,,00,padding
fill,0x5010d6,2,,,00,padding
fill,0x5010e5,3,,,00,padding
fill,0x5010ee,2,,,00,padding
fill,0x50110a,2,,,00,padding
fill,0x50111f,1,,,00,padding
fill,0x501125,3,,,00,padding
fill,0x50113f,1,,,00,padding
fill,0x501152,2,,,00,padding
fill,0x50115e,2,,,00,padding
fill,0x501172,2,,,00,padding
fill,0x50117d,3,,,00,padding
fill,0x501193,1,,,00,padding
fill,0x50119d,3,,,00,padding
fill,0x5011aa,2,,,00,padding
fill,0x5011bb,1,,,00,padding
fill,0x5011c9,3,,,00,padding
fill,0x5011e2,2,,,00,padding
fill,0x5011fe,2,,,00,padding
fill,0x50121f,1,,,00,padding
fill,0x501233,1,,,00,padding
fill,0x501241,3,,,00,padding
fill,0x50124e,2,,,00,padding
fill,0x50125b,1,,,00,padding
fill,0x501265,3,,,00,padding
fill,0x501271,3,,,00,padding
fill,0x50127f,1,,,00,padding
fill,0x501289,3,,,00,padding
fill,0x50129a,2,,,00,padding
fill,0x5012a6,2,,,00,padding
fill,0x5012ad,3,,,00,padding
fill,0x5012b9,3,,,00,padding
fill,0x5012cb,1,,,00,padding
fill,0x5012da,2,,,00,padding
fill,0x5012f5,3,,,00,padding
fill,0x50130e,2,,,00,padding
fill,0x50133f,1,,,00,padding
fill,0x501355,3,,,00,padding
fill,0x50135d,3,,,00,padding
fill,0x501371,3,,,00,padding
fill,0x501393,1,,,00,padding
fill,0x50139e,2,,,00,padding
fill,0x5013ad,3,,,00,padding
fill,0x5013c2,2,,,00,padding
fill,0x5013cf,1,,,00,padding
fill,0x5013dd,3,,,00,padding
fill,0x5013ee,2,,,00,padding
fill,0x5013fa,2,,,00,padding
fill,0x501411,3,,,00,padding
fill,0x50142e,2,,,00,padding
fill,0x50143a,2,,,00,padding
fill,0x50144a,2,,,00,padding
fill,0x50145b,1,,,00,padding
fill,0x501467,1,,,00,padding
fill,0x50146d,3,,,00,padding
fill,0x501486,2,,,00,padding
fill,0x501495,3,,,00,padding
fill,0x5014b5,3,,,00,padding
fill,0x5014c1,3,,,00,padding
fill,0x5014d5,3,,,00,padding
fill,0x5014e6,2,,,00,padding
fill,0x5014f1,3,,,00,padding
fill,0x501507,1,,,00,padding
fill,0x501515,3,,,00,padding
fill,0x50152d,3,,,00,padding
fill,0x501542,2,,,00,padding
fill,0x50157d,3,,,00,padding
fill,0x5015ce,2,,,00,padding
fill,0x5015df,1,,,00,padding
fill,0x501615,3,,,00,padding
fill,0x501635,3,,,00,padding
fill,0x50164b,1,,,00,padding
fill,0x50166a,2,,,00,padding
fill,0x501682,2,,,00,padding
fill,0x5016c2,2,,,00,padding
fill,0x5016d6,2,,,00,padding
fill,0x5016f1,3,,,00,padding
fill,0x501711,3,,,00,padding
fill,0x501733,1,,,00,padding
fill,0x501742,2,,,00,padding
fill,0x501772,2,,,00,padding
fill,0x50177d,3,,,00,padding
fill,0x501787,1,,,00,padding
fill,0x50178d,3,,,00,padding
fill,0x50179a,2,,,00,padding
fill,0x5017a3,1,,,00,padding
fill,0x5017a9,3,,,00,padding
fill,0x5017d3,1,,,00,padding
fill,0x5017dd,3,,,00,padding
fill,0x50186f,1,,,00,padding
fill,0x501883,1,,,00,padding
fill,0x501889,3,,,00,padding
fill,0x501893,1,,,00,padding
fill,0x501899,3,,,00,padding
fill,0x5018af,1,,,00,padding
fill,0x5018c3,1,,,00,padding
fill,0x5018d5,3,,,00,padding
fill,0x5018de,2,,,00,padding
fill,0x5018e3,1,,,00,padding
fill,0x501905,3,,,00,padding
fill,0x501919,3,,,00,padding
fill,0x50192b,1,,,00,padding
fill,0x501957,1,,,00,padding
fill,0x501979,3,,,00,padding
fill,0x501989,3,,,00,padding
fill,0x50199b,1,,,00,padding
fill,0x5019ad,3,,,00,padding
fill,0x5019d2,2,,,00,padding
fill,0x5019df,1,,,00,padding
fill,0x5019f9,3,,,00,padding
fill,0x501a09,3,,,00,padding
fill,0x501a2e,2,,,00,padding
fill,0x501a3f,1,,,00,padding
fill,0x501a51,3,,,00,padding
fill,0x501a65,3,,,00,padding
fill,0x501a7d,3,,,00,padding
fill,0x501a9a,2,,,00,padding
fill,0x501aa6,2,,,00,padding
fill,0x501ae5,3,,,00,padding
fill,0x501afa,2,,,00,padding
fill,0x501b09,3,,,00,padding
fill,0x501b19,3,,,00,padding
fill,0x501b2b,1,,,00,padding
fill,0x501b3b,1,,,00,padding
fill,0x501b46,2,,,00,padding
fill,0x501b59,3,,,00,padding
fill,0x501b75,3,,,00,padding
fill,0x501b93,1,,,00,padding
fill,0x501ba1,3,,,00,padding
fill,0x501bb3,1,,,00,padding
fill,0x501bc3,1,,,00,padding
fill,0x501bfb,1,,,00,padding
fill,0x501c12,2,,,00,padding
fill,0x501c2f,1,,,00,padding
fill,0x501c53,1,,,00,padding
fill,0x501c7b,1,,,00,padding
fill,0x501c8b,1,,,00,padding
fill,0x501cb7,1,,,00,padding
fill,0x501cc1,3,,,00,padding
fill,0x501ccd,3,,,00,padding
fill,0x501cfa,2,,,00,padding
fill,0x501d12,6,,,00,padding
fill,0x50215e,2,,,00,padding
fill,0x50216a,2,,,00,padding
fill,0x502175,3,,,00,padding
fill,0x50217f,1,,,00,padding
fill,0x502189,3,,,00,padding
fill,0x502191,3,,,00,padding
fill,0x5021a5,3,,,00,padding
fill,0x5021af,1,,,00,padding
fill,0x5021c5,3,,,00,padding
fill,0x5021cd,3,,,00,padding
fill,0x5021e9,3,,,00,padding
fill,0x5021f3,1,,,00,padding
fill,0x5021ff,1,,,00,padding
fill,0x502217,1,,,00,padding
fill,0x50221f,1,,,00,padding
fill,0x50222a,2,,,00,padding
fill,0x502231,3,,,00,padding
fill,0x50223a,2,,,00,padding
fill,0x502241,3,,,00,padding
fill,0x502249,3,,,00,padding
fill,0x50225f,1,,,00,padding
fill,0x502267,1,,,00,padding
fill,0x502279,3,,,00,padding
fill,0x502287,1,,,00,padding
fill,0x502299,3,,,00,padding
fill,0x5022a6,2,,,00,padding
fill,0x5022cb,1,,,00,padding
fill,0x5022da,2,,,00,padding
fill,0x5022e7,1,,,00,padding
fill,0x5022f1,3,,,00,padding
fill,0x5022ff,1,,,00,padding
fill,0x50230d,3,,,00,padding
fill,0x502327,1,,,00,padding
fill,0x502331,3,,,00,padding
fill,0x502339,3,,,00,padding
fill,0x50234b,1,,,00,padding
fill,0x502355,3,,,00,padding
fill,0x502365,3,,,00,padding
fill,0x502371,3,,,00,padding
fill,0x50237a,2,,,00,padding
fill,0x502382,2,,,00,padding
fill,0x50238f,1,,,00,padding
fill,0x502395,3,,,00,padding
fill,0x5023a2,2,,,00,padding
fill,0x5023af,1,,,00,padding
fill,0x5023b7,1,,,00,padding
fill,0x5023be,2,,,00,padding
fill,0x5023e2,2,,,00,padding
fill,0x5023eb,1,,,00,padding
fill,0x5023f3,1,,,00,padding
fill,0x5023fe,2,,,00,padding
fill,0x502417,1,,,00,padding
fill,0x50241f,1,,,00,padding
fill,0x502425,3,,,00,padding
fill,0x50242e,2,,,00,padding
fill,0x502489,3,,,00,padding
fill,0x5024a1,3,,,00,padding
fill,0x5024ab,1,,,00,padding
fill,0x5024b2,2,,,00,padding
fill,0x5024ba,2,,,00,padding
fill,0x5024d5,3,,,00,padding
fill,0x5024e1,3,,,00,padding
fill,0x502536,2,,,00,padding
fill,0x502556,2,,,00,padding
fill,0x50255f,1,,,00,padding
fill,0x50257b,1,,,00,padding
fill,0x5025ca,2,,,00,padding
fill,0x5025ee,2,,,00,padding
fill,0x502613,1,,,00,padding
fill,0x50263f,1,,,00,padding
fill,0x502651,3,,,00,padding
fill,0x502669,3,,,00,padding
fill,0x50266f,1,,,00,padding
fill,0x502676,2,,,00,padding
fill,0x502692,2,,,00,padding
fill,0x50269d,3,,,00,padding
fill,0x5026a9,3,,,00,padding
fill,0x5026b5,3,,,00,padding
fill,0x5026c1,3,,,00,padding
fill,0x5026c9,3,,,00,padding
fill,0x5026d3,1,,,00,padding
fill,0x5026e3,1,,,00,padding
fill,0x5026f2,2,,,00,padding
fill,0x5026fb,1,,,00,padding
fill,0x502703,1,,,00,padding
fill,0x50270a,2,,,00,padding
fill,0x502713,1,,,00,padding
fill,0x502719,3,,,00,padding
fill,0x502731,3,,,00,padding
fill,0x50274a,2,,,00,padding
fill,0x502753,1,,,00,padding
fill,0x50275a,2,,,00,padding
fill,0x502767,1,,,00,padding
fill,0x502771,3,,,00,padding
fill,0x50277d,3,,,00,padding
fill,0x50278a,2,,,00,padding
fill,0x502793,1,,,00,padding
fill,0x5027a2,2,,,00,padding
fill,0x5027b7,1,,,00,padding
fill,0x5027c6,2,,,00,padding
fill,0x5027db,1,,,00,padding
fill,0x5027e3,1,,,00,padding
fill,0x5027eb,1,,,00,padding
fill,0x502805,3,,,00,padding
fill,0x50280d,3,,,00,padding
fill,0x502815,3,,,00,padding
fill,0x50281d,3,,,00,padding
fill,0x502836,2,,,00,padding
fill,0x502841,3,,,00,padding
fill,0x50285e,2,,,00,padding
fill,0x50286a,2,,,00,padding
fill,0x502875,3,,,00,padding
fill,0x5028a7,1,,,00,padding
fill,0x5028b2,2,,,00,padding
fill,0x5028ba,2,,,00,padding
fill,0x5028c2,2,,,00,padding
fill,0x5028ca,2,,,00,padding
fill,0x5028d6,2,,,00,padding
fill,0x5028db,1,,,00,padding
fill,0x5028e5,3,,,00,padding
fill,0x5028f6,2,,,00,padding
fill,0x50291e,2,,,00,padding
fill,0x502929,3,,,00,padding
fill,0x502941,3,,,00,padding
fill,0x50294d,3,,,00,padding
fill,0x502962,2,,,00,padding
fill,0x50298f,1,,,00,padding
fill,0x50299f,1,,,00,padding
fill,0x5029aa,2,,,00,padding
fill,0x5029be,2,,,00,padding
fill,0x5029ca,2,,,00,padding
fill,0x5029ed,3,,,00,padding
fill,0x5029fd,3,,,00,padding
fill,0x502a0e,2,,,00,padding
fill,0x502a1d,3,,,00,padding
fill,0x502a31,3,,,00,padding
fill,0x502a69,3,,,00,padding
fill,0x502a75,3,,,00,padding
fill,0x502aa3,1,,,00,padding
fill,0x502aad,3,,,00,padding
fill,0x502ab9,3,,,00,padding
fill,0x502ac2,2,,,00,padding
fill,0x502acd,3,,,00,padding
fill,0x502ada,2,,,00,padding
fill,0x502ae5,3,,,00,padding
fill,0x502af1,3,,,00,padding
fill,0x502afd,3,,,00,padding
fill,0x502b09,3,,,00,padding
fill,0x502b16,2,,,00,padding
fill,0x502b23,1,,,00,padding
fill,0x502b2f,1,,,00,padding
fill,0x502b35,3,,,00,padding
fill,0x502b59,3,,,00,padding
fill,0x502b6b,1,,,00,padding
fill,0x502b86,2,,,00,padding
fill,0x502ba2,2,,,00,padding
fill,0x502bae,2,,,00,padding
fill,0x502bb7,1,,,00,padding
fill,0x502bbe,2,,,00,padding
fill,0x502bd3,1,,,00,padding
fill,0x502bdf,1,,,00,padding
fill,0x502c57,1,,,00,padding
fill,0x502c65,3,,,00,padding
fill,0x502c7a,2,,,00,padding
fill,0x502c85,3,,,00,padding
fill,0x502c8e,2,,,00,padding
fill,0x502c9b,1,,,00,padding
fill,0x502ca6,2,,,00,padding
fill,0x502cbb,1,,,00,padding
fill,0x502cca,2,,,00,padding
fill,0x502cde,2,,,00,padding
fill,0x502ced,3,,,00,padding
fill,0x502d0e,2,,,00,padding
fill,0x502d1f,1,,,00,padding
fill,0x502d45,3,,,00,padding
fill,0x502d53,1,,,00,padding
fill,0x502d5d,3,,,00,padding
fill,0x502d6a,2,,,00,padding
fill,0x502d76,2,,,00,padding
fill,0x502d82,2,,,00,padding
fill,0x502d8b,1,,,00,padding
fill,0x502d9a,2,,,00,padding
fill,0x502da6,2,,,00,padding
fill,0x502db5,3,,,00,padding
fill,0x502dcd,3,,,00,padding
fill,0x502de1,3,,,00,padding
fill,0x502df3,1,,,00,padding
fill,0x502dff,1,,,00,padding
fill,0x502e42,2,,,00,padding
fill,0x502e4d,3,,,00,padding
fill,0x502e57,1,,,00,padding
fill,0x502e5f,1,,,00,padding
fill,0x502e6b,1,,,00,padding
fill,0x502e77,1,,,00,padding
fill,0x502e8d,3,,,00,padding
fill,0x502eb7,1,,,00,padding
fill,0x502ec5,3,,,00,padding
fill,0x502ed9,3,,,00,padding
fill,0x502ef1,3,,,00,padding
fill,0x502f21,3,,,00,padding
fill,0x502f3a,2,,,00,padding
fill,0x502f56,2,,,00,padding
fill,0x502f6b,1,,,00,padding
fill,0x502f8b,1,,,00,padding
fill,0x502f95,3,,,00,padding
fill,0x503031,3,,,00,padding
fill,0x503039,3,,,00,padding
fill,0x5030a9,3,,,00,padding
fill,0x5030b6,2,,,00,padding
fill,0x5030be,2,,,00,padding
fill,0x5030fd,3,,,00,padding
fill,0x50310a,2,,,00,padding
fill,0x503116,2,,,00,padding
fill,0x50311f,1,,,00,padding
fill,0x50315d,3,,,00,padding
fill,0x50319b,1,,,00,padding
fill,0x50319e,2,,,00,padding
fill,0x5031a7,1,,,00,padding
fill,0x5031b9,3,,,00,padding
fill,0x5031c5,3,,,00,padding
fill,0x5031cf,1,,,00,padding
fill,0x5031e2,2,,,00,padding
fill,0x5031f1,3,,,00,padding
fill,0x5031f9,3,,,00,padding
fill,0x50320e,2,,,00,padding
fill,0x50321b,1,,,00,padding
fill,0x503233,1,,,00,padding
fill,0x50323e,2,,,00,padding
fill,0x503249,3,,,00,padding
fill,0x5032d7,1,,,00,padding
fill,0x5032e6,2,,,00,padding
fill,0x5032fb,5,,,00,padding
fill,0x503343,1,,,00,padding
fill,0x503349,3,,,00,padding
fill,0x503357,1,,,00,padding
fill,0x503369,3,,,00,padding
fill,0x503381,3,,,00,padding
fill,0x5033b5,3,,,00,padding
fill,0x5033d1,3,,,00,padding
fill,0x5033de,2,,,00,padding
fill,0x5033e9,3,,,00,padding
fill,0x5033f3,1,,,00,padding
fill,0x5033fb,1,,,00,padding
fill,0x503407,1,,,00,padding
fill,0x503419,3,,,00,padding
fill,0x50342d,3,,,00,padding
fill,0x503439,3,,,00,padding
fill,0x503459,3,,,00,padding
fill,0x503466,2,,,00,padding
fill,0x503472,2,,,00,padding
fill,0x503483,1,,,00,padding
fill,0x503491,3,,,00,padding
fill,0x50349f,1,,,00,padding
fill,0x5034ad,3,,,00,padding
fill,0x5034bb,1,,,00,padding
fill,0x5034db,1,,,00,padding
fill,0x5034e9,3,,,00,padding
fill,0x5034f9,3,,,00,padding
fill,0x503509,3,,,00,padding
fill,0x503519,3,,,00,padding
fill,0x50352a,2,,,00,padding
fill,0x503539,3,,,00,padding
fill,0x503559,3,,,00,padding
fill,0x50356a,2,,,00,padding
fill,0x503572,2,,,00,padding
fill,0x50357a,2,,,00,padding
fill,0x503582,2,,,00,padding
fill,0x50358b,1,,,00,padding
fill,0x503593,1,,,00,padding
fill,0x50359b,1,,,00,padding
fill,0x5035a3,1,,,00,padding
fill,0x5035b9,3,,,00,padding
fill,0x5035c5,3,,,00,padding
fill,0x5035d1,3,,,00,padding
fill,0x5035de,2,,,00,padding
fill,0x5035e9,3,,,00,padding
fill,0x5035f3,1,,,00,padding
fill,0x5035fa,2,,,00,padding
fill,0x503605,3,,,00,padding
fill,0x503611,3,,,00,padding
fill,0x50361d,3,,,00,padding
fill,0x503629,3,,,00,padding
fill,0x503636,2,,,00,padding
fill,0x50364f,1,,,00,padding
fill,0x503659,3,,,00,padding
fill,0x503665,3,,,00,padding
fill,0x50367f,1,,,00,padding
fill,0x503689,3,,,00,padding
fill,0x5036b1,3,,,00,padding
fill,0x5036ba,2,,,00,padding
fill,0x5036cf,1,,,00,padding
fill,0x5036e2,2,,,00,padding
fill,0x5036ee,2,,,00,padding
fill,0x503702,2,,,00,padding
fill,0x50370e,2,,,00,padding
fill,0x50371d,3,,,00,padding
fill,0x503729,3,,,00,padding
fill,0x503739,3,,,00,padding
fill,0x5037ae,2,,,00,padding
fill,0x5037ba,2,,,00,padding
fill,0x5037f3,1,,,00,padding
fill,0x5037fe,2,,,00,padding
fill,0x50381e,2,,,00,padding
fill,0x50382b,1,,,00,padding
fill,0x50383b,1,,,00,padding
fill,0x503857,1,,,00,padding
fill,0x503861,3,,,00,padding
fill,0x50386e,2,,,00,padding
fill,0x503875,3,,,00,padding
fill,0x503881,3,,,00,padding
fill,0x503889,3,,,00,padding
fill,0x503896,2,,,00,padding
fill,0x50389b,1,,,00,padding
fill,0x5038aa,2,,,00,padding
fill,0x5038bd,3,,,00,padding
fill,0x5038c9,3,,,00,padding
fill,0x503909,3,,,00,padding
fill,0x503911,3,,,00,padding
fill,0x50391d,3,,,00,padding
fill,0x503926,2,,,00,padding
fill,0x503942,2,,,00,padding
fill,0x503977,1,,,00,padding
fill,0x503986,2,,,00,padding
fill,0x50399e,2,,,00,padding
fill,0x5039a7,1,,,00,padding
fill,0x5039b6,2,,,00,padding
fill,0x5039c1,3,,,00,padding
fill,0x5039da,2,,,00,padding
fill,0x5039ee,2,,,00,padding
fill,0x5039fa,2,,,00,padding
fill,0x503a0b,1,,,00,padding
fill,0x503a1d,3,,,00,padding
fill,0x503a29,3,,,00,padding
fill,0x503a63,1,,,00,padding
fill,0x503a71,3,,,00,padding
fill,0x503a81,3,,,00,padding
fill,0x503a9e,2,,,00,padding
fill,0x503aa9,3,,,00,padding
fill,0x503ab6,2,,,00,padding
fill,0x503ae2,2,,,00,padding
fill,0x503aee,2,,,00,padding
fill,0x503af7,1,,,00,padding
fill,0x503b22,2,,,00,padding
fill,0x503b2d,3,,,00,padding
fill,0x503b3a,2,,,00,padding
fill,0x503b47,1,,,00,padding
fill,0x503b61,3,,,00,padding
fill,0x503b6b,1,,,00,padding
fill,0x503b7e,2,,,00,padding
fill,0x503b8d,3,,,00,padding
fill,0x503ba3,1,,,00,padding
fill,0x503baf,1,,,00,padding
fill,0x503bc3,1,,,00,padding
fill,0x503bce,2,,,00,padding
fill,0x503be2,2,,,00,padding
fill,0x503bed,3,,,00,padding
fill,0x503bfe,2,,,00,padding
fill,0x503c0b,1,,,00,padding
fill,0x503c1d,3,,,00,padding
fill,0x503c3a,2,,,00,padding
fill,0x503c59,3,,,00,padding
fill,0x503c69,3,,,00,padding
fill,0x503c7e,2,,,00,padding
fill,0x503c92,2,,,00,padding
fill,0x503c9b,1,,,00,padding
fill,0x503cad,3,,,00,padding
fill,0x503cc1,3,,,00,padding
fill,0x503cd2,2,,,00,padding
fill,0x503ce2,2,,,00,padding
fill,0x503cf2,2,,,00,padding
fill,0x503cfe,2,,,00,padding
fill,0x503d09,3,,,00,padding
fill,0x503d17,1,,,00,padding
fill,0x503d22,2,,,00,padding
fill,0x503d31,3,,,00,padding
fill,0x503d42,2,,,00,padding
fill,0x503d53,1,,,00,padding
fill,0x503d62,2,,,00,padding
fill,0x503d6f,1,,,00,padding
fill,0x503d7e,2,,,00,padding
fill,0x503d8a,2,,,00,padding
fill,0x503d96,2,,,00,padding
fill,0x503da3,1,,,00,padding
fill,0x503db6,2,,,00,padding
fill,0x503dc6,2,,,00,padding
fill,0x503dd2,2,,,00,padding
fill,0x503ddd,3,,,00,padding
fill,0x503dea,2,,,00,padding
fill,0x503df6,2,,,00,padding
fill,0x503e07,1,,,00,padding
fill,0x503e13,1,,,00,padding
fill,0x503e1e,2,,,00,padding
fill,0x503e2d,3,,,00,padding
fill,0x503e3a,2,,,00,padding
fill,0x503e6f,1,,,00,padding
fill,0x503e87,1,,,00,padding
fill,0x503e9f,1,,,00,padding
fill,0x503ebb,1,,,00,padding
fill,0x503ee3,1,,,00,padding
fill,0x503eed,3,,,00,padding
fill,0x503f27,1,,,00,padding
fill,0x503f51,3,,,00,padding
fill,0x503f5d,3,,,00,padding
fill,0x503f67,1,,,00,padding
fill,0x503f6d,3,,,00,padding
fill,0x503f79,3,,,00,padding
fill,0x503f89,3,,,00,padding
fill,0x503f93,1,,,00,padding
fill,0x503f9f,1,,,00,padding
fill,0x503fa9,3,,,00,padding
fill,0x503fb7,1,,,00,padding
fill,0x503fca,2,,,00,padding
fill,0x503fde,2,,,00,padding
fill,0x503ff1,3,,,00,padding
fill,0x504005,3,,,00,padding
fill,0x504015,3,,,00,padding
fill,0x504025,3,,,00,padding
fill,0x50402e,2,,,00,padding
fill,0x50403e,2,,,00,padding
fill,0x50404f,1,,,00,padding
fill,0x50405f,1,,,00,padding
fill,0x50406a,2,,,00,padding
fill,0x504075,3,,,00,padding
fill,0x504081,3,,,00,padding
fill,0x50408f,1,,,00,padding
fill,0x50409a,2,,,00,padding
fill,0x5040ab,1,,,00,padding
fill,0x5040d3,1,,,00,padding
fill,0x5040eb,1,,,00,padding
fill,0x5040f6,2,,,00,padding
fill,0x50410b,1,,,00,padding
fill,0x504115,3,,,00,padding
fill,0x504121,3,,,00,padding
fill,0x50412e,2,,,00,padding
fill,0x50413a,2,,,00,padding
fill,0x504145,3,,,00,padding
fill,0x50414f,1,,,00,padding
fill,0x50415b,1,,,00,padding
fill,0x504181,3,,,00,padding
fill,0x50418e,2,,,00,padding
fill,0x50419a,2,,,00,padding
fill,0x5041af,1,,,00,padding
fill,0x5041b9,3,,,00,padding
fill,0x5041c9,3,,,00,padding
fill,0x5041d3,1,,,00,padding
fill,0x5041da,2,,,00,padding
fill,0x5041e7,1,,,00,padding
fill,0x504203,1,,,00,padding
fill,0x50420d,3,,,00,padding
fill,0x50421b,1,,,00,padding
fill,0x504227,1,,,00,padding
fill,0x50423d,3,,,00,padding
fill,0x50424b,1,,,00,padding
fill,0x504256,2,,,00,padding
fill,0x50425e,2,,,00,padding
fill,0x50428a,2,,,00,padding
fill,0x504299,3,,,00,padding
fill,0x5042a9,3,,,00,padding
fill,0x5042ba,2,,,00,padding
fill,0x5042c7,1,,,00,padding
fill,0x5042d1,3,,,00,padding
fill,0x5042da,2,,,00,padding
fill,0x5042ef,1,,,00,padding
fill,0x5042fe,2,,,00,padding
fill,0x50430f,1,,,00,padding
fill,0x504313,1,,,00,padding
fill,0x50432d,3,,,00,padding
fill,0x504335,3,,,00,padding
fill,0x50433d,3,,,00,padding
fill,0x504351,3,,,00,padding
fill,0x50435a,2,,,00,padding
fill,0x504365,3,,,00,padding
fill,0x504382,2,,,00,padding
fill,0x504395,3,,,00,padding
fill,0x5043a2,2,,,00,padding
fill,0x5043b3,1,,,00,padding
fill,0x5043c2,2,,,00,padding
fill,0x5043d6,2,,,00,padding
fill,0x5043e6,2,,,00,padding
fill,0x5043f5,3,,,00,padding
fill,0x50440b,1,,,00,padding
fill,0x504429,3,,,00,padding
fill,0x50443f,1,,,00,padding
fill,0x50448b,1,,,00,padding
fill,0x504499,3,,,00,padding
fill,0x5044ad,3,,,00,padding
fill,0x5044bd,3,,,00,padding
fill,0x5044e7,1,,,00,padding
fill,0x5044ee,2,,,00,padding
fill,0x5044f9,3,,,00,padding
fill,0x504502,2,,,00,padding
fill,0x50450d,3,,,00,padding
fill,0x50451e,2,,,00,padding
fill,0x504527,1,,,00,padding
fill,0x504532,2,,,00,padding
fill,0x504541,3,,,00,padding
fill,0x50454d,3,,,00,padding
fill,0x50455a,2,,,00,padding
fill,0x504567,1,,,00,padding
fill,0x504573,1,,,00,padding
fill,0x50457e,2,,,00,padding
fill,0x504592,2,,,00,padding
fill,0x50459a,2,,,00,padding
fill,0x5045bf,1,,,00,padding
fill,0x5045ca,2,,,00,padding
fill,0x5045d5,3,,,00,padding
fill,0x5045e1,3,,,00,padding
fill,0x5045ff,1,,,00,padding
fill,0x50460f,1,,,00,padding
fill,0x504623,1,,,00,padding
fill,0x504632,2,,,00,padding
fill,0x504642,2,,,00,padding
fill,0x504652,2,,,00,padding
fill,0x504662,2,,,00,padding
fill,0x50466f,1,,,00,padding
fill,0x50467b,1,,,00,padding
fill,0x504687,1,,,00,padding
fill,0x504696,2,,,00,padding
fill,0x5046aa,2,,,00,padding
fill,0x5046ba,2,,,00,padding
fill,0x5046d1,3,,,00,padding
fill,0x5046f2,2,,,00,padding
fill,0x504705,3,,,00,padding
fill,0x504717,1,,,00,padding
fill,0x504727,1,,,00,padding
fill,0x504731,3,,,00,padding
fill,0x50473a,2,,,00,padding
fill,0x50473f,1,,,00,padding
fill,0x504743,1,,,00,padding
fill,0x504747,1,,,00,padding
fill,0x50474b,1,,,00,padding
fill,0x504779,3,,,00,padding
fill,0x504785,3,,,00,padding
fill,0x504799,3,,,00,padding
fill,0x5047a7,1,,,00,padding
fill,0x5047b2,2,,,00,padding
fill,0x5047ce,2,,,00,padding
fill,0x5047df,1,,,00,padding
fill,0x5047ed,3,,,00,padding
fill,0x5047fe,2,,,00,padding
fill,0x50480a,2,,,00,padding
fill,0x504812,2,,,00,padding
fill,0x504822,2,,,00,padding
fill,0x504832,2,,,00,padding
fill,0x504843,1,,,00,padding
fill,0x504853,1,,,00,padding
fill,0x50485d,3,,,00,padding
fill,0x50486a,2,,,00,padding
fill,0x504873,1,,,00,padding
fill,0x504886,2,,,00,padding
fill,0x504893,1,,,00,padding
fill,0x50489d,3,,,00,padding
fill,0x5048a9,3,,,00,padding
fill,0x5048b6,2,,,00,padding
fill,0x5048c2,2,,,00,padding
fill,0x5048c9,3,,,00,padding
fill,0x5048d7,1,,,00,padding
fill,0x5048e9,3,,,00,padding
fill,0x5048f7,1,,,00,padding
fill,0x5049cd,3,,,00,padding
fill,0x5049da,2,,,00,padding
fill,0x5049e6,2,,,00,padding
fill,0x5049f5,3,,,00,padding
fill,0x504a03,1,,,00,padding
fill,0x504a0b,1,,,00,padding
fill,0x504a11,3,,,00,padding
fill,0x504a23,1,,,00,padding
fill,0x504a2f,1,,,00,padding
fill,0x504a61,3,,,00,padding
fill,0x504a75,3,,,00,padding
fill,0x504a82,2,,,00,padding
fill,0x504a9d,3,,,00,padding
fill,0x504acf,1,,,00,padding
fill,0x504adf,1,,,00,padding
fill,0x504aee,2,,,00,padding
fill,0x504afd,3,,,00,padding
fill,0x504b0d,3,,,00,padding
fill,0x504b13,1,,,00,padding
fill,0x504b22,2,,,00,padding
fill,0x504b31,3,,,00,padding
fill,0x504b43,1,,,00,padding
fill,0x504b52,2,,,00,padding
fill,0x504b6b,1,,,00,padding
fill,0x504b95,3,,,00,padding
fill,0x504ba2,2,,,00,padding
fill,0x504be2,2,,,00,padding
fill,0x504bee,2,,,00,padding
fill,0x504bfe,2,,,00,padding
fill,0x504c15,3,,,00,padding
fill,0x504c25,3,,,00,padding
fill,0x504c3b,1,,,00,padding
fill,0x504c55,3,,,00,padding
fill,0x504c67,1,,,00,padding
fill,0x504c73,1,,,00,padding
fill,0x504c7b,1,,,00,padding
fill,0x504c92,2,,,00,padding
fill,0x504ca1,3,,,00,padding
fill,0x504cb1,3,,,00,padding
fill,0x504ce2,2,,,00,padding
fill,0x504cf1,3,,,00,padding
fill,0x504cfe,2,,,00,padding
fill,0x504d27,1,,,00,padding
fill,0x504d87,1,,,00,padding
fill,0x504d99,3,,,00,padding
fill,0x504e21,3,,,00,padding
fill,0x504e39,3,,,00,padding
fill,0x504e41,3,,,00,padding
fill,0x504e4e,2,,,00,padding
fill,0x504e72,2,,,00,padding
fill,0x504e7e,2,,,00,padding
fill,0x504e8a,2,,,00,padding
fill,0x504e96,2,,,00,padding
fill,0x504ee1,3,,,00,padding
fill,0x504eed,3,,,00,padding
fill,0x504efd,3,,,00,padding
fill,0x504f11,3,,,00,padding
fill,0x504f1d,3,,,00,padding
fill,0x504f46,2,,,00,padding
fill,0x504f56,2,,,00,padding
fill,0x504f69,3,,,00,padding
fill,0x504f73,1,,,00,padding
fill,0x504f7a,2,,,00,padding
fill,0x504f81,3,,,00,padding
fill,0x504f89,3,,,00,padding
fill,0x504f91,3,,,00,padding
fill,0x504fa5,3,,,00,padding
fill,0x504fb7,1,,,00,padding
fill,0x504fbe,2,,,00,padding
fill,0x504fc9,3,,,00,padding
fill,0x504fd9,3,,,00,padding
fill,0x504fed,3,,,00,padding
fill,0x504ffe,2,,,00,padding
fill,0x505009,3,,,00,padding
fill,0x505019,3,,,00,padding
fill,0x50502d,3,,,00,padding
fill,0x505039,3,,,00,padding
fill,0x505045,3,,,00,padding
fill,0x505051,3,,,00,padding
fill,0x50505d,3,,,00,padding
fill,0x50506e,2,,,00,padding
fill,0x505081,3,,,00,padding
fill,0x505095,3,,,00,padding
fill,0x50509f,1,,,00,padding
fill,0x5050df,1,,,00,padding
fill,0x5050f2,2,,,00,padding
fill,0x505102,2,,,00,padding
fill,0x505111,3,,,00,padding
fill,0x505122,2,,,00,padding
fill,0x505132,2,,,00,padding
fill,0x505142,2,,,00,padding
fill,0x50514d,3,,,00,padding
fill,0x50515f,1,,,00,padding
fill,0x505169,3,,,00,padding
fill,0x505175,3,,,00,padding
fill,0x50517e,2,,,00,padding
fill,0x505186,2,,,00,padding
fill,0x50518e,2,,,00,padding
fill,0x505199,3,,,00,padding
fill,0x5051aa,2,,,00,padding
fill,0x5051c1,3,,,00,padding
fill,0x5051df,1,,,00,padding
fill,0x5051ed,3,,,00,padding
fill,0x5051f2,2,,,00,padding
fill,0x5051fa,6,,,00,padding
fill,0x50520b,1,,,00,padding
fill,0x505216,2,,,00,padding
fill,0x505222,2,,,00,padding
fill,0x50522e,2,,,00,padding
fill,0x505247,1,,,00,padding
fill,0x505255,3,,,00,padding
fill,0x505261,3,,,00,padding
fill,0x505272,2,,,00,padding
fill,0x505283,1,,,00,padding
fill,0x505291,3,,,00,padding
fill,0x5052b5,3,,,00,padding
fill,0x5052c7,1,,,00,padding
fill,0x5052d2,2,,,00,padding
fill,0x5052e3,1,,,00,padding
fill,0x5052fa,2,,,00,padding
fill,0x50530a,2,,,00,padding
fill,0x50531a,2,,,00,padding
fill,0x505322,2,,,00,padding
fill,0x50532d,3,,,00,padding
fill,0x50533e,2,,,00,padding
fill,0x50534e,2,,,00,padding
fill,0x50538d,3,,,00,padding
fill,0x5053a2,2,,,00,padding
fill,0x5053ca,2,,,00,padding
fill,0x5053d9,3,,,00,padding
fill,0x5053ed,3,,,00,padding
fill,0x505405,3,,,00,padding
fill,0x505412,2,,,00,padding
fill,0x50541d,3,,,00,padding
fill,0x50542e,2,,,00,padding
fill,0x50543e,2,,,00,padding
fill,0x505449,3,,,00,padding
fill,0x505455,3,,,00,padding
fill,0x505466,2,,,00,padding
fill,0x505476,2,,,00,padding
fill,0x505483,1,,,00,padding
fill,0x50548f,1,,,00,padding
fill,0x5054ac,4,,,00,padding
fill,0x505514,4,,,00,padding
fill,0x505541,3,,,00,padding
fill,0x505556,2,,,00,padding
fill,0x50555f,1,,,00,padding
fill,0x505566,2,,,00,padding
fill,0x50556e,2,,,00,padding
fill,0x505579,3,,,00,padding
fill,0x50558d,3,,,00,padding
fill,0x5055a1,3,,,00,padding
fill,0x5055ad,3,,,00,padding
fill,0x5055b9,3,,,00,padding
fill,0x5055c7,1,,,00,padding
fill,0x5055d2,2,,,00,padding
fill,0x5055d9,3,,,00,padding
fill,0x5055e1,3,,,00,padding
fill,0x5055ea,2,,,00,padding
fill,0x5055f2,2,,,00,padding
fill,0x5055fa,2,,,00,padding
fill,0x505603,1,,,00,padding
fill,0x505615,3,,,00,padding
fill,0x50561f,1,,,00,padding
fill,0x505639,3,,,00,padding
fill,0x505657,1,,,00,padding
fill,0x505661,3,,,00,padding
fill,0x50566d,3,,,00,padding
fill,0x505679,3,,,00,padding
fill,0x505686,2,,,00,padding
fill,0x505695,3,,,00,padding
fill,0x5056a5,3,,,00,padding
fill,0x5056b1,3,,,00,padding
fill,0x5056ba,2,,,00,padding
fill,0x5056c9,3,,,00,padding
fill,0x5056e1,3,,,00,padding
fill,0x5056eb,1,,,00,padding
fill,0x5056f1,3,,,00,padding
fill,0x5056f7,1,,,00,padding
fill,0x5056fd,3,,,00,padding
fill,0x505705,3,,,00,padding
fill,0x50570d,3,,,00,padding
fill,0x505716,2,,,00,padding
fill,0x50573f,1,,,00,padding
fill,0x50574e,2,,,00,padding
fill,0x50575f,1,,,00,padding
fill,0x50577d,3,,,00,padding
fill,0x505792,2,,,00,padding
fill,0x505799,3,,,00,padding
fill,0x5057b2,2,,,00,padding
fill,0x5057c3,1,,,00,padding
fill,0x5057ce,2,,,00,padding
fill,0x5057d5,3,,,00,padding
fill,0x50581b,1,,,00,padding
fill,0x505825,3,,,00,padding
fill,0x505835,3,,,00,padding
fill,0x505859,3,,,00,padding
fill,0x505869,3,,,00,padding
fill,0x505873,1,,,00,padding
fill,0x505882,2,,,00,padding
fill,0x50588b,1,,,00,padding
fill,0x5058a6,2,,,00,padding
fill,0x5058b2,2,,,00,padding
fill,0x5058be,2,,,00,padding
fill,0x5058ca,2,,,00,padding
fill,0x5058d2,2,,,00,padding
fill,0x5058de,2,,,00,padding
fill,0x5058f3,1,,,00,padding
fill,0x505927,1,,,00,padding
fill,0x505965,3,,,00,padding
fill,0x505971,3,,,00,padding
fill,0x505983,1,,,00,padding
fill,0x50599b,1,,,00,padding
fill,0x5059a3,1,,,00,padding
fill,0x5059b2,2,,,00,padding
fill,0x5059c6,2,,,00,padding
fill,0x5059d5,3,,,00,padding
fill,0x5059fa,2,,,00,padding
fill,0x505a05,3,,,00,padding
fill,0x505a63,1,,,00,padding
fill,0x505a67,1,,,00,padding
fill,0x505a77,1,,,00,padding
fill,0x505a7e,2,,,00,padding
fill,0x505a89,3,,,00,padding
fill,0x505a9e,2,,,00,padding
fill,0x505aaf,1,,,00,padding
fill,0x505ac6,2,,,00,padding
fill,0x505ae6,2,,,00,padding
fill,0x505aef,1,,,00,padding
fill,0x505af7,1,,,00,padding
fill,0x505afd,3,,,00,padding
fill,0x505b0b,1,,,00,padding
fill,0x505b15,3,,,00,padding
fill,0x505b2d,3,,,00,padding
fill,0x505b57,1,,,00,padding
fill,0x505b85,3,,,00,padding
fill,0x505b93,1,,,00,padding
fill,0x505bb5,3,,,00,padding
fill,0x505bc9,3,,,00,padding
fill,0x505be9,3,,,00,padding
fill,0x505bf9,3,,,00,padding
fill,0x505c05,3,,,00,padding
fill,0x505c12,2,,,00,padding
fill,0x505c1f,1,,,00,padding
fill,0x505c27,1,,,00,padding
fill,0x505c2f,1,,,00,padding
fill,0x505c35,3,,,00,padding
fill,0x505c3e,2,,,00,padding
fill,0x505c5e,2,,,00,padding
fill,0x505c72,2,,,00,padding
fill,0x505c7f,1,,,00,padding
fill,0x505ca3,1,,,00,padding
fill,0x505caf,1,,,00,padding
fill,0x505cbf,1,,,00,padding
fill,0x505ce2,2,,,00,padding
fill,0x505ceb,1,,,00,padding
fill,0x505cf3,1,,,00,padding
fill,0x505d05,3,,,00,padding
fill,0x505d36,2,,,00,padding
fill,0x505d6e,2,,,00,padding
fill,0x505d79,3,,,00,padding
fill,0x505db2,2,,,00,padding
fill,0x505dba,2,,,00,padding
fill,0x505dc2,2,,,00,padding
fill,0x505dcf,1,,,00,padding
fill,0x505dd6,2,,,00,padding
fill,0x505de2,2,,,00,padding
fill,0x505deb,1,,,00,padding
fill,0x505df1,3,,,00,padding
fill,0x505e01,3,,,00,padding
fill,0x505e1b,1,,,00,padding
fill,0x505e35,3,,,00,padding
fill,0x505e3f,1,,,00,padding
fill,0x505e71,3,,,00,padding
fill,0x505e76,2,,,00,padding
fill,0x505e87,1,,,00,padding
fill,0x505e91,3,,,00,padding
fill,0x505e9f,1,,,00,padding
fill,0x505eb2,2,,,00,padding
fill,0x505ebb,1,,,00,padding
fill,0x505ec2,2,,,00,padding
fill,0x505ecd,3,,,00,padding
fill,0x505edf,1,,,00,padding
fill,0x505efd,3,,,00,padding
fill,0x505f0f,1,,,00,padding
fill,0x505f13,1,,,00,padding
fill,0x505f4b,1,,,00,padding
fill,0x505f56,2,,,00,padding
fill,0x505f62,2,,,00,padding
fill,0x505f71,3,,,00,padding
fill,0x505fa6,2,,,00,padding
fill,0x505fb5,3,,,00,padding
fill,0x505fc1,3,,,00,padding
fill,0x505fd5,3,,,00,padding
fill,0x505fe1,3,,,00,padding
fill,0x505fed,3,,,00,padding
fill,0x505ffe,2,,,00,padding
fill,0x506005,3,,,00,padding
fill,0x506015,3,,,00,padding
fill,0x506027,1,,,00,padding
fill,0x506032,2,,,00,padding
fill,0x50603e,2,,,00,padding
fill,0x506052,2,,,00,padding
fill,0x506062,2,,,00,padding
fill,0x506071,3,,,00,padding
fill,0x50607a,2,,,00,padding
fill,0x50608b,1,,,00,padding
fill,0x50609a,2,,,00,padding
fill,0x506136,2,,,00,padding
fill,0x5061f1,3,,,00,padding
fill,0x50622b,1,,,00,padding
fill,0x50623a,2,,,00,padding
fill,0x506257,1,,,00,padding
fill,0x506283,1,,,00,padding
fill,0x50628d,3,,,00,padding
fill,0x5062d6,2,,,00,padding
fill,0x5062fd,3,,,00,padding
fill,0x50632e,2,,,00,padding
fill,0x50635d,3,,,00,padding
fill,0x506387,1,,,00,padding
fill,0x506399,3,,,00,padding
fill,0x5063af,1,,,00,padding
fill,0x5063d6,2,,,00,padding
fill,0x5064b2,2,,,00,padding
fill,0x5064ba,2,,,00,padding
fill,0x506523,1,,,00,padding
fill,0x506542,2,,,00,padding
fill,0x50654d,3,,,00,padding
fill,0x50656f,1,,,00,padding
fill,0x506577,1,,,00,padding
fill,0x5065ee,2,,,00,padding
fill,0x5065f7,1,,,00,padding
fill,0x506621,3,,,00,padding
fill,0x50662f,1,,,00,padding
fill,0x50665d,3,,,00,padding
fill,0x506686,2,,,00,padding
fill,0x5066cb,1,,,00,padding
fill,0x5066cf,1,,,00,padding
fill,0x5066df,1,,,00,padding
fill,0x5066f2,6,,,00,padding
fill,0x506795,3,,,00,padding
fill,0x5067a1,3,,,00,padding
fill,0x5067ad,3,,,00,padding
fill,0x5067b9,3,,,00,padding
fill,0x5067d5,3,,,00,padding
fill,0x5067f6,2,,,00,padding
fill,0x50682f,1,,,00,padding
fill,0x50683d,3,,,00,padding
fill,0x506849,3,,,00,padding
fill,0x506857,1,,,00,padding
fill,0x506861,3,,,00,padding
fill,0x506873,1,,,00,padding
fill,0x506882,2,,,00,padding
fill,0x506895,3,,,00,padding
fill,0x5068a7,1,,,00,padding
fill,0x5068ad,3,,,00,padding
fill,0x5068b7,1,,,00,padding
fill,0x5068bd,3,,,00,padding
fill,0x5068c7,1,,,00,padding
fill,0x5068cd,3,,,00,padding
fill,0x5068d7,1,,,00,padding
fill,0x5068e5,3,,,00,padding
fill,0x5068f1,3,,,00,padding
fill,0x506903,1,,,00,padding
fill,0x506915,3,,,00,padding
fill,0x506921,3,,,00,padding
fill,0x50693e,2,,,00,padding
fill,0x506946,2,,,00,padding
fill,0x506955,3,,,00,padding
fill,0x506962,2,,,00,padding
fill,0x5069ab,1,,,00,padding
fill,0x5069f2,2,,,00,padding
fill,0x5069ff,1,,,00,padding
fill,0x506a07,1,,,00,padding
fill,0x506a15,3,,,00,padding
fill,0x506a25,3,,,00,padding
fill,0x506a39,3,,,00,padding
fill,0x506a41,3,,,00,padding
fill,0x506a75,3,,,00,padding
fill,0x506a85,3,,,00,padding
fill,0x506a91,3,,,00,padding
fill,0x506a9e,2,,,00,padding
fill,0x506aaf,1,,,00,padding
fill,0x506abb,1,,,00,padding
fill,0x506ac9,3,,,00,padding
fill,0x506ad7,1,,,00,padding
fill,0x506ae9,3,,,00,padding
fill,0x506b01,3,,,00,padding
fill,0x506b1a,2,,,00,padding
fill,0x506b29,3,,,00,padding
fill,0x506b3b,1,,,00,padding
fill,0x506b4a,2,,,00,padding
fill,0x506b6a,2,,,00,padding
fill,0x506b75,3,,,00,padding
fill,0x506b7d,3,,,00,padding
fill,0x506b89,3,,,00,padding
fill,0x506b93,1,,,00,padding
fill,0x506b9a,2,,,00,padding
fill,0x506ba7,1,,,00,padding
fill,0x506baf,1,,,00,padding
fill,0x506bbb,1,,,00,padding
fill,0x506bce,2,,,00,padding
fill,0x506bdf,1,,,00,padding
fill,0x506bf1,3,,,00,padding
fill,0x506c01,3,,,00,padding
fill,0x506c27,1,,,00,padding
fill,0x506c31,3,,,00,padding
fill,0x506c41,3,,,00,padding
fill,0x506c4b,1,,,00,padding
fill,0x506c51,3,,,00,padding
fill,0x506c59,3,,,00,padding
fill,0x506c61,3,,,00,padding
fill,0x506c6a,2,,,00,padding
fill,0x506c75,3,,,00,padding
fill,0x506c81,3,,,00,padding
fill,0x506c8e,2,,,00,padding
fill,0x506cbd,3,,,00,padding
fill,0x506cd5,3,,,00,padding
fill,0x506d0f,1,,,00,padding
fill,0x506d4f,1,,,00,padding
fill,0x506d59,3,,,00,padding
fill,0x506d71,3,,,00,padding
fill,0x506d81,3,,,00,padding
fill,0x506d8a,2,,,00,padding
fill,0x506d95,3,,,00,padding
fill,0x506da1,3,,,00,padding
fill,0x506dad,3,,,00,padding
fill,0x506dbb,1,,,00,padding
fill,0x506de9,3,,,00,padding
fill,0x506e0f,1,,,00,padding
fill,0x506e42,2,,,00,padding
fill,0x506e99,3,,,00,padding
fill,0x506ed6,2,,,00,padding
fill,0x506eff,1,,,00,padding
fill,0x506f46,2,,,00,padding
fill,0x506fcd,3,,,00,padding
fill,0x50700e,2,,,00,padding
fill,0x507033,1,,,00,padding
fill,0x5070cf,1,,,00,padding
fill,0x5070e9,3,,,00,padding
fill,0x507111,3,,,00,padding
fill,0x507131,3,,,00,padding
fill,0x507183,1,,,00,padding
fill,0x5071a3,1,,,00,padding
fill,0x5071d2,2,,,00,padding
fill,0x50720f,1,,,00,padding
fill,0x50723f,1,,,00,padding
fill,0x507261,3,,,00,padding
fill,0x507287,1,,,00,padding
fill,0x5072b6,2,,,00,padding
fill,0x5072c7,1,,,00,padding
fill,0x5072d7,1,,,00,padding
fill,0x5072dd,3,,,00,padding
fill,0x5072f5,3,,,00,padding
fill,0x507317,1,,,00,padding
fill,0x5073b6,2,,,00,padding
fill,0x5073c3,1,,,00,padding
fill,0x5073cd,3,,,00,padding
fill,0x5073da,2,,,00,padding
fill,0x5073e9,3,,,00,padding
fill,0x507403,1,,,00,padding
fill,0x507415,3,,,00,padding
fill,0x50742b,1,,,00,padding
fill,0x507459,3,,,00,padding
fill,0x50746f,1,,,00,padding
fill,0x507497,1,,,00,padding
fill,0x5074b2,2,,,00,padding
fill,0x5074bb,1,,,00,padding
fill,0x5074c5,3,,,00,padding
fill,0x5074d5,3,,,00,padding
fill,0x5074e7,1,,,00,padding
fill,0x50752a,2,,,00,padding
fill,0x507537,1,,,00,padding
fill,0x507545,3,,,00,padding
fill,0x50754e,2,,,00,padding
fill,0x507566,2,,,00,padding
fill,0x50759b,1,,,00,padding
fill,0x5075a7,1,,,00,padding
fill,0x5075e7,1,,,00,padding
fill,0x5075ed,3,,,00,padding
fill,0x507612,2,,,00,padding
fill,0x50763f,1,,,00,padding
fill,0x507647,1,,,00,padding
fill,0x50764e,2,,,00,padding
fill,0x507659,3,,,00,padding
fill,0x507663,1,,,00,padding
fill,0x507679,3,,,00,padding
fill,0x50768d,3,,,00,padding
fill,0x5076a1,3,,,00,padding
fill,0x5076c9,3,,,00,padding
fill,0x5076e2,2,,,00,padding
fill,0x50770f,1,,,00,padding
fill,0x507721,3,,,00,padding
fill,0x507747,1,,,00,padding
fill,0x50775b,1,,,00,padding
fill,0x507763,1,,,00,padding
fill,0x50776f,1,,,00,padding
fill,0x507786,2,,,00,padding
fill,0x5077ad,3,,,00,padding
fill,0x5077b7,1,,,00,padding
fill,0x5077c3,1,,,00,padding
fill,0x5077d1,3,,,00,padding
fill,0x5077e2,2,,,00,padding
fill,0x5077ea,2,,,00,padding
fill,0x5077f2,2,,,00,padding
fill,0x507813,1,,,00,padding
fill,0x50781a,2,,,00,padding
fill,0x507826,2,,,00,padding
fill,0x507833,1,,,00,padding
fill,0x507839,3,,,00,padding
fill,0x50784e,2,,,00,padding
fill,0x507856,2,,,00,padding
fill,0x50787a,2,,,00,padding
fill,0x507882,2,,,00,padding
fill,0x50788a,2,,,00,padding
fill,0x507892,2,,,00,padding
fill,0x5078a2,2,,,00,padding
fill,0x5078ad,3,,,00,padding
fill,0x5078bf,1,,,00,padding
fill,0x5078d3,1,,,00,padding
fill,0x5078e1,3,,,00,padding
fill,0x5078f2,2,,,00,padding
fill,0x507902,2,,,00,padding
fill,0x507913,1,,,00,padding
fill,0x50792d,3,,,00,padding
fill,0x507947,1,,,00,data (copied)
fill,0x507948,1,,,e0,data (copied)
fill,0x507949,1,,,72,data (copied)
fill,0x50794a,1,,,50,data (copied)
fill,0x50794b,1,,,00,data (copied)
fill,0x50794c,1,,,d8,data (copied)
fill,0x50794d,1,,,72,data (copied)
fill,0x50794e,1,,,50,data (copied)
fill,0x50794f,1,,,00,data (copied)
fill,0x507950,1,,,b8,data (copied)
fill,0x507951,1,,,2b,data (copied)
fill,0x507952,1,,,50,data (copied)
fill,0x507953,1,,,00,data (copied)
fill,0x507954,1,,,b0,data (copied)
fill,0x507955,1,,,2b,data (copied)
fill,0x507956,1,,,50,data (copied)
fill,0x507957,1,,,00,data (copied)
fill,0x507958,1,,,d4,data (copied)
fill,0x507959,1,,,79,data (copied)
fill,0x50795a,1,,,50,data (copied)
fill,0x50795b,1,,,00,data (copied)
fill,0x50795c,1,,,c4,data (copied)
fill,0x50795d,1,,,79,data (copied)
fill,0x50795e,1,,,50,data (copied)
fill,0x50795f,1,,,00,data (copied)
fill,0x507960,1,,,b4,data (copied)
fill,0x507961,1,,,79,data (copied)
fill,0x507962,1,,,50,data (copied)
fill,0x507963,1,,,00,data (copied)
fill,0x507964,1,,,a4,data (copied)
fill,0x507965,1,,,79,data (copied)
fill,0x507966,1,,,50,data (copied)
fill,0x507967,1,,,00,data (copied)
fill,0x507968,1,,,90,data (copied)
fill,0x507969,1,,,79,data (copied)
fill,0x50796a,1,,,50,data (copied)
fill,0x50796b,1,,,00,data (copied)
fill,0x50796c,1,,,80,data (copied)
fill,0x50796d,1,,,79,data (copied)
fill,0x50796e,1,,,50,data (copied)
fill,0x50796f,1,,,00,data (copied)
fill,0x507970,1,,,74,data (copied)
fill,0x507971,1,,,79,data (copied)
fill,0x507972,1,,,50,data (copied)
fill,0x507973,1,,,00,data (copied)
fill,0x507974,1,,,49,data (copied)
fill,0x507975,1,,,20,data (copied)
fill,0x507976,1,,,61,data (copied)
fill,0x507977,1,,,6d,data (copied)
fill,0x507978,1,,,20,data (copied)
fill,0x507979,1,,,57,data (copied)
fill,0x50797a,1,,,69,data (copied)
fill,0x50797b,2,,,6e,data (copied)
fill,0x50797d,1,,,65,data (copied)
fill,0x50797e,1,,,72,data (copied)
fill,0x50797f,1,,,00,data (copied)
fill,0x507980,1,,,43,data (copied)
fill,0x507981,1,,,6f,data (copied)
fill,0x507982,2,,,6d,data (copied)
fill,0x507984,1,,,61,data (copied)
fill,0x507985,1,,,6e,data (copied)
fill,0x507986,1,,,64,data (copied)
fill,0x507987,1,,,65,data (copied)
fill,0x507988,1,,,72,data (copied)
fill,0x507989,1,,,73,data (copied)
fill,0x50798a,1,,,20,data (copied)
fill,0x50798b,1,,,4c,data (copied)
fill,0x50798c,1,,,6f,data (copied)
fill,0x50798d,1,,,73,data (copied)
fill,0x50798e,1,,,74,data (copied)
fill,0x50798f,1,,,00,data (copied)
fill,0x507990,1,,,43,data (copied)
fill,0x507991,1,,,6f,data (copied)
fill,0x507992,2,,,6d,data (copied)
fill,0x507994,1,,,61,data (copied)
fill,0x507995,1,,,6e,data (copied)
fill,0x507996,1,,,64,data (copied)
fill,0x507997,1,,,65,data (copied)
fill,0x507998,1,,,72,data (copied)
fill,0x507999,1,,,73,data (copied)
fill,0x50799a,1,,,20,data (copied)
fill,0x50799b,1,,,4b,data (copied)
fill,0x50799c,1,,,69,data (copied)
fill,0x50799d,2,,,6c,data (copied)
fill,0x50799f,1,,,65,data (copied)
fill,0x5079a0,1,,,64,data (copied)
fill,0x5079a1,3,,,00,data (copied)
fill,0x5079a4,1,,,45,data (copied)
fill,0x5079a5,1,,,78,data (copied)
fill,0x5079a6,1,,,63,data (copied)
fill,0x5079a7,1,,,65,data (copied)
fill,0x5079a8,2,,,73,data (copied)
fill,0x5079aa,1,,,20,data (copied)
fill,0x5079ab,1,,,4d,data (copied)
fill,0x5079ac,1,,,65,data (copied)
fill,0x5079ad,1,,,74,data (copied)
fill,0x5079ae,1,,,61,data (copied)
fill,0x5079af,1,,,6c,data (copied)
fill,0x5079b0,4,,,00,data (copied)
fill,0x5079b4,1,,,45,data (copied)
fill,0x5079b5,1,,,78,data (copied)
fill,0x5079b6,1,,,63,data (copied)
fill,0x5079b7,1,,,65,data (copied)
fill,0x5079b8,2,,,73,data (copied)
fill,0x5079ba,1,,,20,data (copied)
fill,0x5079bb,1,,,45,data (copied)
fill,0x5079bc,1,,,6e,data (copied)
fill,0x5079bd,1,,,65,data (copied)
fill,0x5079be,1,,,72,data (copied)
fill,0x5079bf,1,,,67,data (copied)
fill,0x5079c0,1,,,79,data (copied)
fill,0x5079c1,3,,,00,data (copied)
fill,0x5079c4,1,,,4d,data (copied)
fill,0x5079c5,1,,,65,data (copied)
fill,0x5079c6,1,,,74,data (copied)
fill,0x5079c7,1,,,61,data (copied)
fill,0x5079c8,1,,,6c,data (copied)
fill,0x5079c9,1,,,20,data (copied)
fill,0x5079ca,1,,,50,data (copied)
fill,0x5079cb,1,,,72,data (copied)
fill,0x5079cc,1,,,6f,data (copied)
fill,0x5079cd,1,,,64,data (copied)
fill,0x5079ce,1,,,75,data (copied)
fill,0x5079cf,1,,,63,data (copied)
fill,0x5079d0,1,,,65,data (copied)
fill,0x5079d1,1,,,64,data (copied)
fill,0x5079d2,2,,,00,data (copied)
fill,0x5079d4,1,,,45,data (copied)
fill,0x5079d5,1,,,6e,data (copied)
fill,0x5079d6,1,,,65,data (copied)
fill,0x5079d7,1,,,72,data (copied)
fill,0x5079d8,1,,,67,data (copied)
fill,0x5079d9,1,,,79,data (copied)
fill,0x5079da,1,,,20,data (copied)
fill,0x5079db,1,,,50,data (copied)
fill,0x5079dc,1,,,72,data (copied)
fill,0x5079dd,1,,,6f,data (copied)
fill,0x5079de,1,,,64,data (copied)
fill,0x5079df,1,,,75,data (copied)
fill,0x5079e0,1,,,63,data (copied)
fill,0x5079e1,1,,,65,data (copied)
fill,0x5079e2,1,,,64,data (copied)
fill,0x5079e3,1,,,00,data (copied)
fill,0x5079ed,3,,,00,padding
fill,0x5079fb,1,,,00,padding
fill,0x507a09,3,,,00,padding
fill,0x507a15,3,,,00,padding
fill,0x507a25,3,,,00,padding
fill,0x507a45,3,,,00,padding
fill,0x507a55,3,,,00,padding
fill,0x507a6b,1,,,00,padding
fill,0x507a7b,1,,,00,padding
fill,0x507a8f,1,,,00,padding
fill,0x507aa2,2,,,00,padding
fill,0x507ac5,3,,,00,padding
fill,0x507ada,2,,,00,padding
fill,0x507b05,3,,,00,padding
fill,0x507b21,3,,,00,padding
fill,0x507b3e,2,,,00,padding
fill,0x507b63,1,,,00,padding
fill,0x507bb7,1,,,00,padding
fill,0x507bd6,2,,,00,padding
fill,0x507bf5,3,,,00,padding
fill,0x507c01,3,,,00,padding
fill,0x507c13,1,,,00,padding
fill,0x507c25,3,,,00,padding
fill,0x507c2f,1,,,00,padding
fill,0x507c7e,2,,,00,padding
fill,0x507c86,2,,,00,padding
fill,0x507c8e,2,,,00,padding
fill,0x507c97,1,,,00,padding
fill,0x507caa,2,,,00,padding
fill,0x507cb5,3,,,00,padding
fill,0x507cc9,3,,,00,padding
fill,0x507cd5,3,,,00,padding
fill,0x507cf1,3,,,00,padding
fill,0x507cff,1,,,00,padding
fill,0x507d0a,2,,,00,padding
fill,0x507d17,1,,,00,padding
fill,0x507d2e,2,,,00,padding
fill,0x507d3e,2,,,00,padding
fill,0x507d4d,3,,,00,padding
fill,0x507d5d,3,,,00,padding
fill,0x507d6d,3,,,00,padding
fill,0x507d7d,3,,,00,padding
fill,0x507d8e,2,,,00,padding
fill,0x507d9d,3,,,00,padding
fill,0x507dbe,2,,,00,padding
fill,0x507ddb,1,,,00,padding
fill,0x507de3,1,,,00,padding
fill,0x507de9,3,,,00,padding
fill,0x507df3,1,,,00,padding
fill,0x507dfd,3,,,00,padding
fill,0x507e0e,2,,,00,padding
fill,0x507e1b,1,,,00,padding
fill,0x507e3f,1,,,00,padding
fill,0x507e4a,2,,,00,padding
fill,0x507e59,3,,,00,padding
fill,0x507e7f,1,,,00,padding
fill,0x507e8b,1,,,00,padding
fill,0x507e97,1,,,00,padding
fill,0x507ea6,2,,,00,padding
fill,0x507ec9,3,,,00,padding
fill,0x507edd,3,,,00,padding
fill,0x507ee9,3,,,00,padding
fill,0x507efb,1,,,00,padding
fill,0x507f06,2,,,00,padding
fill,0x507f11,3,,,00,padding
fill,0x507f1d,3,,,00,padding
fill,0x507f49,3,,,00,padding
fill,0x507f55,3,,,00,padding
fill,0x507f65,3,,,00,padding
fill,0x507f72,2,,,00,padding
fill,0x507f7f,1,,,00,padding
fill,0x507f8b,1,,,00,padding
fill,0x507f96,2,,,00,padding
fill,0x507fa1,3,,,00,padding
fill,0x507fbb,1,,,00,padding
fill,0x507fc7,1,,,00,padding
fill,0x507fd2,2,,,00,padding
fill,0x507fde,2,,,00,padding
fill,0x507ff9,3,,,00,padding
fill,0x508007,1,,,00,padding
fill,0x508015,3,,,00,padding
fill,0x50802a,2,,,00,padding
fill,0x508031,3,,,00,padding
fill,0x50803f,1,,,00,padding
fill,0x50804b,1,,,00,padding
fill,0x508051,3,,,00,padding
fill,0x50805b,1,,,00,padding
fill,0x508067,1,,,00,padding
fill,0x508081,3,,,00,padding
fill,0x50808f,1,,,00,padding
fill,0x508092,2,,,00,padding
fill,0x50809a,2,,,00,padding
fill,0x5080a9,3,,,00,padding
fill,0x5080b5,3,,,00,padding
fill,0x5080c9,3,,,00,padding
fill,0x5080db,1,,,00,padding
fill,0x5080e5,3,,,00,padding
fill,0x5080f1,3,,,00,padding
fill,0x508133,1,,,00,padding
fill,0x508171,3,,,00,padding
fill,0x50817d,3,,,00,padding
fill,0x5081a6,2,,,00,padding
fill,0x5081b2,2,,,00,padding
fill,0x508215,3,,,00,padding
fill,0x508237,1,,,00,padding
fill,0x508273,1,,,00,padding
fill,0x5082a1,3,,,00,padding
fill,0x5082cb,1,,,00,padding
fill,0x508333,1,,,00,padding
fill,0x508342,2,,,00,padding
fill,0x50836e,2,,,00,padding
fill,0x50837a,2,,,00,padding
fill,0x508382,2,,,00,padding
fill,0x5083f9,3,,,00,padding
fill,0x50845d,3,,,00,padding
fill,0x5084e7,1,,,00,padding
fill,0x508521,3,,,00,padding
fill,0x50853e,2,,,00,padding
fill,0x50854e,2,,,00,padding
fill,0x50855a,2,,,00,padding
fill,0x50855e,2,,,00,padding
fill,0x508575,3,,,00,padding
fill,0x50858d,3,,,00,padding
fill,0x5085a5,3,,,00,padding
fill,0x5085d1,3,,,00,padding
fill,0x5085ea,2,,,00,padding
fill,0x508601,3,,,00,padding
fill,0x508621,3,,,00,padding
fill,0x50864a,2,,,00,padding
fill,0x50865e,2,,,00,padding
fill,0x508672,2,,,00,padding
fill,0x5086a2,2,,,00,padding
fill,0x5086cf,1,,,00,padding
fill,0x5086d2,6,,,00,padding
fill,0x508931,3,,,00,padding
fill,0x508943,1,,,00,padding
fill,0x508949,3,,,00,padding
fill,0x508953,1,,,00,padding
fill,0x50895f,1,,,00,padding
fill,0x50896b,1,,,00,padding
fill,0x508972,2,,,00,padding
fill,0x50897b,1,,,00,padding
fill,0x508981,3,,,00,padding
fill,0x50898b,1,,,00,padding
fill,0x508991,3,,,00,padding
fill,0x50899b,1,,,00,padding
fill,0x5089c2,2,,,00,padding
fill,0x5089cb,1,,,00,padding
fill,0x5089d1,3,,,00,padding
fill,0x5089e3,1,,,00,padding
fill,0x5089ea,2,,,00,padding
fill,0x5089ff,1,,,00,padding
fill,0x508a0d,3,,,00,padding
fill,0x508a1e,2,,,00,padding
fill,0x508a25,3,,,00,padding
fill,0x508a3b,1,,,00,padding
fill,0x508a47,1,,,00,padding
fill,0x508a51,3,,,00,padding
fill,0x508a61,3,,,00,padding
fill,0x508a77,1,,,00,padding
fill,0x508acb,1,,,00,padding
fill,0x508adf,1,,,00,padding
fill,0x508ae5,3,,,00,padding
fill,0x508aed,3,,,00,padding
fill,0x508af7,1,,,00,padding
fill,0x508b07,1,,,00,padding
fill,0x508b25,3,,,00,padding
fill,0x508b37,1,,,00,padding
fill,0x508b46,2,,,00,padding
fill,0x508b51,3,,,00,padding
fill,0x508b69,3,,,00,padding
fill,0x508b7e,2,,,00,padding
fill,0x508b9d,3,,,00,padding
fill,0x508bb7,1,,,00,padding
fill,0x508bd2,2,,,00,padding
fill,0x508be7,1,,,00,padding
fill,0x508c2d,3,,,00,padding
fill,0x508c3b,1,,,00,padding
fill,0x508c4b,1,,,00,padding
fill,0x508c5a,2,,,00,padding
fill,0x508c6b,1,,,00,padding
fill,0x508c71,3,,,00,padding
fill,0x508c7b,1,,,00,padding
fill,0x508c99,3,,,00,padding
fill,0x508cb2,2,,,00,padding
fill,0x508cc3,1,,,00,padding
fill,0x508cdb,1,,,00,padding
fill,0x508ce3,1,,,00,padding
fill,0x508ce6,2,,,00,padding
fill,0x508d0d,3,,,00,padding
fill,0x508d17,1,,,00,padding
fill,0x508d2a,2,,,00,padding
fill,0x508d3a,2,,,00,padding
fill,0x508d45,3,,,00,padding
fill,0x508d55,3,,,00,padding
fill,0x508d66,2,,,00,padding
fill,0x508da7,1,,,00,padding
fill,0x508db7,1,,,00,padding
fill,0x508dc7,1,,,00,padding
fill,0x508dda,2,,,00,padding
fill,0x508deb,1,,,00,padding
fill,0x508e01,3,,,00,padding
fill,0x508e13,1,,,00,padding
fill,0x508e73,1,,,00,padding
fill,0x508e85,3,,,00,padding
fill,0x508e95,3,,,00,padding
fill,0x508ea5,3,,,00,padding
fill,0x508eb6,2,,,00,padding
fill,0x508ed6,2,,,00,padding
fill,0x508eeb,1,,,00,padding
fill,0x508f0f,1,,,00,padding
fill,0x508f22,2,,,00,padding
fill,0x508ff5,3,,,00,padding
fill,0x509017,1,,,00,padding
fill,0x50906a,2,,,00,padding
fill,0x50908d,3,,,00,padding
fill,0x5090b1,3,,,00,padding
fill,0x5090d9,3,,,00,padding
fill,0x50913b,1,,,00,padding
fill,0x509161,3,,,00,padding
fill,0x509183,1,,,00,padding
fill,0x5091a3,1,,,00,padding
fill,0x5091c6,2,,,00,padding
fill,0x5091ea,2,,,00,padding
fill,0x5091fe,2,,,00,padding
fill,0x509215,3,,,00,padding
fill,0x509226,2,,,00,padding
fill,0x509235,3,,,00,padding
fill,0x509282,2,,,00,padding
fill,0x509297,1,,,00,padding
fill,0x5092a7,1,,,00,padding
fill,0x5092ad,3,,,00,padding
fill,0x5092b5,3,,,00,padding
fill,0x5092bd,3,,,00,padding
fill,0x5092c9,3,,,00,padding
fill,0x5092d5,3,,,00,padding
fill,0x5092e1,3,,,00,padding
fill,0x5092fe,2,,,00,padding
fill,0x509307,1,,,00,padding
fill,0x50930e,2,,,00,padding
fill,0x509347,1,,,00,padding
fill,0x50935a,2,,,00,padding
fill,0x50936b,1,,,00,padding
fill,0x509379,3,,,00,padding
fill,0x5093af,1,,,00,padding
fill,0x5093b7,1,,,00,padding
fill,0x5093c9,3,,,00,padding
fill,0x5093dd,3,,,00,padding
fill,0x5093ea,2,,,00,padding
fill,0x509422,2,,,00,padding
fill,0x509429,3,,,00,padding
fill,0x509431,3,,,00,padding
fill,0x50943e,2,,,00,padding
fill,0x50944d,3,,,00,padding
fill,0x50945d,3,,,00,padding
fill,0x50946b,1,,,00,padding
fill,0x509477,1,,,00,padding
fill,0x50947d,3,,,00,padding
fill,0x50948e,2,,,00,padding
fill,0x509497,1,,,00,padding
fill,0x5094a6,2,,,00,padding
fill,0x5094ca,2,,,00,padding
fill,0x5094d7,1,,,00,padding
fill,0x5094e3,1,,,00,padding
fill,0x5094ef,1,,,00,padding
fill,0x5094fd,3,,,00,padding
fill,0x50950d,3,,,00,padding
fill,0x50951a,2,,,00,padding
fill,0x50956f,1,,,00,padding
fill,0x509593,1,,,00,padding
fill,0x5095ae,2,,,00,padding
fill,0x5095be,2,,,00,padding
fill,0x5095cd,3,,,00,padding
fill,0x5095e9,3,,,00,padding
fill,0x5095f7,1,,,00,padding
fill,0x50960a,2,,,00,padding
fill,0x50961d,3,,,00,padding
fill,0x50965d,3,,,00,padding
fill,0x50966a,2,,,00,padding
fill,0x5096ad,3,,,00,padding
fill,0x5096bb,1,,,00,padding
fill,0x5096c9,3,,,00,padding
fill,0x5096da,2,,,00,padding
fill,0x5096f5,3,,,00,padding
fill,0x509701,3,,,00,padding
fill,0x509715,3,,,00,padding
fill,0x50973d,3,,,00,padding
fill,0x50974a,2,,,00,padding
fill,0x509762,2,,,00,padding
fill,0x509791,3,,,00,padding
fill,0x5097a1,3,,,00,padding
fill,0x509831,3,,,00,padding
fill,0x50983d,3,,,00,padding
fill,0x509861,3,,,00,padding
fill,0x50986f,1,,,00,padding
fill,0x50987b,1,,,00,padding
fill,0x509886,2,,,00,padding
fill,0x50988d,3,,,00,padding
fill,0x509893,1,,,00,padding
fill,0x5098ae,2,,,00,padding
fill,0x5098cd,3,,,00,padding
fill,0x5098df,1,,,00,padding
fill,0x5098f5,3,,,00,padding
fill,0x509905,3,,,00,padding
fill,0x509911,3,,,00,padding
fill,0x50991f,1,,,00,padding
fill,0x509931,3,,,00,padding
fill,0x509947,1,,,00,padding
fill,0x50995a,2,,,00,padding
fill,0x50996d,3,,,00,padding
fill,0x50997d,3,,,00,padding
fill,0x509991,3,,,00,padding
fill,0x509999,3,,,00,padding
fill,0x5099a9,3,,,00,padding
fill,0x5099b1,3,,,00,padding
fill,0x5099c5,3,,,00,padding
fill,0x5099d2,2,,,00,padding
fill,0x5099dd,3,,,00,padding
fill,0x5099e2,2,,,00,padding
fill,0x5099ed,3,,,00,padding
fill,0x5099f5,3,,,00,padding
fill,0x5099fd,3,,,00,padding
fill,0x509a07,1,,,00,padding
fill,0x509a0b,1,,,00,padding
fill,0x509a2a,2,,,00,padding
fill,0x509a33,1,,,00,padding
fill,0x509a3f,1,,,00,padding
fill,0x509a4e,2,,,00,padding
fill,0x509a57,1,,,00,padding
fill,0x509a5f,1,,,00,padding
fill,0x509a6e,2,,,00,padding
fill,0x509a75,3,,,00,padding
fill,0x509a7d,3,,,00,padding
fill,0x509a86,2,,,00,padding
fill,0x509a8b,1,,,00,padding
fill,0x509a93,1,,,00,padding
fill,0x509aa1,3,,,00,padding
fill,0x509aaf,1,,,00,padding
fill,0x509aba,2,,,00,padding
fill,0x509ac2,2,,,00,padding
fill,0x509acd,3,,,00,padding
fill,0x509ad6,2,,,00,padding
fill,0x509ade,2,,,00,padding
fill,0x509af5,3,,,00,padding
fill,0x509aff,1,,,00,padding
fill,0x509b07,1,,,00,padding
fill,0x509b12,2,,,00,padding
fill,0x509b1d,3,,,00,padding
fill,0x509b2b,1,,,00,padding
fill,0x509b35,3,,,00,padding
fill,0x509b41,3,,,00,padding
fill,0x509b52,2,,,00,padding
fill,0x509b59,3,,,00,padding
fill,0x509b65,3,,,00,padding
fill,0x509b6f,1,,,00,padding
fill,0x509b79,3,,,00,padding
fill,0x509b8a,2,,,00,padding
fill,0x509b96,2,,,00,padding
fill,0x509ba5,3,,,00,padding
fill,0x509bb5,3,,,00,padding
fill,0x509bbe,2,,,00,padding
fill,0x509bc3,1,,,00,padding
fill,0x509bce,2,,,00,padding
fill,0x509bd5,3,,,00,padding
fill,0x509bdd,3,,,00,padding
fill,0x509be5,3,,,00,padding
fill,0x509bed,3,,,00,padding
fill,0x509bf5,3,,,00,padding
fill,0x509bfd,3,,,00,padding
fill,0x509c05,3,,,00,padding
fill,0x509c0d,3,,,00,padding
fill,0x509c1b,1,,,00,padding
fill,0x509c27,1,,,00,padding
fill,0x509c2d,3,,,00,padding
fill,0x509c35,3,,,00,padding
fill,0x509c6b,1,,,00,padding
fill,0x509c92,2,,,00,padding
fill,0x509ca1,3,,,00,padding
fill,0x509cd1,3,,,00,padding
fill,0x509cdd,3,,,00,padding
fill,0x509ce5,3,,,00,padding
fill,0x509d21,3,,,00,padding
fill,0x509d3d,3,,,00,padding
fill,0x509d6f,1,,,00,padding
fill,0x509dda,2,,,00,padding
fill,0x509e1f,1,,,00,padding
fill,0x509e32,2,,,00,padding
fill,0x509e4d,3,,,00,padding
fill,0x509e66,2,,,00,padding
fill,0x509eb5,3,,,00,padding
fill,0x509ece,2,,,00,padding
fill,0x509ed9,3,,,00,padding
fill,0x50a42e,2,,,00,padding
fill,0x50a45f,1,,,00,padding
fill,0x50a46b,1,,,00,padding
fill,0x50a471,3,,,00,padding
fill,0x50a49d,3,,,00,padding
fill,0x50a4ad,3,,,00,padding
fill,0x50a4fd,3,,,00,padding
fill,0x50a512,2,,,00,padding
fill,0x50a527,1,,,00,padding
fill,0x50a52b,1,,,00,padding
fill,0x50a545,3,,,00,padding
fill,0x50a551,3,,,00,padding
fill,0x50a563,1,,,00,padding
fill,0x50a569,3,,,00,padding
fill,0x50a5bf,1,,,00,padding
fill,0x50a601,3,,,00,padding
fill,0x50a609,3,,,00,padding
fill,0x50a615,3,,,00,padding
fill,0x50a64e,2,,,00,padding
fill,0x50a66f,1,,,00,padding
fill,0x50a6c9,3,,,00,padding
fill,0x50a6ef,1,,,00,padding
fill,0x50a713,1,,,00,padding
fill,0x50a72f,1,,,00,padding
fill,0x50a74b,1,,,00,padding
fill,0x50a767,1,,,00,padding
fill,0x50a777,1,,,00,padding
fill,0x50a784,4,,,00,padding
fill,0x50a7c3,1,,,00,padding
fill,0x50a7fa,2,,,00,padding
fill,0x50a8df,1,,,00,padding
fill,0x50a965,3,,,00,padding
fill,0x50a9b5,3,,,00,padding
fill,0x50aa1e,2,,,00,padding
fill,0x50aa62,2,,,00,padding
fill,0x50aaa3,1,,,00,padding
fill,0x50ab1f,1,,,00,padding
fill,0x50ab5a,2,,,00,padding
fill,0x50ab99,3,,,00,padding
fill,0x50abf9,3,,,00,padding
fill,0x50ac5e,2,,,00,padding
fill,0x50aca1,3,,,00,padding
fill,0x50ace9,3,,,00,padding
fill,0x50ad32,2,,,00,padding
fill,0x50add2,2,,,00,padding
fill,0x50ae15,3,,,00,padding
fill,0x50ae76,2,,,00,padding
fill,0x50aee5,3,,,00,padding
fill,0x50b026,2,,,00,padding
fill,0x50b0ab,1,,,00,padding
fill,0x50b0c6,2,,,00,padding
fill,0x50b0e6,2,,,00,padding
fill,0x50b11a,2,,,00,padding
fill,0x50b133,1,,,00,padding
fill,0x50b15d,3,,,00,padding
fill,0x50b177,1,,,00,padding
fill,0x50b197,1,,,00,padding
fill,0x50b1b1,3,,,00,padding
fill,0x50b1d3,1,,,00,padding
fill,0x50b1ee,2,,,00,padding
fill,0x50b201,3,,,00,padding
fill,0x50b221,3,,,00,padding
fill,0x50b241,3,,,00,padding
fill,0x50b26f,1,,,00,padding
fill,0x50b282,2,,,00,padding
fill,0x50b296,2,,,00,padding
fill,0x50b2aa,2,,,00,padding
fill,0x50b2bd,3,,,00,padding
fill,0x50b2d9,3,,,00,padding
fill,0x50b2fd,3,,,00,padding
fill,0x50b317,1,,,00,padding
fill,0x50b32e,2,,,00,padding
fill,0x50b34a,2,,,00,padding
fill,0x50b363,1,,,00,padding
fill,0x50b383,1,,,00,padding
fill,0x50b3b3,1,,,00,padding
fill,0x50b3c7,1,,,00,padding
fill,0x50b3de,2,,,00,padding
fill,0x50b3f7,1,,,00,padding
fill,0x50b40f,1,,,00,padding
fill,0x50b425,3,,,00,padding
fill,0x50b447,1,,,00,padding
fill,0x50b45d,3,,,00,padding
fill,0x50b47e,2,,,00,padding
fill,0x50b49f,1,,,00,padding
fill,0x50b4ba,2,,,00,padding
fill,0x50b4c6,2,,,00,padding
fill,0x50b4d1,3,,,00,padding
fill,0x50b4e3,1,,,00,padding
fill,0x50b521,3,,,00,padding
fill,0x50b54e,2,,,00,padding
fill,0x50b556,2,,,00,padding
fill,0x50b591,3,,,00,padding
fill,0x50b5e2,2,,,00,padding
fill,0x50b609,3,,,00,padding
fill,0x50b62b,1,,,00,padding
fill,0x50b652,2,,,00,padding
fill,0x50b661,3,,,00,padding
fill,0x50b685,3,,,00,padding
fill,0x50b68f,1,,,00,padding
fill,0x50b69d,3,,,00,padding
fill,0x50b6bd,3,,,00,padding
fill,0x50b6c7,1,,,00,padding
fill,0x50b6dd,3,,,00,padding
fill,0x50b796,2,,,00,padding
fill,0x50b7b1,3,,,00,padding
fill,0x50b7e3,1,,,00,padding
fill,0x50b7fa,2,,,00,padding
fill,0x50b816,2,,,00,padding
fill,0x50b831,3,,,00,padding
fill,0x50b863,1,,,00,padding
fill,0x50b87f,1,,,00,padding
fill,0x50b89a,2,,,00,padding
fill,0x50b8b5,3,,,00,padding
fill,0x50b8e5,3,,,00,padding
fill,0x50b8ed,3,,,00,padding
fill,0x50b8f5,3,,,00,padding
fill,0x50b8fd,3,,,00,padding
fill,0x50b905,3,,,00,padding
fill,0x50b90d,3,,,00,padding
fill,0x50b915,3,,,00,padding
fill,0x50b91d,3,,,00,padding
fill,0x50b95a,2,,,00,padding
fill,0x50b98d,3,,,00,padding
fill,0x50b9b3,1,,,00,padding
fill,0x50b9db,5,,,00,padding
fill,0x50ba25,3,,,00,padding
fill,0x50ba6e,2,,,00,padding
fill,0x50ba91,3,,,00,padding
fill,0x50ba99,3,,,00,padding
fill,0x50bab7,1,,,00,padding
fill,0x50bad3,1,,,00,padding
fill,0x50baee,2,,,00,padding
fill,0x50bb0b,1,,,00,padding
fill,0x50bb12,6,,,00,padding
fill,0x50bbed,3,,,00,padding
fill,0x50bc07,1,,,00,padding
fill,0x50bc37,1,,,00,padding
fill,0x50bc75,3,,,00,padding
fill,0x50bc85,3,,,00,padding
fill,0x50bca7,1,,,00,padding
fill,0x50bcb5,3,,,00,padding
fill,0x50bcc3,1,,,00,padding
fill,0x50bccf,1,,,00,padding
fill,0x50be6c,4,,,00,padding
fill,0x50bed6,2,,,00,padding
fill,0x50bf19,3,,,00,padding
fill,0x50bf2f,1,,,00,padding
fill,0x50c1bb,1,,,00,padding
fill,0x50c1df,1,,,00,padding
fill,0x50c1f6,2,,,00,padding
fill,0x50c214,4,,,00,padding
fill,0x50c265,3,,,00,padding
fill,0x50c272,2,,,00,padding
fill,0x50c28f,1,,,00,padding
fill,0x50c296,2,,,00,padding
fill,0x50c29f,1,,,00,padding
fill,0x50c2aa,2,,,00,padding
fill,0x50c2be,2,,,00,padding
fill,0x50c2c9,3,,,00,padding
fill,0x50c32b,1,,,00,padding
fill,0x50c337,1,,,00,padding
fill,0x50c346,2,,,00,padding
fill,0x50c35a,2,,,00,padding
fill,0x50c362,2,,,00,padding
fill,0x50c379,3,,,00,padding
fill,0x50c393,1,,,00,padding
fill,0x50c3bf,1,,,00,padding
fill,0x50c3d5,3,,,00,padding
fill,0x50c3ea,2,,,00,padding
fill,0x50c417,1,,,00,padding
fill,0x50c42e,2,,,00,padding
fill,0x50c43d,3,,,00,padding
fill,0x50c44d,3,,,00,padding
fill,0x50c45d,3,,,00,padding
fill,0x50c46d,3,,,00,padding
fill,0x50c47d,3,,,00,padding
fill,0x50c48d,3,,,00,padding
fill,0x50c497,1,,,00,padding
fill,0x50c4aa,2,,,00,padding
fill,0x50c4d3,1,,,00,padding
fill,0x50c4fb,1,,,00,padding
fill,0x50c54e,2,,,00,padding
fill,0x50c572,2,,,00,padding
fill,0x50c58e,2,,,00,padding
fill,0x50c5e1,3,,,00,padding
fill,0x50c5ea,2,,,00,padding
fill,0x50c61f,1,,,00,padding
fill,0x50c636,2,,,00,padding
fill,0x50c656,2,,,00,padding
fill,0x50c679,3,,,00,padding
fill,0x50c696,2,,,00,padding
fill,0x50c6c3,1,,,00,padding
fill,0x50c6f6,2,,,00,padding
fill,0x50c707,1,,,00,padding
fill,0x50c71f,1,,,00,padding
fill,0x50c731,3,,,00,padding
fill,0x50c74b,1,,,00,padding
fill,0x50c76e,2,,,00,padding
fill,0x50c77f,1,,,00,padding
fill,0x50c7ad,3,,,00,padding
fill,0x50c7c5,3,,,00,padding
fill,0x50c7df,1,,,00,padding
fill,0x50c7f6,2,,,00,padding
fill,0x50c825,3,,,00,padding
fill,0x50c846,2,,,00,padding
fill,0x50c856,2,,,00,padding
fill,0x50c869,3,,,00,padding
fill,0x50c877,1,,,00,padding
fill,0x50c88e,2,,,00,padding
fill,0x50c89e,2,,,00,padding
fill,0x50c8aa,2,,,00,padding
fill,0x50c8cd,3,,,00,padding
fill,0x50c8e5,3,,,00,padding
fill,0x50c8ea,2,,,00,padding
fill,0x50c8f2,2,,,00,padding
fill,0x50c901,7,,,00,padding
fill,0x50c954,4,,,00,padding
fill,0x50d1a7,1,,,00,padding
fill,0x50d1b5,3,,,00,padding
fill,0x50d1cd,3,,,00,padding
fill,0x50d1e6,2,,,00,padding
fill,0x50d209,3,,,00,padding
fill,0x50d21f,1,,,00,padding
fill,0x50d247,1,,,00,padding
fill,0x50d252,2,,,00,padding
fill,0x50d26a,2,,,00,padding
fill,0x50d26f,1,,,00,padding
fill,0x50d2cb,1,,,00,padding
fill,0x50d317,1,,,00,padding
fill,0x50d32e,2,,,00,padding
fill,0x50d335,3,,,00,padding
fill,0x50d362,2,,,00,padding
fill,0x50d36e,2,,,00,padding
fill,0x50d372,2,,,00,padding
fill,0x50d389,3,,,00,padding
fill,0x50d39f,1,,,00,padding
fill,0x50d3b2,2,,,00,padding
fill,0x50d3c5,3,,,00,padding
fill,0x50d3df,1,,,00,padding
fill,0x50d3ea,2,,,00,padding
fill,0x50d3f7,1,,,00,padding
fill,0x50d406,2,,,00,padding
fill,0x50d416,2,,,00,padding
fill,0x50d425,3,,,00,padding
fill,0x50d431,3,,,00,padding
fill,0x50d442,2,,,00,padding
fill,0x50d451,3,,,00,padding
fill,0x50d461,3,,,00,padding
fill,0x50d46d,3,,,00,padding
fill,0x50d47b,1,,,00,padding
fill,0x50d49d,3,,,00,padding
fill,0x50d4ad,3,,,00,padding
fill,0x50d4bf,1,,,00,padding
fill,0x50d4cd,3,,,00,padding
fill,0x50d4fd,3,,,00,padding
fill,0x50d53b,1,,,00,padding
fill,0x50d549,3,,,00,padding
fill,0x50d55b,1,,,00,padding
fill,0x50d581,3,,,00,padding
fill,0x50d599,3,,,00,padding
fill,0x50d5b6,2,,,00,padding
fill,0x50d5f7,1,,,00,padding
fill,0x50d60d,3,,,00,padding
fill,0x50d635,3,,,00,padding
fill,0x50d645,3,,,00,padding
fill,0x50d651,3,,,00,padding
fill,0x50d65d,3,,,00,padding
fill,0x50d677,1,,,00,padding
fill,0x50d6b3,1,,,00,padding
fill,0x50d723,1,,,00,padding
fill,0x50d729,3,,,00,padding
fill,0x50d73e,2,,,00,padding
fill,0x50d74b,1,,,00,padding
fill,0x50d75b,1,,,00,padding
fill,0x50d7e6,2,,,00,padding
fill,0x50d802,2,,,00,padding
fill,0x50d84a,2,,,00,padding
fill,0x50d971,3,,,00,padding
fill,0x50d97a,6,,,00,padding
fill,0x50db2e,2,,,00,padding
fill,0x50db62,2,,,00,padding
fill,0x50db83,1,,,00,padding
fill,0x50db9e,2,,,00,padding
fill,0x50dbb7,1,,,00,padding
fill,0x50dbde,2,,,00,padding
fill,0x50dbef,1,,,00,padding
fill,0x50dc05,3,,,00,padding
fill,0x50dc2f,1,,,00,padding
fill,0x50dc5d,3,,,00,padding
fill,0x50dc6b,1,,,00,padding
fill,0x50dc7e,2,,,00,padding
fill,0x50dc9e,2,,,00,padding
fill,0x50dcb5,3,,,00,padding
fill,0x50dcd2,2,,,00,padding
fill,0x50dcf5,3,,,00,padding
fill,0x50dd0a,2,,,00,padding
fill,0x50dd1d,3,,,00,padding
fill,0x50dd27,1,,,00,padding
fill,0x50dd2f,1,,,00,padding
fill,0x50dd5e,2,,,00,padding
fill,0x50dd6e,2,,,00,padding
fill,0x50dd81,3,,,00,padding
fill,0x50dd9b,1,,,00,padding
fill,0x50dda7,1,,,00,padding
fill,0x50ddcd,3,,,00,padding
fill,0x50ddf2,2,,,00,padding
fill,0x50de13,1,,,00,padding
fill,0x50de1b,1,,,00,padding
fill,0x50de23,1,,,00,padding
fill,0x50de2a,2,,,00,padding
fill,0x50de3d,3,,,00,padding
fill,0x50de61,3,,,00,padding
fill,0x50de73,1,,,00,padding
fill,0x50de7f,1,,,00,padding
fill,0x50de8d,3,,,00,padding
fill,0x50deaf,1,,,00,padding
fill,0x50dec4,12,,,00,padding
fill,0x50ded4,12,,,00,padding
fill,0x50defc,4,,,00,padding
fill,0x50df08,8,,,00,padding
fill,0x50df34,12,,,00,padding
fill,0x50e22a,2,,,00,padding
fill,0x50e23c,4,,,00,padding
fill,0x50e35c,4,,,00,padding
fill,0x50e3ba,6,,,00,padding
fill,0x50e3ec,4,,,00,padding
fill,0x50e3f4,12,,,00,padding
fill,0x50e404,4,,,00,padding
fill,0x50e563,5,,,00,padding
fill,0x50e816,2,,,00,padding
fill,0x510cdc,4,,,00,padding
fill,0x510d14,12,,,00,padding
fill,0x5115fc,4,,,00,padding
fill,0x5116ec,4,,,00,padding
fill,0x5119ac,4,,,00,padding
fill,0x5122ac,4,,,00,padding
fill,0x5122b9,7,,,00,padding
fill,0x512a1d,3,,,00,padding
fill,0x512ed4,20,,,00,uninitialised
fill,0x512fdd,3,,,00,padding
fill,0x51e676,2,,,00,padding
fill,0x51f31d,3,,,00,padding
fill,0x51fc98,1,,,00,uninitialised
fill,0x51fca9,7,,,00,padding
fill,0x5278ec,4,,,00,padding
fill,0x5289ad,3,,,00,padding
fill,0x5289b5,3,,,00,padding
fill,0x5289b9,3,,,00,padding
fill,0x5289c9,3,,,00,padding
fill,0x5289cd,3,,,00,padding
fill,0x5289ed,3,,,00,padding
fill,0x528a65,3,,,00,padding
fill,0x528a69,3,,,00,padding
fill,0x528a71,7,,,00,padding
fill,0x528aa9,3,,,00,padding
fill,0x528aad,3,,,00,padding
fill,0x528ad9,3,,,00,padding
fill,0x528add,3,,,00,padding
fill,0x528ae5,3,,,00,padding
fill,0x5292bd,7,,,00,uninitialised
fill,0x5295b5,3,,,00,padding
fill,0x5295cd,3,,,00,padding
fill,0x529dc4,4,,,00,padding
fill,0x529dc9,3,,,00,padding
fill,0x529dd5,3,,,00,padding
fill,0x529dd9,3,,,00,padding
fill,0x529ddd,3,,,00,padding
fill,0x529e65,3,,,00,padding
fill,0x529e69,3,,,00,padding
fill,0x529e6d,3,,,00,padding
fill,0x529e71,3,,,00,padding
fill,0x529e75,3,,,00,padding
fill,0x529e79,3,,,00,padding
fill,0x529e95,3,,,00,padding
fill,0x529e9d,3,,,00,padding
fill,0x529f4c,4,,,00,padding
fill,0x529f74,4,,,00,padding
fill,0x529f92,6,,,00,padding
fill,0x52a00c,4,,,00,padding
fill,0x52a034,4,,,00,padding
fill,0x52a0f4,4,,,00,padding
fill,0x52a464,4,,,00,padding
fill,0x52a4d9,3,,,00,padding
fill,0x52a4e5,3,,,00,padding
fill,0x52a500,6,,,00,library data
fill,0x52a506,2,,,00,padding
fill,0x52a508,4,,,00,library data
fill,0x52a50c,20,,,00,padding
fill,0x52a520,4104,,,00,library data
fill,0x52b528,24,,,00,padding
fill,0x52b540,284,,,00,library data
fill,0x52c00d,3,,,00,padding
fill,0x52d1a8,8,,,00,padding
common,0x52a4e4,1,??_B?1???id@?$ctype@G@std@@$D@@9@51,,,
common,0x52a500,1,??_B?1???id@?$num_put@DV?$ostreambuf_iterator@DU?$char_traits@D@std@@@$D@@9@51,,,
common,0x52a501,1,??_B?1???id@?$numpunct@D@std@@$D@@9@51,,,
common,0x52a502,1,??_B?1???id@?$num_put@GV?$ostreambuf_iterator@GU?$char_traits@G@std@@@$D@@9@51,,,
common,0x52a503,1,??_B?1???id@?$numpunct@G@std@@$D@@9@51,,,
common,0x52a504,1,??_B?1???id@?$num_get@DV?$istreambuf_iterator@DU?$char_traits@D@std@@@$D@@9@51,,,
common,0x52a505,1,??_B?1???id@?$num_get@GV?$istreambuf_iterator@GU?$char_traits@G@std@@@$D@@9@51,,,
common,0x52a508,4,___piob,,,
common,0x52a520,4096,__bufin,,,
common,0x52b520,4,__nstream,,,
common,0x52b524,4,__crtheap,,,
common,0x52b540,256,___pioinfo,,,
common,0x52b640,4,__nhandle,,,
common,0x52b644,4,___ismbcodepage,,,
common,0x52b648,4,___setlc_active,,,
common,0x52b64c,4,___unguarded_readlc_active,,,
common,0x52b650,4,__acmdln,,,
common,0x52b654,4,___onexitend,,,
common,0x52b658,4,___onexitbegin,,,
same,0x4fc478,4,src/game/economy.cpp,22,0,
same,0x4fc910,8,src/orders/unit_orders_403a20.cpp,4,0,
same,0x4fc918,8,src/orders/unit_orders_403a20.cpp,4,8,
same,0x4fc920,4,src/orders/unit_orders_403a20.cpp,4,16,
same,0x4fc920,4,src/orders/unit_orders_403f70.cpp,4,8,
same,0x4fc920,8,src/orders/unit_orders_404270.cpp,4,16,
same,0x4fc910,8,src/orders/unit_orders_404270.cpp,4,0,
same,0x4fc918,8,src/orders/unit_orders_404270.cpp,4,8,
same,0x4fc920,8,src/orders/unit_orders_405300.cpp,4,0,
same,0x4fc920,4,src/orders/unit_orders_405740.cpp,3,0,
same,0x4fc9b8,4,src/ai/ai_player_4095d0.cpp,3,0,
same,0x4fc9bc,4,src/ai/ai_player_4095d0.cpp,3,4,
same,0x4fc9c0,4,src/ai/ai_player_4095d0.cpp,3,8,
same,0x4fc9b8,4,src/ai/ai_player_409730.cpp,5,0,
same,0x4fc9cc,4,src/ai/ai_player_409730.cpp,5,20,
same,0x4fc9b8,8,src/ai/player_ai.cpp,3,0,
same,0x4fc9b8,4,src/ai/ai_player_40bb00.cpp,3,12,
same,0x4fcc40,4,src/orders/vtol_orders_4118e0.cpp,9,0,
same,0x4fcc50,4,src/orders/vtol_orders_411f50.cpp,5,8,
same,0x4fcc40,4,src/orders/vtol_orders_413d80.cpp,4,0,
same,0x4fcc40,4,src/orders/vtol_orders_414380.cpp,4,0,
same,0x4fcc40,4,src/orders/vtol_orders_4152f0.cpp,6,8,
same,0x5024fc,15,src/game/console_commands_417600.cpp,4,0,
same,0x502820,5,src/ingame/control_panel_419560.cpp,81,0,
same,0x4fcc8c,4,src/ingame/control_panel_419560.cpp,83,4,
same,0x5028f8,9,src/game/cd_check.cpp,14,0,
same,0x502910,2,src/game/cd_check.cpp,18,0,
same,0x502a20,3,src/frontend/endgame_41eb60.cpp,3,0,
same,0x502a78,11,src/frontend/endgame_41ec50.cpp,5,0,
same,0x502ae8,3,src/frontend/endgame_41f0a0.cpp,3,0,
same,0x502a78,11,src/frontend/endgame_41f400.cpp,5,0,
same,0x502ae8,3,src/frontend/endgame_41f680.cpp,5,0,
same,0x502b38,8,src/frontend/endgame_41f680.cpp,4,0,
same,0x502c28,13,src/weapons/explosions_420620.cpp,3,0,
same,0x511fb4,4,src/map/features_4223e0.cpp,3,0,
same,0x502e78,12,src/map/features_4224b0.cpp,43,0,
same,0x502e30,6,src/map/features_4224b0.cpp,35,0,
same,0x511fb4,4,src/map/features_424c00.cpp,9,0,
same,0x502f9c,104,src/frontend/frontend_4256d0.cpp,3,0,
same,0x502f9c,104,src/frontend/frontend_4257e0.cpp,3,0,
same,0x502f9c,104,src/frontend/frontend_425860.cpp,4,0,
same,0x503004,32,src/frontend/frontend_425860.cpp,3,0,
same,0x503004,32,src/frontend/frontend_425930.cpp,4,0,
same,0x502f9c,104,src/frontend/frontend_425930.cpp,3,0,
same,0x503004,32,src/frontend/frontend_4259b0.cpp,4,0,
same,0x502f9c,104,src/frontend/frontend_4259b0.cpp,3,0,
same,0x503004,32,src/frontend/frontend_425a90.cpp,4,0,
same,0x502f9c,104,src/frontend/frontend_425a90.cpp,3,0,
same,0x50310c,4,src/frontend/frontend_425d80.cpp,15,0,
same,0x503004,32,src/frontend/frontend_425d80.cpp,7,0,
same,0x502f9c,104,src/frontend/frontend_425d80.cpp,6,0,
same,0x503130,12,src/frontend/frontend_426190.cpp,5,0,
same,0x503128,8,src/frontend/frontend_426190.cpp,4,0,
same,0x503120,8,src/frontend/frontend_426190.cpp,3,0,
same,0x503168,12,src/frontend/frontend_426200.cpp,9,0,
same,0x503128,8,src/frontend/frontend_426200.cpp,8,0,
same,0x503120,8,src/frontend/frontend_426200.cpp,7,0,
same,0x503164,4,src/frontend/frontend_426200.cpp,6,0,
same,0x503160,3,src/frontend/frontend_426200.cpp,5,0,
same,0x50313c,6,src/frontend/frontend_426200.cpp,3,0,
same,0x5031d4,4,src/frontend/frontend_4263b0.cpp,11,0,
same,0x503004,32,src/frontend/frontend_4269d0.cpp,4,0,
same,0x502f9c,104,src/frontend/frontend_4269d0.cpp,3,0,
same,0x50324c,45,src/frontend/frontend_426d20.cpp,5,0,
same,0x503004,32,src/frontend/frontend_426d20.cpp,4,0,
same,0x502f9c,104,src/frontend/frontend_426d20.cpp,3,0,
same,0x50310c,4,src/game/data_files_429000.cpp,9,0,
same,0x502910,2,src/game/data_files_4290f0.cpp,4,0,
same,0x503374,2,src/game/data_files_4290f0.cpp,3,0,
same,0x50338c,6,src/game/data_files_4292e0.cpp,3,0,
same,0x502e30,6,src/game/data_files_429700.cpp,4,0,
same,0x50341c,4,src/game/data_files_429870.cpp,12,0,
same,0x50338c,6,src/game/data_files_42a320.cpp,4,0,
same,0x50372c,2,src/game/data_files_42a440.cpp,6,0,
same,0x50372c,2,src/game/data_files_42a610.cpp,6,0,
same,0x502820,5,src/game/data_files_42a610.cpp,5,0,
same,0x50310c,4,src/game/data_files_42a610.cpp,4,0,
same,0x50341c,4,src/units/unit_types.cpp,148,0,
same,0x502820,5,src/units/unit_types.cpp,138,0,
same,0x50372c,2,src/units/unit_types.cpp,161,0,
same,0x50341c,4,src/weapons/weapon_types.cpp,4,0,
same,0x50341c,4,src/sound/sound_types.cpp,11,0,
same,0x5032e8,19,src/game/settings.cpp,3,0,
same,0x502a78,11,src/game/settings.cpp,75,0,
same,0x50341c,4,src/game/side_data.cpp,59,0,
same,0x50338c,6,src/game/side_data.cpp,50,0,
same,0x5048f8,9,src/game/settings_campaign.cpp,9,0,
same,0x50341c,4,src/map/los_tables_433130.cpp,7,0,
same,0x50341c,4,src/map/map_list.cpp,27,0,
same,0x504a64,6,src/map/map_list.cpp,26,0,
same,0x50341c,4,src/game/campaign_4352d0.cpp,4,0,
same,0x504a64,6,src/game/campaign_4352d0.cpp,3,0,
same,0x502910,2,src/map/map_list.cpp,40,0,
same,0x504ab8,8,src/map/map_list.cpp,64,0,
same,0x5048f8,9,src/map/map_list.cpp,132,0,
same,0x504ea8,5,src/map/map_list.cpp,151,0,
same,0x504ea0,7,src/map/map_list.cpp,150,0,
same,0x504e98,5,src/map/map_list.cpp,149,0,
same,0x512340,16,src/orders/order_list_43bc90.cpp,4,0,
same,0x512340,16,src/orders/order_list_43c050.cpp,4,0,
same,0x4fd2e8,4,src/units/unit_scripts.cpp,34,0,
same,0x4fd2e8,4,src/orders/order_dispatch_43f0e0.cpp,3,0,
same,0x512758,1,src/units/movement_class.cpp,3,1024,
same,0x502ae8,3,src/frontend/multi_440d70.cpp,8,0,
same,0x504ab8,8,src/frontend/multi_441460.cpp,24,0,
same,0x503164,4,src/frontend/multi_441460.cpp,17,0,
same,0x503160,3,src/frontend/multi_441460.cpp,15,0,
same,0x505974,6,src/frontend/multi_440d70.cpp,103,0,
same,0x505974,6,src/frontend/multi_444930.cpp,6,0,
same,0x504980,8,src/frontend/multi_444a20.cpp,7,0,
same,0x505974,6,src/frontend/multi_444cb0.cpp,3,0,
same,0x503128,8,src/frontend/multi_446020.cpp,4,0,
same,0x503120,8,src/frontend/multi_446020.cpp,3,0,
same,0x503168,12,src/frontend/multi_446080.cpp,10,0,
same,0x503128,8,src/frontend/multi_446080.cpp,9,0,
same,0x503120,8,src/frontend/multi_446080.cpp,8,0,
same,0x50313c,6,src/frontend/multi_446080.cpp,7,0,
same,0x503164,4,src/frontend/multi_446080.cpp,6,0,
same,0x503160,3,src/frontend/multi_446080.cpp,5,0,
same,0x502ae8,3,src/frontend/multi_4461d0.cpp,4,0,
same,0x502b38,8,src/frontend/multi_4464d0.cpp,5,0,
same,0x502ae8,3,src/frontend/multi_4464d0.cpp,3,0,
same,0x502b38,8,src/frontend/multi_447150.cpp,8,0,
same,0x502ae8,3,src/frontend/multi_447150.cpp,3,0,
same,0x505974,6,src/frontend/multi_447b10.cpp,40,0,
same,0x505dc4,5,src/frontend/multi_447b10.cpp,36,0,
same,0x5119b8,1,src/frontend/multi_447b10.cpp,23,0,
same,0x502b38,8,src/frontend/multi_447b10.cpp,11,0,
same,0x5119b8,1,src/frontend/multi_448c70.cpp,9,0,
same,0x502b38,8,src/frontend/multi_44a680.cpp,14,0,
same,0x502ae8,3,src/frontend/multi_44afb0.cpp,5,0,
same,0x505f18,6,src/frontend/multi_44b330.cpp,4,0,
same,0x505f18,6,src/frontend/multi_44b3c0.cpp,5,0,
same,0x502b38,8,src/frontend/multi_44b3c0.cpp,4,0,
same,0x505f18,6,src/frontend/multi_44b600.cpp,4,0,
same,0x505f18,6,src/frontend/multi_44b690.cpp,8,0,
same,0x502b38,8,src/frontend/multi_44b690.cpp,4,0,
same,0x505f40,4,src/frontend/multi_44b690.cpp,3,0,
same,0x50313c,6,src/frontend/multi_44b990.cpp,7,0,
same,0x505f18,6,src/frontend/multi_44b990.cpp,6,0,
same,0x505f18,6,src/frontend/multi_44bc10.cpp,6,0,
same,0x502b38,8,src/frontend/multi_44c420.cpp,8,0,
same,0x502ae8,3,src/frontend/multi_44c420.cpp,5,0,
same,0x4fd3e8,4,src/orders/order_targets_44e5b0.cpp,3,0,
same,0x506290,6,src/network/net_game_450380.cpp,3,0,
same,0x506578,5,src/network/net_game_4538f0.cpp,4,0,
same,0x506578,5,src/network/net_game_453a50.cpp,4,0,
same,0x4fd4c0,4,src/graphics/model_render_4581e0.cpp,3,0,
same,0x4fd4c0,4,src/graphics/model_render_458d30.cpp,5,0,
same,0x4fd4e0,8,src/frontend/options_45b800.cpp,13,0,
same,0x4fd4e8,8,src/frontend/options_45b800.cpp,13,8,
same,0x4fd4f0,8,src/frontend/options_45b800.cpp,13,16,
same,0x4fd4f8,8,src/frontend/options_45b800.cpp,13,24,
same,0x506884,6,src/frontend/options_45b800.cpp,34,0,
same,0x50692c,10,src/frontend/options_45b800.cpp,71,0,
same,0x4fd4f0,8,src/frontend/options_45c820.cpp,3,0,
same,0x4fd4f8,8,src/frontend/options_45c820.cpp,3,8,
same,0x5067bc,7,src/frontend/options_45d130.cpp,10,0,
same,0x506984,10,src/frontend/options_45d130.cpp,9,0,
same,0x50697c,7,src/frontend/options_45d130.cpp,7,0,
same,0x506974,7,src/frontend/options_45d130.cpp,6,0,
same,0x50696c,7,src/frontend/options_45d130.cpp,5,0,
same,0x506964,7,src/frontend/options_45d130.cpp,4,0,
same,0x50692c,10,src/frontend/options_45d130.cpp,3,0,
same,0x4fd4f0,8,src/frontend/options_45d280.cpp,3,0,
same,0x4fd4f8,8,src/frontend/options_45d280.cpp,3,8,
same,0x4fd500,4,src/frontend/options_45d7c0.cpp,4,0,
same,0x4fd4e0,4,src/frontend/options_45d7c0.cpp,4,4,
same,0x4fd4e8,8,src/frontend/options_45d7c0.cpp,4,8,
same,0x50692c,10,src/frontend/options_45d7c0.cpp,3,0,
same,0x4fd4f0,8,src/frontend/options_45da90.cpp,3,0,
same,0x4fd4f8,8,src/frontend/options_45da90.cpp,3,8,
same,0x506884,6,src/frontend/options_45de30.cpp,8,0,
same,0x4fd4e0,4,src/frontend/options_45de30.cpp,7,4,
same,0x4fd4e8,8,src/frontend/options_45de30.cpp,7,8,
same,0x5069b8,7,src/frontend/options_45de30.cpp,6,0,
same,0x5069d0,5,src/frontend/options_45de30.cpp,5,0,
same,0x5069c8,8,src/frontend/options_45de30.cpp,4,0,
same,0x5069c0,5,src/frontend/options_45de30.cpp,3,0,
same,0x502b38,8,src/frontend/options_45e100.cpp,10,0,
same,0x506998,5,src/frontend/options_45e100.cpp,7,0,
same,0x506990,8,src/frontend/options_45e100.cpp,6,0,
same,0x4fd4f0,8,src/frontend/options_45e100.cpp,5,0,
same,0x4fd4f8,8,src/frontend/options_45e100.cpp,5,8,
same,0x502ae8,3,src/frontend/options_45e100.cpp,4,0,
same,0x4fd4e0,8,src/frontend/options_45e5e0.cpp,3,0,
same,0x4fd4e8,8,src/frontend/options_45e5e0.cpp,3,8,
same,0x4fd504,4,src/frontend/options_45e5e0.cpp,3,16,
same,0x502b38,8,src/frontend/options_45ead0.cpp,6,0,
same,0x506998,5,src/frontend/options_45ead0.cpp,4,0,
same,0x506990,8,src/frontend/options_45ead0.cpp,3,0,
same,0x502ae8,3,src/frontend/options_45f190.cpp,4,0,
same,0x502b38,8,src/frontend/options_45f190.cpp,3,0,
same,0x504ea8,5,src/frontend/options_45f1d0.cpp,16,0,
same,0x504ea0,7,src/frontend/options_45f1d0.cpp,15,0,
same,0x504e98,5,src/frontend/options_45f1d0.cpp,14,0,
same,0x502ae8,3,src/frontend/options_45f770.cpp,6,0,
same,0x502b38,8,src/frontend/options_45f770.cpp,5,0,
same,0x50341c,4,src/frontend/options_45f8c0.cpp,8,0,
same,0x502ae8,3,src/frontend/options_45fac0.cpp,5,0,
same,0x502b38,8,src/frontend/options_45fac0.cpp,4,0,
same,0x502b38,8,src/frontend/options_45fc60.cpp,10,0,
same,0x502b38,8,src/frontend/options_45ffb0.cpp,4,0,
same,0x502b38,8,src/frontend/options_460340.cpp,8,0,
same,0x502a78,11,src/frontend/options_460340.cpp,4,0,
same,0x503128,8,src/frontend/options_4605c0.cpp,4,0,
same,0x503120,8,src/frontend/options_4605c0.cpp,3,0,
same,0x503168,12,src/frontend/options_460680.cpp,11,0,
same,0x503128,8,src/frontend/options_460680.cpp,10,0,
same,0x503120,8,src/frontend/options_460680.cpp,9,0,
same,0x503164,4,src/frontend/options_460680.cpp,8,0,
same,0x503160,3,src/frontend/options_460680.cpp,7,0,
same,0x50313c,6,src/frontend/options_460680.cpp,5,0,
same,0x502b38,8,src/frontend/options_460800.cpp,7,0,
same,0x502b38,8,src/frontend/options_4609b0.cpp,15,0,
same,0x502ae8,3,src/frontend/options_4609b0.cpp,3,0,
same,0x460f60,192,src/network/packets_460e20.cpp,18,0,
same,0x4fd538,8,src/game/players_464b30.cpp,3,0,
same,0x4fd540,8,src/game/players_464b30.cpp,3,8,
same,0x4fd548,8,src/game/players_464b30.cpp,3,16,
same,0x4fd540,8,src/game/players_464c60.cpp,3,8,
same,0x4fd548,8,src/game/players_464c60.cpp,3,16,
same,0x503128,8,src/game/players_464de0.cpp,4,0,
same,0x503120,8,src/game/players_464de0.cpp,3,0,
same,0x503168,12,src/game/players_464f80.cpp,11,0,
same,0x503164,4,src/game/players_464f80.cpp,10,0,
same,0x503128,8,src/game/players_464f80.cpp,9,0,
same,0x503160,3,src/game/players_464f80.cpp,8,0,
same,0x503120,8,src/game/players_464f80.cpp,7,0,
same,0x507318,32,src/game/players_464f80.cpp,6,0,
same,0x50313c,6,src/game/players_464f80.cpp,5,0,
same,0x502b38,8,src/ingame/info_panel_4689c0.cpp,12,0,
same,0x504910,10,src/ingame/info_panel_4689c0.cpp,11,0,
same,0x506290,6,src/ingame/info_panel_4689c0.cpp,4,0,
same,0x4fd568,4,src/ingame/info_panel_468cf0.cpp,22,0,
same,0x504910,10,src/ingame/info_panel_468cf0.cpp,13,0,
same,0x502ae8,3,src/network/unit_sync_46c620.cpp,49,0,
same,0x470a40,80,src/network/unit_sync_46c620.cpp,109,0,
same,0x50341c,4,src/frontend/campaign_menu_4767f0.cpp,5,0,
same,0x50372c,2,src/frontend/campaign_menu_4767f0.cpp,4,0,
same,0x504a64,6,src/frontend/campaign_menu_4767f0.cpp,3,0,
same,0x50341c,4,src/frontend/campaign_menu_476920.cpp,6,0,
same,0x50372c,2,src/frontend/campaign_menu_476920.cpp,5,0,
same,0x504a64,6,src/frontend/campaign_menu_476920.cpp,4,0,
same,0x50341c,4,src/frontend/campaign_menu_4769f0.cpp,6,0,
same,0x50372c,2,src/frontend/campaign_menu_4769f0.cpp,5,0,
same,0x504a64,6,src/frontend/campaign_menu_4769f0.cpp,4,0,
same,0x50341c,4,src/frontend/campaign_menu_476a60.cpp,11,0,
same,0x50372c,2,src/frontend/campaign_menu_476a60.cpp,10,0,
same,0x504a64,6,src/frontend/campaign_menu_476a60.cpp,9,0,
same,0x50310c,4,src/frontend/campaign_menu_476a60.cpp,6,0,
same,0x502a78,11,src/frontend/campaign_menu_477410.cpp,6,0,
same,0x504ea8,5,src/frontend/campaign_menu_477410.cpp,5,0,
same,0x504ea0,7,src/frontend/campaign_menu_477410.cpp,4,0,
same,0x504e98,5,src/frontend/campaign_menu_477410.cpp,3,0,
same,0x502b38,8,src/frontend/campaign_menu_4775a0.cpp,8,0,
same,0x5028f8,9,src/frontend/campaign_menu_477940.cpp,3,0,
same,0x5028f8,9,src/frontend/campaign_menu_4779e0.cpp,4,0,
same,0x5028f8,9,src/frontend/campaign_menu_477ab0.cpp,3,0,
same,0x502a78,11,src/frontend/campaign_menu_477ab0.cpp,17,0,
same,0x50341c,4,src/frontend/campaign_menu_478240.cpp,18,0,
same,0x50372c,2,src/frontend/campaign_menu_478240.cpp,17,0,
same,0x504a64,6,src/frontend/campaign_menu_478240.cpp,16,0,
same,0x5028f8,9,src/frontend/campaign_menu_478240.cpp,13,0,
same,0x502a78,11,src/frontend/campaign_menu_478240.cpp,8,0,
same,0x504ea8,5,src/frontend/campaign_menu_478240.cpp,7,0,
same,0x504ea0,7,src/frontend/campaign_menu_478240.cpp,6,0,
same,0x504e98,5,src/frontend/campaign_menu_478240.cpp,5,0,
same,0x502b38,8,src/frontend/campaign_menu_478cb0.cpp,9,0,
same,0x503130,12,src/frontend/campaign_menu_478cb0.cpp,8,0,
same,0x50495c,15,src/frontend/skirmish_menu_47a0e0.cpp,13,0,
same,0x502288,8,src/frontend/skirmish_menu_47a0e0.cpp,10,0,
same,0x504944,12,src/frontend/skirmish_menu_47a0e0.cpp,7,0,
same,0x503130,12,src/frontend/skirmish_menu_47a910.cpp,4,0,
same,0x504988,5,src/frontend/skirmish_menu_47ae60.cpp,25,0,
same,0x508384,7,src/frontend/skirmish_menu_47ae60.cpp,24,0,
same,0x50495c,15,src/frontend/skirmish_menu_47ae60.cpp,18,0,
same,0x502288,8,src/frontend/skirmish_menu_47ae60.cpp,12,0,
same,0x504944,12,src/frontend/skirmish_menu_47ae60.cpp,9,0,
same,0x502a78,11,src/frontend/skirmish_menu_47ae60.cpp,4,0,
same,0x506290,6,src/frontend/skirmish_menu_47bd70.cpp,3,0,
same,0x4814f0,16,src/map/line_of_sight_4814c0.cpp,6,0,
same,0x502288,8,src/map/plot_map.cpp,15,0,
same,0x508be8,7,src/units/units_4864b0.cpp,4,0,
same,0x4fd6f8,4,src/units/units_4864b0.cpp,3,0,
same,0x488a00,80,src/units/unit_commands_4889d0.cpp,6,0,
same,0x51e6b0,16,src/units/unit_commands_4889d0.cpp,4,0,
same,0x51e6b0,16,src/units/unit_commands_488a00.cpp,4,0,
same,0x51e6b0,16,src/units/unit_commands_488bf0.cpp,4,0,
same,0x4fd748,4,src/units/unit.cpp,15,0,
same,0x508d80,9,src/units/unit_targets_489fa0.cpp,3,0,
same,0x4fd758,4,src/ingame/selection_48bd50.cpp,3,0,
same,0x4fd758,4,src/ingame/selection_48be00.cpp,3,0,
same,0x4fd758,4,src/ingame/selection_48bf30.cpp,3,0,
same,0x4fd758,4,src/ingame/selection_48c030.cpp,3,0,
same,0x4fd758,4,src/ingame/selection_48c390.cpp,3,0,
same,0x4fd758,4,src/ingame/selection_48c7f0.cpp,3,0,
same,0x4fd758,4,src/ingame/selection_48c9b0.cpp,3,0,
same,0x4fd758,4,src/ingame/selection_48d220.cpp,3,0,
same,0x4fd758,4,src/ingame/selection_48d630.cpp,3,0,
same,0x4fd758,4,src/ingame/selection_48d790.cpp,3,0,
same,0x4fd758,4,src/ingame/selection_48d9a0.cpp,3,0,
same,0x4fd758,4,src/ingame/selection_48dc30.cpp,3,0,
same,0x508f60,33,src/game/victory_destroy_all_units.cpp,10,0,
same,0x508f30,10,src/game/victory_destroy_all_units.cpp,9,0,
same,0x508f24,11,src/game/victory_destroy_all_units.cpp,8,0,
same,0x508f90,36,src/game/victory_kill_all_mobile_units.cpp,13,0,
same,0x508f84,9,src/game/victory_kill_all_mobile_units.cpp,12,0,
same,0x508f30,10,src/game/victory_kill_all_mobile_units.cpp,11,0,
same,0x508f24,11,src/game/victory_kill_all_mobile_units.cpp,10,0,
same,0x4fd978,4,src/game/victory_build_unit_type.cpp,4,0,
same,0x508fb4,31,src/game/victory_build_unit_type.cpp,11,0,
same,0x508f30,10,src/game/victory_build_unit_type.cpp,10,0,
same,0x508f24,11,src/game/victory_build_unit_type.cpp,9,0,
same,0x508f30,10,src/game/victory_capture_unit_type.cpp,7,0,
same,0x508f24,11,src/game/victory_capture_unit_type.cpp,6,0,
same,0x508f30,10,src/game/victory_kill_all_of_type.cpp,9,0,
same,0x508f24,11,src/game/victory_kill_all_of_type.cpp,8,0,
same,0x4fd978,4,src/game/victory_move_unit_to_radius.cpp,6,0,
same,0x508f30,10,src/game/victory_move_unit_to_radius.cpp,10,0,
same,0x508f24,11,src/game/victory_move_unit_to_radius.cpp,9,0,
same,0x508f30,10,src/game/victory_unit_type_passes_x.cpp,9,0,
same,0x508f24,11,src/game/victory_unit_type_passes_x.cpp,8,0,
same,0x508f30,10,src/game/victory_unit_type_passes_z.cpp,9,0,
same,0x508f24,11,src/game/victory_unit_type_passes_z.cpp,8,0,
same,0x508f30,10,src/game/victory_timer_runs_out.cpp,6,0,
same,0x508f24,11,src/game/victory_timer_runs_out.cpp,5,0,
same,0x508f30,10,src/game/defeat_commander_killed.cpp,6,0,
same,0x508f24,11,src/game/defeat_commander_killed.cpp,5,0,
same,0x5090fc,31,src/game/defeat_all_units_killed.cpp,12,0,
same,0x508f30,10,src/game/defeat_all_units_killed.cpp,11,0,
same,0x508f24,11,src/game/defeat_all_units_killed.cpp,10,0,
same,0x509018,14,src/game/defeat_unit_type_killed.cpp,7,0,
same,0x508f30,10,src/game/defeat_unit_type_killed.cpp,6,0,
same,0x508f24,11,src/game/defeat_unit_type_killed.cpp,5,0,
same,0x508f30,10,src/game/defeat_all_units_killed_of_type.cpp,8,0,
same,0x508f24,11,src/game/defeat_all_units_killed_of_type.cpp,7,0,
same,0x508f30,10,src/game/defeat_any_unit_passes_x.cpp,8,0,
same,0x508f24,11,src/game/defeat_any_unit_passes_x.cpp,7,0,
same,0x508f30,10,src/game/defeat_any_unit_passes_z.cpp,8,0,
same,0x508f24,11,src/game/defeat_any_unit_passes_z.cpp,7,0,
same,0x508f30,10,src/game/defeat_death_timer_runs_out.cpp,6,0,
same,0x508f24,11,src/game/defeat_death_timer_runs_out.cpp,5,0,
same,0x509200,8,src/game/game_state_490f40.cpp,3,0,
same,0x509200,8,src/game/game_state_490f80.cpp,3,0,
same,0x509200,8,src/game/game_state_4916a0.cpp,3,0,
same,0x505f18,6,src/game/savegame.cpp,30,0,
same,0x504904,12,src/game/savegame.cpp,27,0,
same,0x504980,8,src/game/savegame.cpp,25,0,
same,0x504974,9,src/game/savegame.cpp,24,0,
same,0x5028f8,9,src/game/savegame.cpp,19,0,
same,0x504994,8,src/game/savegame.cpp,16,0,
same,0x504990,4,src/game/savegame.cpp,15,0,
same,0x504910,10,src/game/savegame.cpp,13,0,
same,0x504988,5,src/game/savegame.cpp,10,0,
same,0x502a78,11,src/game/savegame.cpp,8,0,
same,0x504ea8,5,src/game/savegame.cpp,7,0,
same,0x504ea0,7,src/game/savegame.cpp,6,0,
same,0x504e98,5,src/game/savegame.cpp,5,0,
same,0x50496c,7,src/game/savegame.cpp,43,0,
same,0x50495c,15,src/game/savegame.cpp,42,0,
same,0x504950,9,src/game/savegame.cpp,41,0,
same,0x502288,8,src/game/savegame.cpp,40,0,
same,0x504944,12,src/game/savegame.cpp,39,0,
same,0x504934,16,src/game/savegame.cpp,38,0,
same,0x504924,16,src/game/savegame.cpp,37,0,
same,0x509310,22,src/game/savegame.cpp,35,0,
same,0x50372c,2,src/game/savegame.cpp,57,0,
same,0x505f30,15,src/game/savegame.cpp,56,0,
same,0x505f20,15,src/game/savegame.cpp,55,0,
same,0x502e78,12,src/game/savegame.cpp,53,0,
same,0x503130,12,src/game/savegame.cpp,64,0,
same,0x50313c,6,src/game/savegame.cpp,69,0,
same,0x502b38,8,src/ingame/dialogs_4934b0.cpp,8,0,
same,0x502ae8,3,src/ingame/dialogs_4934b0.cpp,7,0,
same,0x506578,5,src/ingame/dialogs_494050.cpp,5,0,
same,0x5093f8,7,src/ingame/dialogs_494050.cpp,4,0,
same,0x509400,9,src/ingame/dialogs_494050.cpp,3,0,
same,0x502b38,8,src/ingame/dialogs_4948e0.cpp,6,0,
same,0x503130,12,src/ingame/dialogs_495010.cpp,7,0,
same,0x503130,12,src/ingame/keys.cpp,16,0,
same,0x504924,16,src/game/game_load.cpp,4,0,
same,0x5091d4,10,src/game/game_load.cpp,31,0,
same,0x504ab8,8,src/game/game_load.cpp,25,0,
same,0x504990,4,src/game/game_load.cpp,24,0,
same,0x503374,2,src/gui/gui_49f8c0.cpp,25,0,
same,0x502ae8,3,src/gui/dialogs_4aa8f0.cpp,6,0,
same,0x503168,12,src/gui/dialogs_4abbd0.cpp,6,0,
same,0x502ae8,3,src/gui/dialogs_4abd90.cpp,3,0,
same,0x503374,2,src/gui/file_list.cpp,10,0,
same,0x4b2340,16,src/util/int_map_4b2290.cpp,6,0,
same,0x51fbc0,16,src/util/int_map_4b2340.cpp,6,0,
same,0x51fbc0,16,src/util/int_map_4b2540.cpp,3,288,
same,0x502910,2,src/graphics/palette_4baff0.cpp,3,0,
same,0x50372c,2,src/util/hpi_4bc4b0.cpp,3,0,
same,0x502910,2,src/util/hpi_4bc930.cpp,4,0,
same,0x50a548,3,src/util/hpi_4bc930.cpp,3,0,
same,0x502910,2,src/util/hpi_4bca30.cpp,4,0,
same,0x50a548,3,src/util/hpi_4bca30.cpp,3,0,
same,0x502910,2,src/util/hpi_4bcb50.cpp,5,0,
same,0x50a548,3,src/util/hpi_4bcb50.cpp,4,0,
same,0x502910,2,src/util/hpi_4bcd10.cpp,4,0,
same,0x50a548,3,src/util/hpi_4bcd10.cpp,3,0,
same,0x50a56c,13,src/util/hpi_4bd160.cpp,8,0,
same,0x4fdbf0,37,src/util/hpi_4bd160.cpp,4,0,
same,0x503374,2,src/util/hpi_4bd830.cpp,9,0,
same,0x50372c,2,src/util/hpi_4be400.cpp,6,0,
same,0x502910,2,src/util/hpi_4be400.cpp,5,0,
same,0x50a548,3,src/util/hpi_4be400.cpp,4,0,
same,0x503374,2,src/util/hpi_4be400.cpp,3,0,
same,0x5119b8,1,src/util/tdf_4c35c0.cpp,6,0,
same,0x5119b8,1,src/util/tdf_4c44c0.cpp,12,0,
same,0x50b530,16,src/debug/debug_helper_4cbb70.cpp,6,0,
same,0x50b524,11,src/debug/debug_helper_4cbb70.cpp,5,0,
same,0x4d8130,16,src/debug/debug_lib_4d80b0.cpp,11,0,
same,0x4d8190,16,src/debug/debug_lib_4d80b0.cpp,19,0,
same,0x4d8250,16,src/debug/debug_lib_4d80b0.cpp,30,0,
same,0x4d82b0,16,src/debug/debug_lib_4d80b0.cpp,37,0,
same,0x502910,2,src/debug/debug_lib_4da5b0.cpp,7,0,
same,0x50c8ac,8,src/debug/debug_lib_4da5b0.cpp,3,0,
same,0x4da7c0,16,src/debug/debug_lib_4da780.cpp,5,0,
same,0x5289f4,1,src/debug/debug_lib_4db760.cpp,3,4,
same,0x528a20,4,src/debug/debug_lib_4db760.cpp,3,0,
same,0x4db7b0,16,src/debug/debug_lib_4db760.cpp,7,0,
same,0x528a78,4,src/debug/debug_lib_4de0a0.cpp,3,0,
same,0x4de0f0,16,src/debug/debug_lib_4de0a0.cpp,5,0,
same,0x4de4c0,16,src/debug/debug_lib_4de180.cpp,20,0,
same,0x50d2c4,7,src/debug/debug_lib_4de180.cpp,4,0,
same,0x4de540,16,src/debug/debug_lib_4de4d0.cpp,8,0,
same,0x5292b8,4,src/debug/debug_lib_4df160.cpp,3,0,
same,0x4df1d0,16,src/debug/debug_lib_4df160.cpp,8,0,
same,0x50c8ac,8,src/debug/performance_dialog.cpp,8,0,
same,0x50d6b4,34,src/debug/performance_dialog.cpp,7,0,
same,0x5292c8,1,src/debug/debug_lib_4dfd10.cpp,3,560,
same,0x5292d0,560,src/debug/debug_lib_4dfd10.cpp,3,0,
same,0x4dfd50,16,src/debug/debug_lib_4dfd10.cpp,5,0,
same,0x5295c4,1,src/debug/debug_lib_4e06f0.cpp,3,24,
same,0x4e0730,16,src/debug/debug_lib_4e06f0.cpp,5,0,
same,0x4e1450,16,src/debug/debug_lib_4e1410.cpp,5,0,
same,0x4e1b00,16,src/debug/debug_lib_4e1ac0.cpp,5,0,
same,0x5122a0,4,src/units/unit_types_42a8d0.cpp,43,4,
same,0x50341c,4,src/units/unit_types_42a8d0.cpp,42,0,
same,0x50372c,2,src/units/unit_types_42a8d0.cpp,39,0,
same,0x502b38,8,src/frontend/multi_4441a0.cpp,3,0,
same,0x504980,8,src/game/players_466050.cpp,25,0,
same,0x504988,5,src/game/players_466050.cpp,4,0,
same,0x50c8ac,8,src/debug/debug_lib_4d9ab0.cpp,3,0,
same,0x50c8ac,8,src/debug/debug_lib_4da120.cpp,2,0,
same,0x50d1a8,16,src/debug/debug_lib_4da120.cpp,2,120,
same,0x4fdca4,12,LIBCPMT.LIB#3,54,4,
same,0x4fdca4,12,LIBCPMT.LIB#3@1,54,4,
same,0x529ec0,4,LIBCPMT.LIB#35@1,2,24,
same,0x529ea8,24,LIBCPMT.LIB#35@1,2,0,
same,0x4e3a40,48,LIBCPMT.LIB#35@1,5,0,
same,0x529ec0,4,LIBCPMT.LIB#35@2,2,24,
same,0x529ea8,24,LIBCPMT.LIB#35@2,2,0,
same,0x5119b8,1,LIBCPMT.LIB#10,21,0,
same,0x4fdc98,1,src/runtime/basic_string.cpp,4,0,
same,0x4e41e0,16,LIBCPMT.LIB#10,97,0,
same,0x4e41f0,16,LIBCPMT.LIB#10,99,0,
same,0x4e4200,16,LIBCPMT.LIB#10,101,0,
same,0x4e4210,16,LIBCPMT.LIB#10,103,0,
same,0x4e4220,16,LIBCPMT.LIB#10,105,0,
same,0x4e4230,16,LIBCPMT.LIB#10,107,0,
same,0x4e4240,16,LIBCPMT.LIB#10,109,0,
same,0x502910,2,LIBCMT.LIB#309,28,0,
same,0x502910,2,LIBCMT.LIB#286,3,0,
same,0x502288,8,src/game/console_commands.cpp,39,0,
same,0x5119b8,1,src/orders/unit_orders.cpp,3,0,
same,0x4c3aa0,80,LIBCPMT.LIB#10,85,0,
same,0x4e3e20,80,LIBCPMT.LIB#10,61,0,
same,0x4c3730,16,LIBCPMT.LIB#3@2,47,0,
same,0x4c3740,32,LIBCPMT.LIB#3@2,57,0,
same,0x50a630,32,LIBCPMT.LIB#3@2,14,0,
same,0x4febd0,24,LIBCPMT.LIB#3@2,7,0,
same,0x5119b8,1,zlib/zutil.obj,9,0,
same,0x4c38a0,80,src/util/logic_error.cpp,20,0,
reloc,0x40a84f,,0x4fc9b8,,,
reloc,0x4588a6,,0x4fd4c0,,,
reloc,0x45b28e,,0x512dd0,,,
reloc,0x45b2a0,,0x512dd0,,,
reloc,0x45b2b6,,0x512dd0,,,
reloc,0x45b2bc,,0x512dd0,,,
reloc,0x45b2cc,,0x512dd0,,,
reloc,0x45b33b,,0x512dd0,,,
reloc,0x45b4bb,,0x512dd0,,,
reloc,0x45b4cd,,0x512dd0,,,
reloc,0x45b4df,,0x512dd0,,,
reloc,0x45b4e4,,0x512dd0,,,
reloc,0x45b4f1,,0x512dd0,,,
reloc,0x45b553,,0x512dd0,,,
reloc,0x45b6ad,,0x512dd0,,,
reloc,0x45b6bd,,0x512dd0,,,
reloc,0x45b6cf,,0x512dd0,,,
reloc,0x45b6d4,,0x512dd0,,,
reloc,0x45b6e1,,0x512dd0,,,
reloc,0x45b743,,0x512dd0,,,
reloc,0x46c3c0,,0x507948,,,
reloc,0x46c48e,,0x507950,,,
reloc,0x46c4b0,,0x507950,,,
reloc,0x46c4cc,,0x507950,,,
reloc,0x46c4f1,,0x507950,,,
reloc,0x46c516,,0x507950,,,
reloc,0x46c539,,0x507950,,,
reloc,0x46c55e,,0x507950,,,
reloc,0x46c585,,0x507950,,,
reloc,0x46c5a5,,0x507950,,,
reloc,0x46ca12,,0x4e39b0,,,
reloc,0x46ca3c,,0x4e3a70,,,
reloc,0x46cb92,,0x4e39b0,,,
reloc,0x46cbbc,,0x4e3a70,,,
reloc,0x46d2a2,,0x4e39b0,,,
reloc,0x46d2cc,,0x4e3a70,,,
reloc,0x46d379,,0x4e39b0,,,
reloc,0x46d3a9,,0x4e3a70,,,
reloc,0x46e8d9,,0x4e39b0,,,
reloc,0x46e8e8,,0x4e39b0,,,
reloc,0x46e91d,,0x4e3a70,,,
reloc,0x46e94e,,0x4e3a70,,,
reloc,0x46ea1c,,0x4e39b0,,,
reloc,0x46ea34,,0x4e39b0,,,
reloc,0x46ea51,,0x4e3a70,,,
reloc,0x46ea5c,,0x4e3a70,,,
reloc,0x46ea8a,,0x4e3a70,,,
reloc,0x46ef6e,,0x4e39b0,,,
reloc,0x46efa8,,0x4e3a70,,,
reloc,0x46efbc,,0x4e39b0,,,
reloc,0x46f13a,,0x4e3a70,,,
reloc,0x46f203,,0x4e39b0,,,
reloc,0x46f229,,0x4e39b0,,,
reloc,0x46f246,,0x4e3a70,,,
reloc,0x46f304,,0x4e39b0,,,
reloc,0x46f321,,0x4e3a70,,,
reloc,0x46f34d,,0x4e39b0,,,
reloc,0x46f36c,,0x4e3a70,,,
reloc,0x46f3c9,,0x4e39b0,,,
reloc,0x46f411,,0x4e3a70,,,
reloc,0x46f44d,,0x4e39b0,,,
reloc,0x46f497,,0x4e3a70,,,
reloc,0x46f4e7,,0x4e39b0,,,
reloc,0x46f531,,0x4e3a70,,,
reloc,0x46f558,,0x4e39b0,,,
reloc,0x46f5d1,,0x4e39b0,,,
reloc,0x46f619,,0x4e3a70,,,
reloc,0x46f63e,,0x4e39b0,,,
reloc,0x46f688,,0x4e3a70,,,
reloc,0x46f6b6,,0x4e3a70,,,
reloc,0x46f6db,,0x4e39b0,,,
reloc,0x46f714,,0x4e3a70,,,
reloc,0x46f72b,,0x4e39b0,,,
reloc,0x46f793,,0x4e3a70,,,
reloc,0x46fb8e,,0x4e39b0,,,
reloc,0x46fc8b,,0x4e39b0,,,
reloc,0x46fccf,,0x4e3a70,,,
reloc,0x46fced,,0x4e39b0,,,
reloc,0x46fd7b,,0x4e39b0,,,
reloc,0x46fdc1,,0x4e3a70,,,
reloc,0x46fddf,,0x4e39b0,,,
reloc,0x46fe23,,0x4e3a70,,,
reloc,0x46fe4b,,0x4e3a70,,,
reloc,0x46fe69,,0x4e39b0,,,
reloc,0x46fea4,,0x4e3a70,,,
reloc,0x46feb9,,0x4e39b0,,,
reloc,0x46ff01,,0x4e3a70,,,
reloc,0x46ff19,,0x4e39b0,,,
reloc,0x46ff63,,0x4e3a70,,,
reloc,0x46ff9c,,0x4e39b0,,,
reloc,0x46ffbb,,0x4e3a70,,,
reloc,0x46ffd6,,0x4e39b0,,,
reloc,0x46fff5,,0x4e3a70,,,
reloc,0x470000,,0x4e3a70,,,
reloc,0x470025,,0x4e3a70,,,
reloc,0x47be0f,,0x4fc3fc,,,
reloc,0x4b22b5,,0x4e39b0,,,
reloc,0x4b2322,,0x4e3a70,,,
reloc,0x4b2375,,0x4e39b0,,,
reloc,0x4b23b6,,0x4e3a70,,,
reloc,0x4b241b,,0x4e39b0,,,
reloc,0x4b2445,,0x4e3a70,,,
reloc,0x4b2590,,0x4e39b0,,,
reloc,0x4b25c7,,0x4e3a70,,,
reloc,0x4b2620,,0x4e39b0,,,
reloc,0x4b2631,,0x4e39b0,,,
reloc,0x4b2669,,0x4e3a70,,,
reloc,0x4b2699,,0x4e3a70,,,
reloc,0x4b2716,,0x4e39b0,,,
reloc,0x4b2748,,0x4e3a70,,,
reloc,0x4b2866,,0x4e39b0,,,
reloc,0x4b289a,,0x4e3a70,,,
reloc,0x4b28ae,,0x4e39b0,,,
reloc,0x4b2a26,,0x4e3a70,,,
reloc,0x4b2ae3,,0x4e39b0,,,
reloc,0x4b2b09,,0x4e39b0,,,
reloc,0x4b2b26,,0x4e3a70,,,
reloc,0x4b2be4,,0x4e39b0,,,
reloc,0x4b2c01,,0x4e3a70,,,
reloc,0x4b2c2d,,0x4e39b0,,,
reloc,0x4b2c4c,,0x4e3a70,,,
reloc,0x4b2ca9,,0x4e39b0,,,
reloc,0x4b2cf1,,0x4e3a70,,,
reloc,0x4b2d2d,,0x4e39b0,,,
reloc,0x4b2d77,,0x4e3a70,,,
reloc,0x4b2dc7,,0x4e39b0,,,
reloc,0x4b2e11,,0x4e3a70,,,
reloc,0x4b2e38,,0x4e39b0,,,
reloc,0x4b2eb1,,0x4e39b0,,,
reloc,0x4b2ef9,,0x4e3a70,,,
reloc,0x4b2f1e,,0x4e39b0,,,
reloc,0x4b2f68,,0x4e3a70,,,
reloc,0x4b2f96,,0x4e3a70,,,
reloc,0x4b2fbb,,0x4e39b0,,,
reloc,0x4b2ff4,,0x4e3a70,,,
reloc,0x4b302e,,0x4e39b0,,,
reloc,0x4b312e,,0x4e39b0,,,
reloc,0x4b3172,,0x4e3a70,,,
reloc,0x4b3194,,0x4e39b0,,,
reloc,0x4b3228,,0x4e39b0,,,
reloc,0x4b326e,,0x4e3a70,,,
reloc,0x4b3290,,0x4e39b0,,,
reloc,0x4b32d4,,0x4e3a70,,,
reloc,0x4b32fc,,0x4e3a70,,,
reloc,0x4b3319,,0x4e39b0,,,
reloc,0x4b3361,,0x4e3a70,,,
reloc,0x4b3377,,0x4e39b0,,,
reloc,0x4b3398,,0x4e3a70,,,
reloc,0x4b33b9,,0x4e39b0,,,
reloc,0x4b3403,,0x4e3a70,,,
reloc,0x4b3439,,0x4e39b0,,,
reloc,0x4b3479,,0x4e3a70,,,
reloc,0x4b3499,,0x4e39b0,,,
reloc,0x4b34d9,,0x4e3a70,,,
reloc,0x4b34fc,,0x4e39b0,,,
reloc,0x4b351b,,0x4e3a70,,,
reloc,0x4b3536,,0x4e39b0,,,
reloc,0x4b3555,,0x4e3a70,,,
reloc,0x4b3560,,0x4e3a70,,,
reloc,0x4b3585,,0x4e3a70,,,
reloc,0x4b359c,,0x4e39b0,,,
reloc,0x4b35b4,,0x4e39b0,,,
reloc,0x4b35d1,,0x4e3a70,,,
reloc,0x4b35dc,,0x4e3a70,,,
reloc,0x4b360a,,0x4e3a70,,,
reloc,0x4e1412,,0x52952c,,,
reloc,0x4e1427,,0x52952c,,,
reloc,0x4e3e94,,0x4e3e20,,,
reloc,0x4e4395,,0x529ec4,,,
reloc,0x4e439b,,0x529ec4,,,
reloc,0x4fc984,,0x407390,,,
reloc,0x4fc98c,,0x407980,,,
reloc,0x4fc994,,0x4079d0,,,
reloc,0x4fc99c,,0x407ac0,,,
reloc,0x4fc9ac,,0x408600,,,
reloc,0x4fc9b4,,0x408810,,,
reloc,0x4fd428,,0x44ef60,,,
reloc,0x4fd458,,0x44f040,,,
reloc,0x4fd514,,0x461340,,,
reloc,0x4fd518,,0x462cc0,,,
reloc,0x4fd580,,0x470ae0,,,
reloc,0x4fd588,,0x471430,,,
reloc,0x4fd5a8,,0x471cd0,,,
reloc,0x4fd5b8,,0x471560,,,
reloc,0x4fd5d8,,0x4716a0,,,
reloc,0x4fd5f8,,0x4717e0,,,
reloc,0x4fd618,,0x474d10,,,
reloc,0x4fd638,,0x475110,,,
reloc,0x4fd6e8,,0x485e30,,,
reloc,0x4fd754,,0x489600,,,
reloc,0x4fd980,,0x490630,,,
reloc,0x4fd9b0,,0x490840,,,
reloc,0x4fd9e0,,0x4909a0,,,
reloc,0x4fdb50,,0x4b06b0,,,
reloc,0x4fdc7c,,0x4e3e90,,,
reloc,0x4fdca4,,0x4c38f0,,,
reloc,0x4fdcb4,,0x4c3c60,,,
reloc,0x4fdd14,,0x4e81b0,,,
reloc,0x4fdd34,,0x4e8320,,,
