address,size,file,symbol,status,similarity
0x401000,42,src/game/economy.cpp,??_H@YGXPAXIHP6EX0@Z@Z,matched,100.0
0x401030,49,src/game/economy.cpp,?CallOnEachReverse@@YGXPAVObj@@HHP81@AEXXZ@Z,matched,100.0
0x401070,57,src/game/economy.cpp,?Reset@UnitResources@@QAEXE@Z,matched,100.0
0x4010b0,95,src/game/economy.cpp,?SaveUnitAccounts@Class_004010b0@@QAEXPAUUnitInfo@@PAVHapiBank@@@Z,matched,100.0
0x401110,99,src/game/economy.cpp,?LoadUnitAccounts@Class_00401110@@QAEXPAUUnitInfo@@PAVHapiBank@@@Z,matched,100.0
0x401180,53,src/game/economy.cpp,?RequestEnergy@UnitResources@@QAEHPAV1@M@Z,matched,100.0
0x4011c0,93,src/game/economy.cpp,?RequestEnergyAndMetal@UnitResources@@QAEHMM@Z,matched,100.0
0x401220,61,src/game/economy.cpp,?SpendEnergy@UnitResources@@QAEHM@Z,matched,100.0
0x401260,61,src/game/economy.cpp,?SpendMetal@UnitResources@@QAEHM@Z,matched,100.0
0x4012a0,126,src/game/economy.cpp,?SpendEnergyAndMetal@UnitResources@@QAEHMM@Z,matched,100.0
0x401320,53,src/game/economy.cpp,?SettleResourceAccount@@YGXPAUObj_00401320@@MM@Z,matched,100.0
0x401360,2239,src/game/economy_401360.cpp,?UpdatePlayerEconomy@@YGXPAUPlayer_00401360@@@Z,matched,100.0
0x401c20,155,src/orders/unit_orders_401c20.cpp,?StopOrder@@YGHPAUUnit@@PAVClass_00438880@@H@Z,matched,100.0
0x401cc0,30,src/orders/unit_orders_401c20.cpp,?MakeSelectableOrder@@YGHPAUUnit@@PAVClass_00438880@@H@Z,matched,100.0
0x401ce0,275,src/orders/unit_orders_401c20.cpp,?WaitOrder@@YGHPAUUnit@@PAUOrder@@H@Z,matched,100.0
0x401e00,463,src/orders/unit_orders_401c20.cpp,?AttackUTypeOrder@@YGHPAUUnit@@PAUOrder@@H@Z,matched,100.0
0x401fd0,63,src/orders/unit_orders_401c20.cpp,?WaitForAttackOrder@@YGHHPAUOrder@@H@Z,matched,100.0
0x402010,330,src/orders/unit_orders_401c20.cpp,?SelfDestructOrder@@YGHPAUUnit@@PAUOrder@@H@Z,matched,100.0
0x402160,141,src/orders/unit_orders_401c20.cpp,?AttackNoMoveOrder@@YGHPAUUnit@@PAUOrder@@H@Z,matched,100.0
0x4021f0,564,src/orders/unit_orders_401c20.cpp,?GuardNoMoveOrder@@YGHPAUUnit@@PAUOrder@@H@Z,matched,100.0
0x402430,522,src/orders/unit_orders_401c20.cpp,?SelfRepairOrder@@YGHPAUUnit@@PAUOrder@@H@Z,matched,100.0
0x402640,1328,src/orders/unit_orders_401c20.cpp,?BuildingBuildOrder@@YGHPAUUnit@@PAUOrder@@H@Z,matched,100.0
0x402b70,401,src/orders/unit_orders_401c20.cpp,?BuildWeaponOrder@@YGHPAUUnit@@PAUOrder@@H@Z,matched,100.0
0x402d10,131,src/orders/unit_orders_401c20.cpp,?ParalyzeOrder@@YGHPAUUnit@@PAUOrder@@H@Z,matched,100.0
0x402da0,537,src/orders/unit_orders_401c20.cpp,?GetBuiltOrder@@YGHPAUUnit@@PAUOrder@@I@Z,matched,100.0
0x402fc0,79,src/orders/unit_orders_401c20.cpp,?BeCarriedOrder@@YGHPAUUnit@@PAUOrder@@H@Z,matched,100.0
0x403010,41,src/orders/unit_orders_401c20.cpp,?ActivateOrder@@YGHPAUUnit@@HH@Z,matched,100.0
0x403040,41,src/orders/unit_orders_401c20.cpp,?DeactivateOrder@@YGHPAUUnit@@HH@Z,matched,100.0
0x403070,47,src/orders/unit_orders_401c20.cpp,?CloakOnOrder@@YGHPADHH@Z,matched,100.0
0x4030a0,47,src/orders/unit_orders_401c20.cpp,?CloakOffOrder@@YGHPADHH@Z,matched,100.0
0x4030d0,45,src/orders/unit_orders_401c20.cpp,?StandingMoveOrder@@YGHPAUUnit@@PAUOrder@@H@Z,matched,100.0
0x403100,94,src/orders/unit_orders_401c20.cpp,?StandingFireOrder@@YGHPAUUnit@@PAUOrder@@H@Z,matched,100.0
0x403160,19,src/orders/unit_orders_401c20.cpp,?QMoveQPatrolOrder@@YGHHPAXH@Z,matched,100.0
0x403180,13,src/orders/unit_orders_401c20.cpp,?RegisterUnitOrders@@YGXXZ,matched,100.0
0x403190,50,src/orders/unit_orders_401c20.cpp,?AttackSpecialOrder@@YGHPAUUnit@@PAVClass_00438b90@@H@Z,matched,100.0
0x4031d0,132,src/orders/unit_orders_401c20.cpp,?MoveGroundOrder@@YGHPAUUnit@@PAUOrder@@H@Z,matched,100.0
0x403260,317,src/orders/unit_orders_401c20.cpp,?AttackKamikazeOrder@@YGHPAUUnit@@PAUOrder@@I@Z,matched,100.0
0x4033a0,242,src/orders/unit_orders_401c20.cpp,?PatrolOrder@@YGHPAUUnit@@PAUOrder@@H@Z,matched,100.0
0x4034a0,1016,src/orders/unit_orders_4034a0.cpp,?AttackChaseOrder@@YGHPAUUnit@@PAUOrder@@I@Z,matched,100.0
0x4038a0,380,src/orders/unit_orders_4038a0.cpp,?SuppressOrder@@YGHPAUUnit@@PAUOrder@@I@Z,matched,100.0
0x403a20,1360,src/orders/unit_orders_403a20.cpp,?MobileBuildOrder@@YGHPAUUnit@@PAUOrder@@H@Z,matched,100.0
0x403f70,768,src/orders/unit_orders_403f70.cpp,?HelpBuildOrder@@YGHPAUUnit@@PAUOrder@@H@Z,matched,100.0
0x404270,1212,src/orders/unit_orders_404270.cpp,?CaptureOrder@@YGHPAUUnit@@PAUOrder@@I@Z,matched,100.0
0x404730,920,src/orders/unit_orders_404730.cpp,?ReclaimUnitOrder@@YGHPAUUnit@@PAUOrder@@I@Z,matched,100.0
0x404ad0,724,src/orders/unit_orders_404ad0.cpp,?ReclaimOrder@@YGHPAUUnit@@PAUOrder@@H@Z,matched,100.0
0x404db0,1348,src/orders/unit_orders_404db0.cpp,?ResurrectOrder@@YGHPAUUnit@@PAUOrder@@H@Z,matched,100.0
0x405300,1080,src/orders/unit_orders_405300.cpp,?RepairUnitOrder@@YGHPAUUnit@@PAUOrder@@H@Z,matched,100.0
0x405740,574,src/orders/unit_orders_405740.cpp,?RepairUnitNoMoveOrder@@YGHPAUUnit@@PAUOrder@@H@Z,matched,100.0
0x405980,1040,src/orders/unit_orders_405980.cpp,?RepairPatrolOrder@@YGHPAUUnit@@PAUOrder@@H@Z,matched,100.0
0x405d90,578,src/orders/unit_orders_405d90.cpp,?FUN_00405d90@Class_00405d90@@UAEXPAUUnit@@@Z,matched,100.0
0x405fe0,162,src/orders/unit_orders_405fe0.cpp,?StandbyOrder@@YGHPAUUnit@@PAUOrder@@H@Z,matched,100.0
0x406090,257,src/orders/unit_orders_406090.cpp,?StandbyMineOrder@@YGHPAUUnit@@PAUOrder@@H@Z,matched,100.0
0x4061a0,346,src/orders/unit_orders_4061a0.cpp,?ParkOrder@@YGHPAUUnit@@PAUOrder@@H@Z,matched,100.0
0x406300,1152,src/orders/unit_orders_406300.cpp,?FollowGroundOrder@@YGHPAUUnit@@PAUOrder@@H@Z,matched,100.0
0x406780,384,src/orders/unit_orders_406780.cpp,?GroundPickupOrder@@YGHPAUUnit@@PAUOrder@@E@Z,matched,100.0
0x406900,408,src/orders/unit_orders_406900.cpp,?GroundUnloadOrder@@YGHPAUUnit@@PAUOrder@@H@Z,matched,100.0
0x406aa0,331,src/orders/unit_orders_406aa0.cpp,?TeleportOrder@@YGHPAUUnit@@PAUOrder@@H@Z,matched,100.0
0x406bf0,13,src/orders/unit_orders_406bf0.cpp,?RegisterGroundOrders@@YGXXZ,matched,100.0
0x406c00,3,src/orders/unit_orders_406c00.cpp,?_Destroy@?$vector@PAUUnit@@V?$allocator@PAUUnit@@@std@@@std@@IAEXPAPAUUnit@@0@Z,matched,100.0
0x406c10,46,src/orders/unit_orders_406c10.cpp,?_Ucopy@?$vector@PAUUnit@@V?$allocator@PAUUnit@@@std@@@std@@IAEPAPAUUnit@@PBQAU3@0PAPAU3@@Z,matched,100.0
0x406c40,35,src/orders/unit_orders_406c40.cpp,?_Ufill@?$vector@PAUUnit@@V?$allocator@PAUUnit@@@std@@@std@@IAEXPAPAUUnit@@IABQAU3@@Z,matched,100.0
0x406c70,19,src/orders/unit_orders_406c70.cpp,?FUN_00406c70@@YGXPAH0@Z,matched,100.0
0x406c90,257,src/ai/ai_player_406c90.cpp,?CmdPlan@@YGXPAVCommandArgs@@@Z,matched,100.0
0x406da0,11,src/ai/ai_player_406c90.cpp,?EnableAICommands@@YGXXZ,matched,100.0
0x406db0,144,src/ai/ai_player_406c90.cpp,?CmdWeight@@YGXPAVCommandArgs@@@Z,matched,100.0
0x406e40,156,src/ai/ai_player_406c90.cpp,?CmdLimit@@YGXPAVCommandArgs@@@Z,matched,100.0
0x406ee0,29,src/ai/ai_player_406c90.cpp,?FUN_00406ee0@@YGHEGH@Z,matched,100.0
0x406f00,52,src/ai/ai_player_406c90.cpp,?RegisterAICommands@@YGXXZ,matched,100.0
0x406f40,1,src/ai/ai_player_406c90.cpp,?FUN_00406f40@@YGXXZ,matched,100.0
0x406f50,46,src/ai/ai_player_406c90.cpp,?FUN_00406f50@SquadManager@@QAEXPAUObj_00406f50@@HH@Z,matched,100.0
0x406f80,613,src/ai/ai_player_406c90.cpp,?ReactToAttack@@YGXPAUUnit@@0H@Z,matched,100.0
0x4071f0,340,src/ai/ai_player_406c90.cpp,?FindNearestEnemyUnit@Class_004071f0@@QAEPAUUnit@@HHH@Z,matched,100.0
0x407350,40,src/ai/ai_player_406c90.cpp,??0SquadTimer@@QAE@PAVSquadManager@@PAUGroup@@@Z,matched,100.0
0x407380,1,src/ai/ai_player_406c90.cpp,?OnTimer@SquadTimer@@UAEXXZ,matched,100.0
0x407390,32,src/ai/ai_player_406c90.cpp,??_GSquadTimer@@UAEPAXI@Z,matched,100.0
0x4073b0,83,src/ai/ai_player_406c90.cpp,?FUN_004073b0@SquadTimer@@QAEHPAUVec3@@@Z,matched,100.0
0x407410,143,src/ai/ai_player_406c90.cpp,?GetAveragePosition@SquadTimer@@QAEHPAUVec3@@@Z,matched,100.0
0x4074a0,189,src/ai/ai_player_406c90.cpp,?CountGroupUnitsInRadius@SquadTimer@@QAEHPAUVec3@@H@Z,matched,100.0
0x407560,639,src/ai/ai_player_406c90.cpp,?FUN_00407560@Class_00407560@@QAEXHH@Z,matched,100.0
0x4077e0,329,src/ai/ai_player_406c90.cpp,?OnTimer@Class_00407930@@UAEXXZ,matched,100.0
0x407930,75,src/ai/ai_player_406c90.cpp,??0Class_00407930@@QAE@PAVSquadManager@@PAUGroup@@HH@Z,matched,100.0
0x407980,32,src/ai/ai_player_406c90.cpp,??_GClass_00407930@@UAEPAXI@Z,matched,100.0
0x4079a0,47,src/ai/ai_player_406c90.cpp,??0Class_004079d0@@QAE@PAVSquadManager@@PAUGroup@@H@Z,matched,100.0
0x4079d0,32,src/ai/ai_player_406c90.cpp,??_GClass_004079d0@@UAEPAXI@Z,matched,100.0
0x4079f0,157,src/ai/ai_player_406c90.cpp,?OnTimer@Class_004079d0@@UAEXXZ,matched,100.0
0x407a90,40,src/ai/ai_player_406c90.cpp,??0Class_00407a90@@QAE@PAVSquadManager@@PAUGroup@@@Z,matched,100.0
0x407ac0,32,src/ai/ai_player_406c90.cpp,??_GClass_00407a90@@UAEPAXI@Z,matched,100.0
0x407ae0,601,src/ai/ai_player_406c90.cpp,?OnTimer@Class_00407a90@@UAEXXZ,matched,100.0
0x407d40,296,src/ai/ai_player_407d40.cpp,??0Class_00407d40@@QAE@PAUSquadManager@@PAX@Z,matched,100.0
0x407e70,32,src/ai/ai_player_407e70.cpp,??_GClass_00407d40@@UAEPAXI@Z,matched,100.0
0x407e90,500,src/ai/ai_player_407e70.cpp,?OnTimer@Class_00407d40@@UAEXXZ,matched,100.0
0x408090,111,src/ai/ai_player_408090.cpp,?IsPointVisible@@YGHPAUMap_00408090@@PAUPosition_00408090@@@Z,matched,100.0
0x408100,1221,src/ai/ai_player_408100.cpp,?OnTimer@Class_004085d0@@UAEXXZ,matched,100.0
0x4085d0,40,src/ai/ai_player_406c90.cpp,??0Class_004085d0@@QAE@PAVSquadManager@@PAUGroup@@@Z,matched,100.0
0x408600,32,src/ai/ai_player_406c90.cpp,??_GClass_004085d0@@UAEPAXI@Z,matched,100.0
0x408620,71,src/ai/ai_player_408620.cpp,?FUN_00408620@Class_00408620@@QAEXPAUObj_00408620@@@Z,matched,100.0
0x408670,92,src/ai/ai_player_406c90.cpp,?UpdateConverter@@YGXPAUUnit@@@Z,matched,100.0
0x4086d0,268,src/ai/ai_player_406c90.cpp,?OnTimer@Class_00408810@@UAEXXZ,matched,100.0
0x4087e0,40,src/ai/ai_player_406c90.cpp,??0Class_00408810@@QAE@PAVSquadManager@@PAUGroup@@@Z,matched,100.0
0x408810,32,src/ai/ai_player_406c90.cpp,??_GClass_00408810@@UAEPAXI@Z,matched,100.0
0x408830,229,src/ai/ai_player_406c90.cpp,?AssignSquads@SquadManager@@QAEXXZ,matched,100.0
0x408920,117,src/ai/ai_player_406c90.cpp,?RetargetWeapon@@YGXPAUUnit@@I@Z,matched,100.0
0x4089a0,578,src/ai/ai_player_406c90.cpp,?RetargetWeapons@SquadManager@@QAEXH@Z,matched,100.0
0x408bf0,73,src/ai/ai_player_406c90.cpp,?TickTimers@Class_00408bf0@@QAEXXZ,matched,100.0
0x408c40,112,src/ai/ai_player_406c90.cpp,?TickIfActive@SquadManager@@QAEXXZ,matched,100.0
0x408cb0,602,src/ai/ai_player_406c90.cpp,??0SquadManager@@QAE@PAUPlayer@@@Z,matched,100.0
0x408f10,32,src/ai/ai_player_406c90.cpp,?DeleteTimers@SquadManager@@QAEXXZ,matched,100.0
0x408f30,546,src/ai/ai_player_408f30.cpp,?insert@?$vector@PAUUnit@@V?$allocator@PAUUnit@@@std@@@std@@QAEXPAPAUUnit@@IABQAU3@@Z,matched,100.0
0x409160,783,src/ai/ai_player_406c90.cpp,??0PlayerAI@@QAE@E@Z,matched,100.0
0x409470,176,src/ai/ai_player_406c90.cpp,?InitUnitTables@PlayerAI@@QAEXXZ,matched,100.0
0x409520,166,src/ai/ai_player_409520.cpp,?RateWeapons@@YGHPAUUnitDef@@@Z,matched,100.0
0x4095d0,346,src/ai/ai_player_4095d0.cpp,?RateUnitType@@YGHPAUUnitDef@@@Z,matched,100.0
0x409730,1678,src/ai/ai_player_409730.cpp,?ComputeBaseWeights@PlayerAI@@QAEXXZ,matched,100.0
0x409dc0,208,src/ai/ai_player_409dc0.cpp,?ScaleUnitWeights@@YGXHPAIMH@Z,matched,100.0
0x409e90,144,src/ai/ai_player_409e90.cpp,?SetUnitLimits@@YGXHPAIHH@Z,matched,100.0
0x409f20,83,src/ai/ai_player_409f20.cpp,?IsUnderLimit@@YGHHGH@Z,matched,100.0
0x409f80,185,src/ai/ai_player_409f80.cpp,?FUN_00409f80@@YGXH@Z,matched,100.0
0x40a040,185,src/ai/ai_player_40a040.cpp,?FUN_0040a040@@YGXH@Z,matched,100.0
0x40a100,75,src/ai/ai_player_40a100.cpp,?ResetAIPlayers@@YGXXZ,matched,100.0
0x40a150,265,src/ai/ai_player_40a150.cpp,?InitPlacementGrid@Class_0040a150@@QAEXXZ,matched,100.0
0x40a260,834,src/ai/ai_player_406c90.cpp,?FindCellNearFeatures@PlayerAI@@QAE_NPAUUnitDef@@PAUVec3@@PAV?$vector@UElem_0040cc40@@V?$allocator@UElem_0040cc40@@@std@@@std@@HPAUPoint16@@@Z,matched,100.0
0x40a5b0,19,src/ai/ai_player_40a5b0.cpp,??0Elem_0040cc40@@QAE@ABU0@@Z,matched,100.0
0x40a5d0,473,src/ai/ai_player_406c90.cpp,?FindRandomPlacementCell@PlayerAI@@QAE_NPAUUnitDef@@PAUVec3@@HPAUPoint16@@@Z,matched,100.0
0x40a7b0,644,src/ai/ai_player_406c90.cpp,?BuildFeatureCells@PlayerAI@@QAEXXZ,matched,100.0
0x40aa40,725,src/ai/player_ai.cpp,?RefreshUnitLists@PlayerAI@@QAEXXZ,matched,100.0
0x40ad20,73,src/ai/ai_player_406c90.cpp,?UpdateEveryThirtyTicks@PlayerAI@@QAEXXZ,matched,100.0
0x40ad70,15,src/ai/ai_player_40ad70.cpp,?FUN_0040ad70@@YGXHHH@Z,matched,100.0
0x40ad80,834,src/ai/ai_player_40ad80.cpp,?GetVisibleEnemiesInRadius@@YGXHPBUVec@@HHPAV?$vector@PAUUnit@@V?$allocator@PAUUnit@@@std@@@std@@@Z,matched,100.0
0x40b0d0,229,src/ai/ai_player_40b0d0.cpp,?HasReadyUnitInRange@@YG_NHPAUVec3_40b0d0@@H@Z,matched,100.0
0x40b1c0,244,src/ai/ai_player_40b1c0.cpp,?SumUnitRatingsInRange@@YGHHPAUVec_0040b1c0@@H@Z,matched,100.0
0x40b2c0,85,src/ai/ai_player_40b2c0.cpp,?UpdatePlayerAI@@YGXH@Z,matched,100.0
0x40b320,68,src/ai/ai_player_40b320.cpp,?CreatePlayerAI@@YGXH@Z,matched,100.0
0x40b370,19,src/ai/ai_player_40b370.cpp,?RebuildFeatureCells@@YGXH@Z,matched,100.0
0x40b390,401,src/ai/ai_player_40b390.cpp,?DestroyPlayerAI@@YGXH@Z,matched,100.0
0x40b530,627,src/ai/ai_player_40b530.cpp,?GetFactoriesInRadius@@YGXHPBUVec@@HPAV?$vector@PAUUnit@@V?$allocator@PAUUnit@@@std@@@std@@@Z,matched,100.0
0x40b7b0,720,src/ai/ai_player_40b7b0.cpp,?FindWeaponTarget@@YGPAUUnit@@PAU1@EH@Z,matched,100.0
0x40ba80,37,src/ai/ai_player_40ba80.cpp,?GetBasePosition@@YGXHPAUStruct_0040ba80@@@Z,matched,100.0
0x40bab0,78,src/ai/ai_player_40bab0.cpp,?FUN_0040bab0@@YGXHHPAUStruct_0040bab0@@@Z,matched,100.0
0x40bb00,686,src/ai/ai_player_40bb00.cpp,?GetBuildRating@@YGHHG@Z,matched,100.0
0x40bdb0,244,src/ai/ai_player_40bdb0.cpp,?ChooseBuildOption@@YGGIPAUUnit@@@Z,matched,100.0
0x40beb0,302,src/ai/ai_player_40beb0.cpp,?MoveToward@@YG?AUVec3_0040beb0@@PBU1@0H@Z,matched,100.0
0x40bfe0,535,src/ai/ai_player_40bfe0.cpp,?FindBuildPosition@@YGHHPBUVec3@@PAUUnitDef@@PAU1@@Z,matched,100.0
0x40c200,34,src/ai/ai_player_40c200.cpp,?GetUnitCount@@YGHHI@Z,matched,100.0
0x40c230,17,src/ai/ai_player_40c230.cpp,?GetBuilderCount@@YGHH@Z,matched,100.0
0x40c250,664,src/ai/ai_player_40c250.cpp,?DumpPlayerAI@@YGXHPAU_iobuf@@@Z,matched,100.0
0x40c4f0,17,src/ai/ai_player_40c4f0.cpp,?FUN_0040c4f0@@YGHH@Z,matched,100.0
0x40c510,24,src/ai/ai_player_40c510.cpp,??0?$vector@PAUUnit@@V?$allocator@PAUUnit@@@std@@@std@@QAE@ABV?$allocator@PAUUnit@@@1@@Z,matched,100.0
0x40c530,34,src/ai/ai_player_40c530.cpp,??1?$vector@PAUUnit@@V?$allocator@PAUUnit@@@std@@@std@@QAE@XZ,matched,100.0
0x40c560,19,src/ai/ai_player_40c560.cpp,?size@?$vector@PAUUnit@@V?$allocator@PAUUnit@@@std@@@std@@QBEIXZ,matched,100.0
0x40c580,34,src/ai/ai_player_40c580.cpp,??1?$vector@UElem_0040cc40@@V?$allocator@UElem_0040cc40@@@std@@@std@@QAE@XZ,matched,100.0
0x40c5b0,19,src/ai/ai_player_40c5b0.cpp,?size@?$vector@UElem_0040cc40@@V?$allocator@UElem_0040cc40@@@std@@@std@@QBEIXZ,matched,100.0
0x40c5d0,34,src/ai/ai_player_40c5d0.cpp,??1?$vector@UElem_0040cfb0@@V?$allocator@UElem_0040cfb0@@@std@@@std@@QAE@XZ,matched,100.0
0x40c600,494,src/ai/ai_player_40c600.cpp,?resize@?$vector@UElem_0040d4f0@@V?$allocator@UElem_0040d4f0@@@std@@@std@@QAEXIABUElem_0040d4f0@@@Z,matched,100.0
0x40c7f0,511,src/ai/ai_player_40c7f0.cpp,?resize@?$vector@UElem_0040d550@@V?$allocator@UElem_0040d550@@@std@@@std@@QAEXIABUElem_0040d550@@@Z,matched,100.0
0x40c9f0,50,src/ai/ai_player_40c9f0.cpp,?erase@?$vector@PAUUnit@@V?$allocator@PAUUnit@@@std@@@std@@QAEPAPAUUnit@@PAPAU3@0@Z,matched,100.0
0x40ca30,19,src/ai/ai_player_40ca30.cpp,?capacity@?$vector@UElem_0040cc40@@V?$allocator@UElem_0040cc40@@@std@@@std@@QBEIXZ,matched,100.0
0x40ca50,467,src/ai/ai_player_40ca50.cpp,?insert@?$vector@UElem_0040cc40@@V?$allocator@UElem_0040cc40@@@std@@@std@@QAEPAUElem_0040cc40@@PAU3@ABU3@@Z,matched,100.0
0x40cc30,3,src/ai/ai_player_40cc30.cpp,?_Destroy@?$vector@UElem_0040cc40@@V?$allocator@UElem_0040cc40@@@std@@@std@@IAEXPAUElem_0040cc40@@0@Z,matched,100.0
0x40cc40,52,src/ai/ai_player_40cc40.cpp,?_Ucopy@?$vector@UElem_0040cc40@@V?$allocator@UElem_0040cc40@@@std@@@std@@IAEPAUElem_0040cc40@@PBU3@0PAU3@@Z,matched,100.0
0x40cc80,30,src/ai/ai_player_40cc80.cpp,?size@?$vector@UElem_0040cfb0@@V?$allocator@UElem_0040cfb0@@@std@@@std@@QBEIXZ,matched,100.0
0x40cca0,781,src/ai/ai_player_40cca0.cpp,?insert@?$vector@UElem_0040cfb0@@V?$allocator@UElem_0040cfb0@@@std@@@std@@QAEXPAUElem_0040cfb0@@IABU3@@Z,matched,100.0
0x40cfb0,66,src/ai/ai_player_40cfb0.cpp,?erase@?$vector@UElem_0040cfb0@@V?$allocator@UElem_0040cfb0@@@std@@@std@@QAEPAUElem_0040cfb0@@PAU3@0@Z,matched,100.0
0x40d000,18,src/ai/ai_player_40d000.cpp,?size@?$vector@FV?$allocator@F@std@@@std@@QBEIXZ,matched,100.0
0x40d020,532,src/ai/ai_player_40d020.cpp,?insert@?$vector@FV?$allocator@F@std@@@std@@QAEXPAFIABF@Z,matched,100.0
0x40d240,52,src/ai/ai_player_40d240.cpp,?erase@?$vector@FV?$allocator@F@std@@@std@@QAEPAFPAF0@Z,matched,100.0
0x40d280,3,src/ai/ai_player_40d280.cpp,?_Destroy@?$vector@FV?$allocator@F@std@@@std@@IAEXPAF0@Z,matched,100.0
0x40d290,477,src/ai/ai_player_40d290.cpp,?insert@?$vector@EV?$allocator@E@std@@@std@@QAEXPAEIABE@Z,matched,100.0
0x40d470,48,src/ai/ai_player_40d470.cpp,?erase@?$vector@EV?$allocator@E@std@@@std@@QAEPAEPAE0@Z,matched,100.0
0x40d4a0,3,src/ai/ai_player_40d4a0.cpp,?_Destroy@?$vector@EV?$allocator@E@std@@@std@@IAEXPAE0@Z,matched,100.0
0x40d4b0,3,src/ai/ai_player_40d4b0.cpp,?_Destroy@?$vector@UElem_0040d4f0@@V?$allocator@UElem_0040d4f0@@@std@@@std@@IAEXPAUElem_0040d4f0@@0@Z,matched,100.0
0x40d4c0,19,src/ai/ai_player_40d4c0.cpp,?size@?$vector@UElem_0040d550@@V?$allocator@UElem_0040d550@@@std@@@std@@QBEIXZ,matched,100.0
0x40d4e0,3,src/ai/ai_player_40d4e0.cpp,?_Destroy@?$vector@UElem_0040d550@@V?$allocator@UElem_0040d550@@@std@@@std@@IAEXPAUElem_0040d550@@0@Z,matched,100.0
0x40d4f0,35,src/ai/ai_player_40d4f0.cpp,?_Ucopy@?$vector@UElem_0040d4f0@@V?$allocator@UElem_0040d4f0@@@std@@@std@@IAEPAUElem_0040d4f0@@PBU3@0PAU3@@Z,matched,100.0
0x40d520,35,src/ai/ai_player_40d520.cpp,?_Ufill@?$vector@UElem_0040d4f0@@V?$allocator@UElem_0040d4f0@@@std@@@std@@IAEXPAUElem_0040d4f0@@IABU3@@Z,matched,100.0
0x40d550,46,src/ai/ai_player_40d550.cpp,?_Ucopy@?$vector@UElem_0040d550@@V?$allocator@UElem_0040d550@@@std@@@std@@IAEPAUElem_0040d550@@PBU3@0PAU3@@Z,matched,100.0
0x40d580,35,src/ai/ai_player_40d580.cpp,?_Ufill@?$vector@UElem_0040d550@@V?$allocator@UElem_0040d550@@@std@@@std@@IAEXPAUElem_0040d550@@IABU3@@Z,matched,100.0
0x40d5b0,41,src/ai/ai_player_40d5b0.cpp,?_Ufill@?$vector@UElem_0040cc40@@V?$allocator@UElem_0040cc40@@@std@@@std@@IAEXPAUElem_0040cc40@@IABU3@@Z,matched,100.0
0x40d5e0,25,src/ai/pathfind.cpp,?CopyDwordPair@@YGXPAH0@Z,matched,100.0
0x40d600,19,src/ai/pathfind.cpp,?CopyOneByte@@YGXPAD0@Z,matched,100.0
0x40d620,73,src/ai/pathfind.cpp,?MakeHeap@@YGXPAUEntry_40d670@@0PAH0@Z,matched,100.0
0x40d670,132,src/ai/pathfind.cpp,?AdjustHeap@@YGXPAUEntry_40d670@@HHU1@@Z,matched,100.0
0x40d700,57,src/ai/pathfind.cpp,?PopHeapFirst@@YGXPAUEntry_40d670@@00U1@PAX@Z,matched,100.0
0x40d740,108,src/ai/pathfind.cpp,?PushHeapSiftUp@@YGXPAUEntry_40d670@@HHU1@@Z,matched,100.0
0x40d7b0,195,src/ai/pathfind.cpp,?GetCellState@Pathfinder@@QAEHHH@Z,matched,100.0
0x40d880,46,src/ai/pathfind.cpp,?InitCostTables@Pathfinder@@QAEXXZ,matched,100.0
0x40d8b0,70,src/ai/pathfind.cpp,?MarkGoalCell@Pathfinder@@QAEXII@Z,matched,100.0
0x40d900,191,src/ai/pathfind.cpp,?ClearDirtyCells@Pathfinder@@QAEXXZ,matched,100.0
0x40d9c0,123,src/ai/pathfind.cpp,?DirectionFromStep@@YGHHH@Z,matched,100.0
0x40da40,38,src/ai/pathfind.cpp,?Estimate@Pathfinder@@QAE_JHH@Z,matched,100.0
0x40da70,1167,src/ai/pathfind.cpp,?ExpandNeighbour@Pathfinder@@QAEXPAUNodeData@@PAUCell@@H@Z,matched,100.0
0x40df00,330,src/ai/pathfind.cpp,?ExpandBestNode@Pathfinder@@QAEHXZ,matched,100.0
0x40e050,270,src/ai/pathfind.cpp,?TracePath@Pathfinder@@QAEXXZ,matched,100.0
0x40e160,1224,src/ai/pathfind.cpp,?ProbeStraightPath@Pathfinder@@QAEHXZ,matched,100.0
0x40e630,880,src/ai/pathfind.cpp,?StartSearch@Pathfinder@@QAEXPAVTarget@@@Z,matched,100.0
0x40e9a0,25,src/ai/pathfind.cpp,?ReleaseHeldPathLock@Pathfinder@@QAEXXZ,matched,100.0
0x40e9c0,28,src/ai/pathfind.cpp,?AbortIfGoalMatch@Pathfinder@@QAEXH@Z,matched,100.0
0x40e9e0,326,src/ai/pathfind.cpp,??0Pathfinder@@QAE@XZ,matched,100.0
0x40eb30,52,src/ai/pathfind.cpp,??1Pathfinder@@QAE@XZ,matched,100.0
0x40eb70,937,src/ai/pathfind.cpp,?RunSearches@Pathfinder@@QAEXXZ,matched,100.0
0x40ef20,223,src/ai/pathfind.cpp,?RemoveNode@Pathfinder@@QAEXH@Z,matched,100.0
0x40f000,88,src/ai/pathfind.cpp,?SiftUp@OpenHeap@@QAEXH@Z,matched,100.0
0x40f060,172,src/ai/pathfind.cpp,?SiftDown@OpenHeap@@QAEXH@Z,matched,100.0
0x40f110,204,src/ai/pathfind.cpp,?GrowNodes@Pathfinder@@QAEXH@Z,matched,100.0
0x40f1e0,25,src/ai/pathfind.cpp,?FreeNode@Pathfinder@@QAEXH@Z,matched,100.0
0x40f200,158,src/orders/vtol_orders.cpp,?FUN_0040f200@@YGXPAUUnit@@PAUOrder@@I@Z,matched,100.0
0x40f2a0,1260,src/orders/vtol_orders.cpp,?VtolLandIfCanOrder@@YGHPAUUnit@@PAUOrder@@H@Z,matched,100.0
0x40f790,51,src/orders/vtol_orders_40f790.cpp,?FUN_0040f790@@YG?AUVec3_0040f790@@ABU1@0@Z,matched,100.0
0x40f7d0,590,src/orders/vtol_orders.cpp,?VtolStandbyOrder@@YGHPAUUnit@@PAUOrder@@H@Z,matched,100.0
0x40fa20,435,src/orders/vtol_orders.cpp,?VtolMoveOrder@@YGHPAUUnit@@PAUOrder@@H@Z,matched,100.0
0x40fbe0,1976,src/orders/vtol_orders_40fbe0.cpp,?VtolFollowOrder@@YGHPAUUnit@@PAUOrder@@H@Z,matched,100.0
0x4103a0,63,src/orders/vtol_orders.cpp,?FUN_004103a0@@YG?AUVec3@@FTFixed@@@Z,matched,100.0
0x4103e0,1102,src/orders/vtol_orders_4103e0.cpp,?VtolSeekAttackOrder@@YGHPAUUnit@@PAUOrder@@H@Z,matched,100.0
0x410830,22,src/orders/vtol_orders.cpp,??0Class_00410830@@QAE@XZ,matched,100.0
0x410850,1051,src/orders/vtol_orders_410850.cpp,?VtolSeekGuardOrder@@YGHPAUUnit@@PAUOrder@@H@Z,matched,100.0
0x410c70,508,src/orders/vtol_orders_410c70.cpp,?FUN_00410c70@Class_00410c70@@UAEXPAUUnit@@@Z,matched,100.0
0x410e70,824,src/orders/vtol_orders_410e70.cpp,?VtolPatrolOrder@@YGHPAUUnit@@PAUOrder@@H@Z,matched,100.0
0x4111b0,932,src/orders/vtol_orders_4111b0.cpp,?VtolPickupOrder@@YGHPAUUnit@@PAUOrder@@H@Z,matched,100.0
0x411560,728,src/orders/vtol_orders.cpp,?VtolUnloadOrder@@YGHPAUUnit@@PAUOrder@@H@Z,matched,100.0
0x411840,155,src/orders/vtol_orders.cpp,?FindLandingPad@@YGHPAUUnit@@H@Z,matched,100.0
0x4118e0,1636,src/orders/vtol_orders_4118e0.cpp,?VtolLandingOrder@@YGHPAUUnit@@PAUOrder@@H@Z,matched,100.0
0x411f50,1980,src/orders/vtol_orders_411f50.cpp,?AirStrikeOrder@@YGHPAUUnit@@PAUOrder@@I@Z,matched,100.0
0x412710,1572,src/orders/vtol_orders_412710.cpp,?AirToGroundOrder@@YGHPAUUnit@@PAUOrder@@H@Z,matched,100.0
0x412d40,1838,src/orders/vtol_orders_412d40.cpp,?AirToAirOrder@@YGHPAUUnit@@PAUOrder@@H@Z,matched,100.0
0x413470,1864,src/orders/vtol_orders_413470.cpp,?AirToGroundHoverOrder@@YGHPAUUnit@@PAUOrder@@H@Z,matched,100.0
0x413bc0,441,src/orders/vtol_orders.cpp,?VtolEvadeOrder@@YGHPAUUnit@@PAUOrder@@H@Z,matched,100.0
0x413d80,1480,src/orders/vtol_orders.cpp,?VtolMobileBuildOrder@@YGHPAUUnit@@PAUOrder@@H@Z,matched,100.0
0x414350,44,src/orders/vtol_orders.cpp,?FUN_00414350@@YGXUPoint@@PAUVec3@@0@Z,matched,100.0
0x414380,1000,src/orders/vtol_orders_414380.cpp,?VtolHelpBuildOrder@@YGHPAUUnit@@PAUOrder@@H@Z,matched,100.0
0x414770,784,src/orders/vtol_orders_414770.cpp,?VtolReclaimOrder@@YGHPAUUnit@@PAUOrder@@H@Z,matched,100.0
0x414a80,997,src/orders/vtol_orders_414a80.cpp,?VtolReclaimUnitOrder@@YGHPAUUnit@@PAUOrder@@I@Z,matched,100.0
0x414e70,988,src/orders/vtol_orders.cpp,?VtolRepairUnitOrder@@YGHPAUUnit@@PAUOrder@@H@Z,matched,100.0
0x415250,146,src/orders/vtol_orders.cpp,?VtolGetRepairedOrder@@YGHPAUUnit@@PAUOrder@@H@Z,matched,100.0
0x4152f0,1504,src/orders/vtol_orders_4152f0.cpp,?VtolRepairPatrolOrder@@YGHPAUUnit@@PAUOrder@@I@Z,matched,100.0
0x4158d0,578,src/orders/vtol_orders.cpp,?FUN_004158d0@Class_004158d0@@UAEXPAUUnit@@@Z,matched,100.0
0x415b20,13,src/network/net_stats.cpp,?RegisterVtolOrders@@YGXXZ,matched,100.0
0x415b30,41,src/network/net_stats.cpp,?StepAllGafSequences@@YGXXZ,matched,100.0
0x415b60,35,src/network/net_stats.cpp,??0BitWriter@@QAE@XZ,matched,100.0
0x415b90,20,src/network/net_stats.cpp,?FreeBuffer@BitWriter@@QAEXXZ,matched,100.0
0x415bb0,92,src/network/net_stats.cpp,?GrowBuffer@BitWriter@@QAEXXZ,matched,100.0
0x415c10,395,src/network/net_stats.cpp,?WriteBits@BitWriter@@QAEXHH@Z,matched,100.0
0x415da0,17,src/network/net_stats.cpp,?SetByteAt@BitWriter@@QAEXHE@Z,matched,100.0
0x415dc0,147,src/network/net_stats.cpp,?ReadBits@BitReader@@QAEHH@Z,matched,100.0
0x415e60,38,src/network/net_stats.cpp,?ReadSignedBits@BitReader@@QAEHH@Z,matched,100.0
0x415e90,96,src/network/net_stats.cpp,?ResetNetStats@@YGXXZ,matched,100.0
0x415ef0,77,src/network/net_stats.cpp,?CountMessage@@YGXEHH@Z,matched,100.0
0x415f40,86,src/network/net_stats.cpp,?CountPacket@@YGXHHH@Z,matched,100.0
0x415fa0,426,src/network/net_stats.cpp,?FormatNetStats@@YGXPAD@Z,matched,100.0
0x416150,145,src/network/net_stats_416150.cpp,?GetByteRates@@YGXPAI0@Z,matched,100.0
0x4161f0,75,src/network/net_stats.cpp,?FUN_004161f0@@YGXXZ,matched,100.0
0x416240,43,src/game/console_commands_416240.cpp,?CmdMemDump@@YGXPAD@Z,matched,100.0
0x416270,3,src/game/console_commands_416240.cpp,?CmdMem@@YGXH@Z,matched,100.0
0x416280,134,src/game/console_commands_416240.cpp,?CmdAI@@YGXPAVCommandArgs@@@Z,matched,100.0
0x416310,96,src/game/console_commands_416240.cpp,?CmdAssign@@YGXPAVCommandArgs@@@Z,matched,100.0
0x416370,3,src/game/console_commands_416240.cpp,?CmdAssert@@YGXH@Z,matched,100.0
0x416380,3,src/game/console_commands_416240.cpp,?CmdDPrint@@YGXH@Z,matched,100.0
0x416390,8,src/game/console_commands_416240.cpp,?CmdBurnAll@@YGXH@Z,matched,100.0
0x4163a0,48,src/game/console_commands_416240.cpp,?CmdBurnOne@@YGXPAX@Z,matched,100.0
0x4163d0,75,src/game/console_commands_416240.cpp,?CmdFeature@@YGXPAVCommandArgs@@@Z,matched,100.0
0x416420,55,src/game/console_commands_416240.cpp,?CmdShading@@YGXH@Z,matched,100.0
0x416460,74,src/game/console_commands_416240.cpp,?CmdSelectable@@YGXH@Z,matched,100.0
0x4164b0,71,src/game/console_commands_416240.cpp,?CmdKill@@YGXPAVCommandArgs@@@Z,matched,100.0
0x416500,3,src/game/console_commands_416240.cpp,?CmdZBuffer@@YGXH@Z,matched,100.0
0x416510,55,src/game/console_commands_416240.cpp,?CmdAntiAlias@@YGXH@Z,matched,100.0
0x416550,55,src/game/console_commands_416240.cpp,?CmdShadow@@YGXH@Z,matched,100.0
0x416590,39,src/game/console_commands_416240.cpp,?CmdDither@@YGXH@Z,matched,100.0
0x4165c0,103,src/game/console_commands_416240.cpp,?CmdSwitchAlt@@YGXPAVCommandArgs@@@Z,matched,100.0
0x416630,34,src/game/console_commands_416240.cpp,?CmdTShadow@@YGXH@Z,matched,100.0
0x416660,34,src/game/console_commands_416240.cpp,?CmdFShadow@@YGXH@Z,matched,100.0
0x416690,41,src/game/console_commands_416240.cpp,?CmdLOSType@@YGXH@Z,matched,100.0
0x4166c0,66,src/game/console_commands_416240.cpp,?CmdLight@@YGXPAVCommandArgs@@@Z,matched,100.0
0x416710,19,src/game/console_commands_416240.cpp,?CmdRCache@@YGXH@Z,matched,100.0
0x416730,74,src/game/console_commands_416240.cpp,?CmdEdge@@YGXPAVCommandArgs@@@Z,matched,100.0
0x416780,108,src/game/console_commands_416240.cpp,?CmdSearch@@YGXPAVCommandArgs@@@Z,matched,100.0
0x4167f0,32,src/game/console_commands_416240.cpp,?CmdCDPlay@@YGXPAVCommandArgs@@@Z,matched,100.0
0x416810,16,src/game/console_commands_416240.cpp,?CmdCDStop@@YGXH@Z,matched,100.0
0x416820,61,src/game/console_commands_416240.cpp,?CmdSound3D@@YGXH@Z,matched,100.0
0x416860,100,src/game/console_commands_416240.cpp,?CmdMove@@YGXPAVCommandArgs@@@Z,matched,100.0
0x4168d0,253,src/game/console_commands_4168d0.cpp,?CmdLogo@@YGXPAVCommandArgs@@@Z,matched,100.0
0x4169d0,92,src/game/console_commands_4168d0.cpp,?CmdIWin@@YGXPAVCommandArgs@@@Z,matched,100.0
0x416a30,86,src/game/console_commands_4168d0.cpp,?CmdILose@@YGXPAVCommandArgs@@@Z,matched,100.0
0x416a90,28,src/game/console_commands_4168d0.cpp,?CmdSeaLevel@@YGXPAVCommandArgs@@@Z,matched,100.0
0x416ab0,146,src/game/console_commands_4168d0.cpp,?CmdControl@@YGXPAVCommandArgs@@@Z,matched,100.0
0x416b50,123,src/game/console_commands_4168d0.cpp,?CmdView@@YGXPAVCommandArgs@@@Z,matched,100.0
0x416bd0,284,src/game/console_commands_4168d0.cpp,?CmdGive@@YGXPAVCommandArgs@@@Z,matched,100.0
0x416cf0,33,src/game/console_commands_4168d0.cpp,?CmdScrollSpeed@@YGXPAX@Z,matched,100.0
0x416d20,33,src/game/console_commands_4168d0.cpp,?CmdIFace@@YGXPAX@Z,matched,100.0
0x416d50,46,src/game/console_commands_4168d0.cpp,?CmdLOS@@YGXH@Z,matched,100.0
0x416d80,46,src/game/console_commands_4168d0.cpp,?CmdMapping@@YGXH@Z,matched,100.0
0x416db0,66,src/game/console_commands_4168d0.cpp,?CmdContour@@YGXPAVCommandArgs@@@Z,matched,100.0
0x416e00,34,src/game/console_commands_4168d0.cpp,?CmdSelBoxes@@YGXH@Z,matched,100.0
0x416e30,34,src/game/console_commands_4168d0.cpp,?CmdTreeDeath@@YGXH@Z,matched,100.0
0x416e60,34,src/game/console_commands_4168d0.cpp,?CmdNoShake@@YGXH@Z,matched,100.0
0x416e90,410,src/game/console_commands_4168d0.cpp,?CmdNow@@YGXPAVCommandArgs@@@Z,matched,100.0
0x417030,37,src/game/console_commands_4168d0.cpp,?CmdDoubleShot@@YGXH@Z,matched,100.0
0x417060,37,src/game/console_commands_4168d0.cpp,?CmdHalfShot@@YGXH@Z,matched,100.0
0x417090,37,src/game/console_commands_4168d0.cpp,?CmdRadar@@YGXH@Z,matched,100.0
0x4170c0,99,src/game/console_commands_4168d0.cpp,?CmdATM@@YGXPAVCommandArgs@@@Z,matched,100.0
0x417130,20,src/game/console_commands_4168d0.cpp,?CmdScreenChat@@YGXH@Z,matched,100.0
0x417150,157,src/game/console_commands_4168d0.cpp,?CmdNoMetal@@YGXPAVCommandArgs@@@Z,matched,100.0
0x4171f0,157,src/game/console_commands_4168d0.cpp,?CmdNoEnergy@@YGXPAVCommandArgs@@@Z,matched,100.0
0x417290,71,src/game/console_commands_4168d0.cpp,?CmdGamma@@YGXPAVCommandArgs@@@Z,matched,100.0
0x4172e0,21,src/game/console_commands_4168d0.cpp,?CmdSing@@YGXH@Z,matched,100.0
0x417300,39,src/game/console_commands_4168d0.cpp,?CmdClock@@YGXH@Z,matched,100.0
0x417330,175,src/game/console_commands_4168d0.cpp,?CmdFilm@@YGXPAVCommandArgs@@@Z,matched,100.0
0x4173e0,77,src/game/console_commands_4168d0.cpp,?CmdFilmSpeed@@YGXPAVCommandArgs@@@Z,matched,100.0
0x417430,89,src/game/console_commands_417430.cpp,?CmdSave@@YGXPAVCommandArgs@@@Z,matched,100.0
0x417490,55,src/game/console_commands_417430.cpp,?CmdReload@@YGXPAVCommandArgs@@@Z,matched,100.0
0x4174d0,8,src/game/console_commands_417430.cpp,?CmdReloadAIProfiles@@YGXH@Z,matched,100.0
0x4174e0,62,src/game/console_commands_417430.cpp,?CmdBigBrother@@YGXH@Z,matched,100.0
0x417520,27,src/game/console_commands_417430.cpp,?CmdProfile@@YGXPAX@Z,matched,100.0
0x417540,38,src/game/console_commands_417430.cpp,?CmdNowISee@@YGXPAX@Z,matched,100.0
0x417570,103,src/game/console_commands_417430.cpp,?CmdNetStats@@YGXH@Z,matched,100.0
0x4175e0,30,src/game/console_commands_417430.cpp,?CmdMusicMode@@YGXPAX@Z,matched,100.0
0x417600,347,src/game/console_commands_417430.cpp,?CmdMakePoster@@YGXPAVCommandArgs@@@Z,matched,100.0
0x417760,50,src/game/console_commands_417430.cpp,?CmdMeteor@@YGXPAVCommandArgs@@@Z,matched,100.0
0x4177a0,52,src/game/console_commands_417430.cpp,?CmdDrop@@YGXPAVCommandArgs@@@Z,matched,100.0
0x4177e0,171,src/game/console_commands_417430.cpp,?CmdInclude@@YGXPAVCommandArgs@@@Z,matched,100.0
0x417890,460,src/game/console_commands_417430.cpp,?FUN_00417890@@YGXPAVCommandArgs@@@Z,matched,100.0
0x417a60,232,src/game/console_commands_417430.cpp,?CmdDebugBreak@@YGXPAVCommandArgs@@@Z,matched,100.0
0x417b50,90,src/game/console_commands_417430.cpp,?FUN_00417b50@@YGXPADH@Z,matched,100.0
0x417bb0,78,src/game/console_commands_417430.cpp,?FUN_00417bb0@@YGXPAUPos_00417bb0@@PAH1@Z,matched,100.0
0x417c00,106,src/game/console_commands_417430.cpp,?FUN_00417c00@@YGXHHPAH0@Z,matched,100.0
0x417c70,178,src/game/console_commands_417430.cpp,?FUN_00417c70@@YGXPAXPAUPos_00417bb0@@FFH@Z,matched,100.0
0x417d30,199,src/game/console_commands_417430.cpp,?FUN_00417d30@@YGXPAXUPoint16@@FFH@Z,matched,100.0
0x417e00,296,src/game/console_commands_417430.cpp,?FUN_0044ef50@Class_0044f010@@UAEXPAX@Z,matched,100.0
0x417f30,35,src/game/console_commands_417430.cpp,?FUN_00417f30@@YGXHPAPAPAVIface_00417f30@@@Z,matched,100.0
0x417f60,617,src/game/console_commands_417430.cpp,?FUN_00417f60@@YGXPAXUPoint_00417f60@@H1H1H@Z,matched,100.0
0x4181d0,315,src/game/console_commands_417430.cpp,?FUN_004181d0@@YGXPAXPAUPoint_00417f60@@PAE@Z,matched,100.0
0x418310,2203,src/game/console_commands_417430.cpp,?FUN_00418310@@YGXPAX@Z,matched,100.0
0x418bb0,177,src/game/console_commands_417430.cpp,?CmdPrintWeights@@YGXPAVCommandArgs@@@Z,matched,100.0
0x418c70,48,src/game/console_commands_417430.cpp,?CmdSenderror@@YGXPAVCommandArgs@@@Z,matched,100.0
0x418ca0,37,src/game/console_commands_417430.cpp,?CmdShootAll@@YGXH@Z,matched,100.0
0x418cd0,178,src/game/share_commands.cpp,?CmdShareMetal@@YGXH@Z,matched,100.0
0x418d90,178,src/game/share_commands.cpp,?CmdShareEnergy@@YGXH@Z,matched,100.0
0x418e50,178,src/game/share_commands.cpp,?CmdShareMapping@@YGXH@Z,matched,100.0
0x418f10,178,src/game/share_commands.cpp,?ToggleShareLos@@YGXH@Z,matched,100.0
0x418fd0,178,src/game/share_commands.cpp,?CmdShareRadar@@YGXH@Z,matched,100.0
0x419090,683,src/game/share_commands.cpp,?CmdShareAll@@YGXH@Z,matched,100.0
0x419340,192,src/game/share_commands.cpp,?CmdSetShareMetal@@YGXPAVCommandArgs@@@Z,matched,100.0
0x419400,192,src/game/share_commands.cpp,?CmdSetShareEnergy@@YGXPAVCommandArgs@@@Z,matched,100.0
0x4194c0,15,src/game/share_commands.cpp,?CmdShowRanges@@YGXH@Z,matched,100.0
0x4194d0,109,src/game/share_commands.cpp,?CmdCompression@@YGXH@Z,matched,100.0
0x419540,15,src/game/share_commands.cpp,?CmdBPS@@YGXH@Z,matched,100.0
0x419550,10,src/game/share_commands.cpp,?CmdSFX@@YGXH@Z,matched,100.0
0x419560,138,src/ingame/control_panel.cpp,?FUN_00419560@@YGXXZ,matched,100.0
0x4195f0,61,src/ingame/control_panel.cpp,?CopyMenuEntryName@@YGXPADG@Z,matched,100.0
0x419630,53,src/ingame/control_panel.cpp,?MenuEntryNameContains@@YGHPAUMenuEntry@@PADH@Z,matched,100.0
0x419670,341,src/ingame/control_panel.cpp,?IssueMobileBuildOrders@@YGXPAUArg_00419670@@@Z,matched,100.0
0x4197d0,368,src/ingame/control_panel.cpp,?FUN_004197d0@@YGHXZ,matched,100.0
0x419940,98,src/ingame/control_panel.cpp,?SetBuildCountText@@YGXPAUMenu@@GH@Z,matched,100.0
0x4199b0,260,src/ingame/control_panel.cpp,?RefreshBuildCountTexts@@YGXPAUMenu@@PAUUnit@@@Z,matched,100.0
0x419ac0,64,src/ingame/control_panel.cpp,?UpdateOnOffButton@@YGXPAUUnit@@@Z,matched,100.0
0x419b00,179,src/ingame/control_panel.cpp,?QueueBuildOrder@@YGXPADPAUUnit@@H@Z,matched,100.0
0x419bc0,30,src/ingame/control_panel.cpp,?FUN_00419bc0@@YGXE@Z,matched,100.0
0x419be0,1329,src/ingame/control_panel.cpp,?HandleOrderButtonClick@@YGHPAUMenuEntry@@0@Z,matched,100.0
0x41a120,880,src/ingame/control_panel.cpp,?RefreshOrderButtons@@YGXPAUUnit@@@Z,matched,100.0
0x41a490,1168,src/ingame/control_panel.cpp,?HandleOrdersPanelClick@@YGHPAUMenu@@PAUMenuEntry@@@Z,matched,100.0
0x41a920,213,src/ingame/control_panel.cpp,?SetPrevNextGadgetNames@@YGXPAUUnit@@@Z,matched,100.0
0x41aa00,646,src/ingame/control_panel.cpp,?HandleBuildPanelClick@@YGXPAUMenu@@@Z,matched,100.0
0x41ac90,74,src/ingame/control_panel.cpp,?FUN_0041ac90@@YGXPAUMenu@@@Z,matched,100.0
0x41ace0,1030,src/ingame/control_panel.cpp,?OpenBuildMenuGui@@YGXPAUUnit@@PADH@Z,matched,100.0
0x41b0f0,260,src/ingame/control_panel.cpp,?OpenGeneratorDialog@@YGXPAUUnit@@@Z,matched,100.0
0x41b200,34,src/ingame/control_panel.cpp,?FUN_0041b200@@YGHPAUUnit@@@Z,matched,100.0
0x41b230,109,src/ingame/control_panel.cpp,?BuildEntryGuiName@@YGXPADGH@Z,matched,100.0
0x41b2a0,56,src/ingame/control_panel.cpp,?FUN_0041b2a0@@YGPAUUnit@@XZ,matched,100.0
0x41b2e0,1512,src/ingame/control_panel_41b2e0.cpp,?RefreshSelectionOrders@@YGXXZ,matched,100.0
0x41b8d0,388,src/ingame/control_panel.cpp,?FinishConstruction@@YGXPAUUnit@@0@Z,matched,100.0
0x41ba60,624,src/ingame/control_panel.cpp,?AddBuildProgress@@YGHPAUUnit@@0M@Z,matched,100.0
0x41bcd0,51,src/ingame/control_panel.cpp,?FUN_0041bcd0@@YGXPAUUnit@@H@Z,matched,100.0
0x41bd10,203,src/ingame/control_panel.cpp,?FUN_0041bd10@@YGHPAUUnit@@0M@Z,matched,100.0
0x41bde0,299,src/ingame/control_panel_41bde0.cpp,?StepBuildMenuPage@@YGXH@Z,matched,100.0
0x41bf10,325,src/ingame/control_panel.cpp,?StepBuildMenuPageBack@@YGXH@Z,matched,100.0
0x41c060,173,src/ingame/control_panel.cpp,?OpenBuildMenuPage@@YGXH@Z,matched,100.0
0x41c110,52,src/ingame/control_panel.cpp,?FUN_0041c110@@YGXPAUUnit@@@Z,matched,100.0
0x41c150,40,src/ingame/control_panel.cpp,?FUN_0041c150@@YGXPAUUnit@@@Z,matched,100.0
0x41c180,300,src/ingame/control_panel.cpp,?FUN_0041c180@@YGXXZ,matched,100.0
0x41c2b0,43,src/ingame/control_panel.cpp,?FUN_0041c2b0@@YGXXZ,matched,100.0
0x41c2e0,38,src/ingame/control_panel.cpp,?FUN_0041c2e0@@YGXH@Z,matched,100.0
0x41c310,118,src/ingame/control_panel.cpp,?FindLocalCommander@@YGXXZ,matched,100.0
0x41c390,40,src/ingame/control_panel.cpp,?FUN_0041c390@@YAXXZ,matched,100.0
0x41c3c0,137,src/ingame/control_panel.cpp,?ClampCameraPosition@@YGXXZ,matched,100.0
0x41c450,105,src/ingame/control_panel.cpp,?ClampCameraTarget@@YGXXZ,matched,100.0
0x41c4c0,280,src/ingame/control_panel.cpp,?SetCameraPosition@@YGXHHH@Z,matched,100.0
0x41c5e0,96,src/ingame/control_panel.cpp,?StartScreenShake@@YGXHHH@Z,matched,100.0
0x41c640,170,src/ingame/control_panel.cpp,?FUN_0041c640@@YGXHHH@Z,matched,100.0
0x41c6f0,200,src/ingame/control_panel.cpp,?UpdateScreenShake@@YGXXZ,matched,100.0
0x41c7c0,273,src/ingame/control_panel.cpp,?CenterCameraOnPoint@@YGXHHH@Z,matched,100.0
0x41c8e0,294,src/ingame/control_panel.cpp,?CenterCameraOnMapPosition@@YGXPAUVec3@@H@Z,matched,100.0
0x41ca10,587,src/ingame/control_panel.cpp,?UpdateCameraFollow@@YGXXZ,matched,100.0
0x41cc60,177,src/ingame/control_panel.cpp,?BeginMouseScroll@@YGXXZ,matched,100.0
0x41cd20,37,src/ingame/control_panel.cpp,?EndMouseScroll@@YGXXZ,matched,100.0
0x41cd50,315,src/ingame/control_panel.cpp,?UpdateMouseScroll@@YGXXZ,matched,100.0
0x41ce90,602,src/ingame/control_panel.cpp,?UpdateEdgeScroll@@YGXXZ,matched,100.0
0x41d0f0,247,src/ingame/camera.cpp,?CenterCameraOnRadarClick@@YGXXZ,matched,100.0
0x41d1f0,179,src/ingame/camera.cpp,?CenterCameraOnStartPosition@@YGXXZ,matched,100.0
0x41d2b0,163,src/ingame/camera.cpp,?ReadCameraPosition@@YGXPAVHapiBank@@@Z,matched,100.0
0x41d360,70,src/ingame/camera.cpp,?WriteCameraPosition@@YGXPAVHapiBank@@@Z,matched,100.0
0x41d3b0,59,src/ingame/camera.cpp,?SaveCameraPosition@@YGXH@Z,matched,100.0
0x41d3f0,161,src/ingame/camera.cpp,?RestoreCameraPosition@@YGXH@Z,matched,100.0
0x41d4a0,12,src/ingame/camera.cpp,?SetCommandLineUnusedFlagL@@YGXH@Z,matched,100.0
0x41d4b0,12,src/ingame/camera.cpp,?SetBypassDriveScan@@YGXH@Z,matched,100.0
0x41d4c0,471,src/game/cd_check.cpp,?RegisterDataArchives@@YGXXZ,matched,100.0
0x41d6a0,271,src/game/cd_check.cpp,?FindGameCdDrive@@YGDH@Z,matched,100.0
0x41d7b0,229,src/game/cd_check.cpp,?BuildCdFilePath@@YGPADPADPBD11@Z,matched,100.0
0x41d8a0,6,src/game/cd_check.cpp,?FUN_0041d8a0@@YGHXZ,matched,100.0
0x41d8b0,6,src/game/cd_check.cpp,?GetCdPathMismatch@@YGHXZ,matched,100.0
0x41d8c0,81,src/game/cd_check.cpp,?AllocZeroedWithTickOffset@@YGPAXI@Z,matched,100.0
0x41d920,203,src/frontend/endgame.cpp,?CreateGameObject@@YGXXZ,matched,100.0
0x41d9f0,24,src/frontend/endgame.cpp,?FUN_0041d9f0@@YGXI@Z,matched,100.0
0x41da10,26,src/frontend/endgame.cpp,?FUN_0041da10@@YGXHHH@Z,matched,100.0
0x41da30,40,src/frontend/endgame.cpp,?FUN_0041da30@@YGXXZ,matched,100.0
0x41da60,435,src/frontend/endgame.cpp,?SetUpEndMissionScreen@@YGXXZ,matched,100.0
0x41dee0,50,src/frontend/endgame.cpp,?StartScreenFade@@YGXXZ,matched,100.0
0x41df20,150,src/frontend/endgame.cpp,?StepScreenFade@@YGXXZ,matched,100.0
0x41dfc0,633,src/frontend/endgame.cpp,?StartPaletteFade@@YGXPAE0H@Z,matched,100.0
0x41e240,19,src/frontend/endgame.cpp,?FUN_0041e240@@YGXXZ,matched,100.0
0x41e260,12,src/frontend/endgame.cpp,?IsFadeDone@@YGHXZ,matched,100.0
0x41e270,430,src/frontend/endgame.cpp,?StepPaletteFade@@YGXXZ,matched,100.0
0x41e420,1544,src/frontend/endgame.cpp,?FillEndGameStatistics@@YGXXZ,matched,100.0
0x41ea30,97,src/frontend/endgame.cpp,?FUN_0041ea30@@YGHXZ,matched,100.0
0x41eaa0,192,src/frontend/endgame.cpp,?BuildScrollItems1@@YGPADPAD0H@Z,matched,100.0
0x41eb60,238,src/frontend/endgame.cpp,?BuildScrollItems2@@YGPADPADHH@Z,matched,100.0
0x41ec50,1008,src/frontend/endgame.cpp,?HandleEndMissionClick@@YGXPAUMenu@@@Z,matched,100.0
0x41f040,96,src/frontend/endgame.cpp,?FUN_0041f040@@YGHXZ,matched,100.0
0x41f0a0,852,src/frontend/endgame.cpp,?OpenEndMissionScreen@@YGXXZ,matched,100.0
0x41f400,439,src/frontend/endgame.cpp,?EnableEndMissionButtons@@YGXXZ,matched,100.0
0x41f5c0,99,src/frontend/endgame.cpp,?FUN_0041f5c0@@YGXPAD@Z,matched,100.0
0x41f630,78,src/frontend/endgame.cpp,?ShowEndMissionScreen@@YGXXZ,matched,100.0
0x41f680,116,src/frontend/endgame.cpp,?HandleCdCheckClick@@YGXPAUMenu@@@Z,matched,100.0
0x41f700,81,src/frontend/endgame.cpp,?OpenCdCheckDialog@@YGXXZ,matched,100.0
0x41f760,131,src/frontend/endgame.cpp,?FUN_0041f760@@YGHXZ,matched,100.0
0x41f7f0,3580,src/frontend/endgame.cpp,?RunEndGameState@@YGXXZ,matched,100.0
0x4205f0,24,src/frontend/endgame.cpp,?FUN_004205f0@@YGXXZ,matched,100.0
0x420610,10,src/frontend/endgame.cpp,?FUN_00420610@@YAXXZ,matched,100.0
0x420620,766,src/weapons/explosions_420620.cpp,?InitExplosions@@YGXXZ,matched,100.0
0x420920,64,src/weapons/explosions_420620.cpp,?AllocExplodePieceObject@@YGPAUObject3D@@XZ,matched,100.0
0x420960,193,src/weapons/explosions_420620.cpp,?FreeExplosions@@YGXXZ,matched,100.0
0x420a30,194,src/weapons/explosions_420620.cpp,?AddExplosionEffect@@YGXPAUVec3@@PAUGafSequence@@HH@Z,matched,100.0
0x420b00,420,src/weapons/explosions_420620.cpp,?DrawExplosions@@YGXPAX@Z,matched,100.0
0x420cb0,99,src/weapons/explosions_420620.cpp,?BuildCalcedExplosion@@YGPAUExplosion@@HHH@Z,matched,100.0
0x420e50,224,src/weapons/explosions_420620.cpp,?ExplodeUnitPieces@@YGXPAUUnit@@@Z,matched,100.0
0x420f30,536,src/weapons/explosions_420620.cpp,?UpdateExplosions@@YGXXZ,matched,100.0
0x421150,28,src/weapons/explosions_420620.cpp,?FindFreeExplodedPieceSlot@@YGHXZ,matched,100.0
0x421170,37,src/weapons/explosions_420620.cpp,?UpdateExplodedPieces@@YGXXZ,matched,100.0
0x4211a0,46,src/weapons/explosions_420620.cpp,?DrawExplodedPieces@@YGXPAX@Z,matched,100.0
0x4211d0,469,src/weapons/explosions_420620.cpp,?DrawExplodedPieceFaces@@YGXPAXPAUExplodedPiece@@PAUPieceRec@@@Z,matched,100.0
0x4213b0,409,src/weapons/explosions_420620.cpp,?UpdateExplodedPiece@@YGHPAUExplodedPiece@@@Z,matched,100.0
0x421550,196,src/weapons/explosions_420620.cpp,?DrawExplodedPiece@@YGHPAXPAUExplodedPiece@@@Z,matched,100.0
0x421620,210,src/weapons/explosions_420620.cpp,?StartExplodePiece@@YGXPAUExplodedPiece@@@Z,matched,100.0
0x421700,1692,src/weapons/explosions_420620.cpp,?BreakPieceIntoDebris@@YGXPAUExplodedPiece@@@Z,matched,100.0
0x421da0,178,src/weapons/explosions_420620.cpp,?FindFeatureAtPos@@YGGPAUVec3@@PAUPoint16@@1@Z,matched,100.0
0x421e60,67,src/map/features_421e60.cpp,?GetCellFeature@@YGGPAUCell_00421e60@@@Z,matched,100.0
0x421eb0,108,src/map/features_421eb0.cpp,?GetFootprintCentre@@YG?AUPos_00421eb0@@PAUCell_00421eb0@@PAUFeatureDef_00421eb0@@@Z,matched,100.0
0x421f20,288,src/map/features_421f20.cpp,?InitFeatureAnimPool@@YGXPAUList_00421f20@@@Z,matched,100.0
0x422040,298,src/map/features_422040.cpp,?StampFeatureMetal@@YGXXZ,matched,100.0
0x422170,306,src/map/features_422170.cpp,?FreeFeaturePool@@YGXXZ,matched,100.0
0x4222b0,38,src/map/features_4222b0.cpp,?FindOptionalGafEntry@@YGPAXPAXHPAD@Z,matched,100.0
0x4222e0,254,src/map/features_4222e0.cpp,?LoadFeatureFileList@@YGXXZ,matched,100.0
0x4223e0,127,src/map/features_4223e0.cpp,?FreeFeatureFileList@@YGXXZ,matched,100.0
0x422460,74,src/map/features_422460.cpp,?FindFeatureFile@@YGPAVTdfFile@@PAD@Z,matched,100.0
0x4224b0,2324,src/map/features_4224b0.cpp,?LoadFeatureType@@YGHPAD@Z,matched,100.0
0x422dd0,97,src/map/features_422dd0.cpp,?FindFeatureType@@YGFPAD@Z,matched,100.0
0x422e40,95,src/map/features_422e40.cpp,?FindOrLoadFeatureType@@YGGPAD@Z,matched,100.0
0x422ea0,704,src/map/features_422ea0.cpp,?ResolveFeatureLinks@@YGXXZ,matched,100.0
0x423160,305,src/map/features_423160.cpp,?PlaceMissionFeatures@@YGXXZ,matched,100.0
0x4232a0,68,src/map/features_4232a0.cpp,?AllocFeatureSpot@@YGHXZ,matched,100.0
0x4232f0,175,src/map/features_4232f0.cpp,?MoveFeatureSpot@@YGXHPAH@Z,matched,100.0
0x4233a0,422,src/map/features_4233a0.cpp,?StartFeatureBurning@@YGXHHH@Z,matched,100.0
0x423550,433,src/map/features_423550.cpp,?KillFeature@@YGXHHH@Z,matched,100.0
0x423710,185,src/map/features_423710.cpp,?ReplaceFeatureWithDead@@YGXHHH@Z,matched,100.0
0x4237d0,488,src/map/features_4237d0.cpp,?ReclaimFeature@@YGHPAUUnit@@PAUVec3_004237d0@@@Z,matched,100.0
0x4239c0,559,src/map/features_4239c0.cpp,?SpreadFire@@YGXPAUFeature_004239c0@@PAUPoint16_004239c0@@@Z,matched,100.0
0x423bf0,88,src/map/features_423bf0.cpp,?ReplaceFeatureWithBurnt@@YGXPAUObj_00423bf0@@@Z,matched,100.0
0x423c50,1012,src/map/features_423c50.cpp,?PlaceFeature@@YGPAUSpot_00423c50@@PAUCell_00423c50@@GPAUVec3_00423c50@@PAURot16_00423c50@@E@Z,matched,100.0
0x424050,1117,src/map/features_424050.cpp,?UpdateFeatures@@YGXXZ,matched,100.0
0x4244b0,505,src/map/features_4244b0.cpp,?DamageFeature@@YGXPAUCell_004244b0@@HHPAUWeapon_004244b0@@@Z,matched,100.0
0x4246b0,387,src/map/features_4246b0.cpp,?RemoveFeature@@YGHPAUCell_004246b0@@H@Z,matched,100.0
0x424840,78,src/map/features_424840.cpp,?RemoveAllFeatures@@YGXXZ,matched,100.0
0x424890,874,src/map/features_424890.cpp,?SaveFeatures@@YGXPAVHapiBank@@@Z,matched,100.0
0x424c00,1496,src/map/features_424c00.cpp,?LoadFeatures@@YGXPAVHapiBank@@@Z,matched,100.0
0x4251e0,3,src/map/features_4251e0.cpp,?_Destroy@?$vector@PAVTdfFile@@V?$allocator@PAVTdfFile@@@std@@@std@@IAEXPAPAVTdfFile@@0@Z,matched,100.0
0x4251f0,18,src/map/features_4251f0.cpp,?size@?$vector@GV?$allocator@G@std@@@std@@QBEIXZ,matched,100.0
0x425210,544,src/map/features_425210.cpp,?insert@?$vector@GV?$allocator@G@std@@@std@@QAEXPAGIABG@Z,matched,100.0
0x425430,52,src/map/features_425430.cpp,?erase@?$vector@GV?$allocator@G@std@@@std@@QAEPAGPAG0@Z,matched,100.0
0x425470,3,src/map/features_425470.cpp,?_Destroy@?$vector@GV?$allocator@G@std@@@std@@IAEXPAG0@Z,matched,100.0
0x425480,537,src/map/features_425480.cpp,?insert@?$vector@PAVTdfFile@@V?$allocator@PAVTdfFile@@@std@@@std@@QAEXPAPAVTdfFile@@IABQAV3@@Z,matched,100.0
0x4256a0,44,src/map/features_4256a0.cpp,?copy@std@@YGPAGPAG00@Z,matched,100.0
0x4256d0,90,src/frontend/frontend_4256d0.cpp,?CheckFrontendStateChange@@YGXHPAD@Z,matched,100.0
0x425730,26,src/frontend/frontend_425730.cpp,?SetFrontendErrorText@@YGXPAD@Z,matched,100.0
0x425750,66,src/frontend/frontend_425750.cpp,?ShowFrontendErrorText@@YGXXZ,matched,100.0
0x4257a0,31,src/frontend/frontend_4257a0.cpp,?BlankScreen@@YGXXZ,matched,100.0
0x4257c0,19,src/frontend/frontend_4257c0.cpp,?FlushKeyQueue@@YGXXZ,matched,100.0
0x4257e0,121,src/frontend/frontend_4257e0.cpp,?SetFrontendSubState@@YGXDHPAD@Z,matched,100.0
0x425860,201,src/frontend/frontend_425860.cpp,?SetFrontendState@@YGXDHPAD@Z,matched,100.0
0x425930,128,src/frontend/frontend_425930.cpp,?ApplyPendingSubState@@YGXXZ,matched,100.0
0x4259b0,219,src/frontend/frontend_4259b0.cpp,?ResetFrontendState@@YGXXZ,matched,100.0
0x425a90,196,src/frontend/frontend_425a90.cpp,?EnterMainMenuState@@YGXXZ,matched,100.0
0x425b60,32,src/frontend/frontend_425b60.cpp,?FUN_00425b60@@YGXXZ,matched,100.0
0x425b80,497,src/frontend/frontend_425b80.cpp,?UpdateMenuSparks@@YGXXZ,matched,100.0
0x425d80,1034,src/frontend/frontend_425d80.cpp,?HandleMainMenuClick@@YGXPAUGadget_00425d80@@@Z,matched,100.0
0x426190,100,src/frontend/frontend_426190.cpp,?HandleCloseCdPlayerChoice@@YGXPAUGadget_00426190@@@Z,matched,100.0
0x426200,420,src/frontend/frontend_426200.cpp,?OpenCloseCdPlayerDialog@@YGXXZ,matched,100.0
0x4263b0,971,src/frontend/frontend_4263b0.cpp,?OpenMainMenu@@YGXXZ,matched,100.0
0x426780,289,src/frontend/frontend_426780.cpp,?PlayMovie@@YGXPAD@Z,matched,100.0
0x4268b0,275,src/frontend/frontend_4268b0.cpp,?LoadWarpLevel@@YGXH@Z,matched,100.0
0x4269d0,842,src/frontend/frontend_4269d0.cpp,?HandleFrontendDebugKey@@YGXXZ,matched,100.0
0x426d20,339,src/frontend/frontend_426d20.cpp,?ConnectToService@@YGHXZ,matched,100.0
0x426e80,6310,src/frontend/frontend_426e80.cpp,?RunFrontendStateMachine@@YGXXZ,matched,100.0
0x428730,116,src/frontend/frontend_428730.cpp,?FreePictureCache@@YGXXZ,matched,100.0
0x4287b0,17,src/frontend/frontend_4287b0.cpp,?ClearPictureCache@@YGXXZ,matched,100.0
0x4287d0,116,src/frontend/frontend_4287d0.cpp,?FindCachedPicturePalette@@YGPAHPBD@Z,matched,100.0
0x428850,116,src/frontend/frontend_428850.cpp,?FindCachedPicture@@YGHPAD@Z,matched,100.0
0x4288d0,646,src/frontend/frontend_4288d0.cpp,?LoadPictureCached@@YGHPBDHHH@Z,matched,100.0
0x428b60,66,src/frontend/frontend_428b60.cpp,?FUN_00428b60@@YGXXZ,matched,100.0
0x428bb0,1,src/frontend/frontend_428bb0.cpp,?FUN_00428bb0@@YGXXZ,matched,100.0
0x428bc0,3,src/frontend/frontend_428bc0.cpp,?CodeChecksumFailed@@YGHXZ,matched,100.0
0x428bd0,1,src/frontend/frontend_428bd0.cpp,?FUN_00428bd0@@YGXXZ,matched,100.0
0x428be0,1,src/frontend/frontend_428be0.cpp,?FUN_00428be0@@YGXXZ,matched,100.0
0x428bf0,1,src/frontend/frontend_428bf0.cpp,?FUN_00428bf0@@YGXXZ,matched,100.0
0x428c00,6,src/frontend/frontend_428c00.cpp,?FUN_00428c00@@YGHXZ,matched,100.0
0x428c10,6,src/frontend/frontend_428c10.cpp,?FUN_00428c10@@YGHXZ,matched,100.0
0x428c20,6,src/frontend/frontend_428c20.cpp,?FUN_00428c20@@YGHXZ,matched,100.0
0x428c30,1,src/frontend/frontend_428c30.cpp,?FUN_00428c30@@YGXXZ,matched,100.0
0x428c40,1,src/frontend/frontend_428c40.cpp,?FUN_00428c40@@YGXXZ,matched,100.0
0x428c50,1,src/frontend/frontend_428c50.cpp,?FUN_00428c50@@YGXXZ,matched,100.0
0x428c60,47,src/ai/ai_profile.cpp,??0AIProfileParser@@QAE@XZ,matched,100.0
0x428c90,57,src/ai/ai_profile.cpp,?SetBuffer@AIProfileParser@@QAEXPADH@Z,matched,100.0
0x428cd0,63,src/ai/ai_profile.cpp,?NextToken@AIProfileParser@@QAEHXZ,matched,100.0
0x428d10,378,src/ai/ai_profile.cpp,?ScanToken@AIProfileParser@@QAEHXZ,matched,100.0
0x428e90,164,src/ai/ai_profile.cpp,?ReadInt@AIProfileParser@@QAEHXZ,matched,100.0
0x428f40,22,src/ai/ai_profile.cpp,?TokenEquals@AIProfileParser@@QAE_NPAD@Z,matched,100.0
0x428f60,86,src/ai/ai_profile.cpp,?ReportParseError@AIProfileParser@@QAEXPAD@Z,matched,100.0
0x428fc0,21,src/ai/ai_profile.cpp,?ProtectUnitDefsReadOnly@@YGXXZ,matched,100.0
0x428fe0,21,src/ai/ai_profile.cpp,?ProtectUnitDefsReadWrite@@YGXXZ,matched,100.0
0x429000,235,src/game/data_files_429000.cpp,?CheckGpfVersion@@YGXXZ,matched,100.0
0x4290f0,402,src/game/data_files_4290f0.cpp,?BuildDataPath@@YGPADPAD000@Z,matched,100.0
0x429290,78,src/game/data_files_429290.cpp,?LoadBitmapByName@@YGPAXPBDH@Z,matched,100.0
0x4292e0,72,src/game/data_files_4292e0.cpp,?LoadFontByName@@YGPAXPBD@Z,matched,100.0
0x429330,310,src/game/data_files_429330.cpp,?LoadPaletteByName@@YGPAXPAD@Z,matched,100.0
0x429470,317,src/game/data_files_429470.cpp,?FUN_00429470@@YGHPADPBD@Z,matched,100.0
0x4295b0,168,src/game/data_files_4295b0.cpp,?FUN_004295b0@@YGPAUBitmap_004b8da0@@PADPAH1@Z,matched,100.0
0x429660,151,src/game/data_files_429660.cpp,?FUN_00429660@@YGPADPAD@Z,matched,100.0
0x429700,334,src/game/data_files_429700.cpp,?LoadAnimGaf@@YGPAXPAD@Z,matched,100.0
0x429850,18,src/game/data_files_429850.cpp,?FUN_00429850@@YGXHPAD@Z,matched,100.0
0x429870,1938,src/game/data_files_429870.cpp,?LoadGameResources@@YGXXZ,matched,100.0
0x42a010,204,src/game/data_files_42a010.cpp,?FreeAnimFiles@@YGXXZ,matched,100.0
0x42a0e0,89,src/game/data_files_42a0e0.cpp,?AddAnimplayPointer@@YGXPAX@Z,matched,100.0
0x42a140,378,src/game/data_files_42a140.cpp,?FUN_0042a140@@YGXPAUModel_0042a140@@PBD@Z,matched,100.0
0x42a2c0,88,src/game/data_files_42a2c0.cpp,?LoadObject3d@@YGPAXPBD@Z,matched,100.0
0x42a320,144,src/game/data_files_42a320.cpp,?LoadGameFonts@@YGXXZ,matched,100.0
0x42a3b0,73,src/game/data_files_42a3b0.cpp,?FUN_0042a3b0@@YGXXZ,matched,100.0
0x42a400,50,src/game/data_files_42a400.cpp,?FUN_0042a400@@YGHXZ,matched,100.0
0x42a440,295,src/game/data_files_42a440.cpp,?LoadTextureGafs@@YGXXZ,matched,100.0
0x42a570,159,src/game/data_files_42a570.cpp,?FUN_0042a570@@YGXXZ,matched,100.0
0x42a610,596,src/game/data_files_42a610.cpp,?FUN_0042a610@@YGXPAUDef_0042a610@@@Z,matched,100.0
0x42a870,95,src/game/data_files_42a870.cpp,??_ETdfFile@@QAEPAXI@Z,matched,100.0
0x42b370,2375,src/units/unit_types.cpp,??4UnitDef@@QAEAAV0@ABV0@@Z,matched,100.0
0x42bcc0,77,src/units/unit_types.cpp,?FreeUnitInfo@@YGXXZ,matched,100.0
0x42bd10,46,src/units/unit_types.cpp,?RefreshUnitInfo@@YGXXZ,matched,100.0
0x42bd40,225,src/units/unit_types.cpp,?CheckDownloadableFlags@@YGXXZ,matched,100.0
0x42be30,262,src/units/unit_types.cpp,?AddDownloadBuildOptions@@YGXXZ,matched,100.0
0x42bf40,4772,src/units/unit_types.cpp,?LoadUnitFbi@@YGXPADPAVUnitDef@@@Z,matched,100.0
0x42d1f0,239,src/units/unit_types.cpp,?ReloadUnitType@@YGXG@Z,matched,100.0
0x42d2e0,2173,src/units/unit_types.cpp,?LoadUnitTypes@@YGXXZ,matched,100.0
0x42db60,36,src/units/unit_types.cpp,?CompareUnitTypeNames@@YGHPBD0@Z,matched,100.0
0x42db90,351,src/units/unit_types.cpp,?FreeUnitTypes@@YGXXZ,matched,100.0
0x42dcf0,1061,src/units/unit_types.cpp,?LoadDownloadMenus@@YGXXZ,matched,100.0
0x42e120,21,src/units/unit_types.cpp,?FreeDownloadMenus@@YGXXZ,matched,100.0
0x42e140,144,src/graphics/palette_tables.cpp,?LoadAlphaTable@@YGPAIPAX@Z,matched,100.0
0x42e1d0,144,src/graphics/palette_tables.cpp,?LoadShadeTable@@YGPAIPAX@Z,matched,100.0
0x42e260,144,src/graphics/palette_tables.cpp,?LoadLightTable@@YGPAIPAX@Z,matched,100.0
0x42e2f0,13,src/graphics/palette_tables.cpp,?MakeGrayTable@@YGXI@Z,matched,100.0
0x42e300,13,src/graphics/palette_tables.cpp,?MakeBlueTable@@YGXI@Z,matched,100.0
0x42e310,289,src/weapons/weapon_types.cpp,?LoadWeaponTypes@@YGXXZ,matched,100.0
0x42e440,3923,src/weapons/weapon_types.cpp,?LoadWeaponType@@YGXPAVClass_004c4440@@@Z,matched,100.0
0x42f3a0,167,src/weapons/weapon_types.cpp,?FreeWeaponTypes@@YGXXZ,matched,100.0
0x42f450,297,src/sound/sound_types.cpp,?ReadSoundEntry@@YGHPAUSource_0042f450@@PADPAH@Z,matched,100.0
0x42f580,448,src/sound/sound_types.cpp,?LoadSoundCategories@@YGXXZ,matched,100.0
0x42f740,149,src/sound/sound_types.cpp,?FreeSoundCategories@@YGXXZ,matched,100.0
0x42f7e0,215,src/sound/sound_types.cpp,?LoadAllSound@@YGXXZ,matched,100.0
0x42f8c0,62,src/sound/sound_types.cpp,?FreeSounds@@YGXXZ,matched,100.0
0x42f900,3,src/sound/sound_types.cpp,?FUN_0042f900@@YGXH@Z,matched,100.0
0x42f910,65,src/game/settings.cpp,?SaveTrackSettings@@YGXPAE@Z,matched,100.0
0x42f960,28,src/game/settings.cpp,?WriteGameRegistryValue@@YGXPAX0H@Z,matched,100.0
0x42f980,28,src/game/settings.cpp,?ReadGameRegistryValue@@YGHPBDPAXPAI@Z,matched,100.0
0x42f9a0,5472,src/game/settings.cpp,?LoadSettings@@YGXXZ,matched,100.0
0x430f00,2112,src/game/settings.cpp,?SaveSettings@@YGXXZ,matched,100.0
0x431740,382,src/game/settings.cpp,?ApplyUseOnlyUnits@@YGXXZ,matched,100.0
0x4318c0,94,src/game/side_data.cpp,?LoadLogos@@YGXXZ,matched,100.0
0x431920,37,src/game/side_data.cpp,?FreeLogos@@YGXXZ,matched,100.0
0x431950,199,src/game/side_data.cpp,?ReadSideRect@@YGXPAUObj_00431950@@PAHPAD2@Z,matched,100.0
0x431a20,59,src/game/side_data.cpp,?FreeSideFonts@@YGXXZ,matched,100.0
0x431a60,2737,src/game/side_data.cpp,?LoadSideData@@YGXXZ,matched,100.0
0x432520,102,src/game/settings_campaign.cpp,?OpenSummaryBank@@YGPAVHapiBank@@PAD@Z,matched,100.0
0x432590,29,src/game/settings_campaign.cpp,?FreeSummaryBank@@YGXPAVHapiBank@@@Z,matched,100.0
0x4325b0,84,src/game/settings_campaign.cpp,?OpenHapiBank@@YGPAVHapiBank@@PAD@Z,matched,100.0
0x432610,148,src/game/settings_campaign.cpp,?LoadSavedGameState@@YGHPAVHapiBank@@@Z,matched,100.0
0x4326b0,976,src/game/settings_campaign.cpp,?SaveGameFile@@YGHPAD0H@Z,matched,100.0
0x432a80,120,src/game/settings_campaign.cpp,?LoadCampaignRegistryName@@YGXHPAD@Z,matched,100.0
0x432b00,88,src/game/settings_campaign.cpp,?SaveCampaignRegistryName@@YGXHPAD@Z,matched,100.0
0x432b60,31,src/game/settings_campaign.cpp,?SaveAllMissionsSetting@@YGXXZ,matched,100.0
0x432b80,28,src/game/settings_campaign.cpp,?SaveNumSkirmishPlayers@@YGXXZ,matched,100.0
0x432ba0,56,src/map/los_tables.cpp,??1?$vector@UElem_00432be0@@V?$allocator@UElem_00432be0@@@std@@@std@@QAE@XZ,matched,100.0
0x432be0,19,src/map/los_tables.cpp,?size@?$vector@UElem_00432be0@@V?$allocator@UElem_00432be0@@@std@@@std@@QBEIXZ,matched,100.0
0x432c00,30,src/map/los_tables.cpp,?FUN_00432c00@Class_00432c00@@QAEPAXE@Z,matched,100.0
0x432c20,30,src/map/los_tables.cpp,?FUN_00432c20@Class_00432c20@@QAEPAXE@Z,matched,100.0
0x432c40,55,src/map/los_tables.cpp,?_Ucopy@?$vector@UEntry_00432cf0@@V?$allocator@UEntry_00432cf0@@@std@@@std@@IAEPAUEntry_00432cf0@@PBU3@0PAU3@@Z,matched,100.0
0x432c80,46,src/map/los_tables.cpp,?FUN_00432c80@@YGXPAUElem_432cb0@@00@Z,matched,100.0
0x432cb0,51,src/map/los_tables.cpp,?FUN_00432cb0@@YGPAUElem_432cb0@@PAU1@00@Z,matched,100.0
0x432cf0,33,src/map/los_tables.cpp,?construct@?$allocator@UEntry_00432cf0@@@std@@QAEXPAUEntry_00432cf0@@ABU3@@Z,matched,100.0
0x432d20,27,src/map/los_tables.cpp,?FUN_00432d20@Class_004c93b0@@QAEPAXPAV1@@Z,matched,100.0
0x432d40,612,src/map/los_tables_432d40.cpp,?FUN_00432d40@@YGXPAVUnitDef@@0P6GHABV1@1@ZH@Z,matched,100.0
0x432fb0,244,src/map/los_tables.cpp,?FUN_00432fb0@@YGXPAVUnitDef@@0P6GHABV1@1@ZPAX@Z,matched,100.0
0x4330b0,119,src/map/los_tables.cpp,?FUN_004330b0@LosTables@@QAEXXZ,matched,100.0
0x433130,312,src/map/los_tables_433130.cpp,?LoadLosTables@Class_00433130@@QAEXXZ,matched,100.0
0x433270,270,src/map/los_tables_433270.cpp,?FUN_00433270@LosTables@@QAEXF@Z,matched,100.0
0x433380,377,src/map/los_tables.cpp,?LoadLosTable@LosTables@@QAEXPAVTdfFile@@F@Z,matched,100.0
0x433500,19,src/map/los_tables_433500.cpp,?GetLosTable@LosTables@@QAEPAV?$vector@UElem_00434020@@V?$allocator@UElem_00434020@@@std@@@std@@H@Z,matched,100.0
0x433520,19,src/map/los_tables.cpp,?GetLosTableCount@Class_00433520@@QAEHXZ,matched,100.0
0x433540,119,src/map/los_tables.cpp,?FUN_00433540@Class_00433540@@QAEXXZ,matched,100.0
0x4335c0,19,src/map/los_tables.cpp,?GetLosLineCount@LosTable@@QAEHXZ,matched,100.0
0x4335e0,16,src/map/los_tables.cpp,?GetLosLine@Class_4335e0@@QAEHF@Z,matched,100.0
0x4335f0,194,src/map/los_tables.cpp,?FUN_004335f0@LosTable@@QAEXF@Z,matched,100.0
0x4336c0,34,src/map/los_tables.cpp,??1?$vector@UElem_004336c0@@V?$allocator@UElem_004336c0@@@std@@@std@@QAE@XZ,matched,100.0
0x4336f0,708,src/map/los_tables.cpp,?LoadLosLine@LosLine@@QAEXPAVTdfFile@@FF@Z,matched,100.0
0x4339c0,19,src/map/los_tables.cpp,?GetLosLineStepCount@LosLine@@QAEHXZ,matched,100.0
0x4339e0,36,src/map/los_tables.cpp,?GetLosLineStep@Class_004339e0@@QAEXFPAG0@Z,matched,100.0
0x433a10,24,src/map/los_tables.cpp,??0?$vector@UElem_00434020@@V?$allocator@UElem_00434020@@@std@@@std@@QAE@ABV?$allocator@UElem_00434020@@@1@@Z,matched,100.0
0x433a30,34,src/map/los_tables.cpp,??1?$vector@UElem_00434020@@V?$allocator@UElem_00434020@@@std@@@std@@QAE@XZ,matched,100.0
0x433a60,19,src/map/los_tables.cpp,?size@?$vector@UElem_00434020@@V?$allocator@UElem_00434020@@@std@@@std@@QBEIXZ,matched,100.0
0x433a80,117,src/map/los_tables_433a80.cpp,??1?$vector@UElem_00434360@@V?$allocator@UElem_00434360@@@std@@@std@@QAE@XZ,matched,100.0
0x433b00,19,src/map/los_tables.cpp,?size@?$vector@UElem_00434360@@V?$allocator@UElem_00434360@@@std@@@std@@QBEIXZ,matched,100.0
0x433b20,547,src/map/los_tables.cpp,?insert@?$vector@UElem_00434020@@V?$allocator@UElem_00434020@@@std@@@std@@QAEXPAUElem_00434020@@IABU3@@Z,matched,100.0
0x433d50,50,src/map/los_tables.cpp,?erase@?$vector@UElem_00434020@@V?$allocator@UElem_00434020@@@std@@@std@@QAEPAUElem_00434020@@PAU3@0@Z,matched,100.0
0x433d90,3,src/map/los_tables.cpp,?_Destroy@?$vector@UElem_00434020@@V?$allocator@UElem_00434020@@@std@@@std@@IAEXPAUElem_00434020@@0@Z,matched,100.0
0x433da0,16,src/map/los_tables.cpp,?deallocate@?$allocator@UElem_00434020@@@std@@QAEXPAXI@Z,matched,100.0
0x433db0,622,src/map/los_tables.cpp,?insert@?$vector@UElem_00434360@@V?$allocator@UElem_00434360@@@std@@@std@@QAEXPAUElem_00434360@@IABU3@@Z,matched,100.0
0x434020,134,src/map/los_tables_433a80.cpp,?erase@?$vector@UElem_00434360@@V?$allocator@UElem_00434360@@@std@@@std@@QAEPAUElem_00434360@@PAU3@0@Z,matched,100.0
0x4340b0,55,src/map/los_tables.cpp,?_Destroy@?$vector@UElem_00434360@@V?$allocator@UElem_00434360@@@std@@@std@@IAEXPAUElem_00434360@@0@Z,matched,100.0
0x4340f0,622,src/map/los_tables.cpp,?insert@?$vector@V?$vector@UElem_00434360@@V?$allocator@UElem_00434360@@@std@@@std@@V?$allocator@V?$vector@UElem_00434360@@V?$allocator@UElem_00434360@@@std@@@std@@@2@@std@@QAEXPAV?$vector@UElem_00434360@@V?$allocator@UElem_00434360@@@std@@@2@IABV32@@Z,matched,100.0
0x434360,134,src/map/los_tables_434360.cpp,?erase@?$vector@V?$vector@UElem_00434360@@V?$allocator@UElem_00434360@@@std@@@std@@V?$allocator@V?$vector@UElem_00434360@@V?$allocator@UElem_00434360@@@std@@@std@@@2@@std@@QAEPAV?$vector@UElem_00434360@@V?$allocator@UElem_00434360@@@std@@@2@PAV32@0@Z,matched,100.0
0x4343f0,3,src/map/los_tables.cpp,?destroy@?$allocator@UElem_00434020@@@std@@QAEXPAUElem_00434020@@@Z,matched,100.0
0x434400,36,src/map/los_tables.cpp,?destroy@?$allocator@UElem_00434360@@@std@@QAEXPAUElem_00434360@@@Z,matched,100.0
0x434430,3,src/map/los_tables.cpp,?FUN_00434430@@YGXH@Z,matched,100.0
0x434440,36,src/map/los_tables.cpp,?FUN_00434440@@YGXPAUElem_00434360@@@Z,matched,100.0
0x434470,97,src/map/los_tables.cpp,??0Elem_00434360@@QAE@ABU0@@Z,matched,100.0
0x4344e0,220,src/map/los_tables_433a80.cpp,??0?$vector@UElem_00434360@@V?$allocator@UElem_00434360@@@std@@@std@@QAE@ABV01@@Z,matched,100.0
0x4345c0,19,src/map/los_tables.cpp,?FUN_004345c0@@YGXPAH0@Z,matched,100.0
0x4345e0,386,src/map/los_tables.cpp,??4?$vector@UElem_00434020@@V?$allocator@UElem_00434020@@@std@@@std@@QAEAAV01@ABV01@@Z,matched,100.0
0x434770,586,src/map/los_tables.cpp,??4?$vector@UElem_00434360@@V?$allocator@UElem_00434360@@@std@@@std@@QAEAAV01@ABV01@@Z,matched,100.0
0x4349c0,46,src/map/los_tables.cpp,?_Ucopy@?$vector@UElem_00434020@@V?$allocator@UElem_00434020@@@std@@@std@@IAEPAUElem_00434020@@PBU3@0PAU3@@Z,matched,100.0
0x4349f0,55,src/map/los_tables.cpp,??_GElem_00434360@@QAEPAXI@Z,matched,100.0
0x434a30,42,src/map/map_list.cpp,_$E5,matched,100.0
0x434a60,67,src/map/map_list.cpp,_$E3,matched,100.0
0x434ab0,212,src/map/map_list.cpp,?SetMissionType@@YGXH@Z,matched,100.0
0x434b90,92,src/map/map_list.cpp,?FreeOtaEnumCacheAndMission@@YGXXZ,matched,100.0
0x434bf0,886,src/map/map_list.cpp,?LoadMapList@@YGHPAPAXHH@Z,matched,100.0
0x434f70,118,src/map/map_list.cpp,??0Mission@@QAE@H@Z,matched,100.0
0x434ff0,259,src/map/map_list.cpp,??1Mission@@QAE@XZ,matched,100.0
0x435100,3,src/map/map_list.cpp,?GetGameType@Mission@@QAEHXZ,matched,100.0
0x435110,401,src/map/map_list.cpp,?LoadCampaign@Mission@@QAEXPAD@Z,matched,100.0
0x4352b0,24,src/map/map_list.cpp,?GetCampaignName@Mission@@QAEPADXZ,matched,100.0
0x4352d0,76,src/game/campaign_4352d0.cpp,?CampaignFileExists@@YGHPAD@Z,matched,100.0
0x435320,121,src/map/map_list.cpp,?LoadBriefing@Mission@@QAEXXZ,matched,100.0
0x4353a0,7,src/map/map_list.cpp,?GetBriefing@Mission@@QAEPADXZ,matched,100.0
0x4353b0,118,src/map/map_list.cpp,?SetNameSlot@Mission@@QAEXHPAD@Z,matched,100.0
0x435430,652,src/map/map_list.cpp,?BuildCampaignFilePath@Mission@@QAEXHPAD00@Z,matched,100.0
0x4356c0,37,src/map/map_list.cpp,?GetNameSlot@Mission@@QAEPADH@Z,matched,100.0
0x4356f0,97,src/map/map_list.cpp,?CountMissions@Mission@@QAEHXZ,matched,100.0
0x435760,394,src/map/map_list.cpp,?BuildMissionList@Mission@@QAEHPAPAD@Z,matched,100.0
0x4358f0,7,src/map/map_list.cpp,?GetTerrainLength@Mission@@QAEHXZ,matched,100.0
0x435900,7,src/map/map_list.cpp,?GetDescription@Mission@@QAEHXZ,matched,100.0
0x435910,7,src/map/map_list.cpp,?GetPlanet@Mission@@QAEHXZ,matched,100.0
0x435920,81,src/map/map_list.cpp,?GetTerrainSizeTier@Mission@@QAEHXZ,matched,100.0
0x435980,147,src/map/map_list.cpp,?MissionExists@Mission@@QAEHH@Z,matched,100.0
0x435a20,465,src/map/map_list.cpp,?LoadMissionByName@Mission@@QAEHPAD@Z,matched,100.0
0x435c00,30,src/map/map_list.cpp,?SelectMission@Mission@@QAEXH@Z,matched,100.0
0x435c20,7,src/map/map_list.cpp,?GetTranslatedName@Mission@@QAEHXZ,matched,100.0
0x435c30,7,src/map/map_list.cpp,?GetMissionName@Mission@@QAEHXZ,matched,100.0
0x435c40,14,src/map/map_list.cpp,?HasMissionName@Mission@@QAE_NXZ,matched,100.0
0x435c50,7,src/map/map_list.cpp,?GetMissionIndex@Mission@@QAEHXZ,matched,100.0
0x435c60,196,src/map/map_list.cpp,?AdvanceMission@Mission@@QAEHXZ,matched,100.0
0x435d30,100,src/map/map_list.cpp,?RefreshMapList@Mission@@QAEXH@Z,matched,100.0
0x435da0,2740,src/map/map_list.cpp,?LoadMission@Mission@@QAEHPAD@Z,matched,100.0
0x436860,972,src/map/map_list.cpp,?SelectSchema@Mission@@QAEHHPAVTdfFile@@PAD@Z,matched,100.0
0x436c30,1613,src/map/map_list.cpp,?LoadMissionData@Mission@@QAEXPADPAVTdfFile@@@Z,matched,100.0
0x437280,127,src/map/map_list.cpp,?FreeMissionData@Mission@@QAEXXZ,matched,100.0
0x437300,31,src/map/map_list.cpp,?CountStartPositions@Mission@@QAEHXZ,matched,100.0
0x437320,116,src/map/map_list.cpp,?GetStartPosition@Mission@@QAEHPAUVec3_00437320@@H@Z,matched,100.0
0x4373a0,477,src/map/map_list.cpp,?ComputeMapChecksum@Mission@@QAEHXZ,matched,100.0
0x437580,639,src/map/map_load.cpp,?insert@?$vector@VMapCacheEntry@@V?$allocator@VMapCacheEntry@@@std@@@std@@QAEXPAVMapCacheEntry@@IABV3@@Z,matched,100.0
0x437800,27,src/map/map_load.cpp,??4MapCacheEntry@@QAEAAV0@ABV0@@Z,matched,100.0
0x437820,27,src/map/map_load.cpp,??0MapCacheEntry@@QAE@ABV0@@Z,matched,100.0
0x437840,207,src/units/unit_motion.cpp,?UpdateMetalExtraction@@YGXPAUUnit@@@Z,matched,100.0
0x437910,131,src/units/unit_motion.cpp,?UpdateWindGenerator@@YGXPAUUnit@@@Z,matched,100.0
0x4379a0,11,src/units/unit_motion.cpp,?ClearPointers@CMemoryCache@@QAEPAV1@XZ,matched,100.0
0x4379b0,77,src/units/unit_motion.cpp,?InitCache@CMemoryCache@@QAEHI@Z,matched,100.0
0x437a00,28,src/units/unit_motion.cpp,?FreeCache@CMemoryCache@@QAEXXZ,matched,100.0
0x437a20,13,src/units/unit_motion.cpp,?FreeBuffer@CMemoryCache@@QAEXXZ,matched,100.0
0x437a30,247,src/units/unit_motion.cpp,?AllocHandle@CMemoryCache@@QAEHPAPAXH@Z,matched,100.0
0x437b30,17,src/units/unit_motion.cpp,?GetHandleSize@@YGHH@Z,matched,100.0
0x437b50,133,src/units/unit_motion.cpp,?AllocBitmap@CMemoryCache@@QAEHPAPAUBitmap_00437b50@@HH@Z,matched,100.0
0x437be0,158,src/units/unit_motion.cpp,?AllocTwoPlaneBitmap@CMemoryCache@@QAEHPAPAUBitmap_00437b50@@HH@Z,matched,100.0
0x437c80,16,src/units/unit_motion.cpp,?FlushCache@CMemoryCache@@QAEXXZ,matched,100.0
0x437c90,50,src/units/unit_motion.cpp,?ReleaseHandle@CMemoryCache@@QAEXH@Z,matched,100.0
0x437cd0,86,src/map/meteors.cpp,?InitMeteors@@YGXXZ,matched,100.0
0x437d30,1,src/map/meteors.cpp,?EmptyShutdownPreCleanup@@YGXXZ,matched,100.0
0x437d40,11,src/map/meteors.cpp,?EnableMeteors@@YGXXZ,matched,100.0
0x437d50,11,src/map/meteors.cpp,?DisableMeteors@@YGXXZ,matched,100.0
0x437d60,113,src/map/meteors.cpp,?SetMeteorParams@@YGXPAVMeteorParams@@@Z,matched,100.0
0x437de0,653,src/map/meteors.cpp,?UpdateMeteors@@YGXXZ,matched,100.0
0x438070,260,src/map/meteors.cpp,?StartMeteorShower@@YGXXZ,matched,100.0
0x438180,194,src/map/meteors.cpp,?SaveMeteors@@YGXPAVHapiBank@@@Z,matched,100.0
0x438250,196,src/map/meteors.cpp,?LoadMeteors@@YGXPAVHapiBank@@@Z,matched,100.0
0x438320,290,src/map/meteors.cpp,?LoadMeteorDefaults@MeteorParams@@QAEXXZ,matched,100.0
0x438450,42,src/map/meteors.cpp,_$E4,matched,100.0
0x438480,32,src/map/meteors.cpp,_$E2,matched,100.0
0x4384a0,230,src/orders/order_queue_4384a0.cpp,?AddBeCarriedOrder@@YGXPAUUnit@@@Z,matched,100.0
0x438590,93,src/orders/order_queue_4384a0.cpp,?StartBuildingScript@@YGXPAUUnit@@PAVClass_0043a1f0@@G@Z,matched,100.0
0x4385f0,88,src/orders/order_queue_4384a0.cpp,?StopBuildingScript@@YGXPAUUnit@@PAVClass_0043a1f0@@@Z,matched,100.0
0x438650,161,src/orders/order_queue_4384a0.cpp,?FUN_00438650@@YGHPAUUnit@@0H@Z,matched,100.0
0x438700,39,src/orders/order_queue_4384a0.cpp,?FUN_00438700@@YGIPAX0I@Z,matched,100.0
0x438730,42,src/orders/order_queue_4384a0.cpp,?FUN_00438730@@YGHPAD0I@Z,matched,100.0
0x438760,198,src/orders/order_queue_4384a0.cpp,??0Class_00438760@@QAE@PBD@Z,matched,100.0
0x438830,19,src/orders/order_queue_4384a0.cpp,?FUN_00438830@OrderType@@QAEHXZ,matched,100.0
0x438850,19,src/orders/order_queue_4384a0.cpp,?FUN_00438850@@YIHPAE@Z,matched,100.0
0x438870,15,src/orders/order_queue_4384a0.cpp,?FUN_0043a1e0@Class_0043a1f0@@UAEXI@Z,matched,100.0
0x438880,33,src/orders/order_queue_4384a0.cpp,?FUN_00438880@Class_00438880@@QAEXPAD@Z,matched,100.0
0x4388b0,21,src/orders/order_queue_4384a0.cpp,?FUN_004388b0@Class_004388b0@@QAEXXZ,matched,100.0
0x4388d0,89,src/orders/order_queue_4384a0.cpp,?FUN_004388d0@Class_004388d0@@QAEXPAVAttached_0043a1f0@@@Z,matched,100.0
0x438930,196,src/orders/order_queue_4384a0.cpp,?FUN_00438930@Class_00438930@@QAEXPAHH@Z,matched,100.0
0x438a00,205,src/orders/order_queue_4384a0.cpp,?FUN_00438a00@Class_00438a00@@QAEXPAUVec3_0043a1f0@@HH@Z,matched,100.0
0x438ad0,191,src/orders/order_queue_4384a0.cpp,?FUN_00438ad0@Class_00438ad0@@QAEXUPoint_00438ad0@@0@Z,matched,100.0
0x438b90,69,src/orders/order_queue_4384a0.cpp,?FUN_00438b90@Class_00438b90@@QAEXH@Z,matched,100.0
0x438be0,27,src/orders/order_queue_4384a0.cpp,?FUN_00438be0@@YGHPAX@Z,matched,100.0
0x438c00,660,src/ingame/markers.cpp,?DrawBuildFootprint@@YGXPAXPAUView@@PAUOrder@@PAUPos@@H@Z,matched,100.0
0x438ea0,505,src/ingame/markers.cpp,?DrawRangeCircle@@YGXPAXPAUView@@PAUPos@@HHPBDH@Z,matched,100.0
0x4390a0,1073,src/ingame/markers.cpp,?DrawUnitRangeRings@@YGXPAXPAUView@@PAUOrder@@HH@Z,matched,100.0
0x4394e0,601,src/ingame/markers.cpp,?DrawPathAnim@@YGXPAXPAUView@@PAUOrder@@PAUPos@@H@Z,matched,100.0
0x439740,674,src/ingame/markers.cpp,?DrawWeaponCoverage@@YGXPAXPAUView@@PAUOrder@@PAUPos@@H@Z,matched,100.0
0x4399f0,312,src/ingame/markers.cpp,?DrawOrderRangeRing@@YGXPAXPAUView@@PAUOrder@@PAUPos@@H@Z,matched,100.0
0x439b30,441,src/orders/order_list.cpp,?FUN_00439b30@@YGXPAUUnit@@IPAX1H@Z,matched,100.0
0x439cf0,40,src/orders/order_list.cpp,?FUN_00439cf0@@YGHPAX@Z,matched,100.0
0x439d20,81,src/orders/order_list.cpp,?FUN_00439d20@@YGHPAUUnit@@@Z,matched,100.0
0x439d80,76,src/orders/order_list.cpp,?FUN_00439d80@@YGHPAUUnit@@H@Z,matched,100.0
0x439dd0,26,src/orders/order_list.cpp,?FUN_00439dd0@@YGHH@Z,matched,100.0
0x439df0,51,src/orders/order_list.cpp,?FUN_00439df0@@YGHPAUUnit@@@Z,matched,100.0
0x439e30,70,src/orders/order_list.cpp,?FUN_00439e30@@YGPAVClass_0043a1f0@@PAUUnit@@E@Z,matched,100.0
0x439e80,32,src/orders/order_list.cpp,?FUN_00439e80@Class_00439e80@@QAEXH@Z,matched,100.0
0x439ea0,8,src/orders/order_list.cpp,?ReadyOrder@@YGHHHH@Z,matched,100.0
0x439eb0,203,src/orders/order_list.cpp,?DeleteOrders@@YGXPAUUnit@@H@Z,matched,100.0
0x439f80,91,src/orders/order_list.cpp,?DeleteOrder@@YGXPAUUnit@@PAVClass_0043a1f0@@@Z,matched,100.0
0x439fe0,58,src/orders/order_list.cpp,?FUN_00439fe0@@YGXPAD0@Z,matched,100.0
0x43a020,152,src/orders/order_list.cpp,?FUN_0043a020@@YGXPAUUnit@@PAVClass_0043a1f0@@@Z,matched,100.0
0x43a0c0,274,src/orders/order_list.cpp,??0Class_0043a1f0@@QAE@EPAUUnit@@PAUVec3@@HHH@Z,matched,100.0
0x43a1e0,3,src/orders/order_list.cpp,?FUN_0043a1e0@Class_0043a1e0@@UAEXI@Z,matched,100.0
0x43a1f0,218,src/orders/order_queue_4384a0.cpp,??1Class_0043a1f0@@QAE@XZ,matched,100.0
0x43a2d0,131,src/orders/order_list.cpp,?WriteUnitTypeNameKey@@YGXPAVHapiBank@@G@Z,matched,100.0
0x43a360,186,src/orders/order_list.cpp,?ResolveUnitTypeKey@@YGFPAVHapiBank@@G@Z,matched,100.0
0x43a420,1300,src/orders/order_queue_4384a0.cpp,??0Class_0043a1f0@@QAE@PAUUnit@@PAVHapiBank@@PAD@Z,matched,100.0
0x43a940,33,src/orders/order_list.cpp,?OrderTypeNameLess@@YGHHPAD@Z,matched,100.0
0x43a970,740,src/orders/order_queue_4384a0.cpp,?FUN_0043a970@Class_0043a1f0@@QAEHPAUUnit@@PAVFile_0043a970@@PAD@Z,matched,100.0
0x43ac60,78,src/orders/order_list.cpp,?FUN_0043ac60@@YGXPAUUnit@@PAVClass_0043a1f0@@1@Z,matched,100.0
0x43acb0,87,src/orders/order_list.cpp,?AppendOrder@@YGXPAUUnit@@PAVClass_0043a1f0@@@Z,matched,100.0
0x43ad10,56,src/orders/order_list.cpp,?FUN_0043ad10@@YGXPAUUnit@@PAVClass_0043a1f0@@@Z,matched,100.0
0x43ad50,100,src/orders/order_list.cpp,?FUN_0043ad50@@YGXPAUUnit@@PAVClass_0043a1f0@@@Z,matched,100.0
0x43adc0,500,src/orders/order_list.cpp,?AddOrder@@YGXHHPAUUnit@@PAXPAUVec3@@HH@Z,matched,100.0
0x43afc0,233,src/orders/order_list.cpp,?FUN_0043afc0@@YGXEHPAUUnit@@HPAHHH@Z,matched,100.0
0x43b0b0,310,src/orders/order_list.cpp,?FUN_0043b0b0@@YGXHPAUUnit@@HH@Z,matched,100.0
0x43b1f0,519,src/orders/order_list.cpp,?FUN_0043b1f0@@YGHPAUUnit@@0H@Z,matched,100.0
0x43b400,768,src/orders/order_list.cpp,?FUN_0043b400@@YGHPAUUnit@@0H@Z,matched,100.0
0x43b700,42,src/orders/order_list.cpp,?FUN_0043b700@@YGHPAUUnit@@@Z,matched,100.0
0x43b730,136,src/orders/order_list.cpp,?FUN_0043b730@@YGXPAUUnit@@E@Z,matched,100.0
0x43b7c0,780,src/orders/order_list.cpp,?RunOrders@@YGXPAUUnit@@@Z,matched,100.0
0x43bad0,440,src/orders/order_list.cpp,?FUN_0043bad0@@YGXPAUUnit@@@Z,matched,100.0
0x43bc90,909,src/orders/order_list.cpp,?RegisterOrderTypes@@YGXPAUElem_0043c390@@H@Z,matched,100.0
0x43c020,36,src/orders/order_list.cpp,?CompareOrderTypeNames@@YGHABUElem_0043c390@@0@Z,matched,100.0
0x43c050,753,src/orders/order_list.cpp,?RegisterAllOrderTypes@@YGXXZ,matched,100.0
0x43c350,11,src/orders/order_list.cpp,?FUN_0043c350@@YGXXZ,matched,100.0
0x43c360,33,src/orders/order_list.cpp,?FUN_0043c360@Class_0043c360@@QAEHXZ,matched,100.0
0x43c390,3,src/orders/order_list.cpp,?_Destroy@?$vector@UElem_0043c390@@V?$allocator@UElem_0043c390@@@std@@@std@@IAEXPAUElem_0043c390@@0@Z,matched,100.0
0x43c3a0,773,src/orders/order_list.cpp,?insert@?$vector@UElem_0043c390@@V?$allocator@UElem_0043c390@@@std@@@std@@QAEXPAUElem_0043c390@@IABU3@@Z,matched,100.0
0x43c6b0,100,src/orders/order_list.cpp,?FUN_0043c6b0@@YGPAUElem_0043c390@@PAU1@0ABQADP6GHABU1@PAD@ZPAH@Z,matched,100.0
0x43c720,534,src/orders/order_list_43c720.cpp,?FUN_0043c720@@YGXPAUElem_0043c720@@0P6GHABU1@1@Z0@Z,matched,100.0
0x43c940,73,src/orders/order_list_43c940.cpp,?FUN_0043c940@@YGXPAUElem_0043c940@@U1@P6GHABU1@2@Z@Z,matched,100.0
0x43c990,209,src/orders/order_list_43c990.cpp,?FUN_0043c990@@YGXPAUElem_0043c990@@0P6GHABU1@1@ZPAH@Z,matched,100.0
0x43ca70,163,src/orders/order_list_43ca70.cpp,?FUN_0043ca70@@YGPAUElem_0043ca70@@PAU1@U1@11P6GHABU1@2@Z@Z,matched,100.0
0x43cb20,137,src/orders/order_list_43cb20.cpp,?FUN_0043cb20@@YGPAUElem_0043cb20@@PAU1@0U1@P6GHABU1@2@Z@Z,matched,100.0
0x43cbb0,109,src/orders/order_list.cpp,?FUN_0043cbb0@Class_0043cbb0@@QAEXPAUUnit@@F@Z,matched,100.0
0x43cc20,254,src/orders/order_list.cpp,?FUN_0043cc20@UnitMotion@@QAEXPAUUnit@@H@Z,matched,100.0
0x43cd20,943,src/orders/order_list.cpp,?SteerGroundUnit@UnitMotion@@QAEXPAUUnit@@@Z,matched,100.0
0x43d0d0,306,src/orders/order_list.cpp,?ApplyBankAndPitch@UnitMotion@@QAEXPAUUnit@@PAUVec3@@@Z,matched,100.0
0x43d210,127,src/orders/order_list.cpp,?SetFlightMode@UnitMotion@@QAEXPAUUnit@@H@Z,matched,100.0
0x43d290,1074,src/orders/order_list.cpp,?SteerAircraft@UnitMotion@@QAEXPAUUnit@@@Z,matched,100.0
0x43d6d0,920,src/orders/order_list.cpp,?UpdatePosition@UnitMotion@@QAEXPAUUnit@@@Z,matched,100.0
0x43da70,216,src/orders/order_list.cpp,?UpdateMoveRate@UnitMotion@@QAEXPAUUnit@@@Z,matched,100.0
0x43db50,170,src/units/unit_scripts.cpp,?UpdateSfxOccupy@Class_0043db50@@QAEXPAUUnit@@@Z,matched,100.0
0x43dc00,267,src/orders/order_list.cpp,??0UnitMotion@@QAE@PAUUnit@@@Z,matched,100.0
0x43dd10,13,src/orders/order_list.cpp,?DestroyObject@UnitMotion@@QAEXXZ,matched,100.0
0x43dd20,79,src/orders/order_list.cpp,?UpdateMotion@UnitMotion@@QAEXPAUUnit@@@Z,matched,100.0
0x43dd70,180,src/orders/order_list.cpp,?SaveMotion@UnitMotion@@QAEXPAUUnit@@PAVHapiBank@@@Z,matched,100.0
0x43de30,180,src/orders/order_list.cpp,?LoadMotion@UnitMotion@@QAEXPAUUnit@@PAVHapiBank@@@Z,matched,100.0
0x43def0,359,src/units/unit_scripts.cpp,?GetPieceOffset@@YG?AUVec3@@PAUObject_0043def0@@H@Z,matched,100.0
0x43e060,74,src/units/unit_scripts.cpp,?GetPiecePosition@@YG?AUVec3@@PAUObject@@H@Z,matched,100.0
0x43e0b0,202,src/units/unit_scripts.cpp,?GetPieceCenter@@YGXPAUObj_0043e0b0@@PAUVec3@@H@Z,matched,100.0
0x43e180,96,src/units/unit_scripts.cpp,?GetPieceAngles@@YG?AUOut_0043e180@@PAUObj_0043e180@@H@Z,matched,100.0
0x43e1e0,86,src/units/unit_scripts.cpp,?QueryWeaponPiece@@YGHPAUObject@@E@Z,matched,100.0
0x43e240,145,src/units/unit_scripts.cpp,?GetWeaponPiecePosition@@YGXPAUObject@@PAUVec3@@EH@Z,matched,100.0
0x43e2e0,217,src/units/unit_scripts.cpp,?GetAimFromPosition@@YGXPAUObject@@PAUVec3@@E@Z,matched,100.0
0x43e3c0,62,src/units/unit_scripts.cpp,?GetSweetSpot@@YGXPAUObj_0043e3c0@@H@Z,matched,100.0
0x43e400,103,src/units/unit_scripts.cpp,?GetNanoPiecePosition@@YGXPAUObject@@PAUVec3@@@Z,matched,100.0
0x43e470,29,src/units/unit_scripts.cpp,?OrderModeTakesTarget@@YGHE@Z,matched,100.0
0x43e490,3152,src/units/unit_scripts.cpp,?GetOrderCursor@@YGHEPAUUnit_0043e490@@0PAUPos_0043e490@@@Z,matched,100.0
0x43f0e0,4420,src/orders/order_dispatch_43f0e0.cpp,?GetOrderType@@YG?AVClass_00438760@@EPAUUnit_0043f0e0@@0PAUPos_0043f0e0@@@Z,matched,100.0
0x440230,92,src/units/movement_class.cpp,_$E6,matched,100.0
0x440290,65,src/units/movement_class.cpp,_$E3,matched,100.0
0x4402e0,53,src/units/movement_class.cpp,??0MovementClass@@QAE@XZ,matched,100.0
0x440320,28,src/units/movement_class.cpp,??1MovementClass@@QAE@XZ,matched,100.0
0x440340,222,src/units/movement_class.cpp,?ReadMoveInfo@MovementClass@@QAEXPAUSource_00440340@@@Z,matched,100.0
0x440420,70,src/units/movement_class.cpp,?FindMovementClass@@YGPAUMovementClass@@PAD@Z,matched,100.0
0x440470,79,src/units/movement_class.cpp,?ResizePassMap@MovementClass@@QAEXII@Z,matched,100.0
0x4404c0,60,src/units/movement_class.cpp,?SetPassMapCell@MovementClass@@QAEXHHH@Z,matched,100.0
0x440500,816,src/units/movement_class.cpp,?BuildPassMap@Class_00440500@@QAEXXZ,matched,100.0
0x440830,242,src/units/movement_class.cpp,?RefreshPassMap@MovementClass@@QAEXUPoint@@0@Z,matched,100.0
0x440930,1,src/units/movement_class.cpp,?NopAfterFeatureEnum@@YGXXZ,matched,100.0
0x440940,189,src/units/movement_class.cpp,?BuildAllPassMaps@@YGXXZ,matched,100.0
0x440a00,57,src/units/movement_class.cpp,?FreeMovementClasses@@YGXXZ,matched,100.0
0x440a40,47,src/units/movement_class.cpp,?RefreshAllPassMaps@@YGXUPoint@@0@Z,matched,100.0
0x440a70,115,src/units/movement_class.cpp,?RefreshPassMapsForUnit@@YGXPAUStruct_00440a70@@@Z,matched,100.0
0x440af0,225,src/units/movement_class.cpp,?RefreshMovedUnits@MovementClass@@QAEXPAUObject_00440af0@@@Z,matched,100.0
0x440be0,34,src/units/movement_class.cpp,?RefreshUnitIfStale@MovementClass@@QAEXPAUObject_00440af0@@@Z,matched,100.0
0x440c10,143,src/units/movement_class.cpp,?FindUnusedLogo@@YGHXZ,matched,100.0
0x440ca0,42,src/units/movement_class.cpp,?CopyPathLockFields@@YGXPAUDst_00440ca0@@PAUSrc_00440ca0@@@Z,matched,100.0
0x440cd0,151,src/units/movement_class.cpp,?CheckMapCrc@@YGHXZ,matched,100.0
0x440d70,775,src/frontend/multi_440d70.cpp,?HandleNewMultiClick@@YGXPAUGadget_00440d70@@@Z,matched,100.0
0x441080,401,src/frontend/multi_440d70.cpp,?OpenNewMultiDialog@@YGXXZ,matched,100.0
0x441220,517,src/frontend/multi_441220.cpp,?FUN_00441220@@YGXPAUMenu_00441220@@PAUEntry_00441220@@@Z,matched,100.0
0x441430,39,src/frontend/multi_440d70.cpp,?FUN_00441430@@YAHXZ,matched,100.0
0x441460,1874,src/frontend/multi_441460.cpp,?ConnectToGame@@YGHPAUGadget_00441460@@@Z,matched,100.0
0x441bc0,112,src/frontend/multi_440d70.cpp,?GetServiceProviderIndex@@YGHXZ,matched,100.0
0x441c30,973,src/frontend/multi_440d70.cpp,?BuildCompoundAddress@@YGHPAH0@Z,matched,100.0
0x442000,78,src/frontend/multi_440d70.cpp,?FUN_00442000@@YGHH@Z,matched,100.0
0x442050,408,src/frontend/multi_440d70.cpp,?HandleTcpDialogClick@@YGXPAUGadget_00440d70@@@Z,matched,100.0
0x4421f0,398,src/frontend/multi_440d70.cpp,?OpenTcpDialog@@YGXXZ,matched,100.0
0x442380,31,src/frontend/multi_440d70.cpp,?FUN_00442380@@YGXPAUGadget_00440d70@@PAUEntry_00440d70@@@Z,matched,100.0
0x4423a0,24,src/frontend/multi_440d70.cpp,?FUN_004423a0@@YGXPAUGadget_00440d70@@PAUEntry_00440d70@@@Z,matched,100.0
0x4423c0,416,src/frontend/multi_440d70.cpp,?HandleSerialDialogClick@@YGXPAUGadget_00440d70@@@Z,matched,100.0
0x442560,384,src/frontend/multi_440d70.cpp,?OpenSerialDialog@@YGXXZ,matched,100.0
0x4426e0,182,src/frontend/multi_440d70.cpp,?FillAccountList@@YGXXZ,matched,100.0
0x4427a0,322,src/frontend/multi_440d70.cpp,?RefreshAccountList@@YGXXZ,matched,100.0
0x4428f0,125,src/frontend/multi_440d70.cpp,?ShowSelectedAccount@@YGXPAUGadget_00440d70@@PAUEntry_00440d70@@@Z,matched,100.0
0x442970,185,src/frontend/multi_440d70.cpp,?SaveModemNumbers@@YGXXZ,matched,100.0
0x442a30,1594,src/frontend/multi_440d70.cpp,?HandleModemDialogClick@@YGXPAUGadget_00440d70@@@Z,matched,100.0
0x443070,138,src/frontend/multi_440d70.cpp,?EnumModemAddressCallback@@YGHABU_GUID@@KPBXPAX@Z,matched,100.0
0x443100,888,src/frontend/multi_440d70.cpp,?OpenModemDialog@@YGXXZ,matched,100.0
0x443480,261,src/frontend/multi_440d70.cpp,?HandleReportClick@@YGXPAUGadget_00440d70@@@Z,matched,100.0
0x443590,5,src/frontend/multi_440d70.cpp,?FUN_00443590@@YGXXZ,matched,100.0
0x4435a0,316,src/frontend/multi_440d70.cpp,?OpenReportDialog@@YGXPAIPAPAD@Z,matched,100.0
0x4436e0,223,src/frontend/multi_440d70.cpp,?InitScoreReporting@@YGHXZ,matched,100.0
0x4437c0,1253,src/frontend/multi_440d70.cpp,?HandleSelectGameClick@@YGXPAUGadget_00440d70@@@Z,matched,100.0
0x443cb0,824,src/frontend/multi_440d70.cpp,?OpenSelectGameDialog@@YGXXZ,matched,100.0
0x443ff0,424,src/frontend/multi_443ff0.cpp,?SelectConnection@@YGHH@Z,matched,100.0
0x4444d0,173,src/frontend/multi_440d70.cpp,?FUN_004444d0@@YGHPAUEntry_00440d70@@HFHPAD@Z,matched,100.0
0x444910,31,src/frontend/multi_440d70.cpp,?FUN_00444910@@YGXPAUGadget_00440d70@@H@Z,matched,100.0
0x444930,229,src/frontend/multi_444930.cpp,?HandleLogoSelectClick@@YGXPAUGadget_00444930@@@Z,matched,100.0
0x444a20,372,src/frontend/multi_444930.cpp,?ShowSelectedMapInfo@@YGXXZ,matched,100.0
0x444ba0,52,src/frontend/multi_444930.cpp,?HandleViewMapClick@@YGXPAUGadget_00444930@@@Z,matched,100.0
0x444be0,95,src/frontend/multi_444930.cpp,?OpenViewMapDialog@@YGXXZ,matched,100.0
0x444c40,102,src/frontend/multi_444930.cpp,?UpdateMapSelection@@YGXPAUGadget_00444930@@H@Z,matched,100.0
0x444cb0,492,src/frontend/multi_444930.cpp,?HandleMapSelectClick@@YGXPAUGadget_00444930@@@Z,matched,100.0
0x444ea0,616,src/frontend/multi_444930.cpp,?OpenMultiMapSelector@@YGXXZ,matched,100.0
0x445110,495,src/frontend/multi_444930.cpp,?OpenLogoSelectDialog@@YGXXZ,matched,100.0
0x445300,152,src/frontend/multi_444930.cpp,?FUN_00445300@@YGXPAUEntry_00444930@@@Z,matched,100.0
0x4453a0,176,src/frontend/multi_444930.cpp,?SwapPlayerSlots@@YGXPAUPlayer_00444930@@0@Z,matched,100.0
0x445450,341,src/frontend/multi_444930.cpp,?FUN_00445450@@YGXXZ,matched,100.0
0x4455b0,1468,src/frontend/multi_444930.cpp,?FUN_004455b0@@YAXXZ,matched,100.0
0x445b70,249,src/frontend/multi_444930.cpp,?UpdateMaxUnitsText@@YGXPAUGadget_00444930@@H@Z,matched,100.0
0x445c70,227,src/frontend/multi_444930.cpp,?UpdateMetalText@@YGXPAUGadget_00444930@@H@Z,matched,100.0
0x445d60,187,src/frontend/multi_444930.cpp,?UpdateEnergyText@@YGXPAUGadget_00444930@@H@Z,matched,100.0
0x445e20,35,src/frontend/multi_444930.cpp,?FUN_00445e20@@YGXPAUGadget_00444930@@PADH@Z,matched,100.0
0x445e50,125,src/frontend/multi_444930.cpp,?FUN_00445e50@@YGXPADHHP6GXPAUGadget_00444930@@H@Z@Z,matched,100.0
0x445ed0,324,src/frontend/multi_444930.cpp,?UpdateBattleRoomFlags@@YGXXZ,matched,100.0
0x446020,91,src/frontend/multi_444930.cpp,?HandleRejectChoice@@YGXPAUGadget_00444930@@@Z,matched,100.0
0x446080,324,src/frontend/multi_444930.cpp,?OpenRejectDialog@@YGXH@Z,matched,100.0
0x4461d0,311,src/frontend/multi_444930.cpp,?HandleDisplayModesClick@@YGXPAUGadget_00444930@@@Z,matched,100.0
0x446310,319,src/frontend/multi_444930.cpp,?FUN_00446310@@YGXXZ,matched,100.0
0x446450,127,src/frontend/multi_444930.cpp,?UpdateWatchingGadgets@@YGXXZ,matched,100.0
0x4464d0,475,src/frontend/multi_444930.cpp,?HandleControlDialogClick@@YGXPAUGadget_00444930@@@Z,matched,100.0
0x4466b0,262,src/frontend/multi_444930.cpp,?OpenControlDialog@@YGXXZ,matched,100.0
0x4467c0,43,src/frontend/multi_444930.cpp,?ArePlayersAllied@@YG_NPAUPlayer_00444930@@0@Z,matched,100.0
0x4467f0,204,src/frontend/multi_444930.cpp,?FUN_004467f0@@YGHH@Z,matched,100.0
0x4468c0,248,src/frontend/multi_444930.cpp,?FUN_004468c0@@YGDXZ,matched,100.0
0x4469c0,137,src/frontend/multi_444930.cpp,?FindNextAlly@@YGHHH@Z,matched,100.0
0x446a50,537,src/frontend/multi_444930.cpp,?RefreshTeamIcons@@YGXXZ,matched,100.0
0x446c70,529,src/frontend/multi_444930.cpp,?FUN_00446c70@@YGXXZ,matched,100.0
0x446e90,177,src/frontend/multi_444930.cpp,?FUN_00446e90@@YGXPAUPlayer_00444930@@@Z,matched,100.0
0x446f50,88,src/frontend/multi_446f50.cpp,?CyclePlayerAlliance@@YGXH@Z,matched,100.0
0x446fb0,414,src/frontend/multi_446fb0.cpp,?RebuildAllyList@@YGXXZ,matched,100.0
0x447150,552,src/frontend/multi_447150.cpp,?HandleAlliesClick@@YGXPAUGadget_00447150@@@Z,matched,100.0
0x447380,1318,src/frontend/multi_447380.cpp,?RefreshAlliesScreen@@YGXH@Z,matched,100.0
0x4478b0,607,src/frontend/multi_4478b0.cpp,?OpenAlliesDialog@@YGXXZ,matched,100.0
0x447b10,4306,src/frontend/multi_447b10.cpp,?HandleBattleRoomClick@@YGXPAUGadget_00447b10@@@Z,matched,100.0
0x448bf0,119,src/frontend/multi_448bf0.cpp,?UpdateSideGadget@@YGXH@Z,matched,100.0
0x448c70,3902,src/frontend/multi_448c70.cpp,?RefreshBattleRoomRows@@YGXXZ,matched,100.0
0x449bb0,2756,src/frontend/multi_449bb0.cpp,?OpenBattleRoom@@YGXXZ,matched,100.0
0x44a680,2340,src/frontend/multi_44a680.cpp,?UpdateBattleRoom@@YGXXZ,matched,100.0
0x44afb0,104,src/frontend/multi_44afb0.cpp,?HandleEndMultiClick@@YGXPAUObj_44afb0@@@Z,matched,100.0
0x44b020,219,src/frontend/multi_44b020.cpp,?OpenEndMultiScreen@@YGXXZ,matched,100.0
0x44b100,57,src/frontend/multi_44b100.cpp,?FUN_0044b100@@YGXXZ,matched,100.0
0x44b140,226,src/frontend/multi_44b140.cpp,?FUN_0044b140@@YGXPAD@Z,matched,100.0
0x44b230,244,src/frontend/multi_44b230.cpp,?FUN_0044b230@@YGXPAD@Z,matched,100.0
0x44b330,135,src/frontend/multi_44b330.cpp,?CopySelectedGameName@@YGXXZ,matched,100.0
0x44b3c0,281,src/frontend/multi_44b3c0.cpp,?HandleLoadListClick@@YGXPAUMenu_44b3c0@@@Z,matched,100.0
0x44b4e0,279,src/frontend/multi_44b4e0.cpp,?ListSaveGameFiles@@YGPAXPAH@Z,matched,100.0
0x44b600,137,src/frontend/multi_44b600.cpp,?FUN_0044b600@@YGXHH@Z,matched,100.0
0x44b690,761,src/frontend/multi_44b690.cpp,?HandleSaveGameClick@@YGXPAUMenu_0044b690@@@Z,matched,100.0
0x44b990,635,src/frontend/multi_44b990.cpp,?OpenSaveGameDialog@@YGXXZ,matched,100.0
0x44bc10,605,src/frontend/multi_44bc10.cpp,?OpenLoadListDialog@@YGXXZ,matched,100.0
0x44be70,351,src/frontend/multi_44be70.cpp,?HandleUnitCountSlider@@YGXPAXPAD@Z,matched,100.0
0x44bfd0,249,src/frontend/multi_44bfd0.cpp,?UpdateUnitSliders@@YGXPAUMenu_0044bfd0@@H@Z,matched,100.0
0x44c0d0,335,src/frontend/multi_44c0d0.cpp,?LoadUnitPortrait@@YGXXZ,matched,100.0
0x44c220,333,src/frontend/multi_44c220.cpp,?FUN_0044c220@@YGXXZ,matched,100.0
0x44c370,166,src/frontend/multi_44c370.cpp,?FUN_0044c370@@YGXPAXPAUUnit_0044c370@@@Z,matched,100.0
0x44c420,889,src/frontend/multi_44c420.cpp,?HandleRestrictionsClick@@YGXPAUMenu_0044c420@@@Z,matched,100.0
0x44c7a0,59,src/frontend/multi_44c7a0.cpp,?FUN_0044c7a0@@YAHPBD0@Z,matched,100.0
0x44c7e0,1586,src/frontend/multi_44c7e0.cpp,?OpenUnitRestrictions@@YGXXZ,matched,100.0
0x44ce20,18,src/frontend/multi_44ce20.cpp,??0Class_0044ce20@@QAE@H@Z,matched,100.0
0x44ce40,6,src/orders/order_targets.cpp,?FUN_0044ce40@@YGHXZ,matched,100.0
0x44ce50,32,src/orders/order_targets.cpp,?FUN_0044ce50@Class_0044ce50@@QAEPAXE@Z,matched,100.0
0x44ce70,11,src/orders/order_targets.cpp,??0Class_0044ce70@@QAE@HHH@Z,matched,100.0
0x44ce80,5,src/orders/order_targets.cpp,?FUN_0044ce80@@YGHHHH@Z,matched,100.0
0x44ce90,47,src/orders/order_targets.cpp,?FUN_0044ce90@Class_0044ce90@@QAEXPAV?$vector@PAUElem_0044ce90@@V?$allocator@PAUElem_0044ce90@@@std@@@std@@@Z,matched,100.0
0x44cec0,5,src/orders/order_targets.cpp,?FUN_0044cec0@@YGHHH@Z,matched,100.0
0x44ced0,22,src/orders/order_targets.cpp,?FUN_0044ced0@Class_0044ced0@@QAEXH@Z,matched,100.0
0x44cef0,3,src/orders/order_targets.cpp,?FUN_0044cef0@@YGHXZ,matched,100.0
0x44cf00,24,src/orders/order_targets.cpp,?FUN_0044cf00@Class_0044cf00@@QAEXH@Z,matched,100.0
0x44cf20,5,src/orders/order_targets.cpp,?FUN_0044cf20@@YGHHH@Z,matched,100.0
0x44cf30,6,src/orders/order_targets.cpp,?FUN_0044cf30@@YGHXZ,matched,100.0
0x44cf40,5,src/orders/order_targets.cpp,?FUN_0044cf40@@YGHH@Z,matched,100.0
0x44cf50,3,src/orders/order_targets.cpp,?FUN_0044cf50@@YGXH@Z,matched,100.0
0x44cf60,113,src/orders/order_targets.cpp,??0Class_0044cf60@@QAE@PAUSource_0044cf60@@HHH@Z,matched,100.0
0x44cfe0,6,src/orders/order_targets.cpp,?FUN_0044cfe0@@YGHXZ,matched,100.0
0x44cff0,32,src/orders/order_targets.cpp,?FUN_0044cff0@Class_0044cff0@@QAEPAXE@Z,matched,100.0
0x44d010,123,src/orders/order_targets.cpp,??0Class_0044d010@@QAE@HPAVHapiBank@@PAD@Z,matched,100.0
0x44d090,76,src/orders/order_targets.cpp,?FUN_0044d090@Class_0044d010@@QAEHHPAVHapiBank@@PAD@Z,matched,100.0
0x44d0e0,417,src/orders/order_targets.cpp,?FUN_0044d0e0@Class_0044d0e0@@QAEXPAV?$vector@UPoint_0044eec0@@V?$allocator@UPoint_0044eec0@@@std@@@std@@@Z,matched,100.0
0x44d290,47,src/orders/order_targets.cpp,?FUN_0044d290@Class_0044d290@@QAEHHH@Z,matched,100.0
0x44d2c0,71,src/orders/order_targets.cpp,?FUN_0044d2c0@Class_0044d2c0@@QAEHPAH@Z,matched,100.0
0x44d310,51,src/orders/order_targets.cpp,?FUN_0044d310@Class_0044d310@@QAEHPAUObj_0044d310@@@Z,matched,100.0
0x44d350,84,src/orders/order_targets.cpp,?FUN_0044d350@Class_0044d350@@QAEHHH@Z,matched,100.0
0x44d3b0,141,src/orders/order_targets.cpp,??0Class_0044d3b0@@QAE@PAUSource_0044d3b0@@HHHH@Z,matched,100.0
0x44d440,6,src/orders/order_targets.cpp,?FUN_0044d440@@YGHXZ,matched,100.0
0x44d450,32,src/orders/order_targets.cpp,?FUN_0044d450@Class_0044d450@@QAEPAU1@E@Z,matched,100.0
0x44d470,137,src/orders/order_targets.cpp,??0Class_0044d470@@QAE@HPAVHapiBank@@PAD@Z,matched,100.0
0x44d500,90,src/orders/order_targets.cpp,?FUN_0044d500@Class_0044d470@@QAEHHPAVHapiBank@@PAD@Z,matched,100.0
0x44d560,445,src/orders/order_targets.cpp,?FUN_0044d560@Class_0044d560@@QAEXPAV?$vector@UPoint_0044eec0@@V?$allocator@UPoint_0044eec0@@@std@@@std@@@Z,matched,100.0
0x44d720,157,src/orders/order_targets.cpp,?FUN_0044d720@Class_0044d720@@QAEHPAUVec3_0044d720@@@Z,matched,100.0
0x44d7c0,58,src/orders/order_targets.cpp,?FUN_0044d7c0@Class_0044d7c0@@QAE_NHH@Z,matched,100.0
0x44d800,62,src/orders/order_targets.cpp,?FUN_0044d800@Class_0044d800@@QAEHPAUUnit@@@Z,matched,100.0
0x44d840,96,src/orders/order_targets.cpp,?FUN_0044d840@Class_0044d840@@QAEHHH@Z,matched,100.0
0x44d8a0,83,src/orders/order_targets.cpp,??0Class_0044d8a0@@QAE@PAUOwner_0044d8a0@@UPoint_0044d8a0@@1@Z,matched,100.0
0x44d900,6,src/orders/order_targets.cpp,?FUN_0044d900@@YGHXZ,matched,100.0
0x44d910,32,src/orders/order_targets.cpp,?FUN_0044d910@Class_0044d910@@QAEPAV1@E@Z,matched,100.0
0x44d930,102,src/orders/order_targets.cpp,??0Class_0044d930@@QAE@HPAVHapiBank@@PAD@Z,matched,100.0
0x44d9a0,83,src/orders/order_targets.cpp,?FUN_0044d9a0@Class_0044d930@@QAEHHPAVHapiBank@@PAD@Z,matched,100.0
0x44da00,606,src/orders/order_targets_44da00.cpp,?FUN_0044da00@Class_0044da00@@QAEXPAV?$vector@UPoint_0044eec0@@V?$allocator@UPoint_0044eec0@@@std@@@std@@@Z,matched,100.0
0x44dc60,75,src/orders/order_targets.cpp,?FUN_0044dc60@Class_0044dc60@@QAEHPAH@Z,matched,100.0
0x44dcb0,74,src/orders/order_targets.cpp,?FUN_0044dcb0@Class_0044dcb0@@QAEHHH@Z,matched,100.0
0x44dd00,182,src/orders/order_targets.cpp,?FUN_0044dd00@Class_0044dd00@@QAEHHH@Z,matched,100.0
0x44ddc0,189,src/orders/order_targets.cpp,?FUN_0044ddc0@Class_0044ddc0@@QAEXPAVBitWriter@@@Z,matched,100.0
0x44de80,226,src/orders/order_targets.cpp,??0Class_0044de80@@QAE@HPAVHapiBank@@PAD@Z,matched,100.0
0x44df70,6,src/orders/order_targets.cpp,?FUN_0044df70@@YGHXZ,matched,100.0
0x44df80,40,src/orders/order_targets.cpp,?FUN_0044df80@Class_0044df80@@QAEPAXE@Z,matched,100.0
0x44dfb0,206,src/orders/order_targets.cpp,?FUN_0044dfb0@Class_0044dfb0@@QAEHHPAVHapiBank@@PAD@Z,matched,100.0
0x44e080,258,src/orders/order_targets.cpp,??0Class_0044e080@@QAE@PAUOwner_0044e080@@PAVBitReader@@@Z,matched,100.0
0x44e190,183,src/orders/order_targets.cpp,??0Class_0044e190@@QAE@PAUOrder@@PAUUnit@@@Z,matched,100.0
0x44e250,113,src/orders/order_targets.cpp,??0Class_0044e250@@QAE@PAUSource_0044e250@@HF@Z,matched,100.0
0x44e2d0,95,src/orders/order_targets.cpp,??0Class_0044e2d0@@QAE@PAUSource_0044e2d0@@ABUVec3_0044e2d0@@@Z,matched,100.0
0x44e330,111,src/orders/order_targets.cpp,??0Class_0044e330@@QAE@PAUSource_0044e330@@HABUVec3_0044e330@@@Z,matched,100.0
0x44e3a0,22,src/orders/order_targets.cpp,?FUN_0044e3a0@Class_0044e3a0@@QAEHXZ,matched,100.0
0x44e3c0,355,src/orders/order_targets.cpp,?FUN_0044e3c0@Class_0044e3c0@@QAEHPAUVec3_0044e3c0@@@Z,matched,100.0
0x44e530,124,src/orders/order_targets.cpp,?FUN_0044e530@Class_0044e530@@QAEHPAG@Z,matched,100.0
0x44e5b0,251,src/orders/order_targets.cpp,?FUN_0044e5b0@Class_0044e5b0@@QAEHPAUObject_0044e5b0@@@Z,matched,100.0
0x44e6b0,3,src/orders/order_targets.cpp,?FUN_0044e6b0@@YGHXZ,matched,100.0
0x44e6c0,90,src/orders/order_targets.cpp,?FUN_0044e6c0@Class_0044e6c0@@QAEXH@Z,matched,100.0
0x44e720,16,src/orders/order_targets.cpp,?FUN_0044e720@Class_0044e720@@QAEXF@Z,matched,100.0
0x44e730,16,src/orders/order_targets.cpp,?FUN_0044e730@Class_0044e730@@QAEXF@Z,matched,100.0
0x44e740,82,src/orders/order_targets.cpp,??0Class_0044e740@@QAE@PAUSource_0044e740@@ABUVec3_0044e740@@1@Z,matched,100.0
0x44e7a0,6,src/orders/order_targets.cpp,?FUN_0044e7a0@@YGHXZ,matched,100.0
0x44e7b0,32,src/orders/order_targets.cpp,?FUN_0044e7b0@Class_0044e7b0@@QAEPAXH@Z,matched,100.0
0x44e7d0,170,src/orders/order_targets.cpp,??0Class_0044e740@@QAE@HPAVHapiBank@@PAD@Z,matched,100.0
0x44e880,163,src/orders/order_targets.cpp,?FUN_0044e880@Class_0044e740@@QAEHHPAVHapiBank@@PAD@Z,matched,100.0
0x44e930,129,src/orders/order_targets.cpp,?FUN_0044e930@Class_0044e740@@QAEXPAVBitWriter@@@Z,matched,100.0
0x44e9c0,140,src/orders/order_targets.cpp,??0Class_0044e9c0@@QAE@PAUOwner_0044e9c0@@PAVBitReader@@@Z,matched,100.0
0x44ea50,3,src/orders/order_targets.cpp,?FUN_0044ea50@@YGHXZ,matched,100.0
0x44ea60,217,src/orders/order_targets.cpp,?FUN_0044ea60@Class_0044ea60@@QAEHPAUVec3_0044ea60@@@Z,matched,100.0
0x44eb40,31,src/orders/order_targets.cpp,?FUN_0044eb40@Class_0044eb40@@QAEHPAG@Z,matched,100.0
0x44eb60,159,src/orders/order_targets.cpp,?FUN_0044eb60@Class_0044e740@@QAEHPAUObject_0044e740@@@Z,matched,100.0
0x44ec00,3,src/orders/order_targets.cpp,?FUN_0044ec00@@YGHXZ,matched,100.0
0x44ec10,3,src/orders/order_targets.cpp,?FUN_0044ec10@Class_0044e740@@QAEXH@Z,matched,100.0
0x44ec20,16,src/orders/order_targets.cpp,?FUN_0044ec20@Class_0044ec20@@QAEXF@Z,matched,100.0
0x44ec30,546,src/orders/order_targets_44ec30.cpp,?insert@?$vector@UPoint_0044eec0@@V?$allocator@UPoint_0044eec0@@@std@@@std@@QAEXPAUPoint_0044eec0@@IABU3@@Z,matched,100.0
0x44ee60,3,src/orders/order_targets.cpp,?_Destroy@?$vector@UPoint_0044eec0@@V?$allocator@UPoint_0044eec0@@@std@@@std@@IAEXPAUPoint_0044eec0@@0@Z,matched,100.0
0x44ee70,19,src/orders/order_targets.cpp,?size@?$vector@UPoint_0044eec0@@V?$allocator@UPoint_0044eec0@@@std@@@std@@QBEIXZ,matched,100.0
0x44ee90,46,src/orders/order_targets.cpp,?_Ucopy@?$vector@UPoint_0044eec0@@V?$allocator@UPoint_0044eec0@@@std@@@std@@IAEPAUPoint_0044eec0@@PBU3@0PAU3@@Z,matched,100.0
0x44eec0,35,src/orders/order_targets.cpp,?_Ufill@?$vector@UPoint_0044eec0@@V?$allocator@UPoint_0044eec0@@@std@@@std@@IAEXPAUPoint_0044eec0@@IABU3@@Z,matched,100.0
0x44eef0,42,src/orders/order_targets.cpp,?FUN_0044eef0@@YGPAUPoint_0044eef0@@PAU1@00@Z,matched,100.0
0x44ef20,25,src/orders/order_targets.cpp,??0Class_0044ef20@@QAE@PAUStruct_004907e0@@@Z,matched,100.0
0x44ef40,3,src/orders/order_targets.cpp,?FUN_0044ef40@Class_0044ef20@@UAEXPAUVec3_004907e0@@HH@Z,matched,100.0
0x44ef50,3,src/orders/order_targets.cpp,?FUN_0044ef50@Class_0044ef20@@UAEXPAX@Z,matched,100.0
0x44ef60,32,src/orders/order_targets.cpp,??_GClass_0044ef20@@UAEPAXI@Z,matched,100.0
0x44ef80,11,src/orders/order_targets.cpp,?FUN_0044ef80@Class_0044ef20@@UAEHXZ,matched,100.0
0x44ef90,31,src/orders/order_targets.cpp,?FUN_0044ef90@Class_0044ef20@@UAEXPAX@Z,matched,100.0
0x44efb0,1,src/orders/order_targets.cpp,?FUN_0044efb0@Class_0044ef20@@UAEXXZ,matched,100.0
0x44efc0,3,src/orders/order_targets.cpp,?FUN_0044efc0@Class_0044ef20@@UAEXPAVBitWriter@@@Z,matched,100.0
0x44efd0,3,src/orders/order_targets.cpp,?FUN_0044efd0@Class_0044ef20@@UAEXPAVBitReader@@@Z,matched,100.0
0x44efe0,3,src/orders/order_targets.cpp,?FUN_0044efe0@Class_0044ef20@@UAEHXZ,matched,100.0
0x44eff0,3,src/orders/order_targets.cpp,?FUN_0044eff0@Class_0044ef20@@UAEPAVClass_0044f010@@XZ,matched,100.0
0x44f000,3,src/orders/order_targets.cpp,?FUN_0044f000@Class_0044ef20@@UAEXPAUVec3_004907e0@@0PAF@Z,matched,100.0
0x44f010,41,src/orders/order_targets.cpp,??0Class_0044f010@@QAE@PAUStruct_004907e0@@@Z,matched,100.0
0x44f040,55,src/orders/order_targets.cpp,??_GClass_0044f010@@UAEPAXI@Z,matched,100.0
0x44f080,122,src/orders/order_targets.cpp,?FUN_0044f080@Class_0044f010@@QAEXPAUPoint_0044f080@@H@Z,matched,100.0
0x44f100,76,src/orders/order_targets.cpp,?FUN_0044f100@Class_0044f010@@QAEXH@Z,matched,100.0
0x44f150,74,src/orders/order_targets.cpp,?FUN_0044ef40@Class_0044f010@@UAEXPAUVec3_004907e0@@HH@Z,matched,100.0
0x44f1a0,185,src/orders/order_targets.cpp,?FUN_0044efb0@Class_0044f010@@UAEXXZ,matched,100.0
0x44f260,37,src/orders/order_targets.cpp,?FUN_0044eff0@Class_0044f010@@UAEPAV1@XZ,matched,100.0
0x44f290,7,src/orders/order_targets.cpp,?FUN_0044ef80@Class_0044f010@@UAEHXZ,matched,100.0
0x44f2a0,431,src/orders/order_targets.cpp,?FUN_0044ef90@Class_0044f010@@UAEXPAX@Z,matched,100.0
0x44f450,34,src/orders/order_targets.cpp,??1Class_0044f010@@UAE@XZ,matched,100.0
0x44f480,31,src/orders/order_targets.cpp,?FUN_0044efe0@Class_0044f010@@UAEHXZ,matched,100.0
0x44f4a0,196,src/orders/order_targets.cpp,?FUN_0044efc0@Class_0044f010@@UAEXPAVBitWriter@@@Z,matched,100.0
0x44f570,26,src/orders/order_targets.cpp,??0Class_0044f570@@QAE@PAUStruct_004907e0@@@Z,matched,100.0
0x44f590,32,src/orders/order_targets.cpp,??_GClass_0044f570@@UAEPAXI@Z,matched,100.0
0x44f5b0,12,src/orders/order_targets.cpp,?FUN_0044f5b0@Class_0044f5b0@@QAEHXZ,matched,100.0
0x44f5c0,137,src/orders/order_targets.cpp,?FUN_0044f5c0@Class_0044f5c0@@QAEXPAVBitReader@@@Z,matched,100.0
0x44f650,74,src/orders/order_targets.cpp,?FUN_0044f650@Class_0044f650@@QAEXPAUVec3_0044f650@@HH@Z,matched,100.0
0x44f6a0,52,src/orders/order_targets.cpp,?FUN_0044f6a0@@YGXXZ,matched,100.0
0x44f6e0,50,src/orders/order_targets.cpp,?FUN_0044f6e0@@YGXXZ,matched,100.0
0x44f720,126,src/network/net_condenser.cpp,_$E4,matched,100.0
0x44f7a0,57,src/network/net_condenser.cpp,_$E2,matched,100.0
0x44f7e0,126,src/network/net_condenser.cpp,_$E9,matched,100.0
0x44f860,57,src/network/net_condenser.cpp,_$E7,matched,100.0
0x44f8a0,92,src/network/net_condenser.cpp,??0NetCondenser@@QAE@XZ,matched,100.0
0x44f900,52,src/network/net_condenser.cpp,??1NetCondenser@@QAE@XZ,matched,100.0
0x44f940,125,src/network/net_condenser.cpp,?Accumulate@NetCondenser@@QAEXPAXH@Z,matched,100.0
0x44f9c0,585,src/network/net_condenser.cpp,?ReceivePacket@NetCondenser@@QAEHPAXPADPAH@Z,matched,100.0
0x44fc10,300,src/network/net_condenser.cpp,?SendPacket@NetCondenser@@QAEHPAXH@Z,matched,100.0
0x44fd40,6,src/network/net_game_44fd40.cpp,?DefaultPacketHandler@@YGHH@Z,matched,100.0
0x44fd50,6,src/network/net_game_44fd40.cpp,?FUN_0044fd50@@YGHH@Z,matched,100.0
0x44fd60,6,src/network/net_game_44fd40.cpp,?FUN_0044fd60@@YGHH@Z,matched,100.0
0x44fd70,6,src/network/net_game_44fd40.cpp,?FUN_0044fd70@@YGHH@Z,matched,100.0
0x44fd80,6,src/network/net_game_44fd40.cpp,?FUN_0044fd80@@YGHH@Z,matched,100.0
0x44fd90,6,src/network/net_game_44fd40.cpp,?FUN_0044fd90@@YGHH@Z,matched,100.0
0x44fda0,13,src/network/net_game_44fd40.cpp,?DispatchPacket@Class_0044fda0@@QAEXXZ,matched,100.0
0x44fdb0,74,src/network/net_game_44fd40.cpp,?GetLocalDpid@@YGHXZ,matched,100.0
0x44fe00,56,src/network/net_game_44fd40.cpp,?GetLocalHumanDpid@@YGHXZ,matched,100.0
0x44fe40,99,src/network/net_game_44fd40.cpp,?FindSlotByDpid@@YGEH@Z,matched,100.0
0x44feb0,22,src/network/net_game_44fd40.cpp,?FUN_0044feb0@@YGEPAUPlayer@@@Z,matched,100.0
0x44fed0,243,src/network/net_game_44fd40.cpp,?FindPlayerByDpid@@YGPAUPlayer@@H@Z,matched,100.0
0x44ffd0,61,src/network/net_game_44fd40.cpp,?GetSlotDpid@@YGHE@Z,matched,100.0
0x450010,27,src/network/net_game_44fd40.cpp,?GetPlayerDpid@@YGHPAUPlayer@@@Z,matched,100.0
0x450030,96,src/network/net_game_44fd40.cpp,?GetHostDpid@@YGHXZ,matched,100.0
0x450090,161,src/network/net_game_44fd40.cpp,?SetPlayerName@@YGHEPAD0@Z,matched,100.0
0x450140,252,src/network/net_game_44fd40.cpp,?GetPlayerName@@YGHHPAD0@Z,matched,100.0
0x450240,305,src/network/net_game_44fd40.cpp,?PickNewHost@@YGEXZ,matched,100.0
0x450380,359,src/network/net_game_44fd40.cpp,?AnnouncePlayerLeft@@YGXH@Z,matched,100.0
0x4504f0,59,src/network/net_game_44fd40.cpp,?FindFreeSlot@@YGHXZ,matched,100.0
0x450530,977,src/network/net_game_450530.cpp,?FUN_00450530@@YGXXZ,matched,100.0
0x450910,97,src/network/net_game_44fd40.cpp,?FUN_00450910@@YGDXZ,matched,100.0
0x450980,141,src/network/net_game_44fd40.cpp,?FUN_00450980@@YGXXZ,matched,100.0
0x450a10,872,src/network/net_game_44fd40.cpp,?AddNetPlayer@@YGHH@Z,matched,100.0
0x450d80,65,src/network/net_game_44fd40.cpp,?InitNetConnection@@YGXXZ,matched,100.0
0x450dd0,74,src/network/net_game_44fd40.cpp,?CloseNetSession@@YGXXZ,matched,100.0
0x450e20,360,src/network/net_game_44fd40.cpp,?LeaveNetGame@@YGXXZ,matched,100.0
0x450f90,248,src/network/net_game_44fd40.cpp,?BroadcastPlayerInfo@@YGXXZ,matched,100.0
0x451090,236,src/network/net_game_44fd40.cpp,?BuildGameInfo@@YGXPADPAH111@Z,matched,100.0
0x451180,146,src/network/net_game_44fd40.cpp,?UpdateNetGameInfo@@YGXXZ,matched,100.0
0x451220,800,src/network/net_game_44fd40.cpp,?CreateLocalPlayer@@YGHEH@Z,matched,100.0
0x451540,135,src/network/net_game_451540.cpp,?CreateNetGame@@YGXXZ,matched,100.0
0x4515d0,104,src/network/net_game_4515d0.cpp,?EnumPlayersCallback@@YGXHHHHH@Z,matched,100.0
0x451640,300,src/network/net_game_451640.cpp,?JoinLobbyGame@@YGHPAUPlayer_00451640@@@Z,matched,100.0
0x451770,49,src/network/net_game_451770.cpp,?JoinLobbyGameThread@@YGXPAUArgs_00451770@@@Z,matched,100.0
0x4517b0,937,src/network/net_game_4517b0.cpp,?JoinNetGame@@YGHUGuid_4517b0@@H@Z,matched,100.0
0x451b60,84,src/network/net_game_451b60.cpp,?RemoveLocalPlayers@@YGXXZ,matched,100.0
0x451bc0,554,src/network/net_game_451bc0.cpp,?SendPacketToPlayer@@YGHHHPAEH@Z,matched,100.0
0x451df0,471,src/network/net_game_451df0.cpp,?BroadcastPacket@@YGHHPAEH@Z,matched,100.0
0x451fd0,915,src/network/net_game_451fd0.cpp,?InitPacketTables@@YGHPAVClass_00451fd0@@@Z,matched,100.0
0x452370,111,src/network/net_game_452370.cpp,?ReleasePacketData@@YGXPAUClass_00452370@@@Z,matched,100.0
0x4523e0,385,src/network/net_game_4523e0.cpp,?AssignPlayerColor@@YGHHHH@Z,matched,100.0
0x452570,330,src/network/net_game_452570.cpp,?IsColorFree@@YGHHH@Z,matched,100.0
0x4526c0,307,src/network/net_game_4526c0.cpp,?RequestPlayerColor@@YGHH@Z,matched,100.0
0x452800,350,src/network/net_game_452800.cpp,?FUN_00452800@@YGHH@Z,matched,100.0
0x452960,520,src/network/net_game_452960.cpp,?SetAlliance@@YGHHHEH@Z,matched,100.0
0x452b70,82,src/network/net_game_452b70.cpp,?SendAlliance@@YGHHHDH@Z,matched,100.0
0x452bd0,97,src/network/net_game_452bd0.cpp,?FUN_00452bd0@@YGHPAUPlayer_00452bd0@@@Z,matched,100.0
0x452c40,124,src/network/net_game_452c40.cpp,?GetRejectReasonText@@YGPADH@Z,matched,100.0
0x452cc0,848,src/network/net_game_452cc0.cpp,?RemovePlayer@@YGXH@Z,matched,100.0
0x453010,772,src/network/net_game_453010.cpp,?RejectPlayer@@YGHHE@Z,matched,100.0
0x453320,52,src/network/net_game_453320.cpp,?FUN_00453320@@YGXHH@Z,matched,100.0
0x453360,380,src/network/net_game_453360.cpp,?SendChatPacket@@YGHPAD@Z,matched,100.0
0x4534e0,349,src/network/net_game_4534e0.cpp,?ReceiveNetPacket@@YGHXZ,matched,100.0
0x453640,687,src/network/net_game_453640.cpp,?UpdateTimeoutDialog@@YGXXZ,matched,100.0
0x4538f0,338,src/network/net_game_4538f0.cpp,?HandleTimeoutDialog@@YGXPAUGadget_004538f0@@@Z,matched,100.0
0x453a50,460,src/network/net_game_453a50.cpp,?OpenTimeoutDialog@@YGXH@Z,matched,100.0
0x453c20,273,src/network/net_game_453c20.cpp,?CheckPlayerTimeouts@@YGXXZ,matched,100.0
0x453d40,8944,src/network/net_game_453d40.cpp,?HandleNetPackets@@YGHXZ,matched,100.0
0x456030,25,src/network/net_game_456030.cpp,?FUN_00456030@Class_00456030@@QAEHXZ,matched,100.0
0x456050,105,src/network/net_game_456050.cpp,?SendNewUnit@@YGXPAUObject_00456050@@@Z,matched,100.0
0x4560c0,68,src/network/net_game_4560c0.cpp,?FUN_004560c0@@YGXPAUObject_004560c0@@0@Z,matched,100.0
0x456110,121,src/network/net_game_456110.cpp,?SendScriptCallNoArgsByName@@YGHPAUUnit@@PAD@Z,matched,100.0
0x456190,106,src/network/net_game_456110.cpp,?SendScriptCallNoArgs@@YGHPAUUnit@@F@Z,matched,100.0
0x456200,139,src/network/net_game_456110.cpp,?SendScriptCallByName@@YGHPAUUnit@@PADDHHHH@Z,matched,100.0
0x456290,124,src/network/net_game_456110.cpp,?SendScriptCall@@YGHPAUUnit@@FDHHHH@Z,matched,100.0
0x456310,641,src/network/net_game_456110.cpp,?SendNetHeartbeat@@YGXXZ,matched,100.0
0x4565a0,442,src/network/net_game_456110.cpp,?HandlePing@@YGXPAUMessage_004565a0@@@Z,matched,100.0
0x456760,225,src/network/net_game_456110.cpp,?FUN_00456760@@YGHXZ,matched,100.0
0x456850,87,src/network/net_game_456110.cpp,?FindHostSlot@@YGEXZ,matched,100.0
0x4568b0,3,src/network/net_game_456110.cpp,?ReportPacketGap@@YGXHHH@Z,matched,100.0
0x4568c0,1310,src/network/net_game_456110.cpp,?FUN_004568c0@@YGHXZ,matched,100.0
0x456de0,243,src/network/net_game_456110.cpp,?SendLoadProgress@@YGXXZ,matched,100.0
0x456ee0,368,src/network/net_game_456110.cpp,?SendShareMetal@@YGXEEH@Z,matched,100.0
0x457050,368,src/network/net_game_456110.cpp,?SendShareEnergy@@YGXEEH@Z,matched,100.0
0x4571c0,218,src/network/net_game_456110.cpp,?SendShareMapInfo@@YGXEE@Z,matched,100.0
0x4572a0,293,src/network/net_game_456110.cpp,?FUN_004572a0@@YGHXZ,matched,100.0
0x4573d0,358,src/network/net_game_456110.cpp,?SendPlayerEconomy@@YGXPAUPlayer@@0E@Z,matched,100.0
0x457540,451,src/network/net_game_456110.cpp,?HandlePlayerEconomy@@YGXPAUPacket_00457540@@PAUPlayer@@@Z,matched,100.0
0x457710,439,src/network/net_game_456110.cpp,?InitLobbiedConnection@@YGHXZ,matched,100.0
0x4578d0,18,src/network/net_game_456110.cpp,?SetPacketRate@@YGXH@Z,matched,100.0
0x4578f0,340,src/network/net_game_456110.cpp,?LeaveNetGameCallback@@YAXH@Z,matched,100.0
0x457a50,154,src/network/net_game_456110.cpp,?IsHostLocal@@YGHXZ,matched,100.0
0x457af0,67,src/network/net_game_456110.cpp,?CountHumanPlayers@@YGHXZ,matched,100.0
0x457b40,67,src/network/net_game_456110.cpp,?CountComputerPlayers@@YGHXZ,matched,100.0
0x457b90,44,src/network/net_game_456110.cpp,?CountLocalComputerPlayers@@YGHXZ,matched,100.0
0x457bc0,76,src/network/net_game_456110.cpp,?FUN_00457bc0@@YGHXZ,matched,100.0
0x457c10,97,src/network/net_game_456110.cpp,?FUN_00457c10@@YGHXZ,matched,100.0
0x457c80,44,src/network/net_game_456110.cpp,?CountRemotePlayers@@YGHXZ,matched,100.0
0x457cb0,126,src/network/net_game_456110.cpp,?FUN_00457cb0@@YGHXZ,matched,100.0
0x457d30,1061,src/network/net_game_456110.cpp,?UpdateResourceSharing@@YGXPAUPlayer@@@Z,matched,100.0
0x458160,19,src/graphics/model_render_458160.cpp,?Construct@Class_00458160@@QAEPAV1@XZ,matched,100.0
0x458180,57,src/graphics/model_render_458180.cpp,?Initialize@Class_00458180@@QAEHI@Z,matched,100.0
0x4581c0,28,src/graphics/model_render_4581c0.cpp,?Destroy@Class_004581c0@@QAEXXZ,matched,100.0
0x4581e0,289,src/graphics/model_render_4581e0.cpp,?MeasureModel@Class_004581e0@@QAEXPAH000PAUList_459c70@@PAUVec3@@@Z,matched,100.0
0x458310,281,src/graphics/model_render_458310.cpp,?AddModelBounds@Class_00458310@@QAEXPAH000PAUModel_00458310@@HHH@Z,matched,100.0
0x458430,159,src/graphics/model_render_458430.cpp,?DrawObjectPieces@Class_00458430@@QAEXHPAUList_00458430@@UVec3@@H@Z,matched,100.0
0x4584d0,461,src/graphics/model_render_4584d0.cpp,?DrawPiece@Class_004584d0@@QAEXPAUModel_4584d0@@PAXPAUVec3_4584d0@@PAUPieceInfo_4584d0@@PAUVertex_4584d0@@IH@Z,matched,100.0
0x4586a0,267,src/graphics/model_render_4581e0.cpp,?BuildObjectPicture@Class_004581e0@@QAEHPAUList_459c70@@HH@Z,matched,100.0
0x4587b0,85,src/graphics/model_render_4587b0.cpp,?HalveFrame@@YGXPAUBitmap_004587b0@@0@Z,matched,100.0
0x458810,427,src/units/unit_motion.cpp,?DrawObjectState@CMemoryCache@@QAEXPAUList_458810@@PAUVec3_458810@@@Z,matched,100.0
0x4589c0,861,src/graphics/model_render_4589c0.cpp,?MergeIntoComposite@Class_00459200@@QAEXPAUImage_4589c0@@PAUModel_459200@@@Z,matched,100.0
0x458d20,14,src/graphics/model_render_458d20.cpp,?FUN_00458d20@@YGXHPAUCount_00458d20@@H@Z,matched,100.0
0x458d30,149,src/graphics/model_render_458d30.cpp,?RecolorByShade@Class_00458d30@@QAEXPAUImage_458d30@@EHHH@Z,matched,100.0
0x458dd0,449,src/graphics/model_render_458d30.cpp,?ShadeByIntensity@Class_00458d30@@QAEHPAUImage_458d30@@PAUModel_458dd0@@@Z,matched,100.0
0x458fa0,455,src/graphics/model_render_458fa0.cpp,?DrawPieceEdges@Class_00458fa0@@QAEXPAUView_0045a610@@PAUModel_00458fa0@@H@Z,matched,100.0
0x459170,144,src/units/unit_motion.cpp,?CopyPicture@CMemoryCache@@QAEXPAUBitmap_00437b50@@@Z,matched,100.0
0x459200,1506,src/graphics/model_render_4589c0.cpp,?DrawObjectPicture@Class_00459200@@QAEXHPAUModel_459200@@TVec3_459200@@H@Z,matched,100.0
0x4597f0,61,src/graphics/model_render_4597f0.cpp,?SetLightVector@@YGXHHH@Z,matched,100.0
0x459830,1082,src/graphics/model_render_4581e0.cpp,?DrawPieces@Class_004581e0@@QAEXPAUBitmap_459c70@@PAUList_459c70@@HH@Z,matched,100.0
0x459c70,2047,src/graphics/model_render_4581e0.cpp,?DrawLitPieces@Class_004581e0@@QAEXPAUBitmap_459c70@@PAUList_459c70@@HH@Z,matched,100.0
0x45a470,156,src/graphics/model_render_45a470.cpp,?MakeSilhouette@Class_0045a470@@QAEPAUImage_0045a470@@PAU2@@Z,matched,100.0
0x45a510,254,src/graphics/model_render_45a510.cpp,?MeasureShadow@Class_0045a510@@QAEXPAH000PAUModel_45a510@@@Z,matched,100.0
0x45a610,379,src/graphics/model_render_45a610.cpp,?DrawShadowShape@Class_0045a610@@QAEXPAUView_0045a610@@PAUModel_0045a610@@@Z,matched,100.0
0x45a790,307,src/units/unit_motion.cpp,?BuildShadow@CMemoryCache@@QAEXPAUState_0045a790@@PAUBitmap_00437b50@@@Z,matched,100.0
0x45a8d0,116,src/graphics/model_render_45a8d0.cpp,?CreateObjectState@@YGPAUObjectState_0045a8d0@@PAUObject3do@@@Z,matched,100.0
0x45a950,322,src/graphics/model_render_45a950.cpp,?CreatePlayerObjectState@@YGPAUObjectState_0045a950@@PAUObject3do@@PAUBuildList_0045a950@@H@Z,matched,100.0
0x45aaa0,100,src/graphics/model_render_45aaa0.cpp,?FreeObjectState@@YGXPAUObjectState_0045aaa0@@@Z,matched,100.0
0x45ab10,260,src/graphics/model_render_45ab10.cpp,?UpdateObjectState@@YGXPAUUnit@@@Z,matched,100.0
0x45ac20,608,src/graphics/model_render_45ac20.cpp,?DrawUnit@@YGXPAXPAUUnit@@@Z,matched,100.0
0x45ae80,49,src/graphics/model_render_45ae80.cpp,?CountObjects@@YGHPAUObject3do@@@Z,matched,100.0
0x45aec0,202,src/graphics/model_render_45aec0.cpp,?AddStateEntries@@YGPAUEntry_0045aec0@@PAUObjectState_0045aec0@@PAUObject3do@@PAU1@@Z,matched,100.0
0x45af90,152,src/graphics/model_render_45af90.cpp,?LinkStateEntries@@YGPAUEntry_0045af90@@PAUObjectState_0045af90@@PAUObject3do@@PAU1@@Z,matched,100.0
0x45b030,105,src/graphics/model_render_45b030.cpp,?RestorePieceVertices@@YIHPAUPiece_0045b030@@H@Z,matched,100.0
0x45b0a0,174,src/graphics/model_render_45b0a0.cpp,?PoseModel@@YIXPAUModel_0045b0a0@@PAUPiece_0045b030@@H@Z,matched,100.0
0x45b150,242,src/graphics/model_render_45b150.cpp,?TransformPieces@@YIXPAUSpotState@@PAUPiece_0045b150@@PAFPAUVec3@@H@Z,matched,100.0
0x45b480,13,src/network/online.cpp,?OnlineTranslate@@YGXPAE@Z,matched,100.0
0x45b640,27,src/network/online.cpp,?OnlineUnload@@YGXXZ,matched,100.0
0x45b660,6,src/network/online.cpp,?IsOnlineConfigLoaded@@YGHXZ,matched,100.0
0x45b800,30,src/frontend/options.cpp,?SetDirectConnectAddress@@YGXPAD@Z,matched,100.0
0x45b820,50,src/frontend/options.cpp,?FUN_0045b820@@YGXHPAD@Z,matched,100.0
0x45b860,32,src/frontend/options.cpp,?FUN_0045b860@@YGXH@Z,matched,100.0
0x45b880,153,src/frontend/options.cpp,?FUN_0045b880@@YGXPADH@Z,matched,100.0
0x45b920,137,src/frontend/options.cpp,?FUN_0045b920@@YGXPAD@Z,matched,100.0
0x45b9b0,105,src/frontend/options.cpp,?SetSliderFromValue@@YGXPAUEntry_0045b800@@H@Z,matched,100.0
0x45ba20,63,src/frontend/options.cpp,?ReadSliderValue@@YGHPAUEntry_0045b800@@@Z,matched,100.0
0x45ba60,138,src/frontend/options.cpp,?FUN_0045ba60@@YGXHHPAD0@Z,matched,100.0
0x45baf0,14,src/frontend/options.cpp,?FUN_0045baf0@@YGXPAXH@Z,matched,100.0
0x45bb00,228,src/frontend/options.cpp,?FUN_0045bb00@@YGXPAUMenu_0045b800@@PAUEntry_0045b800@@@Z,matched,100.0
0x45bbf0,194,src/frontend/options.cpp,?HandleVideoModeSlider@@YGXPAUMenu_0045b800@@H@Z,matched,100.0
0x45bcc0,81,src/frontend/options.cpp,?ApplyBrightnessAndVolume@@YGXXZ,matched,100.0
0x45bd20,179,src/frontend/options.cpp,?HandleGammaSlider@@YGXPAUMenu_0045b800@@H@Z,matched,100.0
0x45bde0,179,src/frontend/options.cpp,?HandleEffectsVolumeSlider@@YGXPAUMenu_0045b800@@H@Z,matched,100.0
0x45bea0,179,src/frontend/options.cpp,?HandleMusicVolumeSlider@@YGXPAUMenu_0045b800@@H@Z,matched,100.0
0x45bf60,161,src/frontend/options.cpp,?SetGameSpeedLabel@@YGXPAD0HH@Z,matched,100.0
0x45c010,90,src/frontend/options.cpp,?FUN_0045c010@@YGXPAUEntry_0045c010@@PADH@Z,matched,100.0
0x45c070,251,src/frontend/options.cpp,?HandleGameSpeedSlider@@YGXPAUMenu_0045b800@@H@Z,matched,100.0
0x45c170,173,src/frontend/options.cpp,?HandleScreenSlider@@YGXPAUMenu_0045b800@@H@Z,matched,100.0
0x45c220,268,src/frontend/options.cpp,?HandleMaxLinesSlider@@YGXPAUMenu_0045b800@@H@Z,matched,100.0
0x45c330,157,src/frontend/options.cpp,?HandleTextScrollSlider@@YGXPAUMenu_0045b800@@H@Z,matched,100.0
0x45c3d0,22,src/frontend/options.cpp,?FUN_0045c3d0@@YGXH@Z,matched,100.0
0x45c3f0,274,src/frontend/options.cpp,?UpdateTrackGadgets@@YGXXZ,matched,100.0
0x45c510,88,src/frontend/options.cpp,?ApplyTrackType@@YGXXZ,matched,100.0
0x45c570,187,src/frontend/options.cpp,?FUN_0045c570@@YGXXZ,matched,100.0
0x45c630,150,src/frontend/options.cpp,?FUN_0045c630@@YGXXZ,matched,100.0
0x45c6d0,110,src/frontend/options.cpp,?FUN_0045c6d0@@YGXXZ,matched,100.0
0x45c740,214,src/frontend/options.cpp,?FUN_0045c740@@YGXXZ,matched,100.0
0x45c820,302,src/frontend/options_45c820.cpp,?FUN_0045c820@@YGXXZ,matched,100.0
0x45c950,246,src/frontend/options.cpp,?LoadSavedAudioSettings@@YGXXZ,matched,100.0
0x45ca50,143,src/frontend/options.cpp,?FUN_0045ca50@@YGXXZ,matched,100.0
0x45cae0,353,src/frontend/options.cpp,?FUN_0045cae0@@YGXXZ,matched,100.0
0x45cc50,399,src/frontend/options.cpp,?LoadSavedSettings@@YGXXZ,matched,100.0
0x45cde0,160,src/frontend/options.cpp,?SaveGameSettings@@YGXXZ,matched,100.0
0x45ce80,224,src/frontend/options.cpp,?FUN_0045ce80@@YGXXZ,matched,100.0
0x45cf60,94,src/frontend/options.cpp,?FUN_0045cf60@@YGXXZ,matched,100.0
0x45cfc0,244,src/frontend/options.cpp,?OpenOptionsLayout@@YAHXZ,matched,100.0
0x45d0c0,111,src/frontend/options.cpp,?FUN_0045d0c0@@YGXXZ,matched,100.0
0x45d130,326,src/frontend/options.cpp,?UpdateMusicGadgets@@YGXXZ,matched,100.0
0x45d280,1333,src/frontend/options.cpp,?HandleMusicOptionsClick@@YGXPAUObject_0045d280@@@Z,matched,100.0
0x45d7c0,526,src/frontend/options.cpp,?OpenMusicOptions@@YGXXZ,matched,100.0
0x45d9d0,177,src/frontend/options.cpp,?UpdateSoundGadgets@@YGXXZ,matched,100.0
0x45da90,923,src/frontend/options.cpp,?HandleSoundOptionsClick@@YGXPAUObject_0045da90@@@Z,matched,100.0
0x45de30,710,src/frontend/options.cpp,?OpenSoundOptions@@YGXXZ,matched,100.0
0x45e100,946,src/frontend/options.cpp,?HandleVisualOptionsClick@@YGXPAUGui_0045e100@@@Z,matched,100.0
0x45e4c0,287,src/frontend/options.cpp,?SortDisplayModes@@YGXPAUModeList_0045e4c0@@@Z,matched,100.0
0x45e5e0,1262,src/frontend/options.cpp,?OpenVisualOptions@@YGXH@Z,matched,100.0
0x45ead0,632,src/frontend/options.cpp,?FUN_0045ead0@@YGXPAUGadget_0045ead0@@@Z,matched,100.0
0x45ed50,1083,src/frontend/options.cpp,?OpenSpeedOptions@@YGXXZ,matched,100.0
0x45f190,52,src/frontend/options.cpp,?FUN_0045f190@@YGXPAUGadget_0045f190@@@Z,matched,100.0
0x45f1d0,1431,src/frontend/options.cpp,?FUN_0045f1d0@@YGXXZ,matched,100.0
0x45f770,137,src/frontend/options.cpp,?HandleBriefingClick@@YGXPAUGadget_0045f770@@@Z,matched,100.0
0x45f800,185,src/frontend/options.cpp,?OpenBriefingDialog@@YGXXZ,matched,100.0
0x45f8c0,504,src/frontend/options.cpp,?FillHelpPage@@YGXPAUSub_0045f8c0@@HH@Z,matched,100.0
0x45fac0,99,src/frontend/options.cpp,?HandleHelpClick@@YGXPAUGadget_0045fac0@@@Z,matched,100.0
0x45fb30,130,src/frontend/options.cpp,?OpenHelpDialog@@YGXXZ,matched,100.0
0x45fbc0,116,src/frontend/options.cpp,?FUN_0045fbc0@@YGXXZ,matched,100.0
0x45fc40,27,src/frontend/options.cpp,?FUN_0045fc40@@YGXXZ,matched,100.0
0x45fc60,836,src/frontend/options.cpp,?HandleOptionsPanelClick@@YGXPAUGadget_0045fc60@@@Z,matched,100.0
0x45ffb0,430,src/frontend/options.cpp,?DrawOptionsScrollBar@@YGXPAX@Z,matched,100.0
0x460160,473,src/frontend/options.cpp,?OpenOptionsPanel@@YGXXZ,matched,100.0
0x460340,349,src/frontend/options.cpp,?HandleRestartDialogClick@@YGXPAUGadget_00460340@@@Z,matched,100.0
0x4604a0,286,src/frontend/options.cpp,?OpenRestartDialog@@YGXXZ,matched,100.0
0x4605c0,187,src/frontend/options.cpp,?HandleSurrenderChoice@@YGXPAUGadget_004605c0@@@Z,matched,100.0
0x460680,370,src/frontend/options.cpp,?OpenSurrenderDialog@@YGXXZ,matched,100.0
0x460800,168,src/frontend/options.cpp,?HandleExitMenuClick@@YGXPAUGadget_00460800@@@Z,matched,100.0
0x4608b0,233,src/frontend/options.cpp,?OpenExitMenu@@YGXXZ,matched,100.0
0x4609a0,15,src/frontend/options.cpp,?FUN_004609a0@@YAXH@Z,matched,100.0
0x4609b0,777,src/frontend/options.cpp,?HandleInGameOptionsClick@@YGXPAUGadget_004609b0@@@Z,matched,100.0
0x460cc0,345,src/frontend/options.cpp,?OpenInGameOptions@@YGXXZ,matched,100.0
0x460e20,281,src/network/packets_460e20.cpp,_$E4,matched,100.0
0x460f40,23,src/network/packet_ring.cpp,??0PacketRing@@QAE@XZ,matched,100.0
0x460f60,184,src/network/packets_460f60.cpp,_$E2,matched,100.0
0x461020,333,src/network/packets_461020.cpp,?InitPacketManager@@YGHHH@Z,matched,100.0
0x461170,1,src/network/packets_461170.cpp,?PacketTrace@@YAXPBDZZ,matched,100.0
0x461180,87,src/network/packets_461180.cpp,?SendToDPID@@YGHHHPAXH@Z,matched,100.0
0x4611e0,352,src/network/packets_4611e0.cpp,??0PacketManager@@QAE@XZ,matched,100.0
0x461340,209,src/network/packets_461340.cpp,??_GPacketManager@@UAEPAXI@Z,matched,100.0
0x461420,186,src/network/packets_461420.cpp,??1PacketManager@@UAE@XZ,matched,100.0
0x4614e0,260,src/network/packet_manager.cpp,?AppendToSendBuffer@PacketManager@@QAEHPAEI@Z,matched,100.0
0x4615f0,20,src/network/packet_manager.cpp,?ClearSendBuffer@PacketManager@@QAEXXZ,matched,100.0
0x461610,1,src/network/packet_manager.cpp,?FUN_00461610@PacketManager@@QAEXXZ,matched,100.0
0x461620,3,src/network/packets_461620.cpp,?FUN_00461620@Class_00461620@@QAEXHHH@Z,matched,100.0
0x461630,281,src/network/packet_manager.cpp,?FindChannel@PacketManager@@QAEPAVPacketChannel@@HH@Z,matched,100.0
0x461750,208,src/network/packet_manager.cpp,?InitChannels@PacketManager@@QAEHHH@Z,matched,100.0
0x461820,61,src/network/packet_manager.cpp,?ReleaseChannel@PacketManager@@QAEXH@Z,matched,100.0
0x461860,56,src/network/packet_manager.cpp,?ReleaseAllChannels@PacketManager@@QAEXXZ,matched,100.0
0x4618a0,84,src/network/packet_manager.cpp,?SendAllQueued@PacketManager@@QAEHH@Z,matched,100.0
0x461900,144,src/network/packet_manager.cpp,?FUN_00461900@PacketManager@@QAEHHPAUMsg_00461900@@@Z,matched,100.0
0x461990,27,src/network/packet_manager.cpp,?QueueOnChannel@PacketManager@@QAEXHPAVPacketChannel@@HH@Z,matched,100.0
0x4619b0,46,src/network/packet_manager.cpp,?QueuePacket@PacketManager@@QAEPAXHHPAXI@Z,matched,100.0
0x4619e0,143,src/network/packet_manager.cpp,?SetDefaultSendPacing@PacketManager@@QAEXH@Z,matched,100.0
0x461a70,70,src/network/packet_channel.cpp,??0PacketChannel@@QAE@XZ,matched,100.0
0x461ac0,70,src/network/packet_channel.cpp,??1PacketChannel@@QAE@XZ,matched,100.0
0x461b10,272,src/network/packet_channel.cpp,?AllocBuffer@PacketChannel@@QAEPAVPacketBuffer@@XZ,matched,100.0
0x461c20,310,src/network/packet_channel.cpp,?AllocPacket@PacketChannel@@QAEPAUPacket@@H@Z,matched,100.0
0x461d60,3,src/network/packets_461d60.cpp,?FUN_00461d60@@YGXHHH@Z,matched,100.0
0x461d70,15,src/network/packets_461d70.cpp,?GetCurrentBuffer@@YIHPAH@Z,matched,100.0
0x461d80,24,src/network/packet_channel.cpp,?GetMinRetainMs@PacketChannel@@QAEHXZ,matched,100.0
0x461da0,15,src/network/packet_channel.cpp,?GetPacketEntry@PacketChannel@@QAEHH@Z,matched,100.0
0x461db0,468,src/network/packet_channel.cpp,?InitPools@PacketChannel@@QAEHHIHH@Z,matched,100.0
0x461f90,62,src/network/packet_channel.cpp,?EnqueuePacket@PacketChannel@@QAEXPAUPacket@@@Z,matched,100.0
0x461fd0,919,src/network/packets_461fd0.cpp,?GrowPools@PacketChannel@@QAEHHH@Z,matched,100.0
0x462370,60,src/network/packet_ring.cpp,?PushPacket@PacketRing@@QAEHH@Z,matched,100.0
0x4623b0,39,src/network/packets_4623b0.cpp,?PopPacket@Class_004623b0@@QAEHXZ,matched,100.0
0x4623e0,137,src/network/packet_channel.cpp,?DequeuePacket@PacketChannel@@QAEXPAUPacket@@@Z,matched,100.0
0x462470,41,src/network/packet_channel.cpp,?ResetChannel@PacketChannel@@QAEXXZ,matched,100.0
0x4624a0,570,src/network/packet_channel.cpp,?SendQueued@PacketChannel@@QAEHH@Z,matched,100.0
0x4626e0,48,src/network/packets_4626e0.cpp,?SendPacketTo@NetCondenser@@QAEXPAXHH0H@Z,matched,100.0
0x462710,324,src/network/packet_channel.cpp,?AddPacket@PacketChannel@@QAEHHPAXI@Z,matched,100.0
0x462860,59,src/network/packets_462860.cpp,?SetMinRetainMs@Class_00462860@@QAEXI@Z,matched,100.0
0x4628a0,33,src/network/packets_4628a0.cpp,?SetSendPacingMs@Class_004628a0@@QAEXH@Z,matched,100.0
0x4628d0,219,src/network/packet_buffer.cpp,?AppendPacket@PacketBuffer@@QAEHPAUPacket@@HPBXIH@Z,matched,100.0
0x4629b0,144,src/network/packet_buffer.cpp,?FreePackets@PacketBuffer@@QAEXXZ,matched,100.0
0x462a40,27,src/network/packet_buffer.cpp,?FUN_00462a40@PacketBuffer@@QAEXXZ,matched,100.0
0x462a60,120,src/network/packet_buffer.cpp,?IsReusable@PacketBuffer@@QAEHH@Z,matched,100.0
0x462ae0,233,src/network/packets_462ae0.cpp,?RemovePacket@Class_00462ae0@@QAEXPAUPacket_00462ae0@@@Z,matched,100.0
0x462bd0,21,src/network/packets_462bd0.cpp,?RemoveFromBuffer@Class_00462bd0@@QAEXXZ,matched,100.0
0x462bf0,11,src/network/packets_462bf0.cpp,?GetData@Class_00462bf0@@QAEHXZ,matched,100.0
0x462c00,188,src/network/packets_462c00.cpp,??0PacketReceiver@@QAE@PAX@Z,matched,100.0
0x462cc0,106,src/network/packet_receiver.cpp,??_GPacketReceiver@@UAEPAXI@Z,matched,100.0
0x462d30,84,src/network/packet_receiver.cpp,??1PacketReceiver@@UAE@XZ,matched,100.0
0x462d90,314,src/network/packet_receiver.cpp,?FindPlayerFrameInfo@PacketReceiver@@QAEPAUPlayerFrameInfo@@J@Z,matched,100.0
0x462ed0,88,src/network/packet_receiver.cpp,?ResetReceiveBuffer@PacketReceiver@@QAEHXZ,matched,100.0
0x462f30,1653,src/network/packet_receiver.cpp,?ReceiveFrame@PacketReceiver@@QAEHPAXPAEPAH@Z,matched,100.0
0x4635b0,93,src/network/player_frame_info.cpp,??0PlayerFrameInfo@@QAE@XZ,matched,100.0
0x463610,109,src/network/player_frame_info.cpp,?Initialize@PlayerFrameInfo@@QAEXJ@Z,matched,100.0
0x463680,41,src/network/player_frame_info.cpp,??1PlayerFrameInfo@@QAE@XZ,matched,100.0
0x4636b0,81,src/network/frame_queue.cpp,??0FrameQueue@@QAE@XZ,matched,100.0
0x463710,29,src/network/frame_queue.cpp,??1FrameQueue@@QAE@XZ,matched,100.0
0x463730,91,src/network/frame_queue.cpp,?ResetFrames@FrameQueue@@QAEHXZ,matched,100.0
0x463790,1040,src/network/frame_queue.cpp,?QueueFrames@FrameQueue@@QAEHPADIHHHH@Z,matched,100.0
0x463ba0,34,src/network/packets_463ba0.cpp,?FUN_00463ba0@@YGXXZ,matched,100.0
0x463bd0,1,src/network/packets_463bd0.cpp,?FUN_00463bd0@@YGXXZ,matched,100.0
0x463be0,82,src/network/packets_463be0.cpp,??0Class_00463be0@@QAE@XZ,matched,100.0
0x463c40,29,src/network/packets_463c40.cpp,?FUN_00463c40@Class_00463c40@@QAEXXZ,matched,100.0
0x463c60,24,src/network/packets_463c60.cpp,?SetType@Player@@QAEXH@Z,matched,100.0
0x463c80,29,src/network/packets_463c80.cpp,?FUN_00463c80@@YGXXZ,matched,100.0
0x463ca0,417,src/network/net_chat.cpp,?AddMessage@@YGXPADEGD@Z,matched,100.0
0x463e50,146,src/network/net_chat.cpp,?SendChatMessage@@YGXPAUPlayer_00463e50@@PADH1@Z,matched,100.0
0x463ef0,111,src/network/net_chat.cpp,?ExpireOldestMessage@@YGHXZ,matched,100.0
0x463f60,160,src/network/net_chat.cpp,?ScrollToNextMessageUnit@@YGHXZ,matched,100.0
0x464000,87,src/network/net_chat_464000.cpp,?CycleMessageUnits@@YGXXZ,matched,100.0
0x464060,560,src/network/net_chat.cpp,?DrawMessages@@YGXPAX@Z,matched,100.0
0x464290,561,src/game/players_464290.cpp,?FUN_00464290@@YGXHD@Z,matched,100.0
0x4644d0,555,src/game/players_4644d0.cpp,?ResetPlayerSlots@@YGXXZ,matched,100.0
0x464700,473,src/game/players_464700.cpp,?InitPlayerSlot@@YGXPAUPlayer_00464700@@@Z,matched,100.0
0x4648e0,174,src/game/players_4648e0.cpp,?FUN_004648e0@@YGXXZ,matched,100.0
0x464990,55,src/game/players_464990.cpp,?InitPlayers@@YGXXZ,matched,100.0
0x4649d0,48,src/game/players_4649d0.cpp,?FUN_004649d0@@YGXXZ,matched,100.0
0x464a00,162,src/game/players_464a00.cpp,?FreePlayers@@YGXXZ,matched,100.0
0x464ab0,13,src/game/players_464ab0.cpp,?FUN_00464ab0@@YGMPAX@Z,matched,100.0
0x464ac0,13,src/game/players_464ac0.cpp,?FUN_00464ac0@@YGMPAUClass_00464ac0@@@Z,matched,100.0
0x464ad0,19,src/game/players_464ad0.cpp,?FUN_00464ad0@@YGMPAX@Z,matched,100.0
0x464af0,13,src/game/players_464af0.cpp,?FUN_00464af0@@YGMPAX@Z,matched,100.0
0x464b00,13,src/game/players_464b00.cpp,?FUN_00464b00@@YGMPAX@Z,matched,100.0
0x464b10,19,src/game/players_464b10.cpp,?FUN_00464b10@@YGMPAUClass_464b10@@@Z,matched,100.0
0x464b30,301,src/game/players_464b30.cpp,?TransferMetal@@YGXEEMH@Z,matched,100.0
0x464c60,305,src/game/players_464c60.cpp,?TransferEnergy@@YGXEEMH@Z,matched,100.0
0x464da0,55,src/game/players_464da0.cpp,?FUN_00464da0@@YGXPAURange_00464da0@@@Z,matched,100.0
0x464de0,143,src/game/players_464de0.cpp,?FUN_00464de0@@YGXPAUGadget_00464de0@@@Z,matched,100.0
0x464e70,263,src/game/players_464e70.cpp,?FUN_00464e70@@YGXXZ,matched,100.0
0x464f80,2392,src/game/players_464f80.cpp,?FUN_00464f80@@YGXXZ,matched,100.0
0x4658e0,469,src/game/players_4658e0.cpp,?FUN_004658e0@@YGHPAUMap_004658e0@@HHHHF@Z,matched,100.0
0x465ac0,865,src/game/players_465ac0.cpp,?FUN_00465ac0@@YGHPAUMap_00465ac0@@PAUUnit@@@Z,matched,100.0
0x465e30,371,src/game/players_465e30.cpp,?FUN_00465e30@@YGXXZ,matched,100.0
0x465fb0,147,src/game/players_465fb0.cpp,?LoadPlayerControllers@@YGXPAVHapiBank@@@Z,matched,100.0
0x466580,67,src/game/players_466580.cpp,?FUN_00466580@@YGXXZ,matched,100.0
0x4665d0,425,src/map/radar.cpp,?ResizeRadarPicture@@YGXPAUPic_4665d0@@HHHH@Z,matched,100.0
0x466780,548,src/map/radar.cpp,?BuildRadarPicture@@YGXXZ,matched,100.0
0x4669b0,227,src/map/radar.cpp,?InitRadar@@YGXXZ,matched,100.0
0x466aa0,92,src/map/radar.cpp,?FreeRadar@@YGXXZ,matched,100.0
0x466b00,103,src/map/radar.cpp,?DrawRadar@@YGXPAX@Z,matched,100.0
0x466b70,165,src/map/radar.cpp,?CalcRadarViewportRect@@YGXPAH@Z,matched,100.0
0x466c20,402,src/map/radar.cpp,?UpdateRadarMapped@@YGXXZ,matched,100.0
0x466dc0,1662,src/map/radar.cpp,?DrawRadarUnits@@YGXXZ,matched,100.0
0x467440,1015,src/ingame/info_panel_467440.cpp,?FUN_00467440@@YGXXZ,matched,100.0
0x467840,272,src/ingame/info_panel.cpp,?FUN_00467840@DetectionVisitor@@UAEXPAUUnit@@@Z,matched,100.0
0x467950,14,src/ingame/info_panel.cpp,?FUN_00467950@@YGXPAX@Z,matched,100.0
0x467960,25,src/ingame/info_panel.cpp,?FUN_00467960@@YGXPAUUnit_00467960@@@Z,matched,100.0
0x467980,25,src/ingame/info_panel.cpp,?FUN_00467980@@YGXPAUUnit@@@Z,matched,100.0
0x4679a0,126,src/ingame/info_panel.cpp,?LoadLightBar@@YGXXZ,matched,100.0
0x467a20,40,src/ingame/info_panel.cpp,?FUN_00467a20@@YGXPAXPAFHH@Z,matched,100.0
0x467a50,259,src/ingame/info_panel.cpp,?FUN_00467a50@@YGXPAXPAUVec3@@1PAF@Z,matched,100.0
0x467b60,157,src/ingame/info_panel.cpp,?DrawProgressBar@@YGXPAXHHPAURect_004b0510@@PAUColors_00467b60@@H@Z,matched,100.0
0x467c00,175,src/ingame/info_panel.cpp,?FUN_00467c00@@YGXPAXPAUPlayer_467c00@@PAURect_467c00@@H@Z,matched,100.0
0x467cb0,192,src/ingame/info_panel.cpp,?DrawKillCount@@YGXPAXPAUPlayer_00467cb0@@HH@Z,matched,100.0
0x467d70,218,src/ingame/info_panel.cpp,?DrawLightBars@@YGXXZ,matched,100.0
0x467e50,1212,src/ingame/info_panel.cpp,?DrawUnitStateProbe@@YGHPAX@Z,matched,100.0
0x468310,108,src/ingame/info_panel.cpp,?DrawPercentBar@@YGXPAXPAURect_004b0510@@H@Z,matched,100.0
0x468380,539,src/ingame/info_panel.cpp,?DrawNetworkStats@@YGXPAX@Z,matched,100.0
0x4685a0,1045,src/ingame/info_panel.cpp,?DrawUnitBuilderProbe@@YGHPAX@Z,matched,100.0
0x4689c0,803,src/ingame/info_panel.cpp,?DrawStatusPanel@@YGXPAVSurface@@@Z,matched,100.0
0x468cf0,5904,src/ingame/info_panel_468cf0.cpp,?FUN_00468cf0@@YGXHH@Z,matched,100.0
0x46a400,36,src/ingame/info_panel.cpp,?AccumulateProfileTime@FrameTimers@@QAEXH@Z,matched,100.0
0x46a430,256,src/ingame/info_panel.cpp,?DrawHitPointBar@@YGXPAXPAUUnit@@HH@Z,matched,100.0
0x46a530,216,src/ingame/info_panel.cpp,?DrawSelectionBox@@YGXPAUVec3@@PAUUnit@@@Z,matched,100.0
0x46a610,589,src/ingame/info_panel_46a610.cpp,?FUN_0046a610@@YGXPAXPAUCell@@HH@Z,matched,100.0
0x46a860,4247,src/ingame/info_panel_46a860.cpp,?DrawUnitInfoPanel@@YGXPAX@Z,matched,100.0
0x46b900,196,src/ingame/info_panel.cpp,?FUN_0046b900@@YGXHPBDH@Z,matched,100.0
0x46b9d0,165,src/ingame/info_panel.cpp,?FUN_0046b9d0@@YGXPAXPAFUSize_0046b9d0@@H@Z,matched,100.0
0x46ba80,89,src/ingame/info_panel.cpp,?DrawClosedPolygon@@YGXPAXPAUPoint@@HH@Z,matched,100.0
0x46bae0,380,src/ingame/info_panel.cpp,?FUN_0046bae0@@YGXPAXPAUVec3@@PAVObject_0046bae0@@PAF@Z,matched,100.0
0x46bc60,13,src/ingame/info_panel.cpp,?FUN_0046bc60@@YGXH@Z,matched,100.0
0x46bc70,108,src/ingame/info_panel.cpp,?ShowGameMessage@@YGHPADH@Z,matched,100.0
0x46bce0,542,src/game/statistics.cpp,?AllocScoreTables@@YGHXZ,matched,100.0
0x46bf00,27,src/game/statistics.cpp,?EnableReporter@@YGHH@Z,matched,100.0
0x46bf20,14,src/game/statistics.cpp,?IsReporterDllLoaded@@YG_NXZ,matched,100.0
0x46bf30,602,src/game/statistics.cpp,?LoadReporterDll@@YGHPAHH@Z,matched,100.0
0x46c190,259,src/game/statistics.cpp,?ShutdownScoreTables@@YGXXZ,matched,100.0
0x46c620,486,src/network/unit_sync.cpp,?ReportGameEvent@@YGHH@Z,matched,100.0
0x46c810,157,src/network/unit_sync.cpp,?ReportGameChat@@YGHH@Z,matched,100.0
0x46c8b0,16,src/network/unit_sync.cpp,?ReportIntervalTimer@@YGXXZ,matched,100.0
0x46c8c0,3,src/network/unit_sync.cpp,?FUN_0046c8c0@@YGXH@Z,matched,100.0
0x46c8d0,1,src/network/unit_sync.cpp,?FUN_0046c8d0@@YGXXZ,matched,100.0
0x46c8e0,58,src/network/unit_sync.cpp,?CreateUnitSync@@YGXH@Z,matched,100.0
0x46c920,317,src/network/unit_sync.cpp,?DeleteUnitSync@@YIXXZ,matched,100.0
0x46ca60,381,src/network/unit_sync_46ca60.cpp,?FinishUnitSync@@YIXXZ,matched,100.0
0x46cbe0,47,src/network/unit_sync.cpp,??0PacketSequencer@@QAE@XZ,matched,100.0
0x46cc10,678,src/network/unit_sync_46cc10.cpp,?SendSequenced@PacketSequencer@@QAEXPAUElem_0046faf0@@0@Z,matched,100.0
0x46cec0,33,src/network/unit_sync.cpp,?SendUnsequenced@Class_0046cec0@@QAEXIPAX@Z,matched,100.0
0x46cef0,325,src/network/unit_sync.cpp,?ReceiveSequenced@PacketSequencer@@QAEXPAUPacket_0046cef0@@HPAXI@Z,matched,100.0
0x46d040,342,src/network/unit_sync.cpp,??0UnitSync@@QAE@H@Z,matched,100.0
0x46d1a0,312,src/network/unit_sync_46d1a0.cpp,??1UnitSync@@QAE@XZ,matched,100.0
0x46d2e0,475,src/network/unit_sync_46d2e0.cpp,?ResetEntries@UnitSync@@QAEXXZ,matched,100.0
0x46d4c0,49,src/network/unit_sync.cpp,?SendSyncPacket@UnitSync@@QAEXPAIPAUPacket_0046d530@@H@Z,matched,100.0
0x46d500,33,src/network/unit_sync.cpp,?ReceiveSyncPacket@Class_0046d500@@QAEXPAXH@Z,matched,100.0
0x46d530,122,src/network/unit_sync.cpp,?SendSyncMessage@UnitSync@@QAEXEHHH@Z,matched,100.0
0x46d5b0,117,src/network/unit_sync.cpp,?SendSyncMessageTo@UnitSync@@QAEXPAUTarget_0046d530@@EHHH@Z,matched,100.0
0x46d630,134,src/network/unit_sync.cpp,?SendEntryTo@UnitSync@@QAEXPAUTarget_0046d530@@EPAUSource_0046d630@@H@Z,matched,100.0
0x46d6c0,416,src/network/unit_sync.cpp,?HandleSyncPacket@UnitSync@@QAEXPAUPacket_0046d6c0@@E@Z,matched,100.0
0x46d860,259,src/network/unit_sync.cpp,?NotifyEntryChanged@UnitSync@@QAEXI@Z,matched,100.0
0x46d970,351,src/network/unit_sync.cpp,?CheckUnitAvailable@UnitSync@@QAEXIH@Z,matched,100.0
0x46dad0,1024,src/network/unit_sync_46dad0.cpp,?ProcessSync@UnitSync@@QAEXXZ,matched,100.0
0x46ded0,111,src/network/unit_sync_player.cpp,??1UnitSyncPlayer@@QAE@XZ,matched,100.0
0x46df40,185,src/network/unit_sync.cpp,?GetSyncStatusText@UnitSync@@QAEPADXZ,matched,100.0
0x46e000,166,src/network/unit_sync.cpp,?AllPlayersSynced@UnitSync@@QAEHXZ,matched,100.0
0x46e0b0,163,src/network/unit_sync.cpp,?IsPlayerSynced@UnitSync@@QAEHH@Z,matched,100.0
0x46e160,276,src/network/unit_sync.cpp,?ApplyToUnitTypes@Class_0046e160@@QAEXXZ,matched,100.0
0x46e280,173,src/network/unit_sync.cpp,?PopChangedEntry@UnitSync@@QAEHPAUEvent_0046e280@@@Z,matched,100.0
0x46e330,134,src/network/unit_sync.cpp,?GetUnitEntry@UnitSync@@QAEHPAUUnit_0046e330@@PAUUnitSyncEntry@@@Z,matched,100.0
0x46e3c0,129,src/network/unit_sync.cpp,?ToggleUnitAllowed@UnitSync@@QAEHPAUUnit_0046e330@@@Z,matched,100.0
0x46e450,122,src/network/unit_sync.cpp,?DisallowUnit@UnitSync@@QAEHPAUUnit_0046e330@@@Z,matched,100.0
0x46e4d0,122,src/network/unit_sync.cpp,?AllowUnit@UnitSync@@QAEHPAUUnit_0046e330@@@Z,matched,100.0
0x46e550,106,src/network/unit_sync.cpp,?SetUnitLimit@UnitSync@@QAEXPAUUnit_0046e330@@H@Z,matched,100.0
0x46e5c0,24,src/network/unit_sync.cpp,?FUN_0046e5c0@Class_0046e5c0@@QAEPAU1@PAD@Z,matched,100.0
0x46e5e0,34,src/network/unit_sync.cpp,??1Class_0046e5e0@@QAE@XZ,matched,100.0
0x46e610,34,src/network/unit_sync.cpp,??1Class_0046e610@@QAE@XZ,matched,100.0
0x46e640,546,src/network/unit_sync_46e640.cpp,?insert@?$vector@HV?$allocator@H@std@@@std@@QAEXPAHIABH@Z,matched,100.0
0x46e870,3,src/network/unit_sync.cpp,?_Destroy@?$vector@UElem_0046faf0@@V?$allocator@UElem_0046faf0@@@std@@@std@@IAEXPAUElem_0046faf0@@0@Z,matched,100.0
0x46e880,14,src/network/unit_sync.cpp,?FUN_0046e880@Class_0046e880@@QAEPAHPAH@Z,matched,100.0
0x46e890,276,src/network/unit_sync.cpp,?erase@?$_Tree@IU?$pair@IUUnitSyncEntry@@@std@@U_Kfn@?$map@IUUnitSyncEntry@@U?$less@I@std@@V?$allocator@UUnitSyncEntry@@@3@@2@U?$less@I@2@V?$allocator@UUnitSyncEntry@@@2@@std@@QAE?AViterator@12@V312@0@Z,matched,100.0
0x46e9b0,88,src/network/unit_sync.cpp,?FUN_0046e9b0@Class_0046e9b0@@QAE?AVIter_0046e9b0@@ABI@Z,matched,100.0
0x46ea10,132,src/network/unit_sync.cpp,?_Inc@iterator@?$_Tree@IU?$pair@IUUnitSyncEntry@@@std@@U_Kfn@?$map@IUUnitSyncEntry@@U?$less@I@std@@V?$allocator@UUnitSyncEntry@@@3@@2@U?$less@I@2@V?$allocator@UUnitSyncEntry@@@2@@std@@QAEXXZ,matched,100.0
0x46eaa0,189,src/network/unit_sync.cpp,?_Destroy@?$vector@UClass_0046eaa0@@V?$allocator@UClass_0046eaa0@@@std@@@std@@IAEXPAUClass_0046eaa0@@0@Z,matched,100.0
0x46eb60,52,src/network/unit_sync.cpp,?erase@?$list@HV?$allocator@H@std@@@std@@QAE?AViterator@12@V312@@Z,matched,100.0
0x46eba0,936,src/network/unit_sync_46eba0.cpp,?insert@?$vector@UPacket_0046cef0@@V?$allocator@UPacket_0046cef0@@@std@@@std@@QAEXPAUPacket_0046cef0@@IABU3@@Z,matched,100.0
0x46ef50,643,src/network/unit_sync.cpp,?insert@?$_Tree@IU?$pair@IUUnitSyncEntry@@@std@@U_Kfn@?$map@IUUnitSyncEntry@@U?$less@I@std@@V?$allocator@UUnitSyncEntry@@@3@@2@U?$less@I@2@V?$allocator@UUnitSyncEntry@@@2@@std@@QAE?AU?$pair@Viterator@?$_Tree@IU?$pair@IUUnitSyncEntry@@@std@@U_Kfn@?$map@IUUnitSyncEntry@@U?$less@I@std@@V?$allocator@UUnitSyncEntry@@@3@@2@U?$less@I@2@V?$allocator@UUnitSyncEntry@@@2@@std@@_N@2@ABU?$pair@IUUnitSyncEntry@@@2@@Z,matched,100.0
0x46f1e0,1254,src/network/unit_sync.cpp,?erase@?$_Tree@IU?$pair@IUUnitSyncEntry@@@std@@U_Kfn@?$map@IUUnitSyncEntry@@U?$less@I@std@@V?$allocator@UUnitSyncEntry@@@3@@2@U?$less@I@2@V?$allocator@UUnitSyncEntry@@@2@@std@@QAE?AViterator@12@V312@@Z,matched,100.0
0x46f6d0,79,src/network/unit_sync.cpp,?_Erase@?$_Tree@IU?$pair@IUUnitSyncEntry@@@std@@U_Kfn@?$map@IUUnitSyncEntry@@U?$less@I@std@@V?$allocator@UUnitSyncEntry@@@3@@2@U?$less@I@2@V?$allocator@UUnitSyncEntry@@@2@@std@@IAEXPAU_Node@12@@Z,matched,100.0
0x46f720,124,src/network/unit_sync.cpp,?FUN_0046f720@Class_0046f720@@QAEXXZ,matched,100.0
0x46f7a0,798,src/network/unit_sync_46f7a0.cpp,?insert@?$vector@VUnitSyncPlayer@@V?$allocator@VUnitSyncPlayer@@@std@@@std@@QAEXPAVUnitSyncPlayer@@IABV3@@Z,matched,100.0
0x46fac0,15,src/network/unit_sync.cpp,??Eiterator@?$list@HV?$allocator@H@std@@@std@@QAE?AV012@H@Z,matched,100.0
0x46fad0,22,src/network/unit_sync.cpp,??0Class_0046fad0@@QAE@ABQAUNode_0046fad0@@AB_N@Z,matched,100.0
0x46faf0,74,src/network/unit_sync.cpp,?_Ucopy@?$vector@UElem_0046faf0@@V?$allocator@UElem_0046faf0@@@std@@@std@@IAEPAUElem_0046faf0@@PBU3@0PAU3@@Z,matched,100.0
0x46fb40,63,src/network/unit_sync.cpp,?_Ufill@?$vector@UElem_0046faf0@@V?$allocator@UElem_0046faf0@@@std@@@std@@IAEXPAUElem_0046faf0@@IABU3@@Z,matched,100.0
0x46fb80,731,src/network/unit_sync.cpp,?_Insert@?$_Tree@IU?$pair@IUUnitSyncEntry@@@std@@U_Kfn@?$map@IUUnitSyncEntry@@U?$less@I@std@@V?$allocator@UUnitSyncEntry@@@3@@2@U?$less@I@2@V?$allocator@UUnitSyncEntry@@@2@@std@@IAE?AViterator@12@PAU_Node@12@0ABU?$pair@IUUnitSyncEntry@@@2@@Z,matched,100.0
0x46fe60,79,src/network/unit_sync.cpp,?FUN_0046fe60@Class_0046fe60@@QAEPAUNode_0046fe60@@PBI@Z,matched,100.0
0x46feb0,90,src/network/unit_sync.cpp,?_Lrotate@?$_Tree@IU?$pair@IUUnitSyncEntry@@@std@@U_Kfn@?$map@IUUnitSyncEntry@@U?$less@I@std@@V?$allocator@UUnitSyncEntry@@@3@@2@U?$less@I@2@V?$allocator@UUnitSyncEntry@@@2@@std@@IAEXPAU_Node@12@@Z,matched,100.0
0x46ff10,92,src/network/unit_sync.cpp,?_Rrotate@?$_Tree@IU?$pair@IUUnitSyncEntry@@@std@@U_Kfn@?$map@IUUnitSyncEntry@@U?$less@I@std@@V?$allocator@UUnitSyncEntry@@@3@@2@U?$less@I@2@V?$allocator@UUnitSyncEntry@@@2@@std@@IAEXPAU_Node@12@@Z,matched,100.0
0x46ff70,27,src/network/unit_sync.cpp,?_Buynode@?$_Tree@IU?$pair@IUUnitSyncEntry@@@std@@U_Kfn@?$map@IUUnitSyncEntry@@U?$less@I@std@@V?$allocator@UUnitSyncEntry@@@3@@2@U?$less@I@2@V?$allocator@UUnitSyncEntry@@@2@@std@@IAEPAU_Node@12@PAU312@W4_Redbl@12@@Z,matched,100.0
0x46ff90,159,src/network/unit_sync.cpp,?_Dec@iterator@?$_Tree@IU?$pair@IUUnitSyncEntry@@@std@@U_Kfn@?$map@IUUnitSyncEntry@@U?$less@I@std@@V?$allocator@UUnitSyncEntry@@@3@@2@U?$less@I@2@V?$allocator@UUnitSyncEntry@@@2@@std@@QAEXXZ,matched,100.0
0x470030,3,src/network/unit_sync.cpp,?FUN_00470030@@YGXH@Z,matched,100.0
0x470040,526,src/network/unit_sync_470040.cpp,??4Class_0046eaa0@@QAEAAU0@ABU0@@Z,matched,100.0
0x470250,19,src/network/unit_sync.cpp,?FUN_00470250@Class_00470250@@QAEHXZ,matched,100.0
0x470270,19,src/network/unit_sync.cpp,?FUN_00470270@Class_00470270@@QAEHXZ,matched,100.0
0x470290,3,src/network/unit_sync.cpp,?_Destroy@?$vector@UElem_004702a0@@V?$allocator@UElem_004702a0@@@std@@@std@@IAEXPAUElem_004702a0@@0@Z,matched,100.0
0x4702a0,46,src/network/unit_sync.cpp,?_Ucopy@?$vector@UElem_004702a0@@V?$allocator@UElem_004702a0@@@std@@@std@@IAEPAUElem_004702a0@@PBU3@0PAU3@@Z,matched,100.0
0x4702d0,42,src/network/unit_sync.cpp,?FUN_004702d0@@YGPAHPAH00@Z,matched,100.0
0x470300,132,src/network/unit_sync_player.cpp,??_GUnitSyncPlayer@@QAEPAXI@Z,matched,100.0
0x470390,457,src/network/unit_sync_player.cpp,??0UnitSyncPlayer@@QAE@ABV0@@Z,matched,100.0
0x470560,515,src/network/unit_sync.cpp,??4PacketSequencer@@QAEAAU0@ABU0@@Z,matched,100.0
0x470770,35,src/network/unit_sync.cpp,?size@?$vector@UElem_0046faf0@@V?$allocator@UElem_0046faf0@@@std@@@std@@QBEIXZ,matched,100.0
0x4707a0,661,src/network/unit_sync.cpp,??4?$vector@UElem_0046faf0@@V?$allocator@UElem_0046faf0@@@std@@@std@@QAEAAV01@ABV01@@Z,matched,100.0
0x470a40,70,src/graphics/particles.cpp,?FUN_00470a40@@YGPAUElem_00470a40@@PAU1@00@Z,matched,100.0
0x470a90,70,src/graphics/particles.cpp,?Construct@Class_00470a90@@QAEPAVObjectPool@@HH@Z,matched,100.0
0x470ae0,151,src/graphics/particles.cpp,??_GObjectPool@@UAEPAXI@Z,matched,100.0
0x470b80,130,src/graphics/particles.cpp,?Destroy@Class_00470b80@@QAEXXZ,matched,100.0
0x470c10,561,src/graphics/particles_470c10.cpp,?Grow@Class_00470c10@@QAEHHH@Z,matched,100.0
0x470e50,95,src/graphics/particles.cpp,?FreeBlocks@ObjectPool@@QAEXXZ,matched,100.0
0x470eb0,28,src/graphics/particles.cpp,?AllocSlot@Class_00470eb0@@QAEHH@Z,matched,100.0
0x470ed0,20,src/graphics/particles.cpp,?FreeSlot@Class_00470ed0@@QAEXH@Z,matched,100.0
0x470ef0,3,src/graphics/particles.cpp,?_Destroy@?$vector@UElem_00470f00@@V?$allocator@UElem_00470f00@@@std@@@std@@IAEXPAUElem_00470f00@@0@Z,matched,100.0
0x470f00,46,src/graphics/particles.cpp,?_Ucopy@?$vector@UElem_00470f00@@V?$allocator@UElem_00470f00@@@std@@@std@@IAEPAUElem_00470f00@@PBU3@0PAU3@@Z,matched,100.0
0x470f30,35,src/graphics/particles.cpp,?_Ufill@?$vector@UElem_00470f00@@V?$allocator@UElem_00470f00@@@std@@@std@@IAEXPAUElem_00470f00@@IABU3@@Z,matched,100.0
0x470f60,19,src/graphics/particles.cpp,?FUN_00470f60@@YGXPAH0@Z,matched,100.0
0x470f80,42,src/graphics/particles.cpp,??0ParticleLists@@QAE@XZ,matched,100.0
0x470fb0,154,src/graphics/particles.cpp,??1ParticleLists@@QAE@XZ,matched,100.0
0x471050,132,src/graphics/particles.cpp,?UpdateAll@ParticleLists@@QAEXXZ,matched,100.0
0x4710e0,55,src/graphics/particles.cpp,?DrawAll@ParticleLists@@QAEXPAX@Z,matched,100.0
0x471120,51,src/graphics/particles.cpp,?DrawList@ParticleLists@@QAEXPAXF@Z,matched,100.0
0x471160,476,src/graphics/particles_471160.cpp,?AddToList@ParticleLists@@QAEXUElem_00473500@@F@Z,matched,100.0
0x471340,239,src/graphics/particles.cpp,?AddTeleportParticles@ParticleLists@@QAEXHHHF@Z,matched,100.0
0x471430,63,src/graphics/particles.cpp,??_GTeleportParticles@@UAEPAXI@Z,matched,100.0
0x471470,239,src/graphics/particles.cpp,?AddNanoParticles@ParticleLists@@QAEXHHHF@Z,matched,100.0
0x471560,63,src/graphics/particles.cpp,??_GNanoParticles@@UAEPAXI@Z,matched,100.0
0x4715a0,244,src/graphics/particles.cpp,?AddThrustParticles@ParticleLists@@QAEXHHHHF@Z,matched,100.0
0x4716a0,63,src/graphics/particles.cpp,??_GThrustParticles@@UAEPAXI@Z,matched,100.0
0x4716e0,249,src/graphics/particles.cpp,?AddWakeParticles@ParticleLists@@QAEXHHHHFH@Z,matched,100.0
0x4717e0,63,src/graphics/particles.cpp,??_GWakeParticles@@UAEPAXI@Z,matched,100.0
0x471820,556,src/graphics/particles_471820.cpp,?AddSmoke@ParticleLists@@QAEXPAUVec3_00474d50@@HHHHFH@Z,matched,100.0
0x471a50,546,src/graphics/particles_471a50.cpp,?FUN_00471a50@ParticleLists@@QAEXPAUVec3_00475150@@HHHF@Z,matched,100.0
0x471c80,31,src/graphics/particles.cpp,?FUN_00471c80@@YGXXZ,matched,100.0
0x471ca0,31,src/graphics/particles.cpp,?ExitParticlePool@@YGXXZ,matched,100.0
0x471cc0,16,src/graphics/particles.cpp,??0ParticleSystem@@QAE@XZ,matched,100.0
0x471cd0,34,src/graphics/particles.cpp,??_GParticleSystem@@UAEPAXI@Z,matched,100.0
0x471d00,7,src/graphics/particles.cpp,??1ParticleSystem@@UAE@XZ,matched,100.0
0x471d10,62,src/graphics/particles.cpp,??2ParticleSystem@@SGPAXI@Z,matched,100.0
0x471d50,18,src/graphics/particles.cpp,??3ParticleSystem@@SGXPAX@Z,matched,100.0
0x471d70,23,src/graphics/particles.cpp,?SetLifetime@ParticleSystem@@QAEXH@Z,matched,100.0
0x471d90,68,src/graphics/particles.cpp,?CreateParticleLists@@YGXXZ,matched,100.0
0x471de0,195,src/graphics/particles_471de0.cpp,?DestroyParticleLists@@YGXXZ,matched,100.0
0x471eb0,143,src/graphics/particles.cpp,?UpdateParticles@@YGXXZ,matched,100.0
0x471f40,66,src/graphics/particles.cpp,?DrawParticles@@YGXH@Z,matched,100.0
0x471f90,62,src/graphics/particles.cpp,?DrawParticleList@@YGXPAXF@Z,matched,100.0
0x471fd0,248,src/graphics/particles.cpp,?EmitTeleportParticles@@YGXHHHF@Z,matched,100.0
0x4720d0,297,src/graphics/particles.cpp,?EmitNanoParticles@@YGXPAUVec3_004720d0@@PAXF@Z,matched,100.0
0x472200,297,src/graphics/particles.cpp,?EmitReverseNanoParticles@@YGXPAUPos_00472200@@PAUVec3@@F@Z,matched,100.0
0x472330,253,src/graphics/particles.cpp,?EmitThrustParticles@@YGXHHHHF@Z,matched,100.0
0x472430,252,src/graphics/particles.cpp,?EmitWakeParticles@@YGXHHHF@Z,matched,100.0
0x472530,251,src/graphics/particles.cpp,?EmitBubbles@@YGXHHHF@Z,matched,100.0
0x472630,230,src/graphics/particles_472630.cpp,?EmitSmoke@@YGXPAUVec3_00472630@@HHF@Z,matched,100.0
0x472720,230,src/graphics/particles_472630.cpp,?FUN_00472720@@YGXPAUVec3_00472720@@HHF@Z,matched,100.0
0x472810,224,src/graphics/particles_472630.cpp,?EmitWhiteSmoke@@YGXPAUVec3_00472810@@F@Z,matched,100.0
0x4728f0,224,src/graphics/particles_472630.cpp,?EmitBlackSmoke@@YGXPAUVec3_00474cd0@@F@Z,matched,100.0
0x4729d0,224,src/graphics/particles_472630.cpp,?FUN_004729d0@@YGXPAUVec3_00474cd0@@F@Z,matched,100.0
0x472ab0,413,src/graphics/particles_472ab0.cpp,?FUN_00472ab0@@YGXPAUShape_00472ab0@@F@Z,matched,100.0
0x472c50,223,src/graphics/particles_472630.cpp,?FUN_00472c50@@YGXPAUVec3_00475150@@F@Z,matched,100.0
0x472d30,19,src/graphics/particles.cpp,?size@?$vector@UElem_00473500@@V?$allocator@UElem_00473500@@@std@@@std@@QBEIXZ,matched,100.0
0x472d50,163,src/graphics/particles.cpp,?Update@TeleportParticles@@UAEXXZ,matched,100.0
0x472e00,33,src/graphics/particles.cpp,?FUN_00472e00@TeleportParticles@@UAEHXZ,matched,100.0
0x472e30,64,src/graphics/particles.cpp,?FUN_00472e30@TeleportParticles@@UAEXH@Z,matched,100.0
0x472e70,55,src/graphics/particles.cpp,?FUN_00472e70@TeleportParticles@@UAEHXZ,matched,100.0
0x472eb0,163,src/graphics/particles.cpp,?Update@NanoParticles@@UAEXXZ,matched,100.0
0x472f60,33,src/graphics/particles.cpp,?FUN_00472f60@NanoParticles@@UAEHXZ,matched,100.0
0x472f90,64,src/graphics/particles.cpp,?FUN_00472e30@NanoParticles@@UAEXH@Z,matched,100.0
0x472fd0,55,src/graphics/particles.cpp,?FUN_00472e70@NanoParticles@@UAEHXZ,matched,100.0
0x473010,163,src/graphics/particles.cpp,?Update@ThrustParticles@@UAEXXZ,matched,100.0
0x4730c0,33,src/graphics/particles.cpp,?FUN_004730c0@ThrustParticles@@UAEHXZ,matched,100.0
0x4730f0,64,src/graphics/particles.cpp,?FUN_00472e30@ThrustParticles@@UAEXH@Z,matched,100.0
0x473130,57,src/graphics/particles.cpp,?FUN_00472e70@ThrustParticles@@UAEHXZ,matched,100.0
0x473170,163,src/graphics/particles.cpp,?Update@WakeParticles@@UAEXXZ,matched,100.0
0x473220,33,src/graphics/particles.cpp,?FUN_00473220@WakeParticles@@UAEHXZ,matched,100.0
0x473250,64,src/graphics/particles.cpp,?FUN_00472e30@WakeParticles@@UAEXH@Z,matched,100.0
0x473290,55,src/graphics/particles.cpp,?FUN_00472e70@WakeParticles@@UAEHXZ,matched,100.0
0x4732d0,3,src/graphics/particles.cpp,?_Destroy@?$vector@UElem_00473500@@V?$allocator@UElem_00473500@@@std@@@std@@IAEXPAUElem_00473500@@0@Z,matched,100.0
0x4732e0,537,src/graphics/particles_4732e0.cpp,?insert@?$vector@PAVParticleSystem@@V?$allocator@PAVParticleSystem@@@std@@@std@@QAEXPAPAVParticleSystem@@IABQAV3@@Z,matched,100.0
0x473500,46,src/graphics/particles.cpp,?_Ucopy@?$vector@UElem_00473500@@V?$allocator@UElem_00473500@@@std@@@std@@IAEPAUElem_00473500@@PBU3@0PAU3@@Z,matched,100.0
0x473530,35,src/graphics/particles.cpp,?_Ufill@?$vector@UElem_00473500@@V?$allocator@UElem_00473500@@@std@@@std@@IAEXPAUElem_00473500@@IABU3@@Z,matched,100.0
0x473560,45,src/graphics/particles.cpp,?Step@Class_00473560@@QAEXXZ,matched,100.0
0x473590,301,src/graphics/particles.cpp,?DrawParticle@Class_00473560@@QAEXPAXFF@Z,matched,100.0
0x4736c0,19,src/graphics/particles.cpp,?IsExpired@Class_00473560@@QAEHH@Z,matched,100.0
0x4736e0,212,src/graphics/particles.cpp,?FUN_004736e0@TeleportParticles@@UAEXPAUVec3_004736e0@@0H@Z,matched,100.0
0x4737c0,493,src/graphics/particles.cpp,?Emit@TeleportParticles@@UAEXXZ,matched,100.0
0x4739b0,69,src/graphics/particles.cpp,?Step@Class_004739b0@@QAEXXZ,matched,100.0
0x473a00,300,src/graphics/particles_473a00.cpp,?DrawParticle@Class_004739b0@@QAEXHFF@Z,matched,100.0
0x473b30,19,src/graphics/particles.cpp,?IsExpired@Class_004739b0@@QAEHH@Z,matched,100.0
0x473b50,499,src/graphics/particles.cpp,?FUN_00473b50@NanoParticles@@UAEXPAUSeg_00473b50@@0H@Z,matched,100.0
0x473d50,983,src/graphics/particles_473d50.cpp,?Emit@NanoParticles@@QAEXXZ,matched,100.0
0x474130,60,src/graphics/particles.cpp,?Step@Class_00474130@@QAEXXZ,matched,100.0
0x474170,301,src/graphics/particles.cpp,?DrawParticle@Class_00474130@@QAEXPAXFF@Z,matched,100.0
0x4742a0,19,src/graphics/particles.cpp,?IsExpired@Class_00474130@@QAEHH@Z,matched,100.0
0x4742c0,220,src/graphics/particles.cpp,?FUN_004742c0@ThrustParticles@@QAEXPAUVec3_004742c0@@0HH@Z,matched,100.0
0x4743a0,473,src/graphics/particles.cpp,?FUN_004743a0@ThrustParticles@@UAEXXZ,matched,100.0
0x474580,90,src/graphics/particles.cpp,?Step@Class_00474580@@QAEXXZ,matched,100.0
0x4745e0,306,src/graphics/particles.cpp,?DrawParticle@Class_00474580@@QAEXPAXFF@Z,matched,100.0
0x474720,51,src/graphics/particles.cpp,?IsExpired@Class_00474580@@QAEHH@Z,matched,100.0
0x474760,284,src/graphics/particles.cpp,?FUN_00474760@WakeParticles@@UAEXPAUVec3_00474760@@0HHH@Z,matched,100.0
0x474880,630,src/graphics/particles.cpp,?Emit@WakeParticles@@UAEXXZ,matched,100.0
0x474b00,127,src/graphics/particles.cpp,?Step@Class_00474b00@@QAEXXZ,matched,100.0
0x474b80,303,src/graphics/particles_474b80.cpp,?DrawParticle@Class_00474b00@@QAEXPAXFF@Z,matched,100.0
0x474cb0,20,src/graphics/particles.cpp,?IsExpired@Class_00474b00@@QAEHH@Z,matched,100.0
0x474cd0,53,src/graphics/particles_472630.cpp,??0SmokeParticles@@QAE@XZ,matched,100.0
0x474d10,58,src/graphics/particles_472630.cpp,??_GSmokeParticles@@UAEPAXI@Z,matched,100.0
0x474d50,147,src/graphics/particles.cpp,?FUN_00474d50@SmokeParticles@@UAEXPAUVec3_00474d50@@HHHHH@Z,matched,100.0
0x474df0,395,src/graphics/particles.cpp,?Emit@SmokeParticles@@UAEXXZ,matched,100.0
0x474f80,56,src/graphics/particles.cpp,?FUN_00472e70@SmokeParticles@@UAEHXZ,matched,100.0
0x474fc0,127,src/graphics/particles.cpp,?Step@Class_00474fc0@@QAEXXZ,matched,100.0
0x475040,72,src/graphics/particles.cpp,?DrawParticle@Class_00474fc0@@QAEXPAXFF@Z,matched,100.0
0x475090,20,src/graphics/particles.cpp,?IsExpired@Class_00474fc0@@QAEHH@Z,matched,100.0
0x4750b0,53,src/graphics/particles_472630.cpp,??0Class_004750b0@@QAE@XZ,matched,100.0
0x4750f0,19,src/graphics/particles_4750f0.cpp,?FUN_004750f0@Class_004750b0@@QAE_NXZ,matched,100.0
0x475110,58,src/graphics/particles_472630.cpp,??_GClass_004750b0@@UAEPAXI@Z,matched,100.0
0x475150,105,src/graphics/particles.cpp,?FUN_00475150@Class_004750b0@@UAEXPAUVec3_00475150@@HHH@Z,matched,100.0
0x4751c0,367,src/graphics/particles.cpp,?Emit@Class_004750b0@@UAEXXZ,matched,100.0
0x475330,3,src/graphics/particles.cpp,?FUN_00472e70@Class_004750b0@@UAEHXZ,matched,100.0
0x475340,248,src/graphics/particles.cpp,?Update@SmokeParticles@@UAEXXZ,matched,100.0
0x475440,33,src/graphics/particles.cpp,?FUN_00475440@SmokeParticles@@UAEHXZ,matched,100.0
0x475470,398,src/graphics/particles_475470.cpp,?FUN_00472e30@SmokeParticles@@UAEXH@Z,matched,100.0
0x475600,248,src/graphics/particles.cpp,?Update@Class_004750b0@@UAEXXZ,matched,100.0
0x475700,108,src/graphics/particles_475700.cpp,?FUN_00472e30@Class_004750b0@@UAEXH@Z,matched,100.0
0x475770,208,src/graphics/particles.cpp,?reserve@?$vector@UClass_004739b0@@V?$allocator@UClass_004739b0@@@std@@@std@@QAEXI@Z,matched,100.0
0x475840,33,src/graphics/particles.cpp,?FUN_00475840@Class_00475840@@QAEHXZ,matched,100.0
0x475870,3,src/graphics/particles.cpp,?_Destroy@?$vector@UClass_004739b0@@V?$allocator@UClass_004739b0@@@std@@@std@@IAEXPAUClass_004739b0@@0@Z,matched,100.0
0x475880,58,src/graphics/particles.cpp,?_Ucopy@?$vector@UClass_004739b0@@V?$allocator@UClass_004739b0@@@std@@@std@@IAEPAUClass_004739b0@@PBU3@0PAU3@@Z,matched,100.0
0x4758c0,779,src/graphics/particles_4758c0.cpp,?insert@?$vector@UClass_00473560@@V?$allocator@UClass_00473560@@@std@@@std@@QAEXPAUClass_00473560@@IABU3@@Z,matched,100.0
0x475bd0,791,src/graphics/particles_475bd0.cpp,?insert@?$vector@URecord_00475bd0@@V?$allocator@URecord_00475bd0@@@std@@@std@@QAEXPAURecord_00475bd0@@IABU3@@Z,matched,100.0
0x475ef0,794,src/graphics/particles_475ef0.cpp,?insert@?$vector@UElement_00475ef0@@V?$allocator@UElement_00475ef0@@@std@@@std@@QAEXPAUElement_00475ef0@@IABU3@@Z,matched,100.0
0x476210,636,src/graphics/particles_476210.cpp,?insert@?$vector@UElem_00476210@@V?$allocator@UElem_00476210@@@std@@@std@@QAEXPAUElem_00476210@@IABU3@@Z,matched,100.0
0x476490,632,src/graphics/particles_476490.cpp,?insert@?$vector@UElem_00476490@@V?$allocator@UElem_00476490@@@std@@@std@@QAEXPAUElem_00476490@@IABU3@@Z,matched,100.0
0x476710,48,src/graphics/particles.cpp,?_Ufill@?$vector@UClass_004739b0@@V?$allocator@UClass_004739b0@@@std@@@std@@IAEXPAUClass_004739b0@@IABU3@@Z,matched,100.0
0x476740,148,src/frontend/campaign_menu_476740.cpp,?DrawBitmapBackground@@YGXPADH@Z,matched,100.0
0x4767e0,12,src/frontend/campaign_menu_4767e0.cpp,?GetSideCount@@YGHXZ,matched,100.0
0x4767f0,50,src/frontend/campaign_menu_4767f0.cpp,?CountCampaignFiles@@YGXXZ,matched,100.0
0x476830,229,src/frontend/campaign_menu_476830.cpp,?BuildSideList@@YGPADXZ,matched,100.0
0x476920,196,src/frontend/campaign_menu_476920.cpp,?CampaignExists@@YGHPBD@Z,matched,100.0
0x4769f0,105,src/frontend/campaign_menu_4769f0.cpp,?ListCampaignFiles@@YGHPAPAX@Z,matched,100.0
0x476a60,527,src/frontend/campaign_menu_476a60.cpp,?BuildCampaignNameList@@YGHPAPADH@Z,matched,100.0
0x476c70,42,src/frontend/campaign_menu_476c70.cpp,?FUN_00476c70@@YGXXZ,matched,100.0
0x476ca0,42,src/frontend/campaign_menu_476ca0.cpp,?FUN_00476ca0@@YGXXZ,matched,100.0
0x476cd0,169,src/frontend/campaign_menu_476cd0.cpp,?FUN_00476cd0@@YGPADPAD@Z,matched,100.0
0x476d80,260,src/frontend/campaign_menu_476d80.cpp,?FUN_00476d80@@YGXXZ,matched,100.0
0x476e90,86,src/frontend/campaign_menu_476e90.cpp,?FUN_00476e90@@YGPADPADHH@Z,matched,100.0
0x476ef0,1124,src/frontend/campaign_menu_476ef0.cpp,?DrawHelpPage@@YGXXZ,matched,100.0
0x477360,174,src/frontend/campaign_menu_477360.cpp,?FUN_00477360@@YAXXZ,matched,100.0
0x477410,188,src/frontend/campaign_menu_477410.cpp,?FUN_00477410@@YGXXZ,matched,100.0
0x4774d0,60,src/frontend/campaign_menu_4774d0.cpp,?FUN_004774d0@@YGHXZ,matched,100.0
0x477510,134,src/frontend/campaign_menu_477510.cpp,?ToggleAnyMission@@YGXPAUObject_00477510@@@Z,matched,100.0
0x4775a0,506,src/frontend/campaign_menu_4775a0.cpp,?HandleSingleMenuClick@@YGXPAUGadget_004775a0@@@Z,matched,100.0
0x4777a0,406,src/frontend/campaign_menu_4777a0.cpp,?OpenSingleMenu@@YGXXZ,matched,100.0
0x477940,153,src/frontend/campaign_menu_477940.cpp,?FillCampaignList@@YGXPAD@Z,matched,100.0
0x4779e0,200,src/frontend/campaign_menu_4779e0.cpp,?FillMissionList@@YGXPAUMenu_004779e0@@H@Z,matched,100.0
0x477ab0,1935,src/frontend/campaign_menu_477ab0.cpp,?HandleNewGameClick@@YGXPAUMenu_00477ab0@@@Z,matched,100.0
0x478240,1348,src/frontend/campaign_menu_478240.cpp,?OpenNewGameMenu@@YGXH@Z,matched,100.0
0x478790,944,src/frontend/campaign_menu_478790.cpp,?UpdateSolarSystem@@YGXPAUWindow_00478790@@PAUItem_00478790@@@Z,matched,100.0
0x478b40,364,src/frontend/campaign_menu_478b40.cpp,?FUN_00478b40@@YGXPAUWindow_00478b40@@PAUItem_00478b40@@@Z,matched,100.0
0x478cb0,462,src/frontend/campaign_menu_478cb0.cpp,?HandleMissionBriefingClick@@YGXPAUMenu_00478cb0@@@Z,matched,100.0
0x478e80,1615,src/frontend/campaign_menu_478e80.cpp,?OpenMissionBriefing@@YGXXZ,matched,100.0
0x4794d0,37,src/frontend/campaign_menu_4794d0.cpp,?CountComputerSlots@@YGHXZ,matched,100.0
0x479500,37,src/frontend/campaign_menu_479500.cpp,?CountHumanSlots@@YAHXZ,matched,100.0
0x479530,41,src/frontend/campaign_menu_479530.cpp,?FindOpenSlot@@YGHXZ,matched,100.0
0x479560,41,src/frontend/campaign_menu_479560.cpp,?FUN_00479560@@YGHXZ,matched,100.0
0x479590,80,src/frontend/campaign_menu_479590.cpp,?IsColorTaken@@YGHHH@Z,matched,100.0
0x4795e0,59,src/frontend/campaign_menu_4795e0.cpp,?FindFreeColor@@YGHXZ,matched,100.0
0x479620,50,src/frontend/campaign_menu_479620.cpp,?CountPlayersInAllyGroup@@YGHH@Z,matched,100.0
0x479660,249,src/frontend/skirmish_menu_479660.cpp,?RefreshAllyIcons@@YGXXZ,matched,100.0
0x479760,122,src/frontend/skirmish_menu_479660.cpp,?AreAllPlayersInOneAllyGroup@@YGHXZ,matched,100.0
0x4797e0,1034,src/frontend/skirmish_menu_479660.cpp,?CycleSlotController@@YGXH@Z,matched,100.0
0x479bf0,92,src/frontend/skirmish_menu_479660.cpp,?FUN_00479bf0@@YGXPAURec1@@PAD@Z,matched,100.0
0x479c50,1156,src/frontend/skirmish_menu_479660.cpp,?BuildSkirmishPlayerRows@@YGXXZ,matched,100.0
0x47a0e0,1561,src/frontend/skirmish_menu_479660.cpp,?RefreshSkirmishSetup@@YGXXZ,matched,100.0
0x47a700,89,src/frontend/skirmish_menu_479660.cpp,?FUN_0047a700@@YGHHH@Z,matched,100.0
0x47a760,372,src/frontend/skirmish_menu_479660.cpp,?FUN_0047a760@@YGXXZ,matched,100.0
0x47a8e0,40,src/frontend/skirmish_menu_479660.cpp,?CycleCurrentPlayerSide@@YAXXZ,matched,100.0
0x47a910,390,src/frontend/skirmish_menu_479660.cpp,?HandleSkirmishMapClick@@YGXPAUMenu@@@Z,matched,100.0
0x47aaa0,70,src/frontend/skirmish_menu_479660.cpp,?FUN_0047aaa0@@YGXPAUMenu@@H@Z,matched,100.0
0x47aaf0,444,src/frontend/skirmish_menu_479660.cpp,?OpenSkirmishMapSelector@@YGXXZ,matched,100.0
0x47acb0,31,src/frontend/skirmish_menu_479660.cpp,?FUN_0047acb0@@YGXPAUMenu@@PAX@Z,matched,100.0
0x47acd0,346,src/frontend/skirmish_menu_479660.cpp,?CyclePlayerColor@@YGXH@Z,matched,100.0
0x47ae30,45,src/frontend/skirmish_menu_479660.cpp,?CycleCurrentPlayerAllyGroup@@YAXXZ,matched,100.0
0x47ae60,2947,src/frontend/skirmish_menu_479660.cpp,?HandleSkirmishClick@@YGXPAUMenu@@@Z,matched,100.0
0x47b9f0,437,src/frontend/skirmish_menu_479660.cpp,?HandleSkirmishCheatText@@YGXPAUCheat@@@Z,matched,100.0
0x47bbb0,441,src/frontend/skirmish_menu_479660.cpp,?OpenSkirmishMenu@@YGXXZ,matched,100.0
0x47bd70,117,src/frontend/skirmish_menu_479660.cpp,?AnnounceForcesDestroyed@@YGXPAUSlot@@@Z,matched,100.0
0x47bdf0,304,src/graphics/movies.cpp,??0MoviePlayer@@QAE@PADHHHHH@Z,matched,100.0
0x47bf20,80,src/graphics/movies.cpp,?Close@Class_0047bf20@@QAEXXZ,matched,100.0
0x47bf70,472,src/graphics/movies.cpp,?SetupDirectDraw@Class_0047bf70@@QAEHXZ,matched,100.0
0x47c150,214,src/graphics/movies.cpp,?GetBlitMode@Class_0047c150@@QAEHPAUSmackerSurface@@@Z,matched,100.0
0x47c230,104,src/graphics/movies.cpp,?ReadSystemPalette@MoviePlayer@@QAEXH@Z,matched,100.0
0x47c2a0,72,src/graphics/movies.cpp,?UpdatePalette@MoviePlayer@@QAEXXZ,matched,100.0
0x47c2f0,54,src/graphics/movies.cpp,?ClearScreen@MoviePlayer@@QAEXXZ,matched,100.0
0x47c330,106,src/graphics/movies.cpp,?OnPaint@MoviePlayer@@QAEXPAX@Z,matched,100.0
0x47c3a0,294,src/graphics/movies.cpp,?PlayFrame@MoviePlayer@@QAEXPAX@Z,matched,100.0
0x47c4d0,94,src/debug/memory_stats_47c4d0.cpp,?ShowStatsSummary@@YGXXZ,matched,100.0
0x47c530,398,src/graphics/movies.cpp,?WriteSmackStats@MoviePlayer@@QAEXXZ,matched,100.0
0x47c6c0,176,src/graphics/movies.cpp,?Play@MoviePlayer@@QAEXXZ,matched,100.0
0x47c770,6,src/graphics/movies.cpp,?GetBuildSiteMetal@@YGHXZ,matched,100.0
0x47c780,6,src/graphics/movies.cpp,?GetBuildSiteHeight@@YGHXZ,matched,100.0
0x47c790,816,src/map/terrain_47c790.cpp,?FUN_0047c790@@YGXPAUObj_0047c790@@@Z,matched,100.0
0x47cac0,33,src/map/terrain_47cac0.cpp,?FUN_0047cac0@@YGXUPt_0047db20@@0@Z,matched,100.0
0x47caf0,1,src/map/terrain_47caf0.cpp,?FUN_0047caf0@@YGXXZ,matched,100.0
0x47cb00,51,src/map/terrain_47cb00.cpp,?FUN_0047cb00@Class_0047cb00@@QAEXPAUNode_0047cb00@@@Z,matched,100.0
0x47cb40,19,src/map/terrain_47cb40.cpp,?FUN_0047cb40@Class_0047cb40@@QAEXH@Z,matched,100.0
0x47cb60,99,src/map/terrain_47cb60.cpp,?FUN_0047cb60@@YGXPAUUnit@@PAUOwner_0047cb60@@@Z,matched,100.0
0x47cbd0,83,src/map/terrain_47cbd0.cpp,?FUN_0047cbd0@@YGXPAUUnit@@@Z,matched,100.0
0x47cc30,1199,src/map/terrain_47cc30.cpp,?AddUnitToMap@@YGXPAUObj_0047cc30@@@Z,matched,100.0
0x47d0e0,505,src/map/terrain_47d0e0.cpp,?RemoveUnitFromMap@@YGXPAUObj_0047db20@@@Z,matched,100.0
0x47d2e0,1339,src/map/terrain_47d2e0.cpp,?CanBuildAt@@YGHPAUUnit_0047d2e0@@UPoint@@FPAULos_0047d2e0@@@Z,matched,100.0
0x47d820,333,src/map/terrain_47d820.cpp,?GetFootprintHeight@@YGHPAUUnit_0047d820@@UPoint@@@Z,matched,100.0
0x47d970,322,src/map/terrain_47d970.cpp,?IsFootprintClear@@YGHPAUObj_0047d970@@H@Z,matched,100.0
0x47dac0,84,src/map/terrain_47dac0.cpp,?FUN_0047dac0@@YGXPAUObj_0047dac0@@H@Z,matched,100.0
0x47db20,65,src/map/terrain_47db20.cpp,?FUN_0047db20@@YGXPAUObj_0047db20@@@Z,matched,100.0
0x47db70,587,src/map/terrain_47db70.cpp,?FUN_0047db70@@YGHPAUUnit_0047db70@@0UPoint_0047db70@@H@Z,matched,100.0
0x47ddc0,158,src/map/terrain_47ddc0.cpp,?FUN_0047ddc0@@YGXPAUUnit_0047ddc0@@PAUVec3_0047ddc0@@@Z,matched,100.0
0x47de60,342,src/map/terrain_47de60.cpp,?GetPassMapCellValue@@YGHPAUPathfinder_0047de60@@PAUCell_0047de60@@@Z,matched,100.0
0x47dfc0,559,src/map/terrain_47dfc0.cpp,?FUN_0047dfc0@@YGHPAUPathfinder_0047dfc0@@HHHH@Z,matched,100.0
0x47e1f0,224,src/map/terrain_47e1f0.cpp,?FUN_0047e1f0@@YGIPAVMovementClass@@HH@Z,matched,100.0
0x47e2d0,658,src/map/terrain_47e2d0.cpp,?FUN_0047e2d0@@YGHPAUUnit@@PAUVec3@@@Z,matched,100.0
0x47e570,75,src/map/terrain_47e570.cpp,?FUN_0047e570@@YGHPAUStruct_0047e570@@H@Z,matched,100.0
0x47e5c0,386,src/map/terrain_47e5c0.cpp,?VisitObjectsInArea@@YGXUPt_0047db20@@0PAVClass_0047db20@@@Z,matched,100.0
0x47e750,307,src/map/terrain_47e750.cpp,?VisitObjectsInRect@@YGXHHHHPAVVisitor_0047e750@@@Z,matched,100.0
0x47e890,425,src/map/terrain_47e890.cpp,?VisitObjectsInRange@@YGXPAUVec3@@HAAVClass_00405d90@@@Z,matched,100.0
0x47ea40,746,src/map/terrain_47ea40.cpp,?FUN_0047ea40@@YGHPAUVec3@@TFixed@@PAPAU1@PAM23@Z,matched,100.0
0x47ed30,13,src/map/terrain_47ed30.cpp,?FUN_0047ed30@@YGXH@Z,matched,100.0
0x47ed40,236,src/sound/sound_47ed40.cpp,?InitSound@@YGXXZ,matched,100.0
0x47ee30,171,src/sound/sound_47ee30.cpp,?ResetSpeech@@YGXXZ,matched,100.0
0x47eee0,224,src/sound/sound_47eee0.cpp,?ShutdownSound@@YGXXZ,matched,100.0
0x47efc0,11,src/sound/sound_47efc0.cpp,?SetNoDirectSound@@YGXXZ,matched,100.0
0x47efd0,16,src/sound/sound_47efd0.cpp,?SetUseWindowsSound@@YGXXZ,matched,100.0
0x47efe0,121,src/sound/sound_47efe0.cpp,?LoadSoundFile@@YGPAXPBD@Z,matched,100.0
0x47f060,47,src/sound/sound_47f060.cpp,?FreeSoundSet@@YGXPAPAUIDirectSoundBuffer@@@Z,matched,100.0
0x47f090,40,src/sound/sound_47f090.cpp,?StreamSoundDelayed@@YGXPADHH@Z,matched,100.0
0x47f0c0,213,src/sound/sound_47f0c0.cpp,?PlaySoundByIndex@@YGHHH@Z,matched,100.0
0x47f1a0,101,src/sound/sound_47f1a0.cpp,?PlaySoundByName@@YGXPADH@Z,matched,100.0
0x47f210,121,src/sound/sound_47f210.cpp,?PlayLoopingSoundByName@@YGXPADH@Z,matched,100.0
0x47f290,106,src/sound/sound_47f290.cpp,?PlaySoundFile@@YGHPAD@Z,matched,100.0
0x47f300,775,src/sound/sound_47f300.cpp,?PlaySoundAt@@YGHHPATPos_0047f300@@H@Z,matched,100.0
0x47f610,106,src/sound/sound_47f610.cpp,?PlaySoundAtByName@@YGXPADHH@Z,matched,100.0
0x47f680,196,src/sound/sound_47f680.cpp,?PlayNextSpeech@@YGXXZ,matched,100.0
0x47f750,37,src/sound/sound_47f750.cpp,?StopAllSounds@@YGXXZ,matched,100.0
0x47f780,93,src/sound/sound_47f780.cpp,?QueueUnitSpeech@@YGXPAUUnit@@HPAD@Z,matched,100.0
0x47f7e0,102,src/sound/sound_47f7e0.cpp,?FUN_0047f7e0@@YGXPAUUnit@@HPAD@Z,matched,100.0
0x47f850,102,src/sound/sound_47f850.cpp,?FUN_0047f850@@YGXPAUUnit@@HPAD@Z,matched,100.0
0x47f8c0,150,src/sound/sound_47f8c0.cpp,?RemoveSpeechOfUnit@@YGXH@Z,matched,100.0
0x47f960,39,src/sound/speech_queue.cpp,??0SpeechQueue@@QAE@HH@Z,matched,100.0
0x47f990,146,src/sound/speech_queue.cpp,?ClearSpeechList@SpeechQueue@@QAEXXZ,matched,100.0
0x47fa30,146,src/sound/speech_queue.cpp,?ClearSpeechEntries@SpeechQueue@@QAEXXZ,matched,100.0
0x47fad0,452,src/sound/speech_queue.cpp,?EnqueueSpeech@SpeechQueue@@QAEXPAUEmitter_0047fd70@@HPAD@Z,matched,100.0
0x47fca0,194,src/sound/speech_queue.cpp,?PlayNextSpeechEntry@SpeechQueue@@QAEXXZ,matched,100.0
0x47fd70,557,src/sound/speech_queue.cpp,?PlaySpeech@SpeechQueue@@QAEXHHH@Z,matched,100.0
0x47ffa0,123,src/sound/speech_queue.cpp,?RemoveSpeechAt@SpeechQueue@@QAEXH@Z,matched,100.0
0x480020,160,src/sound/speech_queue.cpp,?RemoveSpeechOfId@SpeechQueue@@QAEXPAUEmitter_0047fd70@@@Z,matched,100.0
0x4800c0,60,src/sound/sound_4800c0.cpp,?FUN_004800c0@Class_004800c0@@QAEPAPAUUnit@@PAPAU2@@Z,matched,100.0
0x480100,93,src/sound/sound_480100.cpp,?FUN_00480100@Class_00480100@@QAEHH@Z,matched,100.0
0x480160,42,src/sound/sound_480160.cpp,??0Squad@@QAE@HH@Z,matched,100.0
0x480190,86,src/units/squads.cpp,?CreateSquads@@YGXPAUOwner@@@Z,matched,100.0
0x4801f0,83,src/units/squads.cpp,?FreeSquads@@YGXPAUOwner@@@Z,matched,100.0
0x480250,520,src/units/squads.cpp,?SetUnitSquad@@YGXPAUUnit@@H@Z,matched,100.0
0x480460,120,src/units/squads.cpp,?OrderSquad@@YGXPAUOwner@@HEHPAUUnit@@HHH@Z,matched,100.0
0x4804e0,40,src/units/unit_script_calls.cpp,?StepTowards@@YGHHHH@Z,matched,100.0
0x480510,83,src/units/unit_script_calls.cpp,?StepPointTowards@@YG?AUPoint_00480510@@U1@0F@Z,matched,100.0
0x480570,49,src/units/unit_script_calls.cpp,?ChebyshevDistance@@YGHUPoint_00480570@@0@Z,matched,100.0
0x4805b0,366,src/units/unit_script_calls.cpp,?ClampPointToSegment@@YGXPAUPoint_004805b0@@U1@1@Z,matched,100.0
0x480720,78,src/units/unit_script_calls.cpp,?OctantBetween@@YGDUPoint_00480720@@0@Z,matched,100.0
0x480770,932,src/units/unit_script.cpp,?GetUnitValue@UnitScript@@UAEHHHHHH@Z,matched,100.0
0x480b20,268,src/units/unit_script.cpp,?SetUnitValue@UnitScript@@UAEXHH@Z,matched,100.0
0x480c30,31,src/units/unit_script.cpp,?GetPieceTranslation@UnitScript@@UAEHHH@Z,matched,100.0
0x480c50,95,src/units/unit_script.cpp,?SetPieceTranslation@UnitScript@@UAEXHHH@Z,matched,100.0
0x480cb0,34,src/units/unit_script.cpp,?GetPieceRotation@UnitScript@@UAEHHH@Z,matched,100.0
0x480ce0,96,src/units/unit_script.cpp,?SetPieceRotation@UnitScript@@UAEXHHH@Z,matched,100.0
0x480d40,13,src/units/unit_script.cpp,?SetObjectState@UnitScript@@QAEXH@Z,matched,100.0
0x480d50,93,src/units/unit_script.cpp,?SetPieceVisible@UnitScript@@UAEXHH@Z,matched,100.0
0x480db0,61,src/units/unit_script.cpp,?SetPieceCached@UnitScript@@UAEXHH@Z,matched,100.0
0x480df0,62,src/units/unit_script.cpp,?SetPieceShaded@UnitScript@@UAEXHH@Z,matched,100.0
0x480e30,26,src/units/unit_script.cpp,?IsPieceVisible@UnitScript@@UAEHH@Z,matched,100.0
0x480e50,28,src/units/unit_script.cpp,?IsPieceCached@UnitScript@@UAEHH@Z,matched,100.0
0x480e70,29,src/units/unit_script.cpp,?IsPieceShaded@UnitScript@@UAEHH@Z,matched,100.0
0x480e90,3,src/units/unit_script.cpp,?ExplodeLegacy@UnitScript@@UAEXHHH@Z,matched,100.0
0x480ea0,3,src/units/unit_script.cpp,?PlaySoundNoop@UnitScript@@UAEXH@Z,matched,100.0
0x480eb0,656,src/units/unit_script.cpp,?EmitSfx@UnitScript@@UAEXHH@Z,matched,100.0
0x481140,508,src/units/unit_script.cpp,?ExplodePiece@UnitScript@@UAEXHI@Z,matched,100.0
0x481340,111,src/units/unit_script.cpp,?AttachUnit@UnitScript@@UAEXGHH@Z,matched,100.0
0x4813b0,123,src/units/unit_script.cpp,?DropUnit@UnitScript@@UAEXG@Z,matched,100.0
0x481430,62,src/units/unit_script.cpp,?IsCarryingUnit@UnitScript@@UAEHH@Z,matched,100.0
0x481470,32,src/units/unit_script.cpp,?GetTransporterId@UnitScript@@UAEHXZ,matched,100.0
0x481490,18,src/units/unit_script_calls.cpp,?FUN_00481490@Class_00481490@@QAEXH@Z,matched,100.0
0x4814b0,5,src/units/unit_script_calls.cpp,?AimCobStub@@YGHHHHH@Z,matched,100.0
0x4814c0,42,src/map/line_of_sight.cpp,_$E4,matched,100.0
0x4814f0,10,src/map/line_of_sight.cpp,?FUN_004814f0@@YGXXZ,matched,100.0
0x481500,46,src/map/line_of_sight.cpp,?InitEyeballs@@YGXXZ,matched,100.0
0x481530,21,src/map/line_of_sight.cpp,?FreeEyeballs@@YGXXZ,matched,100.0
0x481550,70,src/map/line_of_sight.cpp,?GetMapCell@@YGPAUCell@@HH@Z,matched,100.0
0x4815a0,77,src/map/line_of_sight.cpp,?GetMapCellAtPosition@@YGPAUCell@@PAUVec3@@@Z,matched,100.0
0x4815f0,166,src/map/line_of_sight.cpp,?GetOriginCellAtPosition@@YGPAUCell@@PAUVec3@@@Z,matched,100.0
0x4816a0,654,src/map/line_of_sight_4816a0.cpp,?RecalculateLineOfSight@@YGXH@Z,matched,100.0
0x481930,1052,src/map/line_of_sight_481930.cpp,?FUN_00481930@@YGXPAUParams_00481930@@@Z,matched,100.0
0x481d50,821,src/map/line_of_sight_481d50.cpp,?RemoveLineOfSight@@YGXPAUParams_00481d50@@@Z,matched,100.0
0x482090,127,src/map/line_of_sight.cpp,?RemoveUnitLineOfSight@@YGXPAUUnit@@@Z,matched,100.0
0x482110,28,src/map/line_of_sight.cpp,?IsEyeballExpired@@YGHPAUEye@@@Z,matched,100.0
0x482130,318,src/map/line_of_sight.cpp,?ExpireEyeballs@@YGXXZ,matched,100.0
0x482270,817,src/map/line_of_sight_482270.cpp,?AddLineOfSight@@YGXPAUParams_482270@@@Z,matched,100.0
0x4825b0,504,src/map/line_of_sight.cpp,?UpdateLineOfSight@@YGXPAUParams@@@Z,matched,100.0
0x4827b0,127,src/map/line_of_sight.cpp,?UpdateUnitLineOfSight@@YGXPAUUnit@@@Z,matched,100.0
0x482830,221,src/map/line_of_sight.cpp,?FUN_00482830@@YGXPAUParams@@@Z,matched,100.0
0x482910,418,src/map/line_of_sight_482910.cpp,?AddEyeball@@YGXPAUVec3_482910@@HHH@Z,matched,100.0
0x482ac0,342,src/map/line_of_sight_482ac0.cpp,?FUN_00482ac0@@YGXPAUUnit@@@Z,matched,100.0
0x482c20,1519,src/map/line_of_sight.cpp,?FUN_00482c20@@YGXXZ,matched,100.0
0x483210,347,src/map/line_of_sight.cpp,?UpdateCellHeightRange@@YGXUPoint@@0@Z,matched,100.0
0x483370,63,src/map/line_of_sight.cpp,?UpdateAllCellHeightRanges@@YGXXZ,matched,100.0
0x4833b0,597,src/map/line_of_sight.cpp,?ClearBorderFeatures@@YGXXZ,matched,100.0
0x483610,1975,src/map/line_of_sight.cpp,?LoadTntMap@@YGXXZ,matched,100.0
0x483dd0,461,src/map/line_of_sight.cpp,?FreeMapResources@@YGXXZ,matched,100.0
0x483fa0,1046,src/map/line_of_sight.cpp,?DrawMapTiles@@YGXPAX@Z,matched,100.0
0x4843c0,1303,src/map/line_of_sight_4843c0.cpp,?BuildFogTiles@@YGXXZ,matched,100.0
0x4848e0,619,src/map/line_of_sight.cpp,?DrawFogOfWar@@YGXPAX@Z,matched,100.0
0x484b50,391,src/map/line_of_sight.cpp,?FUN_00484b50@@YGXHHPAUVec3@@@Z,matched,100.0
0x484ce0,117,src/map/plot_map.cpp,?SaveMetalPlotmap@@YGXPAVHapiBank@@@Z,matched,100.0
0x484d60,142,src/map/plot_map.cpp,?LoadMetalPlotmap@@YGXPAVHapiBank@@@Z,matched,100.0
0x484df0,142,src/map/plot_map.cpp,?SavePlayerFeaturesPlotmap@@YGXPAVHapiBank@@@Z,matched,100.0
0x484e80,194,src/map/plot_map.cpp,?LoadPlayerFeaturesPlotmap@@YGXPAVHapiBank@@@Z,matched,100.0
0x484f50,78,src/map/plot_map.cpp,?SaveMappingData@@YGXPAVHapiBank@@@Z,matched,100.0
0x484fa0,97,src/map/plot_map.cpp,?LoadMappingData@@YGXPAVHapiBank@@@Z,matched,100.0
0x485010,88,src/units/units_485010.cpp,?GetCellHeight@@YGHPAUPoint16_00485010@@@Z,matched,100.0
0x485070,208,src/units/units_485070.cpp,?GetGroundHeight@@YGHPAUPos_00485070@@@Z,matched,100.0
0x485140,117,src/units/units_485140.cpp,?GetCellMeanHeight@@YGHPAUPos_00485140@@@Z,matched,100.0
0x4851c0,354,src/units/units_4851c0.cpp,?FindHighestPointOnLine@@YGHUVec3_004851c0@@0@Z,matched,100.0
0x485330,117,src/units/units_485330.cpp,?GetCellPosition@@YGXHHPAUPos_00485330@@@Z,matched,100.0
0x4853b0,106,src/units/units_4853b0.cpp,?ClampPositionToMap@@YGXPAUVec3_004853b0@@@Z,matched,100.0
0x485420,115,src/units/units_485420.cpp,?ShareMapInfo@@YGXEE@Z,matched,100.0
0x4854a0,1180,src/units/units_4854a0.cpp,?AllocateUnitMemory@@YGXXZ,matched,100.0
0x485940,53,src/units/units_485940.cpp,?ComparePlayers@@YGHPAUItem_00485940@@0@Z,matched,100.0
0x485980,178,src/units/units_485980.cpp,?FreeUnitMemory@@YGXXZ,matched,100.0
0x485a40,756,src/units/units_485a40.cpp,?InitUnitFromType@@YGXPAUUnit@@UPos_485a40@@H@Z,matched,100.0
0x485d40,233,src/units/units_485d40.cpp,?InitUnitScript@@YGXPAUObject_00485d40@@@Z,matched,100.0
0x485e30,30,src/units/units_485e30.cpp,??_GUnitScript@@UAEPAXI@Z,matched,100.0
0x485e50,54,src/units/units_485e50.cpp,?CreateUnitMotion@@YGXPAUUnit@@@Z,matched,100.0
0x485e90,186,src/units/units_485e90.cpp,?InitUnit@@YGXHUPos_00485e90@@HPAUUnit@@@Z,matched,100.0
0x485f50,631,src/units/units_485f50.cpp,?CreateUnit@@YGPAUUnit@@EGUPos_00485f50@@HHG@Z,matched,100.0
0x4861d0,395,src/units/units_4861d0.cpp,?CreateUnitFromPacket@@YGPAUUnit@@EPAUSpawn_004861d0@@@Z,matched,100.0
0x486360,247,src/units/units_486360.cpp,?CreateUnitCorpse@@YGXPAUUnit@@HH@Z,matched,100.0
0x486460,74,src/units/units_486460.cpp,?IsUnitCommander@@YGHPAUUnit@@@Z,matched,100.0
0x4864b0,530,src/units/units_4864b0.cpp,?KillUnit@@YGXPAUUnit@@H@Z,matched,100.0
0x4866d0,1964,src/units/units_4866d0.cpp,?ApplyUnitDeath@@YGXPAUCmd_004866d0@@H@Z,matched,100.0
0x486e80,71,src/units/units_486e80.cpp,?KillUnitsOfType@@YGXF@Z,matched,100.0
0x486ed0,58,src/units/units_486ed0.cpp,?KillAllUnits@@YGXXZ,matched,100.0
0x486f10,185,src/units/units_486f10.cpp,?KillPlayerUnits@@YGXE@Z,matched,100.0
0x486fd0,162,src/units/unit_save.cpp,?LoadUnits@@YGXPAVHapiBank@@@Z,matched,100.0
0x487080,1595,src/units/unit_save.cpp,?LoadUnit@@YGPAUUnit@@GPAVHapiBank@@@Z,matched,100.0
0x4876c0,1062,src/units/unit_save.cpp,?SaveUnits@@YGXPAVHapiBank@@@Z,matched,100.0
0x487af0,241,src/units/unit_save.cpp,?FindMissionUnit@@YGHPADPAUStruct_00487af0@@H@Z,matched,100.0
0x487bf0,1811,src/units/unit_commands_487bf0.cpp,?RunInitialMission@@YGXPAUUnit@@PADPAUTable_00487bf0@@@Z,matched,100.0
0x488310,596,src/units/unit_commands_487bf0.cpp,?CreateMissionUnits@@YAXXZ,matched,100.0
0x488570,657,src/units/unit_commands_487bf0.cpp,?GiveUnitToPlayer@@YGXPAUUnit@@PAUPlayer_00488310@@PAUPacket_00488570@@@Z,matched,100.0
0x488810,263,src/units/unit_commands_487bf0.cpp,?QuickSort@@YGXPAPAUItem_00485940@@0P6GHPAU1@1@ZH@Z,matched,100.0
0x488920,59,src/units/unit_commands_487bf0.cpp,?InsertShift@@YGXPAPAUItem_00485940@@PAU1@P6GH11@Z@Z,matched,100.0
0x488960,98,src/units/unit_commands_487bf0.cpp,?Partition@@YGPAPAUItem_00485940@@PAPAU1@0PAU1@P6GH11@Z@Z,matched,100.0
0x4889d0,42,src/units/unit_commands_487bf0.cpp,_$E5,matched,100.0
0x488a00,67,src/units/unit_commands_487bf0.cpp,_$E3,matched,100.0
0x488a50,191,src/units/unit_commands_487bf0.cpp,?FindUnitType@@YGPAUUnitType_00488b10@@PBD@Z,matched,100.0
0x488b10,203,src/units/unit_commands_487bf0.cpp,?FindUnitTypeId@@YGGPBD@Z,matched,100.0
0x488be0,11,src/units/unit_commands_487bf0.cpp,?InitUnitCategories@@YGXXZ,matched,100.0
0x488bf0,90,src/units/unit_commands_487bf0.cpp,?FreeUnitCategories@@YGXXZ,matched,100.0
0x488c50,217,src/units/unit_commands_487bf0.cpp,?GetCategoryMask@@YGPAVUnitTypeSet@@PAD@Z,matched,100.0
0x488d30,309,src/units/unit_commands_487bf0.cpp,?AddTypeOrCategory@UnitTypeSet@@QAEXPADPAH@Z,matched,100.0
0x488e70,188,src/units/unit_types.cpp,?AddToCategories@UnitDef@@QAEXPAD@Z,matched,100.0
0x488f30,124,src/units/unit_commands_487bf0.cpp,?GetEnergyUse@@YGMPAUUnit@@@Z,matched,100.0
0x488fb0,649,src/units/unit_commands_487bf0.cpp,?insert@?$vector@VUnitCategory@@V?$allocator@VUnitCategory@@@std@@@std@@QAEXPAVUnitCategory@@IABV3@@Z,matched,100.0
0x489240,27,src/units/unit_commands_487bf0.cpp,?AssignCategory@Class_00489240@@QAEPAV1@PAV1@@Z,matched,100.0
0x489260,27,src/units/unit_commands_487bf0.cpp,??0UnitCategory@@QAE@ABV0@@Z,matched,100.0
0x489280,618,src/units/unit_targets_489280.cpp,?MakePropList@@YGPADPAUUnitType@@@Z,matched,100.0
0x4894f0,68,src/units/unit_targets_489280.cpp,?UnitCanBuild@@YGHPAVUnit@@F@Z,matched,100.0
0x489540,49,src/units/unit_targets_489280.cpp,?LinkToUnit@UnitRef@@QAEXPAVUnit@@@Z,matched,100.0
0x489580,53,src/units/unit_targets_489280.cpp,?UnlinkFromUnit@UnitRef@@QAEXXZ,matched,100.0
0x4895c0,64,src/units/unit_targets_489280.cpp,??0Class_004895c0@@QAE@PAVUnit@@H@Z,matched,100.0
0x489600,77,src/units/unit_targets_489280.cpp,??_GClass_004895c0@@UAEPAXI@Z,matched,100.0
0x489650,59,src/units/unit_targets_489280.cpp,?FUN_00489650@UnitRef@@QAEXXZ,matched,100.0
0x489690,96,src/units/unit_targets_489280.cpp,?SetUnit@Class_004895c0@@QAEXPAVUnit@@@Z,matched,100.0
0x4896f0,79,src/units/unit_targets_489280.cpp,?ClearRef@UnitRef@@QAEXXZ,matched,100.0
0x489740,101,src/units/unit_targets_489280.cpp,?ClearUnitRefs@@YGXPAVUnit@@@Z,matched,100.0
0x4897b0,44,src/units/unit_targets_489280.cpp,?NotifyUnitRefs@@YGXPAVUnit@@H@Z,matched,100.0
0x4897e0,26,src/units/unit_targets_489280.cpp,?ChooseWeapon@Class_004897e0@@QAEEXZ,matched,100.0
0x489800,162,src/units/unit.cpp,?ReleaseWeapons@Unit@@QAEXE@Z,matched,100.0
0x4898b0,162,src/units/unit.cpp,?ClaimWeapons@Unit@@QAEXE@Z,matched,100.0
0x489960,65,src/units/unit.cpp,?CanReclaim@Unit@@QAEHPAX@Z,matched,100.0
0x4899b0,186,src/units/unit.cpp,?CanRepair@Unit@@QAEHPAV1@@Z,matched,100.0
0x489a70,32,src/units/unit.cpp,?CountCargo@Unit@@QAEHXZ,matched,100.0
0x489a90,275,src/units/unit.cpp,?CanLoad@Unit@@QAEHPAV1@@Z,matched,100.0
0x489bb0,299,src/units/unit_targets_489280.cpp,?DamageUnit@@YGXPAVUnit@@0HHG@Z,matched,100.0
0x489ce0,697,src/units/unit_targets_489280.cpp,?ApplyUnitDamage@@YGXPAUEvent_00489ce0@@@Z,matched,100.0
0x489fa0,186,src/units/unit_targets_489280.cpp,?ParalyzeUnit@@YGXPAVUnit@@H@Z,matched,100.0
0x48a060,51,src/units/unit_targets_489280.cpp,?SetWeaponTargetUnit@@YGXPAD0H@Z,matched,100.0
0x48a0a0,67,src/units/unit_targets_489280.cpp,?SetWeaponTargetPos@@YGXPADPAHH@Z,matched,100.0
0x48a0f0,99,src/units/unit_targets_489280.cpp,?ClearWeaponTarget@@YGXPAVUnit@@H@Z,matched,100.0
0x48a160,33,src/units/unit_targets_489280.cpp,?ResetWeaponTarget@@YGXPAVUnit@@H@Z,matched,100.0
0x48a190,77,src/units/unit_targets_489280.cpp,?GetWeaponTargetUnit@@YGPAVUnit@@PAV1@H@Z,matched,100.0
0x48a1e0,604,src/units/unit_targets_489280.cpp,?GetWeaponTargetPos@@YGHPAVUnit@@PAUVec3_0048a1e0@@H@Z,matched,100.0
0x48a440,71,src/units/unit_targets_489280.cpp,?IsTargetingUnit@@YGHPAVUnit@@0@Z,matched,100.0
0x48a490,857,src/units/unit_targets_489280.cpp,?AlignUnitToGround@@YGXPAVUnit@@@Z,matched,100.0
0x48a7f0,122,src/units/unit_position.cpp,?SnapUnitToGround@@YGXPAVUnit@@@Z,matched,100.0
0x48a870,261,src/units/unit_position.cpp,?UpdateUnitHeight@@YGXPAVUnit@@@Z,matched,100.0
0x48a980,37,src/units/unit_position.cpp,?GetHeadingBetween@@YGHPAUVec3@@0@Z,matched,100.0
0x48a9b0,52,src/units/unit_position.cpp,?GetHeadingBetweenOrDefault@@YGGPAUVec3@@0G@Z,matched,100.0
0x48a9f0,206,src/units/unit_position.cpp,?SetUnitPosition@@YGHPAVUnit@@UVec3@@H@Z,matched,100.0
0x48aac0,173,src/units/unit_position.cpp,?AttachUnitToPiece@@YGXPAVUnit@@0DD@Z,matched,100.0
0x48ab70,448,src/units/unit_position.cpp,?ApplyAttachUnit@@YGXPAUOrder@@@Z,matched,100.0
0x48ad30,849,src/units/unit_position.cpp,?UpdateAllUnits@@YGXXZ,matched,100.0
0x48b090,367,src/units/unit.cpp,?SetStateBits@Unit@@QAEXHH@Z,matched,100.0
0x48b200,481,src/units/unit_position.cpp,?WriteUnitState@@YGXPAVBitWriter@@PAVUnit@@@Z,matched,100.0
0x48b3f0,790,src/units/unit_position.cpp,?ReadUnitState@@YGXPAVBitReader@@PAVUnit@@@Z,matched,100.0
0x48b710,525,src/units/unit_position.cpp,?SendUnitStates@@YGXPAUPlayer@@@Z,matched,100.0
0x48b920,434,src/units/unit_position.cpp,?ReceiveUnitStates@@YGXPAUPlayer@@PAI@Z,matched,100.0
0x48bae0,457,src/ingame/selection.cpp,?FUN_0048bae0@@YGXXZ,matched,100.0
0x48bcb0,69,src/ingame/selection.cpp,?FUN_0048bcb0@@YGHPAD@Z,matched,100.0
0x48bd00,67,src/ingame/selection.cpp,?FUN_0048bd00@@YGXXZ,matched,100.0
0x48bd50,169,src/ingame/selection.cpp,?FUN_0048bd50@@YGXXZ,matched,100.0
0x48be00,290,src/ingame/selection.cpp,?SelectUnitsOfSameTypes@@YGXXZ,matched,100.0
0x48bf30,241,src/ingame/selection.cpp,?SelectUnitsByCategory@@YGXPADH@Z,matched,100.0
0x48c030,275,src/ingame/selection.cpp,?FUN_0048c030@@YGXXZ,matched,100.0
0x48c150,60,src/ingame/selection.cpp,?FUN_0048c150@@YGXXZ,matched,100.0
0x48c190,386,src/ingame/selection.cpp,?FindNextSelectedUnit@@YGPAUUnit@@PAU1@H@Z,matched,100.0
0x48c320,109,src/ingame/selection.cpp,?FUN_0048c320@@YGXXZ,matched,100.0
0x48c390,773,src/ingame/selection.cpp,?SelectUnitsInBox@@YGHPAX@Z,matched,100.0
0x48c6a0,331,src/ingame/selection.cpp,?FUN_0048c6a0@@YGHPAUUnit@@PAUPoint@@@Z,matched,100.0
0x48c7f0,447,src/ingame/selection.cpp,?FUN_0048c7f0@@YGXPAUParam_0048c7f0@@@Z,matched,100.0
0x48c9b0,109,src/ingame/selection.cpp,?FUN_0048c9b0@@YGXPAUUnit@@@Z,matched,100.0
0x48ca20,513,src/ingame/selection.cpp,?CollectSelectedUnits@@YGXPAV?$vector@PAUUnit@@V?$allocator@PAUUnit@@@std@@@std@@@Z,matched,100.0
0x48cc30,323,src/ingame/selection.cpp,?FUN_0048cc30@@YGXPAXPAPAUUnit@@@Z,matched,100.0
0x48cd80,428,src/ingame/selection.cpp,?FUN_0048cd80@@YGGXZ,matched,100.0
0x48cf30,742,src/ingame/selection_48cf30.cpp,?IssueOrderToSelection@@YGXPAUUnitType_0048cf30@@EVOrderType@@PAHHH@Z,matched,100.0
0x48d220,499,src/ingame/selection.cpp,?FUN_0048d220@@YGHD@Z,matched,100.0
0x48d420,175,src/ingame/selection.cpp,?FUN_0048d420@@YGPAUUnit@@XZ,matched,100.0
0x48d4d0,348,src/ingame/selection.cpp,?FUN_0048d4d0@@YGXXZ,matched,100.0
0x48d630,348,src/ingame/selection.cpp,?FUN_0048d630@@YGXH@Z,matched,100.0
0x48d790,388,src/ingame/selection.cpp,?FUN_0048d790@@YGXXZ,matched,100.0
0x48d920,120,src/ingame/selection.cpp,?CreateSquad@@YGXH@Z,matched,100.0
0x48d9a0,644,src/ingame/selection.cpp,?SelectSquad@@YG_NHH@Z,matched,100.0
0x48dc30,215,src/ingame/selection.cpp,?FUN_0048dc30@@YGHH@Z,matched,100.0
0x48dd10,170,src/ingame/selection.cpp,?FUN_0048dd10@@YGHH@Z,matched,100.0
0x48ddc0,449,src/ingame/selection.cpp,?insert@?$vector@PAUUnit@@V?$allocator@PAUUnit@@@std@@@std@@QAEPAPAUUnit@@PAPAU3@ABQAU3@@Z,matched,100.0
0x48df90,24,src/ingame/selection.cpp,??0Class_0048df90@@QAE@XZ,matched,100.0
0x48dfb0,82,src/game/victory_48dfb0.cpp,?FUN_0048dfb0@Class_0048dfb0@@QAEXXZ,matched,100.0
0x48e010,2542,src/game/mission_conditions.cpp,?RegisterConditions@MissionConditions@@QAEXPAUParam_0048e010@@@Z,matched,100.0
0x48ea00,4,src/game/mission_condition.cpp,?IsSatisfied@MissionCondition@@UAEHXZ,matched,100.0
0x48ea10,3,src/game/mission_condition.cpp,?OnUnitDied@MissionCondition@@UAEXPAUUnit@@@Z,matched,100.0
0x48ea20,3,src/game/mission_condition.cpp,?OnUnitCaptured@MissionCondition@@UAEXPAUUnit@@@Z,matched,100.0
0x48ea30,3,src/game/mission_condition.cpp,?OnUnitCreated@MissionCondition@@UAEXPAUUnit@@@Z,matched,100.0
0x48ea40,118,src/game/victory_kill_enemy_commander.cpp,?OnUnitDied@VictoryKillEnemyCommander@@UAEXPAUUnit@@@Z,matched,100.0
0x48eac0,57,src/game/victory_kill_enemy_commander.cpp,?SaveState@VictoryKillEnemyCommander@@UAEXPAVHapiBank@@@Z,matched,100.0
0x48eb00,59,src/game/victory_kill_enemy_commander.cpp,?LoadState@VictoryKillEnemyCommander@@UAEXPAVHapiBank@@@Z,matched,100.0
0x48eb40,55,src/game/victory_destroy_all_units.cpp,?IsSatisfied@VictoryDestroyAllUnits@@UAEHXZ,matched,100.0
0x48eb80,57,src/game/victory_destroy_all_units.cpp,?SaveState@VictoryDestroyAllUnits@@UAEXPAVHapiBank@@@Z,matched,100.0
0x48ebc0,59,src/game/victory_destroy_all_units.cpp,?LoadState@VictoryDestroyAllUnits@@UAEXPAVHapiBank@@@Z,matched,100.0
0x48ec00,26,src/game/victory_kill_all_mobile_units.cpp,?VisitUnit@VictoryKillAllMobileUnits@@UAEHPAUUnit@@@Z,matched,100.0
0x48ec20,144,src/game/victory_kill_all_mobile_units.cpp,?OnUnitDied@VictoryKillAllMobileUnits@@UAEXPAUUnit@@@Z,matched,100.0
0x48ecb0,73,src/game/victory_kill_all_mobile_units.cpp,?SaveState@VictoryKillAllMobileUnits@@UAEXPAVHapiBank@@@Z,matched,100.0
0x48ed00,76,src/game/victory_kill_all_mobile_units.cpp,?LoadState@VictoryKillAllMobileUnits@@UAEXPAVHapiBank@@@Z,matched,100.0
0x48ed50,86,src/game/victory_build_unit_type.cpp,?VisitUnit@VictoryBuildUnitType@@UAEHPAUUnit@@@Z,matched,100.0
0x48edb0,119,src/game/victory_build_unit_type.cpp,?IsSatisfied@VictoryBuildUnitType@@UAEHXZ,matched,100.0
0x48ee30,57,src/game/victory_build_unit_type.cpp,?SaveState@VictoryBuildUnitType@@UAEXPAVHapiBank@@@Z,matched,100.0
0x48ee70,59,src/game/victory_build_unit_type.cpp,?LoadState@VictoryBuildUnitType@@UAEXPAVHapiBank@@@Z,matched,100.0
0x48eeb0,79,src/game/victory_capture_unit_type.cpp,?OnUnitCaptured@VictoryCaptureUnitType@@UAEXPAUUnit@@@Z,matched,100.0
0x48ef00,57,src/game/victory_capture_unit_type.cpp,?SaveState@VictoryCaptureUnitType@@UAEXPAVHapiBank@@@Z,matched,100.0
0x48ef40,59,src/game/victory_capture_unit_type.cpp,?LoadState@VictoryCaptureUnitType@@UAEXPAVHapiBank@@@Z,matched,100.0
0x48ef80,34,src/game/victory_kill_all_of_type.cpp,?VisitUnit@VictoryKillAllOfType@@UAEHPAUUnit@@@Z,matched,100.0
0x48efb0,184,src/game/victory_kill_all_of_type.cpp,?OnUnitDied@VictoryKillAllOfType@@UAEXPAUUnit@@@Z,matched,100.0
0x48f070,57,src/game/victory_kill_all_of_type.cpp,?SaveState@VictoryKillAllOfType@@UAEXPAVHapiBank@@@Z,matched,100.0
0x48f0b0,59,src/game/victory_kill_all_of_type.cpp,?LoadState@VictoryKillAllOfType@@UAEXPAVHapiBank@@@Z,matched,100.0
0x48f0f0,99,src/game/victory_kill_unit_type.cpp,?OnUnitDied@VictoryKillUnitType@@UAEXPAUUnit@@@Z,matched,100.0
0x48f160,73,src/game/victory_kill_unit_type.cpp,?SaveState@VictoryKillUnitType@@UAEXPAVHapiBank@@@Z,matched,100.0
0x48f1b0,76,src/game/victory_kill_unit_type.cpp,?LoadState@VictoryKillUnitType@@UAEXPAVHapiBank@@@Z,matched,100.0
0x48f200,76,src/game/victory_move_unit_to_radius.cpp,?IsSatisfied@VictoryMoveUnitToRadius@@UAEHXZ,matched,100.0
0x48f250,146,src/game/victory_move_unit_to_radius.cpp,?VisitUnit@VictoryMoveUnitToRadius@@UAEXPAUUnit@@@Z,matched,100.0
0x48f2f0,57,src/game/victory_move_unit_to_radius.cpp,?SaveState@VictoryMoveUnitToRadius@@UAEXPAVHapiBank@@@Z,matched,100.0
0x48f330,59,src/game/victory_move_unit_to_radius.cpp,?LoadState@VictoryMoveUnitToRadius@@UAEXPAVHapiBank@@@Z,matched,100.0
0x48f370,103,src/game/victory_unit_type_passes_x.cpp,?VisitUnit@VictoryUnitTypePassesX@@UAEHPAUUnit@@@Z,matched,100.0
0x48f3e0,92,src/game/victory_unit_type_passes_x.cpp,?IsSatisfied@VictoryUnitTypePassesX@@UAEHXZ,matched,100.0
0x48f440,57,src/game/victory_unit_type_passes_x.cpp,?SaveState@VictoryUnitTypePassesX@@UAEXPAVHapiBank@@@Z,matched,100.0
0x48f480,59,src/game/victory_unit_type_passes_x.cpp,?LoadState@VictoryUnitTypePassesX@@UAEXPAVHapiBank@@@Z,matched,100.0
0x48f4c0,103,src/game/victory_unit_type_passes_z.cpp,?VisitUnit@VictoryUnitTypePassesZ@@UAEHPAUUnit@@@Z,matched,100.0
0x48f530,92,src/game/victory_unit_type_passes_z.cpp,?IsSatisfied@VictoryUnitTypePassesZ@@UAEHXZ,matched,100.0
0x48f590,57,src/game/victory_unit_type_passes_z.cpp,?SaveState@VictoryUnitTypePassesZ@@UAEXPAVHapiBank@@@Z,matched,100.0
0x48f5d0,59,src/game/victory_unit_type_passes_z.cpp,?LoadState@VictoryUnitTypePassesZ@@UAEXPAVHapiBank@@@Z,matched,100.0
0x48f610,20,src/game/victory_timer_runs_out.cpp,?IsSatisfied@VictoryTimerRunsOut@@UAEHXZ,matched,100.0
0x48f630,57,src/game/victory_timer_runs_out.cpp,?SaveState@VictoryTimerRunsOut@@UAEXPAVHapiBank@@@Z,matched,100.0
0x48f670,59,src/game/victory_timer_runs_out.cpp,?LoadState@VictoryTimerRunsOut@@UAEXPAVHapiBank@@@Z,matched,100.0
0x48f6b0,93,src/game/defeat_commander_killed.cpp,?OnUnitDied@DefeatCommanderKilled@@UAEXPAUUnit@@@Z,matched,100.0
0x48f710,57,src/game/defeat_commander_killed.cpp,?SaveState@DefeatCommanderKilled@@UAEXPAVHapiBank@@@Z,matched,100.0
0x48f750,59,src/game/defeat_commander_killed.cpp,?LoadState@DefeatCommanderKilled@@UAEXPAVHapiBank@@@Z,matched,100.0
0x48f790,77,src/game/defeat_all_units_killed.cpp,?VisitUnit@DefeatAllUnitsKilled@@UAEHPAUUnit@@@Z,matched,100.0
0x48f7e0,92,src/game/defeat_all_units_killed.cpp,?IsSatisfied@DefeatAllUnitsKilled@@UAEHXZ,matched,100.0
0x48f840,57,src/game/defeat_all_units_killed.cpp,?SaveState@DefeatAllUnitsKilled@@UAEXPAVHapiBank@@@Z,matched,100.0
0x48f880,59,src/game/defeat_all_units_killed.cpp,?LoadState@DefeatAllUnitsKilled@@UAEXPAVHapiBank@@@Z,matched,100.0
0x48f8c0,57,src/game/defeat_unit_type_killed.cpp,?OnUnitDied@DefeatUnitTypeKilled@@UAEXPAUUnit@@@Z,matched,100.0
0x48f900,73,src/game/defeat_unit_type_killed.cpp,?SaveState@DefeatUnitTypeKilled@@UAEXPAVHapiBank@@@Z,matched,100.0
0x48f950,76,src/game/defeat_unit_type_killed.cpp,?LoadState@DefeatUnitTypeKilled@@UAEXPAVHapiBank@@@Z,matched,100.0
0x48f9a0,34,src/game/defeat_all_units_killed_of_type.cpp,?VisitUnit@DefeatAllUnitsKilledOfType@@UAEHPAUUnit@@@Z,matched,100.0
0x48f9d0,217,src/game/defeat_all_units_killed_of_type.cpp,?OnUnitDied@DefeatAllUnitsKilledOfType@@UAEXPAUUnit@@@Z,matched,100.0
0x48fab0,57,src/game/defeat_all_units_killed_of_type.cpp,?SaveState@DefeatAllUnitsKilledOfType@@UAEXPAVHapiBank@@@Z,matched,100.0
0x48faf0,59,src/game/defeat_all_units_killed_of_type.cpp,?LoadState@DefeatAllUnitsKilledOfType@@UAEXPAVHapiBank@@@Z,matched,100.0
0x48fb30,43,src/game/defeat_any_unit_passes_x.cpp,?VisitUnit@DefeatAnyUnitPassesX@@UAEHPAUUnit@@@Z,matched,100.0
0x48fb60,92,src/game/defeat_any_unit_passes_x.cpp,?IsSatisfied@DefeatAnyUnitPassesX@@UAEHXZ,matched,100.0
0x48fbc0,57,src/game/defeat_any_unit_passes_x.cpp,?SaveState@DefeatAnyUnitPassesX@@UAEXPAVHapiBank@@@Z,matched,100.0
0x48fc00,59,src/game/defeat_any_unit_passes_x.cpp,?LoadState@DefeatAnyUnitPassesX@@UAEXPAVHapiBank@@@Z,matched,100.0
0x48fc40,43,src/game/defeat_any_unit_passes_z.cpp,?VisitUnit@DefeatAnyUnitPassesZ@@UAEHPAUUnit@@@Z,matched,100.0
0x48fc70,92,src/game/defeat_any_unit_passes_z.cpp,?IsSatisfied@DefeatAnyUnitPassesZ@@UAEHXZ,matched,100.0
0x48fcd0,57,src/game/defeat_any_unit_passes_z.cpp,?SaveState@DefeatAnyUnitPassesZ@@UAEXPAVHapiBank@@@Z,matched,100.0
0x48fd10,59,src/game/defeat_any_unit_passes_z.cpp,?LoadState@DefeatAnyUnitPassesZ@@UAEXPAVHapiBank@@@Z,matched,100.0
0x48fd50,20,src/game/defeat_death_timer_runs_out.cpp,?IsSatisfied@DefeatDeathTimerRunsOut@@UAEHXZ,matched,100.0
0x48fd70,57,src/game/defeat_death_timer_runs_out.cpp,?SaveState@DefeatDeathTimerRunsOut@@UAEXPAVHapiBank@@@Z,matched,100.0
0x48fdb0,59,src/game/defeat_death_timer_runs_out.cpp,?LoadState@DefeatDeathTimerRunsOut@@UAEXPAVHapiBank@@@Z,matched,100.0
0x48fdf0,105,src/game/mission_conditions.cpp,?SaveConditions@MissionConditions@@QAEXPAVHapiBank@@@Z,matched,100.0
0x48fe60,105,src/game/mission_conditions.cpp,?LoadConditions@MissionConditions@@QAEXPAVHapiBank@@@Z,matched,100.0
0x48fed0,108,src/game/mission_conditions.cpp,?AllVictoryConditionsMet@MissionConditions@@QAEHXZ,matched,100.0
0x48ff40,136,src/game/mission_conditions.cpp,?AnyDefeatConditionMet@MissionConditions@@QAEHXZ,matched,100.0
0x48ffd0,126,src/game/victory_48ffd0.cpp,?FUN_0048ffd0@@YGHXZ,matched,100.0
0x490050,42,src/game/victory_490050.cpp,?FUN_00490050@@YGHXZ,matched,100.0
0x490080,378,src/game/victory_490080.cpp,?FUN_00490080@@YGHXZ,matched,100.0
0x490200,42,src/game/victory_490200.cpp,?FUN_00490200@@YGHXZ,matched,100.0
0x490230,301,src/game/victory_490230.cpp,?CheckVictory@MissionConditions@@QAEHXZ,matched,100.0
0x490360,334,src/game/mission_conditions.cpp,?CheckDefeat@MissionConditions@@QAEHXZ,matched,100.0
0x4904b0,11,src/game/mission_conditions.cpp,?FUN_004904b0@MissionConditions@@QAEXXZ,matched,100.0
0x4904c0,84,src/game/mission_conditions.cpp,?NotifyUnitDied@MissionConditions@@QAEXPAUUnit@@@Z,matched,100.0
0x490520,84,src/game/mission_conditions.cpp,?NotifyUnitCaptured@MissionConditions@@QAEXPAUUnit@@@Z,matched,100.0
0x490580,84,src/game/mission_conditions.cpp,?NotifyUnitCreated@MissionConditions@@QAEXPAUUnit@@@Z,matched,100.0
0x4905e0,76,src/game/victory_4905e0.cpp,??0Class_00490630@@QAE@PAUStruct_004907e0@@@Z,matched,100.0
0x490630,32,src/game/victory_4905e0.cpp,??_GClass_00490630@@UAEPAXI@Z,matched,100.0
0x490650,63,src/game/victory_4905e0.cpp,?FUN_0044f000@Class_00490630@@UAEXPAUVec3_004907e0@@0PAF@Z,matched,100.0
0x490690,326,src/game/victory_4905e0.cpp,?FUN_0044efb0@Class_00490630@@UAEXXZ,matched,100.0
0x4907e0,94,src/game/victory_4907e0.cpp,??0Class_004907e0@@QAE@PAUStruct_004907e0@@@Z,matched,100.0
0x490840,32,src/game/victory_4907e0.cpp,??_GClass_004907e0@@UAEPAXI@Z,matched,100.0
0x490860,25,src/game/victory_4907e0.cpp,?FUN_0044ef90@Class_004907e0@@UAEXPAX@Z,matched,100.0
0x490880,38,src/game/victory_4907e0.cpp,?FUN_0044efb0@Class_004907e0@@UAEXXZ,matched,100.0
0x4908b0,7,src/game/victory_4907e0.cpp,?FUN_0044efe0@Class_004907e0@@UAEHXZ,matched,100.0
0x4908c0,125,src/game/victory_4907e0.cpp,?FUN_0044efc0@Class_004907e0@@UAEXPAVBitWriter@@@Z,matched,100.0
0x490940,82,src/game/victory_490940.cpp,??0Class_00490880@@QAE@PAUStruct_004907e0@@@Z,matched,100.0
0x4909a0,58,src/game/victory_490940.cpp,??_GClass_00490880@@UAEPAXI@Z,matched,100.0
0x4909e0,37,src/game/victory_490940.cpp,??1Class_00490880@@UAE@XZ,matched,100.0
0x490a10,134,src/game/victory_490940.cpp,?FUN_0044efd0@Class_00490880@@UAEXPAVBitReader@@@Z,matched,100.0
0x490aa0,26,src/game/victory_490aa0.cpp,?FUN_00490aa0@@YGXXZ,matched,100.0
0x490ac0,60,src/game/game_state_490ac0.cpp,?FUN_00490ac0@@YGXXZ,matched,100.0
0x490b00,48,src/game/game_state_490b00.cpp,?FUN_00490b00@@YGXXZ,matched,100.0
0x490b30,260,src/game/game_state_490b30.cpp,?SetGameMode@@YGXH@Z,matched,100.0
0x490c40,338,src/game/game_state_490c40.cpp,?UpdateWind@@YAXXZ,matched,100.0
0x490da0,68,src/game/game_state_490da0.cpp,?FUN_00490da0@@YGXXZ,matched,100.0
0x490df0,239,src/game/game_state_490df0.cpp,?SetGameSpeed@@YGXHH@Z,matched,100.0
0x490ee0,33,src/game/game_state_490ee0.cpp,?IncreaseGameSpeed@@YGXXZ,matched,100.0
0x490f10,33,src/game/game_state_490f10.cpp,?FUN_00490f10@@YGXXZ,matched,100.0
0x490f40,49,src/game/game_state_490f40.cpp,?FUN_00490f40@@YGXXZ,matched,100.0
0x490f80,88,src/game/game_state_490f80.cpp,?SaveCdLists@@YGXXZ,matched,100.0
0x490fe0,538,src/game/game_state_490fe0.cpp,?FUN_00490fe0@@YGXXZ,matched,100.0
0x491200,1174,src/game/game_state_491200.cpp,?InitGame@@YGXXZ,matched,100.0
0x4916a0,294,src/game/game_state_4916a0.cpp,?ShutdownGame@@YGXXZ,matched,100.0
0x4917d0,663,src/game/game_state_4917d0.cpp,?FUN_004917d0@@YGXXZ,matched,100.0
0x491a70,238,src/game/game_state_491a70.cpp,?FUN_00491a70@@YGXXZ,matched,100.0
0x491b60,250,src/game/game_state_491b60.cpp,?FUN_00491b60@@YGXXZ,matched,100.0
0x491c60,23,src/game/game_state_491c60.cpp,?FUN_00491c60@@YGXXZ,matched,100.0
0x491c80,56,src/game/game_state_491c80.cpp,?FUN_00491c80@@YGXH@Z,matched,100.0
0x491cc0,175,src/game/game_state_491cc0.cpp,?FUN_00491cc0@@YGXH@Z,matched,100.0
0x491d70,150,src/game/game_state_491d70.cpp,?FUN_00491d70@@YGHH@Z,matched,100.0
0x491e10,57,src/game/game_state_491e10.cpp,?FUN_00491e10@@YGXXZ,matched,100.0
0x491e50,101,src/game/game_state_491e50.cpp,?FUN_00491e50@@YGXXZ,matched,100.0
0x491ec0,1124,src/game/savegame.cpp,?ShowSavedGameInfo@@YGXXZ,matched,100.0
0x492330,41,src/game/savegame.cpp,?ShowInvalidSavegameDialog@@YGXPAX@Z,matched,100.0
0x492360,1964,src/game/savegame.cpp,?LoadGameScreenHandler@@YGXPAUGadget_00492360@@@Z,matched,100.0
0x492b10,715,src/game/savegame.cpp,?ListSavedGames@@YGPADPAH@Z,matched,100.0
0x492de0,8,src/game/savegame.cpp,?SavedGameSelectHandler@@YGXHH@Z,matched,100.0
0x492df0,618,src/game/savegame.cpp,?SaveGameScreenHandler@@YGXPAUGadget_00492df0@@@Z,matched,100.0
0x493060,363,src/game/savegame.cpp,?ShowSaveGameScreen@@YGXXZ,matched,100.0
0x4931d0,361,src/game/savegame.cpp,?ShowLoadGameScreen@@YGXXZ,matched,100.0
0x493340,79,src/ingame/dialogs_493340.cpp,?UpdateMetalReadout@@YGXPAUObject_00493340@@H@Z,matched,100.0
0x493390,79,src/ingame/dialogs_493390.cpp,?UpdateEnergyReadout@@YGXPAUObject_00493390@@H@Z,matched,100.0
0x4933e0,205,src/ingame/dialogs_4933e0.cpp,?GiveSelectedUnitsToPlayer@@YGXE@Z,matched,100.0
0x4934b0,564,src/ingame/dialogs_4934b0.cpp,?HandleShareDialogEvent@@YGXPAUGadget_4934b0@@@Z,matched,100.0
0x4936f0,994,src/ingame/dialogs_4936f0.cpp,?OpenShareDialog@@YGXXZ,matched,100.0
0x493ae0,264,src/ingame/dialogs_493ae0.cpp,?ResetPlayerGadgets@@YGXXZ,matched,100.0
0x493bf0,1116,src/ingame/dialogs_493bf0.cpp,?HandleTalkDialogEvent@@YGXPAUGadget_00493bf0@@@Z,matched,100.0
0x494050,457,src/ingame/dialogs_494050.cpp,?OpenTalkDialog@@YGXXZ,matched,100.0
0x494220,105,src/ingame/dialogs_494220.cpp,?HandleUnitInfoDialogEvent@@YGXPAUGadget_00494220@@@Z,matched,100.0
0x494290,75,src/ingame/dialogs_494290.cpp,?FUN_00494290@@YGXPAUGadget_00494290@@PAUEntry_00494290@@@Z,matched,100.0
0x4942e0,1113,src/ingame/dialogs_4942e0.cpp,?OpenUnitInfoDialog@@YGXXZ,matched,100.0
0x494740,250,src/ingame/dialogs_494740.cpp,?HandleTabMenuEvent@@YGXPAUGadget_00494740@@@Z,matched,100.0
0x494840,70,src/ingame/dialogs_494840.cpp,?FUN_00494840@@YGXPAUGadget_00494840@@@Z,matched,100.0
0x494890,19,src/ingame/dialogs_494890.cpp,?FUN_00494890@@YGXPAUGadget_00494890@@@Z,matched,100.0
0x4948b0,33,src/ingame/dialogs_4948b0.cpp,?FUN_004948b0@@YGXHH@Z,matched,100.0
0x4948e0,1418,src/ingame/dialogs_4948e0.cpp,?FUN_004948e0@@YGXPAX@Z,matched,100.0
0x494e70,371,src/ingame/dialogs_494e70.cpp,?FUN_00494e70@@YGXXZ,matched,100.0
0x494ff0,19,src/ingame/dialogs_494ff0.cpp,?FUN_00494ff0@@YGXH@Z,matched,100.0
0x495010,494,src/ingame/dialogs_495010.cpp,?ToggleTabMenu@@YGXXZ,matched,100.0
0x495200,42,src/ingame/dialogs_495200.cpp,?FUN_00495200@@YGXXZ,matched,100.0
0x495230,601,src/ingame/dialogs_495230.cpp,?UpdateFramePacing@@YGXXZ,matched,100.0
0x495490,547,src/ingame/dialogs_495490.cpp,?RunGameSteps@@YGXH@Z,matched,100.0
0x4956c0,416,src/ingame/dialogs_4956c0.cpp,?FUN_004956c0@@YGXH@Z,matched,100.0
0x495860,83,src/ingame/keys.cpp,?SelectStopOrder@@YGXXZ,matched,100.0
0x4958c0,103,src/ingame/keys.cpp,?SetOrSelectStopOrder@@YGXH@Z,matched,100.0
0x495930,256,src/ingame/keys.cpp,?BuildScreenshotPath@@YGXPADPBD11@Z,matched,100.0
0x495a30,1105,src/ingame/keys.cpp,?WriteScreenshot@@YGXPAD0HHHH@Z,matched,100.0
0x495e90,2292,src/ingame/keys.cpp,?HandleGameKey@@YGXXZ,matched,100.0
0x496790,711,src/game/main_loop.cpp,?MainLoopTick@@YGXXZ,matched,100.0
0x496a60,175,src/game/main_loop.cpp,?InitFrame@@YGXXZ,matched,100.0
0x496b10,148,src/game/main_loop.cpp,?ReturnToMainMenuFrame@@YGXXZ,matched,100.0
0x496bb0,298,src/game/main_loop.cpp,?MenuFrame@@YGXXZ,matched,100.0
0x496ce0,207,src/game/main_loop.cpp,?PreBattleFrame@@YGXXZ,matched,100.0
0x496db0,95,src/game/main_loop.cpp,?CampaignSetupFrame@@YGXXZ,matched,100.0
0x496e10,128,src/game/main_loop.cpp,?ApplyMissionOptionFlags@@YGXPAUSettings_00496e10@@@Z,matched,100.0
0x496e90,71,src/game/main_loop.cpp,?SetStartingStorageBonus@@YGXPAUStruct_00496e90@@HH@Z,matched,100.0
0x496ee0,401,src/game/main_loop.cpp,?SpawnCommanderAtStartPos@@YGXHH@Z,matched,100.0
0x497080,248,src/game/main_loop.cpp,?InitStartingResourcesFromSkirmish@@YGXXZ,matched,100.0
0x497180,2797,src/game/game_load.cpp,?LoadMatch@@YAXPAX@Z,matched,100.0
0x497ce0,595,src/game/game_load.cpp,?DrawSyncStatus@@YGXPAX@Z,matched,100.0
0x497f40,3463,src/game/game_load.cpp,?LoadingScreenFrame@@YGXXZ,matched,100.0
0x498cd0,44,src/game/game_load.cpp,?OffsetWorldPosFromView@@YGXPAUPoint_00498cd0@@PAUView_00498cd0@@H@Z,matched,100.0
0x498d00,145,src/game/game_load.cpp,?MinimapCursorToWorldPos@@YGXPAUPos_00498d00@@@Z,matched,100.0
0x498da0,459,src/game/game_load.cpp,?UpdateCursorWorldPos@@YGXPAUView_00498da0@@@Z,matched,100.0
0x498f70,395,src/ingame/build_placement.cpp,?HandleLeftClick@@YGXPAUView@@@Z,matched,100.0
0x499100,254,src/ingame/build_placement.cpp,?HandleRightClick@@YGXPAUView@@@Z,matched,100.0
0x499200,1655,src/ingame/build_placement.cpp,?BattleFrame@@YGXXZ,matched,100.0
0x499880,5,src/ingame/build_placement.cpp,?EndGameFrame@@YGXXZ,matched,100.0
0x499890,411,src/ingame/screenshots_499890.cpp,?MainFrameTick@@YGXXZ,matched,100.0
0x499a30,69,src/weapons/weapons.cpp,?AllocWeaponArray@@YGXXZ,matched,100.0
0x499a80,37,src/weapons/weapons.cpp,?FreeWeaponArray@@YGXXZ,matched,100.0
0x499ab0,230,src/weapons/weapons.cpp,?SendWeaponFirePacket@@YGXPAUUnit@@PAUObj_00499ab0@@1PAUVec3_00499ab0@@2@Z,matched,100.0
0x499ba0,102,src/weapons/weapons.cpp,?FUN_00499ba0@@YGXDPAUVec3_00499ba0@@0@Z,matched,100.0
0x499c10,87,src/weapons/weapons.cpp,?FUN_00499c10@@YGXPAUObject_00499c10@@PAUSource_00499c10@@@Z,matched,100.0
0x499c70,88,src/weapons/weapons.cpp,?ApplyWeaponHit@@YGXPAUWeapon_499c70@@PAUUnit@@@Z,matched,100.0
0x499cd0,376,src/weapons/weapons.cpp,?ApplyWeaponDamage@@YGHPAUWeapon_00499cd0@@PAUUnit@@M@Z,matched,100.0
0x499e50,91,src/weapons/weapons.cpp,?FUN_00499e50@@YGXPAUUnit_499e50@@@Z,matched,100.0
0x499eb0,517,src/weapons/weapons.cpp,?DetonateProjectile@@YGXPAUProjectile_00499eb0@@PAUUnit@@@Z,matched,100.0
0x49a0c0,85,src/weapons/weapons.cpp,?ApplyAreaDamageAt@@YGXPAXPAUVec3_0049a0c0@@@Z,matched,100.0
0x49a850,64,src/weapons/weapons.cpp,?VectorLength@@YGHPAUVec3i_0049a850@@@Z,matched,100.0
0x49a890,488,src/weapons/weapons.cpp,?SolveLaunchAngle@@YGFHHHHM@Z,matched,100.0
0x49aa80,301,src/weapons/weapons.cpp,?WeaponCanReachPos@@YGHPAUUnit@@PAUVec3_0049aa80@@1H@Z,matched,100.0
0x49abb0,568,src/weapons/weapons.cpp,?WeaponCanReachUnit@@YGHPAUUnit@@0E@Z,matched,100.0
0x49adf0,33,src/weapons/weapons.cpp,?FUN_0049adf0@@YGHHI@Z,matched,100.0
0x49ae20,356,src/weapons/weapons.cpp,?CompactProjectiles@@YGXXZ,matched,100.0
0x49af90,103,src/weapons/weapons.cpp,?ApplyProjectileHitPacket@@YGXHPAUPacket_0049af90@@@Z,matched,100.0
0x49b000,129,src/weapons/weapons.cpp,?DetonateUnitWeapon@@YGXPAUUnit@@H@Z,matched,100.0
0x49b090,844,src/weapons/weapons_49b090.cpp,?CheckProjectileCollision@@YGXPAUProjType_0049b090@@PAUProj_0049b090@@@Z,matched,100.0
0x49b3e0,317,src/weapons/weapons.cpp,?GetProjectileAimPoint@@YGPAUVec3_0049b3e0@@PAUProj_0049b3e0@@@Z,matched,100.0
0x49b520,347,src/weapons/weapons.cpp,?TurnUnitTowardsPoint@@YGHPAUUnit_0049b520@@PAUVec3_0049b520@@@Z,matched,100.0
0x49b680,88,src/weapons/weapons.cpp,?FUN_0049b680@@YGXPAUObject_0049b680@@@Z,matched,100.0
0x49b6e0,64,src/weapons/weapons.cpp,?AllocProjectile@@YGPAUProjectile_0049b6e0@@XZ,matched,100.0
0x49b720,1853,src/weapons/weapons_49b720.cpp,?UpdateProjectiles@@YGXXZ,matched,100.0
0x49be60,2272,src/weapons/weapons_49be60.cpp,?DrawProjectiles@@YGXPAX@Z,matched,100.0
0x49c740,306,src/weapons/weapons.cpp,?InitProjectile@@YGXPAUProj_0049c740@@PAUShot_0049c740@@PAUVec3@@2HPAUUnit@@@Z,matched,100.0
0x49c880,147,src/weapons/weapons.cpp,?RemoveUnitProjectiles@@YGXPAUUnit_0049c880@@@Z,matched,100.0
0x49c920,87,src/weapons/weapons.cpp,?FUN_0049c920@@YGXPAUObject_0049c920@@@Z,matched,100.0
0x49c980,55,src/weapons/weapons.cpp,?FUN_0049c980@@YGXPAUObj_0049c980@@PAUSrc_0049c980@@@Z,matched,100.0
0x49c9c0,600,src/weapons/weapons.cpp,?FireLineOfSightProjectile@@YGHPAUFire_0049c9c0@@PAUUnit@@PAUVec3@@2H@Z,matched,100.0
0x49cc20,436,src/weapons/weapons.cpp,?FireVLaunchProjectile@@YGHPAUShot_0049cc20@@PAUUnit@@PAUVec3@@2HH@Z,matched,100.0
0x49cde0,544,src/weapons/weapons.cpp,?FireBallisticProjectile@@YGHPAUShot_0049cde0@@PAUUnit@@PAUVec3@@2H@Z,matched,100.0
0x49d000,188,src/weapons/weapons.cpp,?FUN_0049d000@@YGHPAUShot_0049d000@@PAUUnit@@PAUVec3@@@Z,matched,100.0
0x49d0c0,93,src/weapons/weapons.cpp,?FUN_0049d0c0@@YGHPAUObject_0049d0c0@@HHHH@Z,matched,100.0
0x49d120,182,src/weapons/weapons.cpp,?FindTargetableProjectile@@YGPAUProj_0049d120@@PAUTable_0049d120@@H@Z,matched,100.0
0x49d1e0,129,src/weapons/weapons.cpp,?FindRemoteProjectile@@YGPAUProjectile_0049d1e0@@PAUEvent_0049d1e0@@@Z,matched,100.0
0x49d270,774,src/weapons/weapons.cpp,?ApplyWeaponFirePacket@@YGXHPAUEvent_0049d270@@@Z,matched,100.0
0x49d580,761,src/weapons/weapons.cpp,?FireTurretWeapon@@YGHPAUUnit@@00PAUVec3@@@Z,matched,100.0
0x49d880,140,src/weapons/weapons.cpp,?AimWithinTolerance@@YGHPAUUnit@@PAUAim_0049d880@@FF@Z,matched,100.0
0x49d910,164,src/weapons/weapons.cpp,?CalcAimAngles@@YGHPAUUnit@@0PAF1HPAUVec3@@@Z,matched,100.0
0x49d9c0,429,src/weapons/weapons.cpp,?FireLineOfSightWeapon@@YGHPAUUnit@@PAUAim_0049d9c0@@0PAUVec3@@@Z,matched,100.0
0x49db70,486,src/weapons/weapons.cpp,?FireVLaunchWeapon@@YGHPAUObject_0049db70@@PAUShot_0049db70@@0PAUVec3@@@Z,matched,100.0
0x49dd60,430,src/weapons/weapons.cpp,?FireDroppedWeapon@@YGHPAUUnit@@PAUAim_0049dd60@@0PAUVec3@@@Z,matched,100.0
0x49df10,249,src/weapons/weapons.cpp,?FUN_0049df10@@YGHPAUUnit_0049df10@@PAUVec3@@1H@Z,matched,100.0
0x49e010,88,src/weapons/weapons.cpp,?SetWeaponFireHandler@@YGXPAUInfo_0049e010@@@Z,matched,100.0
0x49e070,293,src/weapons/weapons.cpp,?InitUnitWeaponSlots@@YGXPAUUnit@@@Z,matched,100.0
0x49e1a0,969,src/weapons/weapons.cpp,?UpdateUnitWeapons@@YGXPAUUnit@@@Z,matched,100.0
0x49e570,53,src/weapons/weapons.cpp,?FUN_0049e570@@YGXPAH0000@Z,matched,100.0
0x49e5b0,91,src/weapons/weapons.cpp,?FindWeaponByName@@YGPADPAD@Z,matched,100.0
0x49e610,24,src/weapons/weapons.cpp,_$E5,matched,100.0
0x49e630,10,src/weapons/weapons.cpp,_$E3,matched,100.0
0x49e640,64,src/game/main.cpp,?AppendToDebugFile@@YGXPAD@Z,matched,100.0
0x49e6f0,14,src/game/main.cpp,?InstallOutOfMemoryHandler@@YGXXZ,matched,100.0
0x49e700,291,src/game/main.cpp,?OutOfMemoryHandler@@YGXXZ,matched,100.0
0x49e830,1365,src/game/main.cpp,?GameMain@@YGHPAX0PADH@Z,matched,100.0
0x49ed90,1,src/game/main.cpp,?AtexitNoOp@@YGXXZ,matched,100.0
0x49f540,52,src/game/main.cpp,?ChdirToExeDirectory@@YGXXZ,matched,100.0
0x49f580,27,src/game/main.cpp,?GetPreferredLanguage@@YGHXZ,matched,100.0
0x49f5a0,104,src/game/main.cpp,?GetPreferenceInt@@YGIPADH@Z,matched,100.0
0x49f610,6,src/sound/play_sound.cpp,?IsWindowsSoundAvailable@@YGHXZ,matched,100.0
0x49f620,21,src/sound/play_sound.cpp,?ResumeLoopingWav@@YGXXZ,matched,100.0
0x49f640,54,src/sound/play_sound.cpp,?StopWindowsSound@@YGXXZ,matched,100.0
0x49f680,18,src/sound/play_sound.cpp,?PlayWavMemory@@YGXPBD@Z,matched,100.0
0x49f6a0,23,src/sound/play_sound.cpp,?PlayLoopingWavMemory@@YGXPAD@Z,matched,100.0
0x49f6c0,68,src/sound/play_sound.cpp,?PlayWavFromDisk@@YGHPAD@Z,matched,100.0
0x49f8c0,106,src/gui/gui_49f8c0.cpp,?HasGadgetNamed@@YGHPAUDialog@@PADH@Z,matched,100.0
0x49f930,131,src/gui/gui_49f8c0.cpp,?SetGadgetName@@YGXPAUDialog@@PAD1@Z,matched,100.0
0x49f9c0,131,src/gui/gui_49f8c0.cpp,?RunWhileScreenNamed@@YGXPAUDialog@@PAD@Z,matched,100.0
0x49fa50,17,src/gui/gui_49f8c0.cpp,?FUN_0049fa50@@YGXPAUDialog@@@Z,matched,100.0
0x49fa70,17,src/gui/gui_49f8c0.cpp,?FUN_0049fa70@@YGXPAUDialog@@@Z,matched,100.0
0x49fa90,17,src/gui/gui_49f8c0.cpp,?FUN_0049fa90@@YGXPAUDialog@@@Z,matched,100.0
0x49fab0,17,src/gui/gui_49f8c0.cpp,?FUN_0049fab0@@YGXPAX@Z,matched,100.0
0x49fad0,21,src/gui/gui_49f8c0.cpp,?FUN_0049fad0@@YGXPAUDialog@@@Z,matched,100.0
0x49faf0,17,src/gui/gui_49f8c0.cpp,?FUN_0049faf0@@YGXPAUDialog@@@Z,matched,100.0
0x49fb10,21,src/gui/gui_49f8c0.cpp,?FUN_0049fb10@@YGXHH@Z,matched,100.0
0x49fb30,22,src/gui/gui_49f8c0.cpp,?FUN_0049fb30@@YGHPAUDialog@@@Z,matched,100.0
0x49fb50,80,src/gui/gui_49f8c0.cpp,?FUN_0049fb50@@YGXPAUDialog@@PBD@Z,matched,100.0
0x49fba0,80,src/gui/gui_49f8c0.cpp,?FUN_0049fba0@@YGXPAUDialog@@PBD@Z,matched,100.0
0x49fbf0,80,src/gui/gui_49f8c0.cpp,?FUN_0049fbf0@@YGXPAUDialog@@PBD@Z,matched,100.0
0x49fc40,14,src/gui/gui_49f8c0.cpp,?FUN_0049fc40@@YGXPAUDialog@@@Z,matched,100.0
0x49fc50,146,src/gui/gui_49f8c0.cpp,?FUN_0049fc50@@YGHPAUDialog@@H@Z,matched,100.0
0x49fcf0,21,src/gui/gui_49f8c0.cpp,?FUN_0049fcf0@@YGHHH@Z,matched,100.0
0x49fd10,16,src/gui/gui_49f8c0.cpp,?FUN_0049fd10@@YG_NH@Z,matched,100.0
0x49fd20,53,src/gui/gui_49f8c0.cpp,?FUN_0049fd20@@YGXPAUObj1_49fd20@@PAUObj2_49fd20@@PAUVec6_49fd20@@@Z,matched,100.0
0x49fd60,138,src/gui/gui_49f8c0.cpp,?IsCurrentGadgetNamed@@YGHPAUDialog@@PAD@Z,matched,100.0
0x49fdf0,99,src/gui/gui_49f8c0.cpp,?FindGadgetIndex@@YGHPAUEntry_0049f8c0@@PADH@Z,matched,100.0
0x49fe60,97,src/gui/gui_49f8c0.cpp,?FindGadgetIndexBySubstring@@YGHPAUEntry_0049f8c0@@PAD@Z,matched,100.0
0x49fed0,55,src/gui/gui_49f8c0.cpp,?GetGadgetName@@YGXPAUEntry_0049f8c0@@PADH@Z,matched,100.0
0x49ff10,115,src/gui/gui_49f8c0.cpp,?FindGadgetOrNull@@YGPAUEntry_0049f8c0@@PAU1@PAD@Z,matched,100.0
0x49ff90,125,src/gui/gui_49f8c0.cpp,?FindGadgetChecked@@YGPAUEntry_0049f8c0@@PAU1@PAD@Z,matched,100.0
0x4a0010,125,src/gui/gui_49f8c0.cpp,?FUN_004a0010@@YGPAUEntry_0049f8c0@@PAU1@PAD@Z,matched,100.0
0x4a0090,230,src/gui/gui_49f8c0.cpp,?UpdateHelpText@@YGXPAUDialog@@@Z,matched,100.0
0x4a0180,125,src/gui/gui_49f8c0.cpp,?FUN_004a0180@@YGPAUEntry_0049f8c0@@PAU1@PAD@Z,matched,100.0
0x4a0200,125,src/gui/gui_49f8c0.cpp,?FUN_004a0200@@YGPAUEntry_0049f8c0@@PAU1@PAD@Z,matched,100.0
0x4a0280,125,src/gui/gui_49f8c0.cpp,?FUN_004a0280@@YGPAUEntry_0049f8c0@@PAU1@PAD@Z,matched,100.0
0x4a0300,64,src/gui/gui_49f8c0.cpp,?IsGadgetNamed@@YGHPAUEntry_0049f8c0@@HPAD@Z,matched,100.0
0x4a0340,170,src/gui/gui_49f8c0.cpp,?FUN_004a0340@@YGXPAUDialog@@H@Z,matched,100.0
0x4a03f0,247,src/gui/gui_49f8c0.cpp,?FUN_004a03f0@@YGXPAUDialog@@HH@Z,matched,100.0
0x4a04f0,123,src/gui/gui_4a04f0.cpp,?FUN_004a04f0@@YGDPAUDialog@@PAD@Z,matched,100.0
0x4a0570,111,src/gui/gui_4a04f0.cpp,?FUN_004a0570@@YGXPAUDialog@@PADH@Z,matched,100.0
0x4a05e0,494,src/gui/gui_4a04f0.cpp,?FUN_004a05e0@@YGXPAUDialog@@H@Z,matched,100.0
0x4a07d0,164,src/gui/gui_4a04f0.cpp,?SetGadgetTextByName@@YGXPAUDialog@@PAD1@Z,matched,100.0
0x4a0880,112,src/gui/gui_4a0880.cpp,?SetGadgetText@@YGXPAUObject_004a0880@@HPAD@Z,matched,100.0
0x4a08f0,207,src/gui/gui_4a04f0.cpp,?FUN_004a08f0@@YGXPAUDialog@@H@Z,matched,100.0
0x4a09c0,545,src/gui/gui_4a04f0.cpp,?FUN_004a09c0@@YGXPAUDialog@@HPADH@Z,matched,100.0
0x4a0bf0,116,src/gui/gui_4a04f0.cpp,?FUN_004a0bf0@@YGXPAUDialog@@PAD1H@Z,matched,100.0
0x4a0c70,139,src/gui/gui_4a04f0.cpp,?FUN_004a0c70@@YGXPAUDialog@@PADH@Z,matched,100.0
0x4a0d00,241,src/gui/gui_4a04f0.cpp,?GetGadgetText@@YGPADPAUDialog@@PAD1@Z,matched,100.0
0x4a0e00,299,src/gui/gui_4a04f0.cpp,?FUN_004a0e00@@YGXPAUDialog@@PAD1@Z,matched,100.0
0x4a0f30,44,src/gui/gui_4a04f0.cpp,?GetGadgetStatus@@YGHPAUDialog@@H@Z,matched,100.0
0x4a0f60,144,src/gui/gui_4a04f0.cpp,?GetButtonStageByName@@YGHPAUDialog@@PAD@Z,matched,100.0
0x4a0ff0,62,src/gui/gui_4a04f0.cpp,?GetButtonStage@@YGHPAUDialog@@H@Z,matched,100.0
0x4a1030,66,src/gui/gui_4a04f0.cpp,?SetButtonStage@@YGHPAUDialog@@HD@Z,matched,100.0
0x4a1080,134,src/gui/gui_4a04f0.cpp,?SetButtonStageByName@@YGHPAUDialog@@PADD@Z,matched,100.0
0x4a1110,164,src/gui/gui_4a04f0.cpp,?SetGadgetStatusByName@@YGHPAUDialog@@PADH@Z,matched,100.0
0x4a11c0,60,src/gui/gui_4a04f0.cpp,?SetGadgetStatus@@YGXPAUDialog@@HF@Z,matched,100.0
0x4a1200,72,src/gui/gui_4a04f0.cpp,?FUN_004a1200@@YGXPAUDialog@@HH@Z,matched,100.0
0x4a1250,142,src/gui/gui_4a04f0.cpp,?FUN_004a1250@@YGXPAUDialog@@PADH@Z,matched,100.0
0x4a12e0,368,src/gui/gui_4a04f0.cpp,?FUN_004a12e0@@YGXPAUDialog@@HH@Z,matched,100.0
0x4a1450,107,src/gui/gui_4a04f0.cpp,?FUN_004a1450@@YGXPAUDialog@@PADH@Z,matched,100.0
0x4a14c0,107,src/gui/gui_4a04f0.cpp,?FUN_004a14c0@@YGXPAUDialog@@PADH@Z,matched,100.0
0x4a1530,136,src/gui/gui_4a04f0.cpp,?FUN_004a1530@@YGXPAUDialog@@PADD@Z,matched,100.0
0x4a15c0,104,src/gui/gui_4a04f0.cpp,?FUN_004a15c0@@YGXPADHPAURect@@@Z,matched,100.0
0x4a1630,77,src/gui/gui_4a04f0.cpp,?GetGadgetRect@@YGXPAUEntry_004a04f0@@PAURect@@@Z,matched,100.0
0x4a1680,110,src/gui/gui_4a04f0.cpp,?FUN_004a1680@@YGXPADHPAURect@@@Z,matched,100.0
0x4a16f0,285,src/gui/gui_4a04f0.cpp,?FUN_004a16f0@@YGXPAUDialog@@HH@Z,matched,100.0
0x4a1810,164,src/gui/gui_4a04f0.cpp,?SelectFontForEntry@@YGHPAUEntry_004a04f0@@H@Z,matched,100.0
0x4a18c0,96,src/gui/gui_4a04f0.cpp,?FUN_004a18c0@@YGHPAUEntry_004a04f0@@H@Z,matched,100.0
0x4a1920,46,src/gui/gui_4a04f0.cpp,?FUN_004a1920@@YGHPAURect@@HH@Z,matched,100.0
0x4a1950,23,src/gui/gui_4a04f0.cpp,?FUN_004a1950@@YGHPAUObj_004a1950@@H@Z,matched,100.0
0x4a1970,23,src/gui/gui_4a04f0.cpp,?FUN_004a1970@@YGHPAUStruct_004a1970@@H@Z,matched,100.0
0x4a1990,87,src/gui/gui_4a1990.cpp,?FUN_004a1990@@YGHPAUEntry_004a1990@@H@Z,matched,100.0
0x4a19f0,87,src/gui/gui_4a19f0.cpp,?FUN_004a19f0@@YGHPAUEntry_004a19f0@@H@Z,matched,100.0
0x4a1a50,87,src/gui/gui_4a1a50.cpp,?FUN_004a1a50@@YGHPAUEntry_004a1a50@@H@Z,matched,100.0
0x4a1ab0,143,src/gui/gui_4a1ab0.cpp,?RedrawGadgetRect@@YGXPAUDialog@@H@Z,matched,100.0
0x4a1b40,2160,src/gui/gui_4a1b40.cpp,?DrawListBox@@YGXPAUDialog@@H@Z,matched,100.0
0x4a23b0,196,src/gui/gui_4a23b0.cpp,?FUN_004a23b0@@YGXPAUEntry_004a23b0@@HPAH1@Z,matched,100.0
0x4a2480,242,src/gui/gui_4a2480.cpp,?FUN_004a2480@@YGXPAUClass_004a2480@@H@Z,matched,100.0
0x4a2580,1631,src/gui/gui_4a2580.cpp,?FUN_004a2580@@YGXPAUObject_004a2580@@H@Z,matched,100.0
0x4a2be0,597,src/gui/gui_4a2be0.cpp,?FUN_004a2be0@@YGXPAUDialog@@H@Z,matched,100.0
0x4a2e40,640,src/gui/gui_4a2e40.cpp,?FUN_004a2e40@@YGXPAUDialog@@PADH@Z,matched,100.0
0x4a30c0,244,src/gui/gui_4a30c0.cpp,?FUN_004a30c0@@YGXPAUClass_004a30c0@@H@Z,matched,100.0
0x4a31c0,210,src/gui/gui_4a31c0.cpp,?FUN_004a31c0@@YGXHHPADH@Z,matched,100.0
0x4a32a0,765,src/gui/gui_4a32a0.cpp,?FUN_004a32a0@@YGXPAUDialog@@PADHHH@Z,matched,100.0
0x4a35a0,246,src/gui/gui_4a35a0.cpp,?SetGadgetRows@@YGXPAUTable_004a35a0@@PADPAURow_004a35a0@@H@Z,matched,100.0
0x4a36a0,224,src/gui/gui_4a36a0.cpp,?SetGadgetItems@@YGXPAUTable_004a36a0@@PADPAHH@Z,matched,100.0
0x4a3780,1832,src/gui/gui_4a3780.cpp,?HandleListBoxInput@@YGHPAUObject_004a3780@@HH@Z,matched,100.0
0x4a3eb0,59,src/gui/gui_4a3eb0.cpp,?FUN_004a3eb0@@YGXPAUDialog@@H@Z,matched,100.0
0x4a3ef0,629,src/gui/gui_4a3ef0.cpp,?DrawSlider@@YGXPAUDialog@@H@Z,matched,100.0
0x4a4170,714,src/gui/gui_4a4170.cpp,?HandleSliderInput@@YGXPAUObject_004a4170@@H@Z,matched,100.0
0x4a4440,477,src/gui/gui_4a4440.cpp,?FUN_004a4440@@YGHPAUObject_0049fc50@@HD@Z,matched,100.0
0x4a4620,57,src/gui/gui_4a4620.cpp,?FUN_004a4620@@YGXPAUDialog@@H@Z,matched,100.0
0x4a4660,556,src/gui/gui_4a4660.cpp,?FUN_004a4660@@YGXPAUDialog@@H@Z,matched,100.0
0x4a4890,158,src/gui/gui_4a4890.cpp,?FUN_004a4890@@YGXPAUDialog@@H@Z,matched,100.0
0x4a4930,65,src/gui/gui_4a4930.cpp,?FUN_004a4930@@YGXPAUGameState_4a4930@@H@Z,matched,100.0
0x4a4980,462,src/gui/gui_4a4980.cpp,?FUN_004a4980@@YGXPAUDialog@@H@Z,matched,100.0
0x4a4b50,309,src/gui/gui_4a4b50.cpp,?FUN_004a4b50@@YGHPAUDialog@@H@Z,matched,100.0
0x4a4c90,215,src/gui/gui_4a4c90.cpp,?FUN_004a4c90@@YGXPAUDialog@@HE@Z,matched,100.0
0x4a4d70,661,src/gui/gui_4a4d70.cpp,?DrawTextInput@@YGXPAUDialog@@H@Z,matched,100.0
0x4a5010,31,src/gui/gui_4a5010.cpp,?GetCharGlyph@@YGPAXE@Z,matched,100.0
0x4a5030,113,src/gui/gui_4a5030.cpp,?GetTextPixelWidth@@YGHPAE@Z,matched,100.0
0x4a50b0,40,src/gui/gui_4a50b0.cpp,?GetFontLineHeight@@YGHXZ,matched,100.0
0x4a50e0,238,src/gui/gui_4a50e0.cpp,?FUN_004a50e0@@YGXPAXPADHHHH@Z,matched,100.0
0x4a51d0,485,src/gui/gui_4a51d0.cpp,?FUN_004a51d0@@YGHPAD0HHHHH@Z,matched,100.0
0x4a53c0,748,src/gui/gui_4a53c0.cpp,?FUN_004a53c0@@YGXPAUDialog@@H@Z,matched,100.0
0x4a56b0,1662,src/gui/gui_4a56b0.cpp,?FUN_004a56b0@@YGXPAUDialog@@H@Z,matched,100.0
0x4a5d30,18,src/gui/gui_4a5d30.cpp,?FUN_004a5d30@@YGXPAUStruct_004a5d30@@H@Z,matched,100.0
0x4a5d50,254,src/gui/gui_4a5d50.cpp,?FUN_004a5d50@@YGHPAUMenu_004a5d50@@H@Z,matched,100.0
0x4a5e50,228,src/gui/gui_4a5e50.cpp,?FUN_004a5e50@@YGXPAUObj_004a5e50@@H@Z,matched,100.0
0x4a5f40,2700,src/gui/gui_4a5f40.cpp,?DrawButton@@YGXPAUMenu_004a5f40@@H@Z,matched,100.0
0x4a69d0,104,src/gui/gui_4a69d0.cpp,?FUN_004a69d0@@YGXPAUDialog@@@Z,matched,100.0
0x4a6a40,147,src/gui/gui_4a6a40.cpp,?FUN_004a6a40@@YGXPAUDialog@@H@Z,matched,100.0
0x4a6ae0,1703,src/gui/gui_4a6ae0.cpp,?HandleButtonInput@@YGHPAUDialog@@HH@Z,matched,100.0
0x4a7190,244,src/gui/gui_4a7190.cpp,?FUN_004a7190@@YGXPAUDialog@@H@Z,matched,100.0
0x4a7290,706,src/gui/gui_4a7290.cpp,?HandleTextInput@@YGHPAUObject_004a7290@@HPAD@Z,matched,100.0
0x4a7560,108,src/gui/gui_4a7560.cpp,?FindNextTextInput@@YGHPAUEntry_004a7560@@H@Z,matched,100.0
0x4a75d0,210,src/gui/gui_4a75d0.cpp,?LoadScreenGaf@@YGHPAUObj_004a75d0@@PAD@Z,matched,100.0
0x4a76b0,370,src/gui/gui_4a76b0.cpp,?SelectGadgetByName@@YGXPAUMenu_004a76b0@@PAD@Z,matched,100.0
0x4a7830,293,src/gui/gui_4a7830.cpp,?SelectGadgetByIndex@@YGXPAUMenu_004a7830@@H@Z,matched,100.0
0x4a7960,1404,src/gui/gui_4a7960.cpp,?FUN_004a7960@@YGXPAUMenu_004a7960@@H@Z,matched,100.0
0x4a7ee0,129,src/gui/gui_4a7ee0.cpp,?FUN_004a7ee0@@YGXPAUEntry_004a7ee0@@H@Z,matched,100.0
0x4a7f70,468,src/gui/gui_4a7f70.cpp,?FindButtonGaf@@YGXPAUButton_004a7f70@@PAUObj_004a7f70@@@Z,matched,100.0
0x4a8150,85,src/gui/gui_4a8150.cpp,?AddGadgetEntry@@YGHPAUDialog@@E@Z,matched,100.0
0x4a81b0,39,src/gui/gui_4a81b0.cpp,?FUN_004a81b0@@YGXPAUStruct_004a81b0@@PAD@Z,matched,100.0
0x4a81e0,5248,src/gui/gui_4a81e0.cpp,?RenderLayer@@YGHPAUMenu_004a81e0@@I@Z,matched,100.0
0x4a9660,108,src/gui/gui_4a9660.cpp,?CloseTopScreen@@YGXPAUGui_004a9660@@@Z,matched,100.0
0x4a96d0,164,src/gui/gui_4a96d0.cpp,?DecrementKnobPos@@YGXPAUObject_004a96d0@@H@Z,matched,100.0
0x4a9780,164,src/gui/gui_4a9780.cpp,?IncrementKnobPos@@YGXPAUObject_004a9780@@H@Z,matched,100.0
0x4a9830,390,src/gui/gui_4a9830.cpp,?FUN_004a9830@@YGXPAUDialog@@H@Z,matched,100.0
0x4a99c0,456,src/gui/gui_4a99c0.cpp,?FUN_004a99c0@@YGXPAUDialog@@H@Z,matched,100.0
0x4a9b90,1087,src/gui/gui_4a9b90.cpp,?HandleGuiCommand@@YGHPAUObject_004a9b90@@H@Z,matched,100.0
0x4a9fd0,2164,src/gui/gui_4a9fd0.cpp,?UpdateMenu@@YGHPAUMenu_004a9fd0@@@Z,matched,100.0
0x4aa850,128,src/gui/gui_4aa850.cpp,?SetCurrentGuiContext@@YGXPAVDialog@@@Z,matched,100.0
0x4aa8d0,6,src/gui/gui_4aa8d0.cpp,?FUN_004aa8d0@@YGHXZ,matched,100.0
0x4aa8e0,13,src/gui/gui_4aa8e0.cpp,?FUN_004aa8e0@@YGXPAHH@Z,matched,100.0
0x4aa8f0,1762,src/gui/dialogs_4aa8f0.cpp,?LoadGuiLayer@@YGPAULayer_004aa8f0@@PAUMenu_004aa8f0@@PBDI@Z,matched,100.0
0x4aafe0,91,src/gui/dialogs_4aa8f0.cpp,?IsPointInEntryRect@@YGHPAUMenu_004aa8f0@@@Z,matched,100.0
0x4ab040,17,src/gui/dialogs_4aa8f0.cpp,?FUN_004ab040@@YGHPAUMenu_004aa8f0@@@Z,matched,100.0
0x4ab060,50,src/gui/dialogs_4aa8f0.cpp,?IsScreenNamed@@YGHPAUMenu_004aa8f0@@PBD@Z,matched,100.0
0x4ab0a0,14,src/gui/dialogs_4aa8f0.cpp,?FUN_004ab0a0@@YGXPAX@Z,matched,100.0
0x4ab0b0,188,src/gui/dialogs_4aa8f0.cpp,?FUN_004ab0b0@@YGHPAULayer_004aa8f0@@PAXPAURect_004b6720@@@Z,matched,100.0
0x4ab170,26,src/gui/dialogs_4aa8f0.cpp,?FUN_004ab170@@YGXPAUMenu_004aa8f0@@PAIPAH@Z,matched,100.0
0x4ab190,17,src/gui/dialogs_4aa8f0.cpp,?FUN_004ab190@@YGXHH@Z,matched,100.0
0x4ab1b0,215,src/gui/dialogs_4aa8f0.cpp,?AddTextGadget@@YGXPAULayer_004aa8f0@@PAD1HFHH@Z,matched,100.0
0x4ab290,26,src/gui/dialogs_4aa8f0.cpp,?FUN_004ab290@@YGHPAUMenu_004aa8f0@@H@Z,matched,100.0
0x4ab2b0,90,src/gui/dialogs_4aa8f0.cpp,?AddButtonGadget@@YGHPAUMenu_004aa8f0@@PAURecord_004ab2b0@@@Z,matched,100.0
0x4ab310,129,src/gui/dialogs_4aa8f0.cpp,?FUN_004ab310@@YGHPAUMenu_004aa8f0@@PAURecord_004ab310@@@Z,matched,100.0
0x4ab3a0,90,src/gui/dialogs_4aa8f0.cpp,?FUN_004ab3a0@@YGHPAUMenu_004aa8f0@@PAURecord_004ab3a0@@@Z,matched,100.0
0x4ab400,50,src/gui/dialogs_4aa8f0.cpp,?FUN_004ab400@@YGXPAUMenu_004aa8f0@@PAUSrc_004ab400@@@Z,matched,100.0
0x4ab440,122,src/gui/dialogs_4aa8f0.cpp,?FUN_004ab440@@YGXPAUMenu_004aa8f0@@H@Z,matched,100.0
0x4ab4c0,26,src/gui/dialogs_4aa8f0.cpp,?FUN_004ab4c0@@YGXPAUMenu_004aa8f0@@@Z,matched,100.0
0x4ab4e0,47,src/gui/dialogs_4aa8f0.cpp,?FUN_004ab4e0@@YGXPAUMenu_004aa8f0@@H@Z,matched,100.0
0x4ab510,87,src/gui/dialogs_4aa8f0.cpp,?IsMouseButtonMessage@@YGHPAUMenu_004aa8f0@@E@Z,matched,100.0
0x4ab570,55,src/gui/dialogs_4aa8f0.cpp,?IsDoubleClickMessage@@YGHPAUMenu_004aa8f0@@E@Z,matched,100.0
0x4ab5b0,22,src/gui/dialogs_4aa8f0.cpp,?FUN_004ab5b0@@YGHPAUMenu_004aa8f0@@I@Z,matched,100.0
0x4ab5d0,185,src/gui/dialogs_4aa8f0.cpp,?FUN_004ab5d0@@YGXPAUMenu_004aa8f0@@@Z,matched,100.0
0x4ab690,20,src/gui/dialogs_4aa8f0.cpp,?FUN_004ab690@@YGXPAXH@Z,matched,100.0
0x4ab6b0,10,src/gui/dialogs_4aa8f0.cpp,?FUN_004ab6b0@@YGHPAUMenu_004aa8f0@@@Z,matched,100.0
0x4ab6c0,82,src/gui/dialogs_4aa8f0.cpp,?FUN_004ab6c0@@YGXPAUMenu_004aa8f0@@HPADHH@Z,matched,100.0
0x4ab720,1015,src/gui/dialogs_4aa8f0.cpp,?HandleTextEditKey@@YGHPAUMenu_004aa8f0@@HH@Z,matched,100.0
0x4abb20,122,src/gui/dialogs_4abb20.cpp,?OpenConfirmDialog@@YGHPAUMenu_004abb20@@PAD@Z,matched,100.0
0x4abba0,44,src/gui/dialogs_4abb20.cpp,?YesNoDialogHandler@@YGXPAUMenu_004abb20@@@Z,matched,100.0
0x4abbd0,295,src/gui/dialogs_4abb20.cpp,?OpenYesNoDialog@@YGHPAUMenu_004abb20@@PAD11@Z,matched,100.0
0x4abd00,28,src/gui/dialogs_4abb20.cpp,?MessageBoxHandler@@YGXPAUMenu_004abb20@@@Z,matched,100.0
0x4abd20,98,src/gui/dialogs_4abb20.cpp,?IsMessageBoxScreen@@YGHPAUMenu_004abb20@@@Z,matched,100.0
0x4abd90,748,src/gui/dialogs_4abb20.cpp,?OpenMessageBox@@YGHPAUMenu_004abb20@@PADHHH@Z,matched,100.0
0x4ac080,28,src/gui/dialogs_4abb20.cpp,?NotExistDialogHandler@@YGXPAUMenu_004abb20@@@Z,matched,100.0
0x4ac0a0,138,src/gui/dialogs_4abb20.cpp,?OpenNotExistDialog@@YGHPAUMenu_004abb20@@PAD@Z,matched,100.0
0x4ac130,54,src/gui/dialogs_4abb20.cpp,?Choice3DialogHandler@@YGXPAUMenu_004abb20@@@Z,matched,100.0
0x4ac170,389,src/gui/dialogs_4abb20.cpp,?OpenChoice3Dialog@@YGHPAUMenu_004abb20@@PBD111@Z,matched,100.0
0x4ac300,56,src/gui/dialogs_4abb20.cpp,?InputDialogHandler@@YGXPAUMenu_004abb20@@@Z,matched,100.0
0x4ac340,373,src/gui/dialogs_4abb20.cpp,?OpenInputDialog@@YGHPAUMenu_004abb20@@PAD111H@Z,matched,100.0
0x4ac4c0,325,src/gui/dialogs_4abb20.cpp,?WordWrapText@@YGPADPAUMenu_004abb20@@PADHH@Z,matched,100.0
0x4ac610,252,src/gui/dialogs_4abb20.cpp,?TruncateTextWithEllipsis@@YGXPAUMenu_004abb20@@PAEHHH@Z,matched,100.0
0x4ac710,179,src/gui/dialogs_4abb20.cpp,?BuildColorRemapTable@@YGXPAUPalEntry_004abb20@@0PAE@Z,matched,100.0
0x4ac7d0,207,src/gui/dialogs_4abb20.cpp,?FUN_004ac7d0@@YGXPAUPalette_004abb20@@PAUPalEntry_004abb20@@1@Z,matched,100.0
0x4ac8a0,28,src/gui/dialogs_4abb20.cpp,?FUN_004ac8a0@@YGXPADPAX@Z,matched,100.0
0x4ac8c0,167,src/gui/dialogs_4abb20.cpp,?FUN_004ac8c0@@YGXPAUMenu_004abb20@@@Z,matched,100.0
0x4ac970,161,src/gui/dialogs_4ac970.cpp,?FUN_004ac970@@YGXPAUObject_004ac970@@HH@Z,matched,100.0
0x4aca20,181,src/gui/dialogs_4abb20.cpp,?ShowPaletteEntryRgb@@YGXPAUMenu_004abb20@@PAEH@Z,matched,100.0
0x4acae0,246,src/gui/dialogs_4abb20.cpp,?FUN_004acae0@@YGXPAEHH@Z,matched,100.0
0x4acbe0,142,src/gui/dialogs_4abb20.cpp,?GetColorCellAt@@YGHPAUMenu_004abb20@@HH@Z,matched,100.0
0x4acc70,93,src/gui/dialogs_4abb20.cpp,?ApplySlidersToPaletteEntry@@YGXPAUPaletteDialog_004abb20@@PAUPalEntry_004abb20@@@Z,matched,100.0
0x4accd0,42,src/gui/dialogs_4abb20.cpp,?WriteTabs@@YGXPAUFileHandle@@H@Z,matched,100.0
0x4acd00,159,src/gui/gui_file_4acd00.cpp,?WriteSectionHeader@@YGXPAUFileHandle@@PADH@Z,matched,100.0
0x4acda0,55,src/gui/gui_file_4acda0.cpp,?WriteSectionEnd@@YGXPAUFileHandle@@H@Z,matched,100.0
0x4acde0,108,src/gui/gui_file_4acde0.cpp,?WriteKeyValue@@YGXPAUFileHandle@@PAD1H@Z,matched,100.0
0x4ace50,1280,src/gui/gui_file_4ace50.cpp,?WriteCommonFields@@YGXPAUCommon_004ad350@@PAUFileHandle@@H@Z,matched,100.0
0x4ad350,407,src/gui/gui_file_4ad350.cpp,?ReadCommonSection@@YGXPAUCommon_004ad350@@PAUTree_004ad350@@@Z,matched,100.0
0x4ad4f0,914,src/gui/gui_file_4ad4f0.cpp,?WritePanelFields@@YGXPAUObj_004ad4f0@@PAUFileHandle@@H@Z,matched,100.0
0x4ad890,225,src/gui/gui_file_4ad890.cpp,?ReadPanelFields@@YGXPAUObj_004ad890@@PAUSource_004ad890@@@Z,matched,100.0
0x4ad980,142,src/gui/gui_file_4ad980.cpp,?WriteStatusField@@YGXPAUStruct_004ad980@@PAUFileHandle@@H@Z,matched,100.0
0x4ada10,33,src/gui/gui_file_4ada10.cpp,?ReadStatusField@@YGXPAUStructA_004ada10@@PAUStructB_004ada10@@@Z,matched,100.0
0x4ada40,554,src/gui/gui_file_4ada40.cpp,?WriteButtonFields@@YGXPAUObj_004ada40@@PAUFileHandle@@H@Z,matched,100.0
0x4adc70,237,src/gui/gui_file_4adc70.cpp,?ReadButtonFields@@YGXPAUObj_004adc70@@PAUSource_004adc70@@@Z,matched,100.0
0x4add60,142,src/gui/gui_file_4add60.cpp,?WriteListBoxFields@@YGXPAUStruct_004add60@@PAUFileHandle@@H@Z,matched,100.0
0x4addf0,48,src/gui/gui_file_4addf0.cpp,?ReadListBoxFields@@YGXPAUStruct_004addf0@@PAUParam2_004addf0@@@Z,matched,100.0
0x4ade20,236,src/gui/gui_file_4ade20.cpp,?WriteTextInputFields@@YGXPAUObj_004ade20@@PAUFileHandle@@H@Z,matched,100.0
0x4adf10,121,src/gui/gui_file_4adf10.cpp,?ReadTextInputFields@@YGXPAUObj_004adf10@@PAUSource_004adf10@@@Z,matched,100.0
0x4adf90,467,src/gui/gui_file_4adf90.cpp,?WriteSliderFields@@YGXPAUObj_004ae170@@PAUFileHandle@@H@Z,matched,100.0
0x4ae170,184,src/gui/gui_file_4ae170.cpp,?ReadSliderFields@@YGXPAUObj_004ae170@@PAUSource_004ae170@@@Z,matched,100.0
0x4ae230,201,src/gui/gui_file_4ae230.cpp,?WriteTextLinkFields@@YGXPAUObj_004ae230@@PAUFileHandle@@H@Z,matched,100.0
0x4ae300,113,src/gui/gui_file_4ae300.cpp,?ReadTextLinkFields@@YGXPAUObj_004ae300@@PAUSource_004ae300@@@Z,matched,100.0
0x4ae380,144,src/gui/gui_file_4ae380.cpp,?WriteHotOrNotField@@YGXPAUObj_004ae380@@PAUFileHandle@@H@Z,matched,100.0
0x4ae410,45,src/gui/gui_file_4ae410.cpp,?ReadHotOrNotField@@YGXPAUObj_004ae410@@PAUSource_004ae410@@@Z,matched,100.0
0x4ae440,108,src/gui/gui_file_4ae440.cpp,?FUN_004ae440@@YGXPAUObj_004ae440@@PAUFileHandle@@H@Z,matched,100.0
0x4ae4b0,37,src/gui/gui_file_4ae4b0.cpp,?FUN_004ae4b0@@YGXPAUObj_004ae4b0@@PAUSource_004ae4b0@@@Z,matched,100.0
0x4ae4e0,108,src/gui/gui_file_4ae4e0.cpp,?FUN_004ae4e0@@YGXPAUObj_004ae4e0@@PAUFileHandle@@H@Z,matched,100.0
0x4ae550,37,src/gui/gui_file_4ae550.cpp,?FUN_004ae550@@YGXPAUObj_004ae550@@PAUSource_004ae550@@@Z,matched,100.0
0x4ae580,141,src/gui/gui_file_4ae580.cpp,?WriteNuttinField@@YGXPAUObj_004ae580@@PAUFileHandle@@H@Z,matched,100.0
0x4ae610,32,src/gui/gui_file_4ae610.cpp,?ReadNuttinField@@YGXPAUStructA_004ae610@@PAUStructB_004ae610@@@Z,matched,100.0
0x4ae630,1160,src/gui/gui_file_4ae630.cpp,?WriteGuiFile@@YGXPAD0@Z,matched,100.0
0x4aeac0,732,src/gui/gui_file_4aeac0.cpp,?ReadGuiFile@@YGHPAUElem_004aeac0@@PAD@Z,matched,100.0
0x4aeda0,47,src/gui/gui_file_4aeda0.cpp,?FUN_004aeda0@@YGXPAUObj_004aeda0@@H@Z,matched,100.0
0x4aedd0,259,src/gui/gui_file_4aedd0.cpp,?LoadGafIntoSlot@@YGXPAUObject_004aedd0@@PADH@Z,matched,100.0
0x4aeee0,150,src/gui/gui_file_4aeee0.cpp,?LoadGafFile@@YGXPAUObject_004aeee0@@PAD@Z,matched,100.0
0x4aef80,32,src/gui/gui_file_4aef80.cpp,?FUN_004aef80@@YGXPAUObj_004aef80@@@Z,matched,100.0
0x4aefa0,895,src/gui/file_list.cpp,?SortFileList@@YGXPAD0PAHH@Z,matched,100.0
0x4af320,642,src/gui/file_list.cpp,?ScanDirectory@@YGHPAD00HHH@Z,matched,100.0
0x4af5b0,192,src/gui/file_list.cpp,?RefreshFileList@@YGXPAUFileRequester@@@Z,matched,100.0
0x4af670,945,src/gui/file_list.cpp,?FileRequesterHandler@@YGXPAUGadget@@@Z,matched,100.0
0x4afa30,552,src/gui/file_list.cpp,?OpenFileRequester@Dialog@@QAEPAUFileRequester@@PAU1@PAD11@Z,matched,100.0
0x4afc60,135,src/gui/file_list.cpp,?AllocBlinkWords@@YGXPAUDialog@@H@Z,matched,100.0
0x4afcf0,38,src/gui/file_list.cpp,?FreeBlinkWords@@YGXH@Z,matched,100.0
0x4afd20,23,src/gui/file_list.cpp,?SetBlinkGadget@@YGXPAUDialog@@H@Z,matched,100.0
0x4afd40,27,src/gui/file_list.cpp,?EnableBlinkWords@@YGXH@Z,matched,100.0
0x4afd60,27,src/gui/file_list.cpp,?DisableBlinkWords@@YGXH@Z,matched,100.0
0x4afd80,271,src/gui/file_list.cpp,?AddBlinkWord@@YGHPAUDialog@@PBDHHHHMM@Z,matched,100.0
0x4afe90,35,src/gui/file_list.cpp,?ClearBlinkWord@@YGXPAXH@Z,matched,100.0
0x4afec0,60,src/gui/file_list.cpp,?ClearBlinkWords@@YGXPAUDialog@@@Z,matched,100.0
0x4aff00,389,src/gui/file_list.cpp,?DrawBlinkWords@@YGXPAUDialog@@@Z,matched,100.0
0x4b0090,193,src/gui/listbox.cpp,?DrawBevelBorder@@YGXPAXPAURect_004b0510@@HEH@Z,matched,100.0
0x4b0160,193,src/gui/listbox.cpp,?DrawBevelBorderDarkFirst@@YGXPAXPAURect_004b0160@@HHH@Z,matched,100.0
0x4b0230,631,src/gui/listbox.cpp,?DrawListboxFrame@@YGXPAUObject_004b0230@@HPAUBits_004b0230@@@Z,matched,100.0
0x4b04b0,47,src/gui/listbox.cpp,?FillBevelBox@@YGXPAXPAURect_004b0510@@HHH@Z,matched,100.0
0x4b04e0,47,src/gui/listbox.cpp,?FillBevelBoxDarkFirst@@YGXPAXPAURect_004b0510@@HHH@Z,matched,100.0
0x4b0510,116,src/gui/listbox.cpp,?DrawRaisedBox@@YGXPAXPAURect_004b0510@@HEH@Z,matched,100.0
0x4b0590,116,src/gui/listbox.cpp,?DrawSunkenBox@@YGXPAXPAURect_004b0510@@HHH@Z,matched,100.0
0x4b0610,56,src/units/cob.cpp,??0CobScript@@QAE@XZ,matched,100.0
0x4b0650,3,src/units/cob.cpp,?AttachUnit@CobScript@@UAEXGHH@Z,matched,100.0
0x4b0660,3,src/units/cob.cpp,?DropUnit@CobScript@@UAEXG@Z,matched,100.0
0x4b0670,3,src/units/cob.cpp,?SetUnitValue@CobScript@@UAEXHH@Z,matched,100.0
0x4b0680,5,src/units/cob.cpp,?GetUnitValue@CobScript@@UAEHHHHHH@Z,matched,100.0
0x4b0690,5,src/units/cob.cpp,?IsCarryingUnit@CobScript@@UAEHH@Z,matched,100.0
0x4b06a0,3,src/units/cob.cpp,?GetTransporterId@CobScript@@UAEHXZ,matched,100.0
0x4b06b0,63,src/units/cob.cpp,??_GCobScript@@UAEPAXI@Z,matched,100.0
0x4b06f0,43,src/units/cob.cpp,??1CobScript@@UAE@XZ,matched,100.0
0x4b0720,120,src/units/cob.cpp,?SetCob@CobScript@@QAEXPAUScriptTable@@@Z,matched,100.0
0x4b07a0,4,src/units/cob.cpp,?GetCob@CobScript@@QAEPAUScriptTable@@XZ,matched,100.0
0x4b07b0,5,src/units/cob.cpp,?FUN_004b07b0@CobScript@@QAEHHH@Z,matched,100.0
0x4b07c0,107,src/units/cob.cpp,?FindScript@CobScript@@QAEHPBD@Z,matched,100.0
0x4b0830,135,src/units/cob.cpp,?StartThreadByName@CobScript@@QAEHPBD@Z,matched,100.0
0x4b08c0,116,src/units/cob.cpp,?StartThread@CobScript@@QAEHH@Z,matched,100.0
0x4b0940,194,src/units/cob.cpp,?StartScript@CobScript@@QAEHPBDPAUCallback@@H@Z,matched,100.0
0x4b0a10,93,src/units/cob.cpp,?StartScriptByIndex@CobScript@@QAEHHPAUCallback@@H@Z,matched,100.0
0x4b0a70,143,src/units/cob.cpp,?StartScriptWithArgs@CobScript@@QAEHPADPAUCallback@@HHHHHH@Z,matched,100.0
0x4b0b00,181,src/units/cob.cpp,?StartScriptWithArgsByIndex@CobScript@@QAEHHPAUCallback@@HHHHHH@Z,matched,100.0
0x4b0bc0,128,src/units/cob.cpp,?QueryScript@CobScript@@QAEHPADPAH111@Z,matched,100.0
0x4b0c40,223,src/units/cob.cpp,?QueryScriptByIndex@CobScript@@QAEHHPAH000@Z,matched,100.0
0x4b0d20,55,src/units/cob.cpp,?RemoveCallback@CobScript@@QAEXPAUCallback@@@Z,matched,100.0
0x4b0d60,50,src/units/cob.cpp,?RunScripts@CobScript@@QAEXH@Z,matched,100.0
0x4b0da0,3666,src/units/cob.cpp,?RunThread@CobScript@@QAEXIH@Z,matched,100.0
0x4b1c00,586,src/units/cob.cpp,?AnimatePieces@CobScript@@QAEXH@Z,matched,100.0
0x4b1e50,5,src/units/cob.cpp,?IsPieceVisible@CobScript@@UAEHH@Z,matched,100.0
0x4b1e60,5,src/units/cob.cpp,?IsPieceCached@CobScript@@UAEHH@Z,matched,100.0
0x4b1e70,5,src/units/cob.cpp,?IsPieceShaded@CobScript@@UAEHH@Z,matched,100.0
0x4b1e80,3,src/units/cob.cpp,?ExplodeLegacy@CobScript@@UAEXHHH@Z,matched,100.0
0x4b1e90,3,src/units/cob.cpp,?PlaySoundNoop@CobScript@@UAEXH@Z,matched,100.0
0x4b1ea0,3,src/units/cob.cpp,?EmitSfx@CobScript@@UAEXHH@Z,matched,100.0
0x4b1eb0,3,src/units/cob.cpp,?ExplodePiece@CobScript@@UAEXHI@Z,matched,100.0
0x4b1ec0,381,src/units/cob.cpp,?SaveScriptState@CobScript@@QAEXPAVHapiBank@@@Z,matched,100.0
0x4b2040,590,src/units/cob.cpp,?LoadScriptState@CobScript@@QAEHPAVHapiBank@@@Z,matched,100.0
0x4b2290,169,src/util/int_map_4b2290.cpp,_$E6,matched,100.0
0x4b2340,272,src/util/int_map_4b2290.cpp,_$E4,matched,100.0
0x4b2450,227,src/util/int_map_4b2290.cpp,?LoadCobScript@@YGPAUData_004b2450@@PAD@Z,matched,100.0
0x4b2540,423,src/util/int_map_4b2290.cpp,?FreeCobScript@@YGXH@Z,matched,100.0
0x4b26f0,336,src/util/int_map_4b2290.cpp,?GetCobChecksum@@YGHH@Z,matched,100.0
0x4b2840,14,src/util/int_map_4b2290.cpp,?begin@?$_Tree@HU?$pair@HH@std@@U_Kfn@?$map@HHU?$less@H@std@@V?$allocator@H@2@@2@U?$less@H@2@V?$allocator@H@2@@std@@QAE?AViterator@12@XZ,matched,100.0
0x4b2850,624,src/util/int_map_4b2290.cpp,?insert@?$_Tree@HU?$pair@HH@std@@U_Kfn@?$map@HHU?$less@H@std@@V?$allocator@H@2@@2@U?$less@H@2@V?$allocator@H@2@@std@@QAE?AU?$pair@Viterator@?$_Tree@HU?$pair@HH@std@@U_Kfn@?$map@HHU?$less@H@std@@V?$allocator@H@2@@2@U?$less@H@2@V?$allocator@H@2@@std@@_N@2@ABU?$pair@HH@2@@Z,matched,100.0
0x4b2ac0,1254,src/util/int_map_4b2290.cpp,?erase@?$_Tree@HU?$pair@HH@std@@U_Kfn@?$map@HHU?$less@H@std@@V?$allocator@H@2@@2@U?$less@H@2@V?$allocator@H@2@@std@@QAE?AViterator@12@V312@@Z,matched,100.0
0x4b2fb0,79,src/util/int_map_4b2290.cpp,?_Erase@?$_Tree@HU?$pair@HH@std@@U_Kfn@?$map@HHU?$less@H@std@@V?$allocator@H@2@@2@U?$less@H@2@V?$allocator@H@2@@std@@IAEXPAU_Node@12@@Z,matched,100.0
0x4b3000,22,src/util/int_map_4b2290.cpp,??0?$pair@Viterator@?$_Tree@HU?$pair@HH@std@@U_Kfn@?$map@HHU?$less@H@std@@V?$allocator@H@2@@2@U?$less@H@2@V?$allocator@H@2@@std@@_N@std@@QAE@ABViterator@?$_Tree@HU?$pair@HH@std@@U_Kfn@?$map@HHU?$less@H@std@@V?$allocator@H@2@@2@U?$less@H@2@V?$allocator@H@2@@1@AB_N@Z,matched,100.0
0x4b3020,748,src/util/int_map_4b2290.cpp,?_Insert@?$_Tree@HU?$pair@HH@std@@U_Kfn@?$map@HHU?$less@H@std@@V?$allocator@H@2@@2@U?$less@H@2@V?$allocator@H@2@@std@@IAE?AViterator@12@PAU_Node@12@0ABU?$pair@HH@2@@Z,matched,100.0
0x4b3310,90,src/util/int_map_4b2290.cpp,?_Lrotate@?$_Tree@HU?$pair@HH@std@@U_Kfn@?$map@HHU?$less@H@std@@V?$allocator@H@2@@2@U?$less@H@2@V?$allocator@H@2@@std@@IAEXPAU_Node@12@@Z,matched,100.0
0x4b3370,51,src/util/int_map_4b2290.cpp,?_Min@?$_Tree@HU?$pair@HH@std@@U_Kfn@?$map@HHU?$less@H@std@@V?$allocator@H@2@@2@U?$less@H@2@V?$allocator@H@2@@std@@KGPAU_Node@12@PAU312@@Z,matched,100.0
0x4b33b0,92,src/util/int_map_4b2290.cpp,?_Rrotate@?$_Tree@HU?$pair@HH@std@@U_Kfn@?$map@HHU?$less@H@std@@V?$allocator@H@2@@2@U?$less@H@2@V?$allocator@H@2@@std@@IAEXPAU_Node@12@@Z,matched,100.0
0x4b3410,27,src/util/int_map_4b2290.cpp,?_Buynode@?$_Tree@HU?$pair@HH@std@@U_Kfn@?$map@HHU?$less@H@std@@V?$allocator@H@2@@2@U?$less@H@2@V?$allocator@H@2@@std@@IAEPAU_Node@12@PAU312@W4_Redbl@12@@Z,matched,100.0
0x4b3430,84,src/util/int_map_4b2290.cpp,?_Lbound@?$_Tree@HU?$pair@HH@std@@U_Kfn@?$map@HHU?$less@H@std@@V?$allocator@H@2@@2@U?$less@H@2@V?$allocator@H@2@@std@@IBEPAU_Node@12@ABH@Z,matched,100.0
0x4b3490,84,src/util/int_map_4b2290.cpp,?_Ubound@?$_Tree@HU?$pair@HH@std@@U_Kfn@?$map@HHU?$less@H@std@@V?$allocator@H@2@@2@U?$less@H@2@V?$allocator@H@2@@std@@IBEPAU_Node@12@ABH@Z,matched,100.0
0x4b34f0,159,src/util/int_map_4b2290.cpp,?_Dec@iterator@?$_Tree@HU?$pair@HH@std@@U_Kfn@?$map@HHU?$less@H@std@@V?$allocator@H@2@@2@U?$less@H@2@V?$allocator@H@2@@std@@QAEXXZ,matched,100.0
0x4b3590,132,src/util/int_map_4b2290.cpp,?_Inc@iterator@?$_Tree@HU?$pair@HH@std@@U_Kfn@?$map@HHU?$less@H@std@@V?$allocator@H@2@@2@U?$less@H@2@V?$allocator@H@2@@std@@QAEXXZ,matched,100.0
0x4b3620,9,src/util/hapi_bank.cpp,?InitBank@HapiBank@@QAEPAV1@XZ,matched,100.0
0x4b3630,281,src/util/hapi_bank.cpp,?CloseBank@HapiBank@@QAEXXZ,matched,100.0
0x4b3750,31,src/util/hapi_bank.cpp,?NewBank@HapiBank@@QAEXXZ,matched,100.0
0x4b3770,577,src/util/hapi_bank.cpp,?OpenBank@HapiBank@@QAEHPAD00@Z,matched,100.0
0x4b39c0,662,src/util/hapi_bank.cpp,?SaveBank@HapiBank@@QAEHPAD0HH@Z,matched,100.0
0x4b3c60,1544,src/util/hapi_bank.cpp,?SaveAccount@HapiBank@@QAEXHPAU_iobuf@@PAUStringPool@@H@Z,matched,100.0
0x4b4270,737,src/util/hapi_bank.cpp,?LoadAccount@HapiBank@@QAEXPAUHapiFile@@PAHPAD@Z,matched,100.0
0x4b4560,200,src/util/hapi_bank.cpp,?OpenAccount@HapiBank@@QAEHPAD@Z,matched,100.0
0x4b4630,138,src/util/hapi_bank.cpp,?SetIntegerItem@HapiBank@@QAEHPBDH@Z,matched,100.0
0x4b46c0,138,src/util/hapi_bank.cpp,?SetDoubleItem@HapiBank@@QAEHPBDN@Z,matched,100.0
0x4b4750,166,src/util/hapi_bank.cpp,?SetStringItem@HapiBank@@QAEHPBDPAD@Z,matched,100.0
0x4b4800,78,src/util/hapi_bank.cpp,?GetIntegerItem@HapiBank@@QAEHPADH@Z,matched,100.0
0x4b4850,78,src/util/hapi_bank.cpp,?GetDoubleItem@HapiBank@@QAENPADN@Z,matched,100.0
0x4b48a0,78,src/util/hapi_bank.cpp,?GetStringItem@HapiBank@@QAEPADPAD0@Z,matched,100.0
0x4b48f0,24,src/util/hapi_bank.cpp,?HasItem@HapiBank@@QAEHPBD@Z,matched,100.0
0x4b4910,180,src/util/hapi_bank.cpp,?FindItem@HapiBank@@QAEHPBDH@Z,matched,100.0
0x4b49d0,162,src/util/hapi_bank.cpp,?FindNumberedBox@HapiBank@@QAEHHH@Z,matched,100.0
0x4b4a80,200,src/util/hapi_bank.cpp,?FindNamedBox@HapiBank@@QAEHPADH@Z,matched,100.0
0x4b4b50,65,src/util/hapi_bank.cpp,?OpenNumberedBox@HapiBank@@QAEHH@Z,matched,100.0
0x4b4ba0,65,src/util/hapi_bank.cpp,?OpenNamedBox@HapiBank@@QAEHPAD@Z,matched,100.0
0x4b4bf0,29,src/util/hapi_bank.cpp,?GetBoxSize@HapiBank@@QAEHXZ,matched,100.0
0x4b4c10,52,src/util/hapi_bank.cpp,?SeekBox@HapiBank@@QAEXH@Z,matched,100.0
0x4b4c50,35,src/util/hapi_bank.cpp,?SeekBoxEnd@HapiBank@@QAEHXZ,matched,100.0
0x4b4c80,98,src/util/hapi_bank.cpp,?ReadBox@HapiBank@@QAEHPAXH@Z,matched,100.0
0x4b4cf0,115,src/util/hapi_bank.cpp,?WriteBox@HapiBank@@QAEHPAXH@Z,matched,100.0
0x4b4d70,409,src/util/hapi_bank.cpp,?WriteAuditFile@HapiBank@@QAEXPAD@Z,matched,100.0
0x4b4f10,14,src/util/operator_new.cpp,??2@YAPAXI@Z,matched,100.0
0x4b4f20,14,src/util/operator_new.cpp,??3@YAXPAX@Z,matched,100.0
0x4b4f30,14,src/util/operator_new.cpp,??_U@YAPAXI@Z,matched,100.0
0x4b4f40,14,src/util/operator_new.cpp,??_V@YAXPAX@Z,matched,100.0
0x4b4f50,117,src/graphics/display.cpp,?ApplyPalette@@YGHXZ,matched,100.0
0x4b4fd0,22,src/graphics/display.cpp,?SetCloseHandler@@YGXP6AXH@ZH@Z,matched,100.0
0x4b4ff0,127,src/graphics/display.cpp,?ReleaseDirectDraw@@YGXPAUApp_4b5980@@@Z,matched,100.0
0x4b5070,619,src/graphics/display.cpp,?CheckDirectXVersion@@YGHHHHHH@Z,matched,100.0
0x4b52e0,80,src/graphics/display.cpp,?InitDisplayDefaults@@YGXPAUApp_4b5980@@@Z,matched,100.0
0x4b5330,57,src/graphics/display.cpp,?EnumModesCallback@@YGJPAU_DDSURFACEDESC@@PAX@Z,matched,100.0
0x4b5370,411,src/graphics/display.cpp,?GetDisplayModes@@YGHPAUModeList_004b5330@@@Z,matched,100.0
0x4b5510,1017,src/graphics/display.cpp,?SetFullScreen@@YGHH@Z,matched,100.0
0x4b5910,34,src/graphics/display.cpp,?ToggleFullScreen@@YGXXZ,matched,100.0
0x4b5940,57,src/graphics/display.cpp,?SetResolution@@YGXHH@Z,matched,100.0
0x4b5980,820,src/graphics/display.cpp,?InitEnvironment@@YGHPAUApp_4b5980@@@Z,matched,100.0
0x4b5cc0,1104,src/graphics/display.cpp,?WindowProc@@YGJPAXIII@Z,matched,100.0
0x4b6110,268,src/graphics/display.cpp,?ShutdownEnvironment@@YGXPAUApp_4b5980@@@Z,matched,100.0
0x4b6220,6,src/graphics/display.cpp,?GetDisplay@@YGHXZ,matched,100.0
0x4b6230,91,src/graphics/display.cpp,?QuitApp@@YGXPAD@Z,matched,100.0
0x4b6290,46,src/graphics/display.cpp,?FatalError@@YGXPAD@Z,matched,100.0
0x4b62c0,5,src/graphics/display.cpp,?FUN_004b62c0@@YGHH@Z,matched,100.0
0x4b62d0,86,src/graphics/display.cpp,?InitTimers@@YGXH@Z,matched,100.0
0x4b6330,12,src/graphics/display.cpp,?GetTickRate@@YGHXZ,matched,100.0
0x4b6340,34,src/graphics/display.cpp,?GetTicks@@YGIXZ,matched,100.0
0x4b6370,128,src/graphics/display.cpp,?UpdateTimers@@YGXXZ,matched,100.0
0x4b63f0,209,src/graphics/display.cpp,?AddTimer@@YGHHHP6GXH@Z@Z,matched,100.0
0x4b64d0,49,src/graphics/display.cpp,?RemoveTimer@@YGHH@Z,matched,100.0
0x4b6510,69,src/graphics/display.cpp,?ResetTimers@@YGXXZ,matched,100.0
0x4b6560,6,src/graphics/display.cpp,?GetMilliseconds@@YGKXZ,matched,100.0
0x4b6570,294,src/graphics/display.cpp,?DrawFrameRate@@YGHXZ,matched,100.0
0x4b66a0,96,src/graphics/display.cpp,?GetFrameRate@@YGHXZ,matched,100.0
0x4b6700,12,src/graphics/display.cpp,?GetScreenWidth@@YGHXZ,matched,100.0
0x4b6710,12,src/graphics/display.cpp,?GetScreenHeight@@YGHXZ,matched,100.0
0x4b6720,46,src/graphics/display.cpp,?PointInRect@@YGHPAURect_004b6720@@HH@Z,matched,100.0
0x4b6750,123,src/util/registry.cpp,?RectInsideRect@@YGHPAURect_004b6750@@0@Z,matched,100.0
0x4b67d0,74,src/util/registry.cpp,?RectsOverlap@@YGHPAURect_004b6750@@0@Z,matched,100.0
0x4b6820,26,src/util/registry.cpp,?FUN_004b6820@@YGHHH@Z,matched,100.0
0x4b6840,28,src/util/registry.cpp,?FUN_004b6840@@YGXPAEEEE@Z,matched,100.0
0x4b6860,32,src/util/registry.cpp,?ReadRegistryValue@@YGHPBD0PAXPAI@Z,matched,100.0
0x4b6880,297,src/util/registry.cpp,?AccessRegistryValue@@YGHPAD0PAEPAKKK@Z,matched,100.0
0x4b69b0,32,src/util/registry.cpp,?ReadRegistryData@@YGHPAX000@Z,matched,100.0
0x4b69d0,42,src/util/registry.cpp,?ReadRegistryDword@@YGHPAX00@Z,matched,100.0
0x4b6a00,32,src/util/registry.cpp,?WriteRegistryBinary@@YGXPAX00H@Z,matched,100.0
0x4b6a20,48,src/util/registry.cpp,?WriteRegistryString@@YGXPAX0PAD@Z,matched,100.0
0x4b6a50,42,src/util/registry.cpp,?WriteRegistryDword@@YGXPAD0H@Z,matched,100.0
0x4b6a80,111,src/util/registry.cpp,?GetWindowsUserName@@YGHPAD@Z,matched,100.0
0x4b6af0,48,src/util/registry.cpp,?SkipTextLines@@YGPADPADH@Z,matched,100.0
0x4b6b20,36,src/util/registry.cpp,?StartThread@@YGHPAXI0@Z,matched,100.0
0x4b6b50,14,src/util/registry.cpp,?SleepMilliseconds@@YGXI@Z,matched,100.0
0x4b6b60,19,src/util/registry.cpp,?SetMediaNotifyCallback@@YGXH@Z,matched,100.0
0x4b6b80,26,src/util/math.cpp,?ShowErrorBox@@YGXPBDH@Z,matched,100.0
0x4b6ba0,129,src/util/math.cpp,?ComputeChecksum@@YGHPAEH@Z,matched,100.0
0x4b6c30,101,src/util/math_4b6c30.cpp,?RandomInt@@YGHH@Z,matched,100.0
0x4b6ca0,19,src/util/math.cpp,?SeedRandom@@YGXI@Z,matched,100.0
0x4b6cc0,134,src/util/math.cpp,?RotateByAngles@@YGXPAUVec3_004b6cc0@@0PAF@Z,matched,100.0
0x4b6d50,69,src/util/math.cpp,?RotateAboutZ@@YGXPAUVec3_004b6cc0@@0H@Z,matched,100.0
0x4b6da0,69,src/util/math.cpp,?RotateAboutY@@YGXPAUVec3_004b6cc0@@0H@Z,matched,100.0
0x4b6df0,69,src/util/math.cpp,?RotateAboutX@@YGXPAUVec3_004b6cc0@@0H@Z,matched,100.0
0x4b6e40,49,src/util/math.cpp,?ApproxDistance@@YGHHH@Z,matched,100.0
0x4b6e80,39,src/util/math.cpp,?DotProduct@@YGNMMMMMM@Z,matched,100.0
0x4b6eb0,71,src/util/math.cpp,?VectorFromTo@@YG?AUVec3f_004b6eb0@@U1@0@Z,matched,100.0
0x4b6f00,101,src/util/math.cpp,?VectorFromToInt@@YG?AUVec3f_004b6eb0@@UVec3_004b6cc0@@0@Z,matched,100.0
0x4b6f70,115,src/util/math.cpp,?CrossProduct@@YG?AUVec3f_004b6eb0@@U1@0@Z,matched,100.0
0x4b6ff0,113,src/util/math.cpp,?NormalizeVector@@YG?AUVec3f_004b6eb0@@U1@@Z,matched,100.0
0x4b7070,41,src/util/math.cpp,?VectorLengthFloat@@YGMMMM@Z,matched,100.0
0x4b73b0,13,src/util/commands.cpp,?InitArgs@CommandArgs@@QAEPAV1@XZ,matched,100.0
0x4b73c0,29,src/util/commands.cpp,?GetArg@CommandArgs@@QAEHHH@Z,matched,100.0
0x4b73e0,38,src/util/commands.cpp,?GetIntArg@CommandArgs@@QAEHHH@Z,matched,100.0
0x4b7410,38,src/util/commands.cpp,?GetFloatArg@CommandArgs@@QAEMHM@Z,matched,100.0
0x4b7440,162,src/util/commands.cpp,?Tokenize@CommandArgs@@QAEXPAD0@Z,matched,100.0
0x4b74f0,79,src/util/commands.cpp,?SubstituteArgs@Class_004b74f0@@QAEXPAV1@@Z,matched,100.0
0x4b7540,77,src/util/commands.cpp,?ShiftArgs@CommandArgs@@QAEXH@Z,matched,100.0
0x4b7590,13,src/util/commands.cpp,?ClearDefaultCommandHandler@@YGXXZ,matched,100.0
0x4b75a0,42,src/util/commands.cpp,_$E5,matched,100.0
0x4b75d0,67,src/util/commands.cpp,_$E3,matched,100.0
0x4b7620,319,src/util/commands.cpp,?RegisterCommand@@YGXPBDP6GXPAX@ZH@Z,matched,100.0
0x4b7760,370,src/util/commands.cpp,?RegisterCommands@@YGXPAUConsoleCommand@@@Z,matched,100.0
0x4b78e0,22,src/util/commands.cpp,?SetDefaultCommandHandler@@YGXHH@Z,matched,100.0
0x4b7900,270,src/util/commands.cpp,?ExecuteCommand@@YGHPAVCommandArgs@@H@Z,matched,100.0
0x4b7a10,30,src/util/commands.cpp,?FindLineEnd@@YGHPADH@Z,matched,100.0
0x4b7a30,142,src/util/commands.cpp,?ExecuteCommandText@@YGHPADHPAVClass_004b74f0@@H@Z,matched,100.0
0x4b7ac0,1,src/util/commands.cpp,?NopRet@@YGXXZ,matched,100.0
0x4b7ad0,45,src/util/commands.cpp,?ClearCommandTable@@YGXXZ,matched,100.0
0x4b7b00,755,src/util/commands.cpp,?insert@?$vector@VCommandEntry@@V?$allocator@VCommandEntry@@@std@@@std@@QAEXPAVCommandEntry@@IABV3@@Z,matched,100.0
0x4b7e00,33,src/util/commands.cpp,?AssignEntry@Class_004b7e00@@QAEPAXPAH@Z,matched,100.0
0x4b7e30,33,src/util/commands.cpp,??0CommandEntry@@QAE@ABV0@@Z,matched,100.0
0x4b7e60,121,src/graphics/gaf_4b7e60.cpp,?ClipRects@@YGXPAURect_004b7e60@@00@Z,matched,100.0
0x4b7ee0,23,src/graphics/gaf_4b7ee0.cpp,?GetGafSequenceFrame@@YGHPAUHandle_004b7ee0@@@Z,matched,100.0
0x4b7f00,39,src/graphics/gaf_4b7f00.cpp,?SetGafSequenceFrame@@YGHPAUObj_004b7f00@@H@Z,matched,100.0
0x4b7f30,36,src/graphics/gaf_4b7f30.cpp,?GetGafFrame@@YGHPAGH@Z,matched,100.0
0x4b7f60,12,src/graphics/gaf_4b7f60.cpp,?GetGafFrameCount@@YGGPAX@Z,matched,100.0
0x4b7f70,32,src/graphics/gaf_4b7f70.cpp,?GetGafFrameDuration@@YGGPAUObj_004b7f70@@@Z,matched,100.0
0x4b7f90,439,src/graphics/gaf_4b7f90.cpp,?DrawFrame@@YGXPAVSurface@@PAUBitmap_004b7f90@@HH@Z,matched,100.0
0x4b8150,436,src/graphics/gaf_4b8150.cpp,?DrawFrameOpaque@@YGXPAVSurface@@PAUBitmap_004b8150@@HH@Z,matched,100.0
0x4b8310,484,src/graphics/gaf_4b8310.cpp,?DrawFrameLit@@YGXPAVSurface@@PAUSprite_004b8310@@HHH@Z,matched,100.0
0x4b8500,465,src/graphics/gaf_4b8500.cpp,?DrawFrameBlended@@YGXPAVSurface@@PAUSprite_004b8500@@HH@Z,matched,100.0
0x4b86e0,481,src/graphics/gaf_4b86e0.cpp,?DrawFrameGray@@YGXPAVSurface@@PAUBitmap_004b86e0@@HH@Z,matched,100.0
0x4b88d0,427,src/graphics/gaf_4b88d0.cpp,?EraseFrameDithered@@YGXPAVSurface@@PAUBitmap_004b88d0@@HHH@Z,matched,100.0
0x4b8a80,89,src/graphics/gaf_4b8a80.cpp,?SurfaceFromFrame@@YGXPAUSurface@@PAUSrc_004b8a80@@@Z,matched,100.0
0x4b8ae0,69,src/graphics/gaf_4b8ae0.cpp,?FrameFromSurface@@YGXPAUDst_004b8ae0@@PAUSrc_004b8ae0@@@Z,matched,100.0
0x4b8b30,81,src/graphics/gaf_4b8b30.cpp,?InitGafSequence@@YGXPAURef_004b8b30@@PAUSrc_004b8b30@@H@Z,matched,100.0
0x4b8b90,91,src/graphics/gaf_4b8b90.cpp,?StepGafSequence@@YGHPAURef_004b8b90@@@Z,matched,100.0
0x4b8bf0,101,src/graphics/gaf_4b8bf0.cpp,?AdvanceGafSequence@@YGXPAURef_004b8bf0@@F@Z,matched,100.0
0x4b8c60,216,src/graphics/gaf_4b8c60.cpp,?LoadGaf@@YGPAXPAD@Z,matched,100.0
0x4b8d40,85,src/graphics/gaf_4b8d40.cpp,?FindGafEntry@@YGPAUGafEntry_004b8d40@@PAUGaf_004b8d40@@PBD@Z,matched,100.0
0x4b8da0,83,src/graphics/gaf_4b8da0.cpp,?AllocFrame@@YGPAUClass_004b8da0@@IHH@Z,matched,100.0
0x4b8e00,77,src/graphics/gaf_4b8e00.cpp,?AllocDepthFrame@@YGPAUBitmap_004b8e00@@IHH@Z,matched,100.0
0x4b8e50,104,src/graphics/gaf_4b8e50.cpp,?ClearFrame@@YGXPAUBitmap_004b8e50@@H@Z,matched,100.0
0x4b8ec0,475,src/graphics/gaf_4b8ec0.cpp,?DrawFrameShadow@@YGXPAVSurface@@PAUBitmap_004b8ec0@@HH@Z,matched,100.0
0x4b90a0,260,src/graphics/gaf_4b90a0.cpp,?DrawFrameDepth@@YGXPAUBitmap_004b90a0@@0HHH@Z,matched,100.0
0x4b91b0,423,src/graphics/gaf_4b91b0.cpp,?BuildLensFrame@@YGPAXHHH@Z,matched,100.0
0x4b9360,341,src/graphics/gaf_4b9360.cpp,?DrawLens@@YGXPAXPAUSprite_4b9360@@HH@Z,matched,100.0
0x4b94c0,212,src/graphics/gaf_4b94c0.cpp,?GrabBackground@@YGXPAXPAUSprite_004b94c0@@HH@Z,matched,100.0
0x4b95a0,252,src/graphics/gaf_4b95a0.cpp,?DownsampleFrame@@YGXPAUImage_004b95a0@@0@Z,matched,100.0
0x4b96a0,54,src/graphics/gaf_4b96a0.cpp,?ZeroFramePixels@@YGXPAUImage_004b96a0@@@Z,matched,100.0
0x4b96e0,90,src/graphics/gaf_4b96e0.cpp,?TintFrameBelow@@YGXPAUImage_004b96e0@@E@Z,matched,100.0
0x4b9740,778,src/graphics/gaf_4b9740.cpp,?DrawFrameScaledBlended@@YGXPAVSurface@@PAUBitmap_004b9740@@HHNN@Z,matched,100.0
0x4b9a50,799,src/graphics/gaf_4b9a50.cpp,?DrawFrameScaled@@YGXPAVSurface@@PAUBitmap_004b9a50@@HHNN@Z,matched,100.0
0x4b9d70,234,src/graphics/gaf_4b9d70.cpp,?CutOutFrame@@YGXPAUImage_004b9d70@@0HH@Z,matched,100.0
0x4b9e60,110,src/graphics/gaf_4b9e60.cpp,?CompressFrame@@YGHPAEPAUImage_004b9e60@@@Z,matched,100.0
0x4b9ed0,120,src/graphics/gaf_4b9ed0.cpp,?EmitCopyRun@@YGXPADH@Z,matched,100.0
0x4b9f50,175,src/graphics/gaf_4b9f50.cpp,?EmitRepeatRun@@YGPADPADHEE@Z,matched,100.0
0x4ba000,430,src/graphics/gaf_4ba000.cpp,?CompressRow@@YGHPAD0HE@Z,matched,100.0
0x4ba1b0,69,src/graphics/gaf_4ba1b0.cpp,?CutFrameBelow@@YGXPAUImage_004ba1b0@@E@Z,matched,100.0
0x4ba200,689,src/graphics/palette_4ba200.cpp,?SetPaletteColors@@YGHPAEHH@Z,matched,100.0
0x4ba4c0,207,src/graphics/palette_4ba4c0.cpp,?GetPaletteColors@@YGHPAEHH@Z,matched,100.0
0x4ba590,36,src/graphics/palette_4ba590.cpp,?SetBrightness@@YGXH@Z,matched,100.0
0x4ba5c0,36,src/graphics/palette_4ba5c0.cpp,?AllocAlphaTable@@YGHH@Z,matched,100.0
0x4ba5f0,22,src/graphics/palette_4ba5f0.cpp,?FreeAlphaTable@@YGXPAUStruct_4ba5f0@@@Z,matched,100.0
0x4ba610,36,src/graphics/palette_4ba610.cpp,?AllocShadeTable@@YGHPAUObj_004ba610@@@Z,matched,100.0
0x4ba640,22,src/graphics/palette_4ba640.cpp,?FreeShadeTable@@YGXPAUClass_004ba640@@@Z,matched,100.0
0x4ba660,36,src/graphics/palette_4ba660.cpp,?AllocLightTable@@YGHPAUStruct_004ba660@@@Z,matched,100.0
0x4ba690,22,src/graphics/palette_4ba690.cpp,?FreeLightTable@@YGXH@Z,matched,100.0
0x4ba6b0,36,src/graphics/palette_4ba6b0.cpp,?AllocGrayTable@@YGHPAUStruct_004ba6b0@@@Z,matched,100.0
0x4ba6e0,22,src/graphics/palette_4ba6e0.cpp,?FreeGrayTable@@YGXPAUClass_004ba6e0@@@Z,matched,100.0
0x4ba700,36,src/graphics/palette_4ba700.cpp,?AllocBlueTable@@YGHPAUStruct_004ba700@@@Z,matched,100.0
0x4ba730,22,src/graphics/palette_4ba730.cpp,?FreeBlueTable@@YGXPAUObj_004ba730@@@Z,matched,100.0
0x4ba750,296,src/graphics/palette_4ba750.cpp,?BuildAlphaTable@@YGPAIPAE@Z,matched,100.0
0x4ba880,151,src/graphics/palette_4ba880.cpp,?NearestColor@@YGEPAUtagPALETTEENTRY@@U1@@Z,matched,100.0
0x4ba920,167,src/graphics/palette_4ba920.cpp,?SortByBrightness@@YGXPAEPAH0@Z,matched,100.0
0x4ba9d0,243,src/graphics/palette_4ba9d0.cpp,?NearestColorInBand@@YGEPAUtagPALETTEENTRY@@PAHPAEU1@@Z,matched,100.0
0x4baad0,43,src/graphics/palette_4baad0.cpp,?SetAlphaTable@@YGXPAI@Z,matched,100.0
0x4bab00,43,src/graphics/palette_4bab00.cpp,?SetShadeTable@@YGXPAI@Z,matched,100.0
0x4bab30,43,src/graphics/palette_4bab30.cpp,?SetLightTable@@YGXPAI@Z,matched,100.0
0x4bab60,42,src/graphics/palette_4bab60.cpp,?SetGrayTable@@YGXPAI@Z,matched,100.0
0x4bab90,3,src/graphics/palette_4bab90.cpp,?FUN_004bab90@@YGXHHH@Z,matched,100.0
0x4baba0,44,src/graphics/palette_4baba0.cpp,?SetBlueTable@@YGXPAI@Z,matched,100.0
0x4babd0,337,src/graphics/palette_4babd0.cpp,?BuildLightTable@@YGPAEPAUtagPALETTEENTRY@@@Z,matched,100.0
0x4bad30,182,src/graphics/palette_4bad30.cpp,?BuildGrayTable@@YGPAEPAUtagPALETTEENTRY@@@Z,matched,100.0
0x4badf0,317,src/graphics/palette_4badf0.cpp,?BuildShadeTable@@YGPAEPAUtagPALETTEENTRY@@@Z,matched,100.0
0x4baf30,191,src/graphics/palette_4baf30.cpp,?BuildBlueTable@@YGPAEPAUtagPALETTEENTRY@@@Z,matched,100.0
0x4baff0,171,src/graphics/palette_4baff0.cpp,?ChangeExtension@@YGPADPAD00@Z,matched,100.0
0x4bb0a0,67,src/graphics/palette_4bb0a0.cpp,?HasExtension@@YGHPAD@Z,matched,100.0
0x4bb0f0,44,src/graphics/palette_4bb0f0.cpp,?StripExtension@@YGPADPAD@Z,matched,100.0
0x4bb120,45,src/graphics/palette_4bb120.cpp,?StripFileName@@YGPADPAD@Z,matched,100.0
0x4bb150,59,src/graphics/palette_4bb150.cpp,?StripPath@@YGPADPAD@Z,matched,100.0
0x4bb190,107,src/util/hpi.cpp,?FindNextCdDrive@@YGDD@Z,matched,100.0
0x4bb200,88,src/util/hpi.cpp,?GetVolumeNameAndSerial@@YGKDPADK@Z,matched,100.0
0x4bb260,94,src/util/hpi.cpp,?GetVolumeSerial@@YGKD@Z,matched,100.0
0x4bb2c0,18,src/util/hpi.cpp,?HAPI_OpenFileAppend@@YGXPAX@Z,matched,100.0
0x4bb2e0,506,src/util/hpi.cpp,?HAPI_OpenFile@@YGPAUFileHandle@@PADPBD@Z,matched,100.0
0x4bb5b0,18,src/util/hpi.cpp,?HAPI_OpenFileRead@@YGXPAX@Z,matched,100.0
0x4bb5d0,124,src/util/hpi.cpp,?HAPI_CloseFile@@YGHPAUFileHandle@@@Z,matched,100.0
0x4bb650,17,src/util/hpi.cpp,?HAPI_IsInArchive@@YG_NPAUFileHandle@@@Z,matched,100.0
0x4bb670,36,src/util/hpi.cpp,?SetFileName@FileHandle@@QAEXPBD@Z,matched,100.0
0x4bb6a0,109,src/util/hpi.cpp,?HAPI_CreateFile@@YGPAUFileHandle@@PAD@Z,matched,100.0
0x4bb710,135,src/util/hpi.cpp,?HAPI_SeekFile@@YGJPAUFileHandle@@J@Z,matched,100.0
0x4bb7a0,31,src/util/hpi.cpp,?HAPI_TellFile@@YGJPAUFileHandle@@@Z,matched,100.0
0x4bb7c0,1042,src/util/hpi.cpp,?HAPI_readfromfile@@YGHPAUFileHandle@@PAEH@Z,matched,100.0
0x4bbbe0,43,src/util/hpi.cpp,?HAPI_WriteFile@@YGIPAUFileHandle@@PAXI@Z,matched,100.0
0x4bbc10,21,src/util/hpi.cpp,?RenameFile@@YGXPBD0@Z,matched,100.0
0x4bbc30,16,src/util/hpi.cpp,?RemoveFile@@YGXPBD@Z,matched,100.0
0x4bbc40,178,src/util/hpi.cpp,?HAPI_FileLengthByName@@YGJPAD@Z,matched,100.0
0x4bbd00,46,src/util/hpi.cpp,?HAPI_FileLength@@YGJPAUFileHandle@@@Z,matched,100.0
0x4bbd30,288,src/util/hpi.cpp,?HAPI_ReadFileAt@@YGPAXPADPAXJI@Z,matched,100.0
0x4bbe50,405,src/util/hpi.cpp,?HAPI_LoadFile@@YGPADPADPAH@Z,matched,100.0
0x4bbff0,289,src/util/hpi.cpp,?HAPI_LoadOpenFile@@YGPAXPADPAUFileHandle@@PAI@Z,matched,100.0
0x4bc120,356,src/util/hpi.cpp,?HAPI_LoadFileInto@@YGPAHPADPAH@Z,matched,100.0
0x4bc290,72,src/util/hpi.cpp,?WriteBufferToFile@@YGHPADPAXH@Z,matched,100.0
0x4bc2e0,23,src/util/hpi.cpp,?GetCurrentDriveLetter@@YGXPAD@Z,matched,100.0
0x4bc300,32,src/util/hpi.cpp,?ChangeDrive@@YGHPAD@Z,matched,100.0
0x4bc320,52,src/util/hpi.cpp,?GetDriveDirectory@@YGPADPAD0H@Z,matched,100.0
0x4bc360,16,src/util/hpi.cpp,?ChangeDirectory@@YGXPBD@Z,matched,100.0
0x4bc370,314,src/util/hpi.cpp,?MatchWildcard@@YGHPBD0@Z,matched,100.0
0x4bc4b0,389,src/util/hpi.cpp,?HAPI_FindFirst@@YGHPBDPAXHD@Z,matched,100.0
0x4bc640,447,src/util/hpi.cpp,?HAPI_FindNext@@YGHPAUFindFiles@@PAU_finddata_t@@@Z,matched,100.0
0x4bc8d0,84,src/util/hpi.cpp,?HAPI_FindClose@@YGHPAUFindFiles@@@Z,matched,100.0
0x4bc930,245,src/util/hpi.cpp,?CountDirectoryEntries@@YGHPBDH@Z,matched,100.0
0x4bca30,288,src/util/hpi.cpp,?ListDirectory@@YGXPBDHPAV?$vector@VClass_004c91a0@@V?$allocator@VClass_004c91a0@@@std@@@std@@@Z,matched,100.0
0x4bcb50,442,src/util/hpi.cpp,?FindFilesRecursive@@YGXPADPBDPAV?$vector@VClass_004c91a0@@V?$allocator@VClass_004c91a0@@@std@@@std@@HH@Z,matched,100.0
0x4bcd10,243,src/util/hpi.cpp,?GetDirectoryEntry@@YGXPAU_finddata_t@@HPBDH@Z,matched,100.0
0x4bce10,65,src/util/hpi.cpp,?SaveStartDirectory@@YGXXZ,matched,100.0
0x4bce60,58,src/util/hpi.cpp,?SetLastDirectory@@YGHPAD@Z,matched,100.0
0x4bcea0,32,src/util/hpi.cpp,?GetLastDirectory@@YGXPAD@Z,matched,100.0
0x4bcec0,32,src/util/hpi.cpp,?GetStartDirectory@@YGXPAD@Z,matched,100.0
0x4bcee0,20,src/util/hpi.cpp,?RestoreStartDirectory@@YGXXZ,matched,100.0
0x4bcf00,121,src/util/hpi.cpp,?MakeDirectoryPath@@YGXPAD@Z,matched,100.0
0x4bcf80,454,src/util/hpi.cpp,?HAPI_CopyIntoFile@@YGHPAUFileHandle@@PAD@Z,matched,100.0
0x4bd150,5,src/util/hpi.cpp,?FUN_004bd150@@YGHHH@Z,matched,100.0
0x4bd160,580,src/util/hpi.cpp,?HAPI_PackDirectory@@YGHPAD0P6AXH@ZIH@Z,matched,100.0
0x4bd3b0,1148,src/util/hpi.cpp,?HAPI_BuildArchiveDirectory@@YGIPADPAUHapiBuf@@PAH@Z,matched,100.0
0x4bd830,1332,src/util/hpi_4bd830.cpp,?HAPI_WriteArchiveData@@YGXPAD0HPAU_iobuf@@P6AXI@ZIHH@Z,matched,100.0
0x4bdd70,661,src/util/hpi.cpp,?HAPI_OpenArchive@@YGPAUOPENHAPIFILE@@PBDH@Z,matched,100.0
0x4be010,90,src/util/hpi.cpp,?HAPI_RelocateDirectory@@YGXPAUArchiveDirectory@@H@Z,matched,100.0
0x4be070,49,src/util/hpi.cpp,?HAPI_CloseArchive@@YGXPAUOPENHAPIFILE@@@Z,matched,100.0
0x4be0b0,208,src/util/hpi.cpp,?HAPI_AddArchive@@YGPAXPBDH@Z,matched,100.0
0x4be180,235,src/util/hpi.cpp,?HAPI_DropMissingArchives@@YGXXZ,matched,100.0
0x4be270,162,src/util/hpi.cpp,?HAPI_RemoveArchive@@YGXPAUOPENHAPIFILE@@@Z,matched,100.0
0x4be320,135,src/util/hpi_4be320.cpp,?HAPI_ResolveShadowedFiles@@YGXXZ,matched,100.0
0x4be3b0,73,src/util/hpi.cpp,?HAPI_ClearShadowFlags@@YGXPAUArchiveDirectory@@@Z,matched,100.0
0x4be400,699,src/util/hpi.cpp,?HAPI_MarkShadowedFiles@@YGXPADHH@Z,matched,100.0
0x4be6c0,649,src/util/hpi_4be6c0.cpp,?insert@?$vector@VClass_004c91a0@@V?$allocator@VClass_004c91a0@@@std@@@std@@QAEXPAVClass_004c91a0@@IABV3@@Z,matched,100.0
0x4be950,201,src/graphics/draw_4be950.cpp,?DrawLine@@YGHPAUSurface@@HHHHH@Z,matched,100.0
0x4bea20,589,src/graphics/draw_4bea20.cpp,?ClipLine@@YGHPAVSurface@@PAH111@Z,matched,100.0
0x4bec70,244,src/graphics/draw_4bec70.cpp,?DrawLitLine@@YGPAUSurface@@PAU1@HHHHH@Z,matched,100.0
0x4bed70,225,src/graphics/draw_4bed70.cpp,?DrawBlendedLine@@YGPAUSurface@@PAU1@HHHHH@Z,matched,100.0
0x4bee60,380,src/graphics/draw_4bee60.cpp,?DrawPixel@@YGHPAUSurface@@HHH@Z,matched,100.0
0x4befe0,115,src/graphics/draw_4befe0.cpp,?ReadPixel@@YGIPAUSurface@@HH@Z,matched,100.0
0x4bf060,508,src/graphics/draw_4bf060.cpp,?DrawPolyline@@YGHPAUSurface@@PAUPoint_004bf060@@HH@Z,matched,100.0
0x4bf260,610,src/graphics/draw_4bf260.cpp,?DrawPolylines@@YGHPAUSurface@@PAUPoint_004bf260@@PAHHH@Z,matched,100.0
0x4bf4d0,332,src/graphics/draw_4bf4d0.cpp,?FadeRectangle@@YGHPAUSurface@@PAURect_004bf4d0@@H@Z,matched,100.0
0x4bf620,196,src/graphics/draw_4bf620.cpp,?ClipRectangle@@YGHPAVSurface@@PAURect_004bf620@@@Z,matched,100.0
0x4bf6f0,178,src/graphics/draw_4bf6f0.cpp,?FillRectangle@@YGHPAUSurface@@PAURect_004bf6f0@@H@Z,matched,100.0
0x4bf7b0,261,src/graphics/draw_4bf7b0.cpp,?DrawLitRectangle@@YGPAUSurface@@PAU1@PAHH@Z,matched,100.0
0x4bf8c0,1172,src/graphics/draw_4bf8c0.cpp,?DrawRectangle@@YGHPAUSurface@@PAURect_004bf8c0@@H@Z,matched,100.0
0x4bfd60,167,src/graphics/draw_4bfd60.cpp,?XorRectangle@@YGHPAUSurface@@PAURect_004bfd60@@H@Z,matched,100.0
0x4bfe10,267,src/graphics/draw_4bfe10.cpp,?GrayRectangle@@YGHPAUSurface_004bfe10@@PAURect_004bfe10@@@Z,matched,100.0
0x4bff20,332,src/graphics/draw_4bff20.cpp,?DitherRectangle@@YGHPAUSurface@@PAURect_004bff20@@H@Z,matched,100.0
0x4c0070,301,src/graphics/draw_4c0070.cpp,?DrawCircle@@YGXPAUSurface@@HHHH@Z,matched,100.0
0x4c01a0,353,src/graphics/draw_4c01a0.cpp,?DrawDashedCircle@@YGXPAUSurface@@HHHHHH@Z,matched,100.0
0x4c0310,28,src/graphics/draw_4c0310.cpp,?FillPolygon@@YGXPAXPAHHH@Z,matched,100.0
0x4c0330,932,src/graphics/draw_4c0330.cpp,?ScanFillPolygon@@YGHPAVSurface@@PAUPoint_004c0330@@HE@Z,matched,100.0
0x4c06e0,200,src/graphics/draw_4c06e0.cpp,?FillFlatSpan@@YGXHPAUSpan_004c06e0@@PAUSurface_004c06e0@@E@Z,matched,100.0
0x4c07b0,106,src/graphics/draw_4c07b0.cpp,?DrawPolygon@@YGHPAXPAUPoint_004c07b0@@HH@Z,matched,100.0
0x4c0820,613,src/graphics/draw_4c0820.cpp,?DrawPolygonEdges@@YGHPAUSurface_004c0a90@@PAUPoint_004c0820@@HH@Z,matched,100.0
0x4c0a90,118,src/graphics/draw_4c0a90.cpp,?PlotSpanEnds@@YGXHPAUSpan_004c0a90@@PAUSurface_004c0a90@@E@Z,matched,100.0
0x4c0b10,352,src/graphics/draw_4c0b10.cpp,?FillShadedSpan@@YGXHPAUSpan_004c0b10@@PAUSurface_004c0b10@@E@Z,matched,100.0
0x4c0c70,897,src/graphics/draw_4c0c70.cpp,?FillShadedPolygon@@YGHPAUSurface_004c0c70@@PAUPoint_004c0c70@@HE@Z,matched,100.0
0x4c1000,791,src/graphics/draw_4c1000.cpp,?FillFlatPolygon@@YGHPAUSurface_004c1000@@PAUPoint_004c1000@@HH@Z,matched,100.0
0x4c1320,126,src/graphics/draw_4c1320.cpp,?PointInPolygon@@YGHPAUPoint_004c1320@@HHH@Z,matched,100.0
0x4c13a0,38,src/graphics/draw_4c13a0.cpp,?SetTextColors@@YGXHH@Z,matched,100.0
0x4c13d0,18,src/graphics/draw_4c13d0.cpp,?SetTextKeyColor@@YGXH@Z,matched,100.0
0x4c13f0,12,src/graphics/draw_4c13f0.cpp,?GetTextKeyColor@@YGHXZ,matched,100.0
0x4c1400,12,src/graphics/draw_4c1400.cpp,?GetTextForeColor@@YGHXZ,matched,100.0
0x4c1410,12,src/graphics/draw_4c1410.cpp,?GetTextBackColor@@YGHXZ,matched,100.0
0x4c1420,24,src/graphics/draw_4c1420.cpp,?SetFont@@YGXH@Z,matched,100.0
0x4c1440,12,src/graphics/draw_4c1440.cpp,?GetFont@@YGHXZ,matched,100.0
0x4c1450,18,src/graphics/draw_4c1450.cpp,?GetFontHeight@@YGHXZ,matched,100.0
0x4c1470,11,src/graphics/draw_4c1470.cpp,?FontHeight@@YGEPAX@Z,matched,100.0
0x4c1480,97,src/graphics/font.cpp,?GetTextWidth@@YGHPAUFont@@PAE@Z,matched,100.0
0x4c14f0,617,src/graphics/font.cpp,?DrawString@@YGXPAVSurface@@PAEHHH@Z,matched,100.0
0x4c1760,201,src/graphics/font.cpp,?DrawStringCentered@@YGXPAVSurface@@PAEH@Z,matched,100.0
0x4c1830,516,src/graphics/font.cpp,?DrawOutlinedString@@YGXPAVSurface@@PAEHHH@Z,matched,100.0
0x4c1a40,20,src/gui/keyboard.cpp,?ClearKeyQueue@@YGXXZ,matched,100.0
0x4c1a60,54,src/gui/keyboard.cpp,?InitKeyQueue@@YGXH@Z,matched,100.0
0x4c1aa0,1,src/gui/keyboard.cpp,?DestroyPreCleanup@@YGXXZ,matched,100.0
0x4c1ab0,66,src/gui/keyboard.cpp,?PopKey@@YGHXZ,matched,100.0
0x4c1b00,32,src/gui/keyboard.cpp,?PeekKey@@YAHXZ,matched,100.0
0x4c1b20,84,src/gui/keyboard.cpp,?PushKeyCode@@YGXH@Z,matched,100.0
0x4c1b80,456,src/gui/keyboard.cpp,?IsKeyDown@@YGHH@Z,matched,100.0
0x4c1d50,1353,src/gui/keyboard.cpp,?HandleVirtualKey@@YGXHH@Z,matched,100.0
0x4c22a0,47,src/gui/keyboard.cpp,?InitBlitLock@@YGXXZ,matched,100.0
0x4c22d0,18,src/gui/keyboard.cpp,?SetCursorOverlayEnabled@@YGXH@Z,matched,100.0
0x4c22f0,19,src/gui/keyboard.cpp,?SetCursorPosition@@YGXHH@Z,matched,100.0
0x4c2310,40,src/gui/keyboard.cpp,?GetCursorPosition@@YGXPAH0@Z,matched,100.0
0x4c2340,29,src/gui/keyboard.cpp,?GetCurrentMouseEvent@@YGXPAH@Z,matched,100.0
0x4c2360,29,src/gui/keyboard.cpp,?SetCurrentMouseEvent@@YGXPAH@Z,matched,100.0
0x4c2380,85,src/gui/mouse.cpp,?DrawSoftwareCursor@@YGXXZ,matched,100.0
0x4c23e0,129,src/gui/mouse.cpp,?RestoreCursorBackground@@YGXPAUObj_004c2380@@@Z,matched,100.0
0x4c2470,62,src/gui/mouse.cpp,?HideSoftwareCursor@@YGXXZ,matched,100.0
0x4c24b0,299,src/gui/mouse.cpp,?CaptureBackgroundAndDrawCursor@@YGXPAUObj_004c2380@@@Z,matched,100.0
0x4c25e0,647,src/gui/mouse.cpp,?RedrawMouseCursor@@YGXPAUObj_004c2380@@@Z,matched,100.0
0x4c2870,282,src/gui/mouse.cpp,?ShowSoftwareCursor@@YIXXZ,matched,100.0
0x4c2990,229,src/gui/mouse.cpp,?MouseThreadProc@@YAXH@Z,matched,100.0
0x4c2a80,62,src/gui/mouse.cpp,?StartMouseThread@@YGHPAUObj_004c2380@@@Z,matched,100.0
0x4c2ac0,88,src/gui/mouse.cpp,?StopMouseThread@@YGHPAUObj_004c2380@@@Z,matched,100.0
0x4c2b20,116,src/gui/mouse.cpp,?SetCursorSprite@@YGXH@Z,matched,100.0
0x4c2ba0,12,src/gui/mouse.cpp,?GetCursorSprite@@YGHXZ,matched,100.0
0x4c2bb0,20,src/gui/mouse.cpp,?ClearMouseEventQueue@@YGXXZ,matched,100.0
0x4c2bd0,234,src/gui/mouse.cpp,?InitMouse@@YGXHH@Z,matched,100.0
0x4c2cc0,156,src/gui/mouse.cpp,?ShutdownMouse@@YGXXZ,matched,100.0
0x4c2d60,115,src/gui/mouse.cpp,?PopMouseEvent@@YGHPAUEvent_4c2d60@@@Z,matched,100.0
0x4c2de0,80,src/gui/mouse.cpp,?PeekMouseEvent@@YGHPAUEvent_4c2d60@@@Z,matched,100.0
0x4c2e30,98,src/gui/mouse.cpp,?PushMouseEvent@@YGXPAUEvent_4c2d60@@@Z,matched,100.0
0x4c2ea0,13,src/util/tdf_file.cpp,??0TdfFile@@QAE@XZ,matched,100.0
0x4c2eb0,171,src/util/tdf_4c51b0.cpp,??1TdfFile@@QAE@XZ,matched,100.0
0x4c2f60,434,src/util/tdf_4c2f60.cpp,?LoadFile@TdfFile@@QAEHPAD@Z,matched,100.0
0x4c3120,288,src/util/tdf_4c3120.cpp,?LoadBuffer@TdfFile@@QAEXPADHH0@Z,matched,100.0
0x4c3240,170,src/util/tdf_file.cpp,?Unload@TdfFile@@QAEXXZ,matched,100.0
0x4c32f0,169,src/util/tdf_record.cpp,??_GTdfRecord@@QAEPAXI@Z,matched,100.0
0x4c33a0,105,src/util/tdf_file.cpp,?StripComments@TdfFile@@QAEXPAD@Z,matched,100.0
0x4c3410,115,src/util/tdf_file.cpp,?SelectRecord@TdfFile@@QAEHPAD@Z,matched,100.0
0x4c3490,292,src/util/tdf_file.cpp,?SelectRecordAt@TdfFile@@QAEHH@Z,matched,100.0
0x4c35c0,354,src/util/tdf_4c35c0.cpp,??0logic_error@std@@QAE@ABV?$basic_string@DU?$char_traits@D@std@@V?$allocator@D@2@@1@@Z,matched,100.0
0x4c3730,13,src/util/logic_error.cpp,?what@logic_error@std@@UBEPBDXZ,matched,100.0
0x4c3740,348,src/util/logic_error.cpp,?_Doraise@logic_error@std@@MBEXXZ,matched,100.0
0x4c38f0,95,src/util/logic_error.cpp,??_Glogic_error@std@@UAEPAXI@Z,matched,100.0
0x4c3950,334,src/util/logic_error.cpp,??0logic_error@std@@QAE@ABV01@@Z,matched,100.0
0x4c3af0,356,src/util/out_of_range.cpp,?_Doraise@out_of_range@std@@MBEXXZ,matched,100.0
0x4c3c60,95,src/util/out_of_range.cpp,??_Gout_of_range@std@@UAEPAXI@Z,matched,100.0
0x4c3cc0,331,src/util/out_of_range.cpp,??0out_of_range@std@@QAE@ABV01@@Z,matched,100.0
0x4c3e10,8,src/util/tdf_file.cpp,?ResetCurrentRecord@TdfFile@@QAEXXZ,matched,100.0
0x4c3e20,4,src/util/tdf_file.cpp,?GetCurrentRecord@TdfFile@@QAEHXZ,matched,100.0
0x4c3e30,10,src/util/tdf_file.cpp,?SetCurrentRecord@TdfFile@@QAEXH@Z,matched,100.0
0x4c3e40,1115,src/util/tdf_record.cpp,??0TdfRecord@@QAE@PAD0PAPAD0@Z,matched,100.0
0x4c42a0,159,src/util/tdf_record.cpp,??1TdfRecord@@QAE@XZ,matched,100.0
0x4c4340,168,src/util/tdf_4c4340.cpp,?MakeTrimmedString@Class_004c4340@@QAEPAVClass_004c91a0@@PAV2@PAD1@Z,matched,100.0
0x4c43f0,43,src/util/tdf_record.cpp,?ComputeRecordChecksum@TdfRecord@@QAEXPAD0@Z,matched,100.0
0x4c4420,24,src/util/tdf_record.cpp,?CopyRecordName@TdfRecord@@QAEXPADI@Z,matched,100.0
0x4c4440,3,src/util/tdf_4c4440.cpp,?GetRecordName@Class_004c4440@@QAEHXZ,matched,100.0
0x4c4450,19,src/util/tdf_4c4450.cpp,?GetSubRecordCount@Class_004c4450@@QAEHXZ,matched,100.0
0x4c4470,71,src/util/tdf_record.cpp,?FindSubRecord@TdfRecord@@QAEPAV1@PBD@Z,matched,100.0
0x4c44c0,253,src/util/tdf_4c44c0.cpp,?GetSubRecord@Class_004c44c0@@QAEPAUNamed_004c44c0@@H@Z,matched,100.0
0x4c45c0,19,src/util/tdf_record.cpp,?GetFieldCount@TdfRecord@@QAEHXZ,matched,100.0
0x4c45e0,74,src/util/tdf_record.cpp,?GetFieldName@TdfRecord@@QAEPADH@Z,matched,100.0
0x4c4630,136,src/util/tdf_record.cpp,?FindFieldValue@TdfRecord@@QAEHPAD@Z,matched,100.0
0x4c46c0,155,src/util/tdf_record.cpp,?GetFieldInt@TdfRecord@@QAEHPBDH@Z,matched,100.0
0x4c4760,155,src/util/tdf_record.cpp,?GetFieldDouble@TdfRecord@@QAENPBDN@Z,matched,100.0
0x4c4800,180,src/util/tdf_record.cpp,?GetFieldFixed@TdfRecord@@QAEPAHPAHPADH@Z,matched,100.0
0x4c48c0,212,src/util/tdf_record.cpp,?GetFieldString@TdfRecord@@QAEHPAD0I0@Z,matched,100.0
0x4c49a0,285,src/util/tdf_4c49a0.cpp,??0?$basic_string@DU?$char_traits@D@std@@V?$allocator@D@2@@std@@QAE@ABV01@@Z,matched,100.0
0x4c4d70,547,src/util/tdf_4c4d70.cpp,?insert@?$vector@PAVTdfRecord@@V?$allocator@PAVTdfRecord@@@std@@@std@@QAEXPAPAVTdfRecord@@IABQAV3@@Z,matched,100.0
0x4c5170,24,src/util/tdf_4c5170.cpp,?FUN_004c5170@@YGXPAD@Z,matched,100.0
0x4c5190,20,src/util/tdf_4c5190.cpp,??1TdfField@@QAE@XZ,matched,100.0
0x4c51b0,40,src/util/tdf_4c51b0.cpp,??_GTdfField@@QAEPAXI@Z,matched,100.0
0x4c51e0,649,src/util/tdf_4c51e0.cpp,?insert@?$vector@VClass_004c54a0@@V?$allocator@VClass_004c54a0@@@std@@@std@@QAEXPAVClass_004c54a0@@IABV3@@Z,matched,100.0
0x4c5470,33,src/util/tdf_4c5470.cpp,?FUN_004c5470@Class_004c5470@@QAEPAXPAH@Z,matched,100.0
0x4c54a0,33,src/util/tdf_4c54a0.cpp,??0Class_004c54a0@@QAE@ABV0@@Z,matched,100.0
0x4c54d0,32,src/util/tdf_4c54d0.cpp,??0Class_004c54d0@@QAE@ABVClass_004c91a0@@0@Z,matched,100.0
0x4c54f0,583,src/util/tdf_4c54f0.cpp,?LoadTranslations@@YGXPAD0@Z,matched,100.0
0x4c5740,249,src/util/tdf_4c5740.cpp,?Translate@@YGPADPAD@Z,matched,100.0
0x4c5840,81,src/util/tdf_4c5840.cpp,?FindTranslation@@YGHPAD@Z,matched,100.0
0x4c58a0,292,src/util/tdf_4c58a0.cpp,?GetLocalizedString@@YGHPAVTdfFile@@PAD1I1@Z,matched,100.0
0x4c59d0,415,src/util/tdf_4c59d0.cpp,?FUN_004c59d0@Class_004c5ba0@@QAEPAUTdfField@@PAU2@ABU2@@Z,matched,100.0
0x4c5b70,48,src/util/tdf_4c5b70.cpp,?_Destroy@?$vector@UTdfField@@V?$allocator@UTdfField@@@std@@@std@@IAEXPAUTdfField@@0@Z,matched,100.0
0x4c5ba0,19,src/util/tdf_4c59d0.cpp,?FUN_004c5ba0@Class_004c5ba0@@QAEHXZ,matched,100.0
0x4c5bc0,87,src/util/tdf_4c5bc0.cpp,?_Ucopy@?$vector@UTdfField@@V?$allocator@UTdfField@@@std@@@std@@IAEPAUTdfField@@PBU3@0PAU3@@Z,matched,100.0
0x4c5c20,63,src/util/tdf_4c5c20.cpp,?_Ufill@?$vector@UTdfField@@V?$allocator@UTdfField@@@std@@@std@@IAEXPAUTdfField@@IABU3@@Z,matched,100.0
0x4c5c60,108,src/util/tdf_4c5c60.cpp,?FindLowerBound@Class_004c5c60@@QAEPAUElem_004c5c60@@PBD@Z,matched,100.0
0x4c5cd0,61,src/util/tdf_4c5cd0.cpp,?FUN_004c5cd0@@YGXPAUTdfField@@0ABU1@@Z,matched,100.0
0x4c5d10,80,src/util/tdf_4c5d10.cpp,?FUN_004c5d10@@YGPAUTdfField@@PAU1@00@Z,matched,100.0
0x4c5d60,39,src/util/tdf_4c5d60.cpp,?FUN_004c5d60@@YGXPAUTdfField@@ABU1@@Z,matched,100.0
0x4c5d90,36,src/graphics/surface.cpp,?SetLockEntry@@YGXPAUSurface@@D@Z,matched,100.0
0x4c5dc0,18,src/graphics/surface.cpp,?PopScreenLock@@YGXHH@Z,matched,100.0
0x4c5de0,6,src/graphics/surface.cpp,?GetScreenLockCount@@YGHXZ,matched,100.0
0x4c5df0,124,src/graphics/surface.cpp,?UnlockAllScreens@@YGXXZ,matched,100.0
0x4c5e70,293,src/graphics/surface.cpp,?LockScreen@@YGHPAUSurface@@@Z,matched,100.0
0x4c5fa0,77,src/graphics/surface.cpp,?UnlockScreen@@YGHPAUSurface@@@Z,matched,100.0
0x4c5ff0,214,src/graphics/surface.cpp,?LockPrimary@@YGHPAUSurface@@@Z,matched,100.0
0x4c60d0,213,src/graphics/surface.cpp,?UnlockPrimary@@YGHPAUSurface@@PAUtagRECT@@1@Z,matched,100.0
0x4c61b0,62,src/graphics/surface.cpp,?SetPageFlipping@@YGHH@Z,matched,100.0
0x4c61f0,18,src/graphics/surface.cpp,?SetRestoreSurface@@YGXH@Z,matched,100.0
0x4c6210,165,src/graphics/surface.cpp,?RestoreSurfaces@@YGHPAUArg_004c6210@@@Z,matched,100.0
0x4c62c0,219,src/graphics/surface.cpp,?RestoreScreen@@YGXXZ,matched,100.0
0x4c63a0,1051,src/graphics/surface.cpp,?FlipScreen@@YGXXZ,matched,100.0
0x4c67c0,199,src/graphics/surface.cpp,?DrawCursor@@YGXPAUDisplay@@PAUSurface@@@Z,matched,100.0
0x4c6890,266,src/graphics/surface.cpp,?FillSurface@@YGHPAUSurface@@H@Z,matched,100.0
0x4c69a0,28,src/graphics/surface.cpp,?SetOffscreenSurface@@YGXH@Z,matched,100.0
0x4c69c0,36,src/graphics/surface.cpp,?ResetClipRect@@YGXPAH@Z,matched,100.0
0x4c69f0,107,src/graphics/surface.cpp,?AllocSurface@@YGPAUSurface@@PADHH@Z,matched,100.0
0x4c6a60,92,src/graphics/surface.cpp,?InitSurface@@YGXPAUSurface@@HHHH@Z,matched,100.0
0x4c6ac0,26,src/graphics/surface.cpp,?FreeSurface@@YGXPAUSurface@@@Z,matched,100.0
0x4c6ae0,36,src/graphics/surface.cpp,?GetClipRect@Surface@@QAEPAURect@@PAU2@@Z,matched,100.0
0x4c6b10,33,src/graphics/surface.cpp,?SetClipRect@Surface@@QAEXURect@@@Z,matched,100.0
0x4c6b40,18,src/graphics/surface.cpp,?FUN_004c6b40@@YGXH@Z,matched,100.0
0x4c6b60,12,src/graphics/surface.cpp,?FUN_004c6b60@@YGHXZ,matched,100.0
0x4c6b70,224,src/graphics/surface.cpp,?DrawSurface@@YGXPAUSurface@@0HH@Z,matched,100.0
0x4c6c50,194,src/graphics/surface.cpp,?DrawSurfaceKeyed@@YGXPAUSurface@@0HHH@Z,matched,100.0
0x4c6d20,149,src/graphics/surface.cpp,?CopySurfaceRect@@YGXPAUSurface@@0PAURect@@PAUPoint@@@Z,matched,100.0
0x4c6dc0,163,src/graphics/surface.cpp,?CopySurfaceRectKeyed@@YGXPAUSurface@@0PAURect@@PAUPoint@@E@Z,matched,100.0
0x4c6e70,149,src/graphics/surface.cpp,?DrawTile@@YGXPAUSurface@@0PAURect@@PAUPoint@@@Z,matched,100.0
0x4c6f10,100,src/graphics/surface.cpp,?SaveSurface@@YGXPAUSurface@@PAVHapiBank@@@Z,matched,100.0
0x4c6f80,251,src/graphics/surface.cpp,?LoadSurface@@YGPAUSurface@@PAX@Z,matched,100.0
0x4c7080,72,src/graphics/surface.cpp,?FUN_004c7080@@YGXH@Z,matched,100.0
0x4c70d0,280,src/graphics/surface.cpp,?FUN_004c70d0@@YGXHPAURange@@HH@Z,matched,100.0
0x4c71f0,280,src/graphics/surface.cpp,?FUN_004c71f0@@YGXHPAURange@@HH@Z,matched,100.0
0x4c7310,617,src/graphics/surface.cpp,?DrawQuadRow@@YGXHPAHPAUSurface@@PAUInfo_4c7310@@@Z,matched,100.0
0x4c7580,1183,src/graphics/surface.cpp,?DrawFrameQuad@@YGXPAXPAUFrame_004c7580@@PAUQuad_004c7580@@2@Z,matched,100.0
0x4c7a20,1529,src/graphics/surface.cpp,?DrawTexturedSpan@@YGXHPAHPAUSurf_4c7a20@@PAUInfo_4c7a20@@@Z,matched,100.0
0x4c8020,1845,src/graphics/surface.cpp,?DrawLitTexturedSpan@@YGXHPAHPAUSurface_004c8020@@1@Z,matched,100.0
0x4c8760,1094,src/graphics/surface.cpp,?DrawTexturedPolygon@@YGXPAUSurface_4c8760@@0PAH1@Z,matched,100.0
0x4c8bb0,1279,src/graphics/surface.cpp,?DrawLitTexturedPolygon@@YGXPAUSurface_4c8bb0@@0PAH1@Z,matched,100.0
0x4c90b0,195,src/graphics/surface.cpp,?Append@Class_004c90b0@@QAEPAV1@ABV1@@Z,matched,100.0
0x4c9180,22,src/graphics/surface.cpp,??0Class_004c9180@@QAE@XZ,matched,100.0
0x4c91a0,16,src/graphics/surface.cpp,??0Class_004c91a0@@QAE@ABV0@@Z,matched,100.0
0x4c91b0,117,src/graphics/surface.cpp,??0Class_004c91b0@@QAE@PBD@Z,matched,100.0
0x4c9230,89,src/graphics/surface.cpp,??0Class_004c9230@@QAE@PBDH@Z,matched,100.0
0x4c9290,128,src/graphics/surface.cpp,?MakeLower@Class_004c9290@@QAEPAV1@XZ,matched,100.0
0x4c9310,128,src/graphics/surface.cpp,?MakeUpper@Class_004c9310@@QAEPAV1@XZ,matched,100.0
0x4c9390,31,src/graphics/surface.cpp,?ReleaseRef@Class_004c9390@@QAEXXZ,matched,100.0
0x4c93b0,56,src/map/los_tables.cpp,?Assign@Class_004c93b0@@QAEPAV1@PAV1@@Z,matched,100.0
0x4c93f0,145,src/graphics/surface.cpp,?AssignText@Class_004c93f0@@QAEPAV1@PBD@Z,matched,100.0
0x4c9490,152,src/graphics/surface.cpp,?SubString@Class_004c9490@@QBE?AV1@HH@Z,matched,100.0
0x4c9530,523,src/network/hapinet.cpp,?HAPINET_GetDPErrorString@@YGPADH@Z,matched,100.0
0x4c9740,1,src/network/hapinet.cpp,?HapinetTrace@@YAXH@Z,matched,100.0
0x4c9750,64,src/network/hapinet.cpp,?GetEnumSessionsErrorText@@YGPADXZ,matched,100.0
0x4c9790,31,src/network/hapinet.cpp,?HAPINET_guaranteepackets@@YGHH@Z,matched,100.0
0x4c97b0,77,src/network/hapinet.cpp,?HAPINET_sendpacket@@YGHPAUNet_4c97b0@@KKPAXK@Z,matched,100.0
0x4c9800,63,src/network/hapinet.cpp,?HAPINET_sendpacketguaranteed@@YGHPAUNet_4c97b0@@KKPAXK@Z,matched,100.0
0x4c9840,69,src/network/hapinet.cpp,?HAPINET_receivepacket@@YGHPAUNet_4c97b0@@PAXPAK@Z,matched,100.0
0x4c9890,139,src/network/hapinet.cpp,?HAPINET_updategameinfo@@YGHPAUNet_4c97b0@@PAD1HHHH@Z,matched,100.0
0x4c9920,335,src/network/hapinet.cpp,?HAPINET_createnewgame@@YGHPAUNet_4c97b0@@PADHHHHH@Z,matched,100.0
0x4c9a70,252,src/network/hapinet.cpp,?HAPINET_createorjoinlobbygame@@YGHPAUNet_4c97b0@@PADKKKKK@Z,matched,100.0
0x4c9b70,169,src/network/hapinet.cpp,?HAPINET_uninitmultiplay@@YGXPAUNet_4c97b0@@@Z,matched,100.0
0x4c9c20,40,src/network/hapinet.cpp,?HAPINET_initmultiplaydefaults@@YGXPAUNet_4c97b0@@@Z,matched,100.0
0x4c9c50,191,src/network/hapinet.cpp,?HAPINET_getgamescallback@@YGHPAUSessionDesc_4c9890@@PAHIPAUNet_4c97b0@@@Z,matched,100.0
0x4c9d10,29,src/network/hapinet.cpp,?HAPINET_justone@@YGHHHHHPAX@Z,matched,100.0
0x4c9d30,67,src/network/hapinet.cpp,?HAPINET_setplayerdatabuffer@@YGHPAUNet_4c97b0@@KPAXK@Z,matched,100.0
0x4c9d80,67,src/network/hapinet.cpp,?HAPINET_getplayerdatabuffer@@YGHPAUNet_4c97b0@@KPAXPAK@Z,matched,100.0
0x4c9dd0,117,src/network/hapinet.cpp,?HAPINET_getcurrentplayers@@YGHPAUNet_4c97b0@@@Z,matched,100.0
0x4c9e50,320,src/network/hapinet.cpp,?HAPINET_getgames@@YGHPAUNet_4c97b0@@PAXH@Z,matched,100.0
0x4c9f90,50,src/network/hapinet.cpp,?HAPINET_quitgame@@YGHPAUNet_4c97b0@@@Z,matched,100.0
0x4c9fd0,300,src/network/hapinet.cpp,?HAPINET_joingame@@YGHPAUNet_4c97b0@@UGUID_004c9920@@@Z,matched,100.0
0x4ca100,326,src/network/hapinet.cpp,?HAPINET_enumconnections@@YGHPAUGUID_004c9920@@PAXKPAUDPName_4ca100@@KPAUNet_4c97b0@@@Z,matched,100.0
0x4ca250,212,src/network/hapinet.cpp,?HAPINET_getconnections@@YGHPAUNet_4c97b0@@HHHPAUGUID_004c9920@@@Z,matched,100.0
0x4ca330,201,src/network/hapinet.cpp,?HAPINET_enumproviders@@YGHPAUGUID_004c9920@@PADKKPAUNet_4c97b0@@@Z,matched,100.0
0x4ca400,66,src/network/hapinet.cpp,?HAPINET_getproviders@@YGHPAUNet_4c97b0@@HH@Z,matched,100.0
0x4ca450,55,src/network/hapinet.cpp,?HAPINET_passwordrequired@@YGIPAUNet_4c97b0@@@Z,matched,100.0
0x4ca490,244,src/network/hapinet.cpp,?HAPINET_initlobbiedconnection@@YGHPAUNet_4c97b0@@@Z,matched,100.0
0x4ca590,53,src/network/hapinet.cpp,?HAPINET_initconnection@@YGHPAUNet_4c97b0@@PAH@Z,matched,100.0
0x4ca5d0,198,src/network/hapinet.cpp,?HAPINET_initmultiplay@@YGHPAUNet_4c97b0@@PAUGUID_004c9920@@1@Z,matched,100.0
0x4ca6a0,223,src/network/hapinet.cpp,?HAPINET_addplayer@@YGHPAUNet_4c97b0@@PAKPAD22FF@Z,matched,100.0
0x4ca780,55,src/network/hapinet.cpp,?HAPINET_removeplayer@@YGHPAUNet_4c97b0@@K@Z,matched,100.0
0x4ca7c0,59,src/network/hapinet.cpp,?HAPINET_getplayername@@YGHPAUNet_4c97b0@@KPAXPAK@Z,matched,100.0
0x4ca800,59,src/network/hapinet.cpp,?HAPINET_setplayername@@YGHPAUNet_4c97b0@@KPAXK@Z,matched,100.0
0x4ca840,64,src/network/hapinet.cpp,?HAPINET_enumplayers@@YGHPAUNet_4c97b0@@PAX11K@Z,matched,100.0
0x4ca880,64,src/network/hapinet.cpp,?HAPINET_createcompoundaddress@@YGHPAUNet_4c97b0@@PAXK1PAK@Z,matched,100.0
0x4ca8c0,64,src/network/hapinet.cpp,?HAPINET_enumaddress@@YGHPAUNet_4c97b0@@PAX1K1@Z,matched,100.0
0x4ca900,63,src/network/hapinet.cpp,?HAPINET_createdplayinterface@@YGJPAU_GUID@@PAUNet_004ca900@@@Z,matched,100.0
0x4ca940,68,src/network/hapinet.cpp,?HAPINET_releasedplayinterface@@YGHPAUNet_004ca900@@@Z,matched,100.0
0x4ca990,56,src/network/hapinet.cpp,?HAPINET_getplayeraddress@@YGHPAUNet_004ca900@@KPAXPAK@Z,matched,100.0
0x4ca9d0,13,src/network/hapinet.cpp,?FUN_004ca9d0@@YGHPAUNet_4c97b0@@@Z,matched,100.0
0x4ca9e0,12,src/network/hapinet.cpp,?FUN_004ca9e0@@YGHH@Z,matched,100.0
0x4ca9f0,5,src/network/hapinet.cpp,?FUN_004ca9f0@@YGHH@Z,matched,100.0
0x4caa00,8,src/network/hapinet.cpp,?RIReportGameChat@@YGHHH@Z,matched,100.0
0x4caa10,8,src/network/hapinet.cpp,?RIReport@@YGHHHHHHHHHHH@Z,matched,100.0
0x4caa20,22,src/network/hapinet.cpp,?RISetCallbacks@@YGXHH@Z,matched,100.0
0x4caa40,506,src/graphics/pcx_4caa40.cpp,?DecodePcx@@YGHPAXPAUPCX_004caa40@@@Z,matched,100.0
0x4cac40,640,src/graphics/pcx_4cac40.cpp,?WritePcx@@YGHPAXPAEHH1@Z,matched,100.0
0x4caec0,98,src/graphics/pcx_4caec0.cpp,?SaveSurfacePcx@@YGXPADPAUBitmap_004caec0@@@Z,matched,100.0
0x4caf30,334,src/graphics/pcx_4caf30.cpp,?LoadPcx@@YGPAUImage_004caf30@@PADPAE@Z,matched,100.0
0x4cb080,235,src/graphics/pcx_4cb080.cpp,?LoadPcxPalette@@YGHPADPAI@Z,matched,100.0
0x4cb170,370,src/graphics/pcx_4cb170.cpp,?SaveScreenshot@@YGHPAD0@Z,matched,100.0
0x4cb2f0,59,src/graphics/pcx_4cb2f0.cpp,?AveragePrimitiveY@@YGHPAUTable_004cb2f0@@PAUList_004cb2f0@@@Z,matched,100.0
0x4cb330,58,src/graphics/pcx_4cb330.cpp,?SwapPrimitives@@YGXPAUBlob32_4cb330@@0@Z,matched,100.0
0x4cb370,325,src/graphics/pcx_4cb370.cpp,?SortPrimitives@@YGXPAUNode_004cb4c0@@@Z,matched,100.0
0x4cb4c0,156,src/graphics/pcx_4cb4c0.cpp,?RelocateObject@@YGXHPAUNode_004cb4c0@@@Z,matched,100.0
0x4cb560,36,src/graphics/pcx_4cb560.cpp,?Load3do@@YGPAXPAD@Z,matched,100.0
0x4cb590,95,src/graphics/pcx_4cb590.cpp,?MirrorObject@@YGXPAUObject_004cb590@@@Z,matched,100.0
0x4cb5f0,84,src/graphics/pcx_4cb5f0.cpp,?GetObjectHeight@@YGHPAUNode_004cb5f0@@@Z,matched,100.0
0x4cb650,69,src/graphics/pcx_4cb650.cpp,?GetObjectBounds@@YGXPAUObject_004cb650@@PAUVec3_004cb650@@1H@Z,matched,100.0
0x4cb6a0,280,src/graphics/pcx_4cb6a0.cpp,?AddObjectBounds@@YGXPAUObject_004cb650@@PAUVec3_004cb650@@11H@Z,matched,100.0
0x4cb7c0,10,src/graphics/pcx_4cb7c0.cpp,?Init@Class_004cb7c0@@QAEPAU1@XZ,matched,100.0
0x4cb7d0,17,src/graphics/pcx_4cb7d0.cpp,?Close@Class_004cb7d0@@QAEXXZ,matched,100.0
0x4cb7f0,326,src/graphics/pcx_4cb7f0.cpp,?Open@Class_004cb7f0@@QAE_NPBDHH@Z,matched,100.0
0x4cb940,157,src/graphics/pcx_4cb940.cpp,?WriteRows@Class_004cb940@@QAE_NPAUImage_004cb940@@HHHHHH@Z,matched,100.0
0x4cb9e0,205,src/graphics/pcx_4cb9e0.cpp,?SaveBmp@@YGHPADPAUImage_004cb9e0@@@Z,matched,100.0
0x4cbab0,189,src/graphics/pcx_4cbab0.cpp,?ExceptionFilter@@YGHHH@Z,matched,100.0
0x4cbb70,105,src/debug/debug_helper_4cbb70.cpp,?PassThroughDebugHelper@@YGHH@Z,matched,100.0
0x4cd9b0,3,src/sound/cd_audio_4cd9b0.cpp,?FUN_004cd9b0@@YGXH@Z,matched,100.0
0x4cd9c0,7,src/sound/sound.cpp,?FUN_004cd9c0@Sound@@QAEHXZ,matched,100.0
0x4cd9d0,39,src/sound/cd_audio_4cd9d0.cpp,?SetCdCallback@Class_004cd9d0@@QAEHP6GXXZ@Z,matched,100.0
0x4cda00,307,src/sound/sound.cpp,?QueryDisc@Sound@@QAEHXZ,matched,100.0
0x4cdb40,1248,src/sound/cd_audio_4cdb40.cpp,?PlayNextTrack@Class_004cdb40@@QAEXXZ,matched,100.0
0x4ce020,7,src/sound/sound.cpp,?GetPlayState@Sound@@QAEHXZ,matched,100.0
0x4ce030,340,src/sound/cd_audio_4ce030.cpp,?HandleCdMessage@@YAXHHH@Z,matched,100.0
0x4ce190,61,src/sound/sound.cpp,?CloseCdPlayerWindow@Sound@@QAEXXZ,matched,100.0
0x4ce1d0,14,src/sound/sound.cpp,?HasCdPlayerWindow@Sound@@QAE_NXZ,matched,100.0
0x4ce1e0,114,src/sound/cd_audio_4ce1e0.cpp,?FindCdPlayerWindow@@YGHPAXJ@Z,matched,100.0
0x4ce260,378,src/sound/cd_audio_4ce260.cpp,?OpenCdAudio@Class_004ce260@@QAEHXZ,matched,100.0
0x4ce3e0,39,src/sound/cd_audio_4ce3e0.cpp,?FUN_004ce3e0@Class_004ce3e0@@QAEXPBX@Z,matched,100.0
0x4ce410,50,src/sound/cd_audio_4ce410.cpp,?CloseCdAudio@Class_004ce410@@QAEXXZ,matched,100.0
0x4ce450,7,src/sound/cd_audio_4ce450.cpp,?GetTrackCount@Class_004ce450@@QAEHXZ,matched,100.0
0x4ce460,194,src/sound/cd_audio_4ce460.cpp,?IsFirstTrackData@Class_004ce460@@QAEHXZ,matched,100.0
0x4ce530,77,src/sound/cd_audio_4ce530.cpp,?GetTrackLength@@YGHH@Z,matched,100.0
0x4ce580,23,src/sound/cd_audio_4ce580.cpp,?FUN_004ce580@Class_004ce580@@QAEXH@Z,matched,100.0
0x4ce5a0,7,src/sound/cd_audio_4ce5a0.cpp,?FUN_004ce5a0@Class_004ce5a0@@QAEHXZ,matched,100.0
0x4ce5b0,35,src/sound/cd_audio_4ce5b0.cpp,?OnNextTrackTimer@@YGXPAX@Z,matched,100.0
0x4ce5e0,150,src/sound/cd_audio_4ce5e0.cpp,?OnCdFadeTimer@@YGXPAX@Z,matched,100.0
0x4ce680,7,src/sound/cd_audio_4ce680.cpp,?GetTrackCategory@Class_004ce680@@QAEHXZ,matched,100.0
0x4ce690,258,src/sound/sound.cpp,?SetTrackCategory@Sound@@QAEXH@Z,matched,100.0
0x4ce7a0,18,src/sound/cd_audio_4ce7a0.cpp,?SetPlaybackOrder@Class_004ce7a0@@QAEHH@Z,matched,100.0
0x4ce7c0,18,src/sound/cd_audio_4ce7c0.cpp,?SetCategoryOfTrack@Class_004ce7c0@@QAEXHE@Z,matched,100.0
0x4ce7e0,14,src/sound/cd_audio_4ce7e0.cpp,?GetCategoryOfTrack@Class_004ce7e0@@QAEEH@Z,matched,100.0
0x4ce7f0,7,src/sound/sound.cpp,?GetCurrentTrack@Sound@@QAEHXZ,matched,100.0
0x4ce800,117,src/sound/sound.cpp,?IsCdPlaying@Sound@@QAEHXZ,matched,100.0
0x4ce880,50,src/sound/cd_audio_4ce880.cpp,?GetCdPosition@@YGHXZ,matched,100.0
0x4ce8c0,71,src/sound/cd_audio_4ce8c0.cpp,?SelectTrack@Class_004ce8c0@@QAEHH@Z,matched,100.0
0x4ce910,591,src/sound/cd_audio_4ce910.cpp,?PauseCdAudio@Class_004ce910@@QAEHH@Z,matched,100.0
0x4ceb60,478,src/sound/sound.cpp,?PlayCdTrack@Sound@@QAEHHH@Z,matched,100.0
0x4ced40,121,src/sound/cd_audio_4ced40.cpp,?StopCdAudio@Class_004ced40@@QAEHXZ,matched,100.0
0x4cedc0,123,src/sound/cd_audio_4cedc0.cpp,?EnableCdAudio@Class_004cedc0@@QAEXH@Z,matched,100.0
0x4cee40,3,src/sound/cd_audio_4cee40.cpp,?FUN_004cee40@@YGXH@Z,matched,100.0
0x4cee50,137,src/sound/sound.cpp,??0Sound@@QAE@XZ,matched,100.0
0x4ceee0,170,src/sound/sound.cpp,?ReleaseDirectSound@Sound@@QAEXXZ,matched,100.0
0x4cef90,274,src/sound/sound.cpp,?InitDirectSound@Sound@@QAEHHHHPAX@Z,matched,100.0
0x4cf0b0,148,src/sound/sound.cpp,?ReapFinishedBuffers@Sound@@QAEXXZ,matched,100.0
0x4cf150,48,src/sound/sound.cpp,?StopAllBuffers@Sound@@QAEXXZ,matched,100.0
0x4cf180,138,src/sound/sound.cpp,?StopOldestBuffer@Sound@@QAEXXZ,matched,100.0
0x4cf210,10,src/sound/sound.cpp,?SetMaxBuffers@Sound@@QAEXH@Z,matched,100.0
0x4cf220,4,src/sound/sound.cpp,?GetMaxBuffers@Sound@@QAEHXZ,matched,100.0
0x4cf230,309,src/sound/sound.cpp,?CreateSampleFromMemory@Sound@@QAEPAPAUIDirectSoundBuffer@@PAXKHHH@Z,matched,100.0
0x4cf370,348,src/sound/sound.cpp,?CreateSampleFromFile@Sound@@QAEPAPAUIDirectSoundBuffer@@PAUFileHandle@@KHHH@Z,matched,100.0
0x4cf4d0,103,src/sound/sound.cpp,?ReleaseSampleSet@Sound@@QAEXPAPAUIDirectSoundBuffer@@@Z,matched,100.0
0x4cf540,40,src/sound/sound.cpp,?PlayLooping@Sound@@QAEXPAPAUIDirectSoundBuffer@@J@Z,matched,100.0
0x4cf570,646,src/sound/sound.cpp,?PlaySampleSet@Sound@@QAEHPAPAUIDirectSoundBuffer@@JPAUPos_004cf570@@@Z,matched,100.0
0x4cf800,153,src/sound/sound.cpp,?PlayMemorySample@Sound@@QAEHPAXKHHHJPAUPos_004cf570@@@Z,matched,100.0
0x4cf8a0,153,src/sound/sound.cpp,?PlayFileSample@Sound@@QAEHPAUFileHandle@@KHHHJPAUPos_004cf570@@@Z,matched,100.0
0x4cf940,499,src/sound/sound.cpp,?StartStream@Sound@@QAEXPAUFileHandle@@HHHJ@Z,matched,100.0
0x4cfb40,82,src/sound/sound.cpp,?StopStream@Sound@@QAEXXZ,matched,100.0
0x4cfba0,28,src/sound/sound.cpp,?IsStreamActive@Sound@@QAEHXZ,matched,100.0
0x4cfbc0,218,src/sound/sound.cpp,?UpdateStream@Sound@@QAEXXZ,matched,100.0
0x4cfca0,403,src/sound/sound.cpp,?FillStreamHalf@Sound@@QAEXXZ,matched,100.0
0x4cfe40,56,src/sound/sound.cpp,?FillSilence@Sound@@QAEXPAXI@Z,matched,100.0
0x4cfe80,8,src/sound/sound.cpp,?Enable3D@Sound@@QAEXXZ,matched,100.0
0x4cfe90,8,src/sound/sound.cpp,?Disable3D@Sound@@QAEXXZ,matched,100.0
0x4cfea0,4,src/sound/sound.cpp,?Is3DEnabled@Sound@@QAEHXZ,matched,100.0
0x4cfeb0,17,src/sound/sound.cpp,?Set3DDistances@Sound@@QAEXMM@Z,matched,100.0
0x4cfed0,3,src/sound/samples_4cfed0.cpp,?FUN_004cfed0@@YGHXZ,matched,100.0
0x4cfee0,1,src/sound/samples_4cfee0.cpp,?FUN_004cfee0@@YGXXZ,matched,100.0
0x4cfef0,3,src/sound/samples_4cfef0.cpp,?FUN_004cfef0@@YGHXZ,matched,100.0
0x4cff00,1,src/sound/samples_4cff00.cpp,?FUN_004cff00@@YGXXZ,matched,100.0
0x4cff10,3,src/sound/samples_4cff10.cpp,?FUN_004cff10@@YGHXZ,matched,100.0
0x4cff20,7,src/sound/sound.cpp,?HasNoDriver@Sound@@QAEHXZ,matched,100.0
0x4cff30,186,src/sound/samples_4cff30.cpp,?InitMixerVolumes@Class_004cff30@@QAEXXZ,matched,100.0
0x4cfff0,71,src/sound/samples_4cfff0.cpp,?QueryWaveVolume@Class_004cfff0@@QAEHXZ,matched,100.0
0x4d0040,40,src/sound/samples_4d0040.cpp,?QueryAuxVolume@Class_004d0040@@QAEHXZ,matched,100.0
0x4d0070,88,src/sound/samples_4d0070.cpp,?SetWaveVolume@Class_004d0070@@QAEHH@Z,matched,100.0
0x4d00d0,81,src/sound/samples_4d00d0.cpp,?SetAuxVolume@Class_004d00d0@@QAEHHH@Z,matched,100.0
0x4d0130,124,src/sound/samples_4d0130.cpp,?RestoreMixerVolumes@Class_004d0130@@QAEXXZ,matched,100.0
0x4d01b0,233,src/sound/samples_4d01b0.cpp,?DetectSampleFormat@Class_004d01b0@@QAEHPAX@Z,matched,100.0
0x4d02a0,895,src/sound/samples_4d02a0.cpp,?OpenSample@Class_004d02a0@@QAEHPADHHH@Z,matched,100.0
0x4d0620,19,src/sound/sound.cpp,?LoadSample@Sound@@QAEXPAD@Z,matched,100.0
0x4d0640,25,src/sound/sound.cpp,?PlaySample@Sound@@QAEXPBDHH@Z,matched,100.0
0x4d0660,22,src/sound/sound.cpp,?StreamSample@Sound@@QAEXPADH@Z,matched,100.0
0x4d0680,62,src/sound/samples_4d0680.cpp,?OnStreamTimer@@YGXH@Z,matched,100.0
0x4d06c0,85,src/sound/sound.cpp,?StreamSampleDelayed@Sound@@QAEHPADHH@Z,matched,100.0
0x4d0720,205,src/sound/sound.cpp,?FindChunkSize@Sound@@QAEHPAXPAD@Z,matched,100.0
0x4d07f0,275,src/sound/sound.cpp,?ReadWaveFormat@Sound@@QAEHPAXPAH11@Z,matched,100.0
0x4d0910,206,src/sound/sound.cpp,?FindDataChunkSize@Sound@@QAEHPAX@Z,matched,100.0
0x4d09e0,47,src/sound/samples_4d09e0.cpp,?FUN_004d09e0@@YGXXZ,matched,100.0
0x4d0a10,86,src/sound/samples_4d0a10.cpp,?FUN_004d0a10@@YGXH@Z,matched,100.0
0x4d0a70,28,src/sound/samples_4d0a70.cpp,?FUN_004d0a70@@YAHXZ,matched,100.0
0x4d0a90,28,src/sound/samples_4d0a90.cpp,?FUN_004d0a90@@YGHXZ,matched,100.0
0x4d0ab0,48,src/util/sqsh.cpp,?LzssFreeWindow@@YAHXZ,matched,100.0
0x4d0ae0,48,src/util/sqsh.cpp,?LzssFreeTree@@YGHXZ,matched,100.0
0x4d0b10,101,src/util/sqsh.cpp,?LzssContractNode@@YGXHH@Z,matched,100.0
0x4d0b80,137,src/util/sqsh.cpp,?LzssReplaceNode@@YGXHH@Z,matched,100.0
0x4d0c10,56,src/util/sqsh.cpp,?LzssFindNextNode@@YGHH@Z,matched,100.0
0x4d0c50,389,src/util/sqsh.cpp,?LzssDeleteString@@YGXH@Z,matched,100.0
0x4d0de0,373,src/util/sqsh.cpp,?LzssAddString@@YGHHPAH@Z,matched,100.0
0x4d0f60,1304,src/util/sqsh.cpp,?LzssCompress@@YGHPAE0H@Z,matched,100.0
0x4d1480,493,src/util/sqsh.cpp,?LzssExpand@@YGHPAE0@Z,matched,100.0
0x4d1670,385,src/util/sqsh.cpp,?LzssSetPreset@@YGHPAEH@Z,matched,100.0
0x4d1800,13,src/util/sqsh.cpp,?LzssDisablePreset@@YGHXZ,matched,100.0
0x4d1810,13,src/util/sqsh.cpp,?LzssEnablePreset@@YGHXZ,matched,100.0
0x4d1820,333,src/util/sqsh.cpp,?SquashPack@@YGHPAUChunk_4d1820@@PAHPADHHH@Z,matched,100.0
0x4d1970,296,src/util/sqsh.cpp,?SquashUnpack@@YGHPAD0@Z,matched,100.0
0x4d1aa0,81,src/util/sqsh.cpp,?SquashMaxPackedSize@@YGIIH@Z,matched,100.0
0x4d1b00,61,src/util/sqsh.cpp,?SquashGetPackType@@YGHPAE@Z,matched,100.0
0x4d1b40,39,src/util/sqsh.cpp,?SquashUnpackedSize@@YGHPAE@Z,matched,100.0
0x4d1b70,35,src/util/sqsh.cpp,?SquashEncrypt@@YGHPADI@Z,matched,100.0
0x4d1ba0,35,src/util/sqsh.cpp,?SquashDecrypt@@YGHPAEI@Z,matched,100.0
0x4d1bd0,35,src/util/sqsh.cpp,?SquashChecksum@@YGHPAEH@Z,matched,100.0
0x4d1c00,81,src/util/sqsh.cpp,?SquashDumpHeader@@YGXPAUChunk_4d1820@@@Z,matched,100.0
0x4d1c60,24,src/util/sqsh.cpp,?SquashErrorString@@YGPAXH@Z,matched,100.0
0x4d80b0,17,src/debug/debug_lib_4d80b0.cpp,?SetMemFussyDefault@@YGXXZ,matched,100.0
0x4d80d0,87,src/debug/debug_lib_4d80b0.cpp,?IsMemFussy@@YGDXZ,matched,100.0
0x4d8130,1,src/debug/debug_lib_4d80b0.cpp,?FUN_004d8130@@YGXXZ,matched,100.0
0x4d8140,70,src/debug/debug_lib_4d80b0.cpp,?IsGonzo@@YGDXZ,matched,100.0
0x4d8190,1,src/debug/debug_lib_4d80b0.cpp,?FUN_004d8190@@YGXXZ,matched,100.0
0x4d81a0,94,src/debug/debug_lib_4d80b0.cpp,?IsNearFillPattern@@YA_NHH@Z,matched,100.0
0x4d8200,74,src/debug/debug_lib_4d80b0.cpp,?FUN_004d8200@@YGDXZ,matched,100.0
0x4d8250,1,src/debug/debug_lib_4d80b0.cpp,?FUN_004d8250@@YGXXZ,matched,100.0
0x4d8260,69,src/debug/debug_lib_4d80b0.cpp,?GetMemSetValue@@YGHXZ,matched,100.0
0x4d82b0,1,src/debug/debug_lib_4d80b0.cpp,?FUN_004d82b0@@YGXXZ,matched,100.0
0x4d82c0,68,src/debug/debug_lib_4d80b0.cpp,?FillPattern@@YAXPAXII@Z,matched,100.0
0x4d8360,43,src/debug/debug_lib_4d80b0.cpp,?GetBlockSize@@YAIPAX@Z,matched,100.0
0x4d8390,1,src/debug/debug_lib_4d80b0.cpp,?FUN_004d8390@@YGXXZ,matched,100.0
0x4d83a0,1,src/debug/debug_lib_4d80b0.cpp,?FUN_004d83a0@@YAXH@Z,matched,100.0
0x4d83b0,14,src/debug/debug_lib_4d80b0.cpp,?FUN_004d83b0@@YAXII@Z,matched,100.0
0x4d83c0,139,src/debug/debug_lib_4d80b0.cpp,?GameAlloc@@YAPAXI@Z,matched,100.0
0x4d8450,14,src/debug/debug_lib_4d80b0.cpp,?FUN_004d8450@@YAXI@Z,matched,100.0
0x4d8460,49,src/debug/debug_lib_4d80b0.cpp,?GameCalloc@@YAPAXII@Z,matched,100.0
0x4d84a0,19,src/debug/debug_lib_4d80b0.cpp,?FUN_004d84a0@@YAXPAXHI@Z,matched,100.0
0x4d84c0,182,src/debug/debug_lib_4d80b0.cpp,?GameRealloc@@YAPAXPAXI@Z,matched,100.0
0x4d8580,21,src/debug/debug_lib_4d80b0.cpp,?FUN_004d8580@@YAXPAHH@Z,matched,100.0
0x4d85a0,14,src/debug/debug_lib_4d80b0.cpp,?FUN_004d85a0@@YAXPAH@Z,matched,100.0
0x4d85b0,91,src/debug/debug_lib_4d80b0.cpp,?GameFree@@YAXPAX@Z,matched,100.0
0x4d8610,76,src/debug/debug_lib_4d80b0.cpp,?GameStrdup@@YAPADPAD@Z,matched,100.0
0x4d8660,14,src/debug/debug_lib_4d80b0.cpp,?FUN_004d8660@@YAXI@Z,matched,100.0
0x4d8670,14,src/debug/debug_lib_4d80b0.cpp,?FUN_004d8670@@YAXPAH@Z,matched,100.0
0x4d8680,3,src/debug/debug_lib_4d80b0.cpp,?FUN_004d8680@@YADK@Z,matched,100.0
0x4d8690,21,src/debug/debug_lib_4d80b0.cpp,?ProtectPagesReadOnly@@YAXHH@Z,matched,100.0
0x4d86b0,63,src/debug/debug_lib_4d80b0.cpp,?ProtectPages@@YAXHHH@Z,matched,100.0
0x4d86f0,21,src/debug/debug_lib_4d80b0.cpp,?ProtectPagesReadWrite@@YAXHH@Z,matched,100.0
0x4d8710,16,src/debug/debug_lib_4d80b0.cpp,?ProtectBlockReadOnly@@YAXPAX@Z,matched,100.0
0x4d8720,82,src/debug/debug_lib_4d80b0.cpp,?ProtectBlock@@YAXPAXH@Z,matched,100.0
0x4d8780,16,src/debug/debug_lib_4d80b0.cpp,?ProtectBlockReadWrite@@YAXPAX@Z,matched,100.0
0x4d8790,81,src/debug/debug_lib_4d80b0.cpp,?FormatBlockInfo@@YAXVBlockInfo@@PADH@Z,matched,100.0
0x4d87f0,34,src/debug/debug_lib_4d80b0.cpp,??0BlockInfo@@QAE@XZ,matched,100.0
0x4d8820,48,src/debug/debug_lib_4d80b0.cpp,??0Class_004d8820@@QAE@HHHHPBD@Z,matched,100.0
0x4d8850,31,src/debug/debug_lib_4d80b0.cpp,?FUN_004d8850@Class_004d8850@@QAEXPAD@Z,matched,100.0
0x4d89b0,293,src/debug/debug_lib_4d89b0.cpp,?FormatCallSite@CallSite@@QAEXPADH@Z,matched,100.0
0x4d8ae0,70,src/debug/debug_lib_4d89b0.cpp,??0RunningStats@@QAE@ABUBase_004d8ae0@@PBD@Z,matched,100.0
0x4d8b30,37,src/debug/debug_lib_4d89b0.cpp,?FUN_004d8b30@RunningStats@@QAEXPBD@Z,matched,100.0
0x4d8b60,97,src/debug/debug_lib_4d89b0.cpp,?FUN_004d8b60@RunningStats@@QAEXI@Z,matched,100.0
0x4d8bd0,38,src/debug/debug_lib_4d89b0.cpp,??0BlockHistory@@QAE@XZ,matched,100.0
0x4d8c00,73,src/debug/debug_lib_4d89b0.cpp,??0Class_004d8c00@@QAE@ABVBlockInfo@@PBDHH@Z,matched,100.0
0x4d8c50,226,src/debug/debug_lib_4d89b0.cpp,?FormatBlockHistory@BlockHistory@@QAEXPADHD@Z,matched,100.0
0x4d8d40,35,src/debug/debug_lib_4d89b0.cpp,?FUN_004d8d40@BlockHistory@@QAEXD@Z,matched,100.0
0x4d8df0,34,src/debug/debug_lib_4d89b0.cpp,?GetStackLow@@YAHXZ,matched,100.0
0x4d8e20,34,src/debug/debug_lib_4d89b0.cpp,?GetStackHigh@@YGPAXXZ,matched,100.0
0x4d8e50,16,src/debug/debug_lib_4d89b0.cpp,?SetOutOfMemoryHandler@@YAHH@Z,matched,100.0
0x4d8e60,2644,src/debug/debug_lib_4d89b0.cpp,?ReportException@@YAHPAU_EXCEPTION_POINTERS@@PAD@Z,matched,100.0
0x4d98c0,487,src/debug/debug_lib_4d89b0.cpp,?GetExceptionName@@YAPADK@Z,matched,100.0
0x4d9c60,60,src/debug/debug_lib_4d89b0.cpp,?CaptureStack@StackTrace@@QAEXPAH0HH@Z,matched,100.0
0x4d9ca0,647,src/debug/debug_lib_4d89b0.cpp,?FormatStackReport@Class_004d9ca0@@QAEXXZ,matched,100.0
0x4d9f30,29,src/debug/debug_lib_4d89b0.cpp,?FUN_004d9f30@@YGHPAXK0@Z,matched,100.0
0x4d9f50,6,src/debug/debug_lib_4d89b0.cpp,?GetDebugLibInstance@@YGHXZ,matched,100.0
0x4d9f60,118,src/debug/debug_lib_4d89b0.cpp,?FindCommandLineSwitch@@YAPADPAD@Z,matched,100.0
0x4d9fe0,89,src/debug/debug_lib_4d89b0.cpp,??0Class_004d9fe0@@QAE@PADHD0000@Z,matched,100.0
0x4da040,106,src/debug/debug_lib_4d89b0.cpp,??0Class_004da040@@QAE@PADHH0@Z,matched,100.0
0x4da0b0,6,src/debug/debug_lib_4d89b0.cpp,?FUN_004da0b0@@YGHXZ,matched,100.0
0x4da0c0,26,src/debug/debug_lib_4d89b0.cpp,?AbortProgram@@YGXXZ,matched,100.0
0x4da0e0,64,src/debug/debug_lib_4d89b0.cpp,?FUN_004da0e0@@YA_NPBD@Z,matched,100.0
0x4da2a0,21,src/debug/debug_lib_4d89b0.cpp,?UnhandledExceptionHandler@@YGXH@Z,matched,100.0
0x4da3f0,130,src/debug/debug_lib_4d89b0.cpp,?NormalizeLineEndings@@YAXPADH@Z,matched,100.0
0x4da480,100,src/debug/debug_lib_4d89b0.cpp,?GetDialogTemplate@@YAPAXH@Z,matched,100.0
0x4da4f0,65,src/debug/debug_lib_4d89b0.cpp,?ShowDialogBox@@YAHHPAXP6GHXZJ@Z,matched,100.0
0x4da540,65,src/debug/debug_lib_4d89b0.cpp,?CreateDialogFromTemplate@@YAPAXHPAXP6GHXZJ@Z,matched,100.0
0x4da590,27,src/debug/debug_lib_4d89b0.cpp,?GetFileNameFromPath@@YAPADPAD@Z,matched,100.0
0x4da5b0,460,src/debug/debug_lib_4d89b0.cpp,?OpenUrl@@YAXPAXPAD1@Z,matched,100.0
0x4da780,50,src/debug/debug_lib_4d89b0.cpp,?FUN_004da780@@YGPAVCritSec_004da780@@XZ,matched,100.0
0x4da7c0,1,src/debug/debug_lib_4d89b0.cpp,?FUN_004da7c0@@YGXXZ,matched,100.0
0x4da7d0,109,src/debug/debug_lib_4d89b0.cpp,?CountAlloc@@YAXI@Z,matched,100.0
0x4da840,30,src/debug/debug_lib_4d89b0.cpp,?CountFree@@YAXH@Z,matched,100.0
0x4da860,53,src/debug/debug_lib_4d89b0.cpp,?ResetAllocStats@@YGXXZ,matched,100.0
0x4da8a0,17,src/debug/debug_lib_4d89b0.cpp,?FUN_004da8a0@@YAHH@Z,matched,100.0
0x4da8c0,15,src/debug/debug_lib_4d89b0.cpp,?RoundUpToPage@@YAIH@Z,matched,100.0
0x4da8d0,283,src/debug/debug_lib_4d89b0.cpp,?GetBlockMap@@YGPAXXZ,matched,100.0
0x4da9f0,62,src/debug/debug_lib_4d89b0.cpp,?GetFreedBlockRing@@YGPAV?$Container_004da9f0@HV?$allocator@H@std@@@@XZ,matched,100.0
0x4daa30,214,src/debug/debug_lib_4daa30.cpp,?FindBlocksAroundAddress@@YAXIPAVClass_004d8820@@0@Z,matched,100.0
0x4dab10,160,src/debug/debug_lib_4dab10.cpp,?DescribeAddress@@YAXIPADH@Z,matched,100.0
0x4dabb0,311,src/debug/debug_lib_4dabb0.cpp,?FUN_004dabb0@@YADIPADI@Z,matched,100.0
0x4dacf0,780,src/debug/debug_lib_4dacf0.cpp,?AllocDebugBlock@@YAIII@Z,matched,100.0
0x4db000,439,src/debug/free_block_map.cpp,?AddFreeBlock@FreeBlockMap@@QAEXUPair_004db000@@@Z,matched,100.0
0x4db1c0,646,src/debug/free_block_map.cpp,?TakeFreeBlock@FreeBlockMap@@QAEII@Z,matched,100.0
0x4db450,444,src/debug/debug_lib_4db450.cpp,?GrowReservation@Class_004db450@@QAE_NI@Z,matched,100.0
0x4db610,332,src/debug/debug_lib_4db610.cpp,?GetFreeBlockSet@@YGPAVFreeBlockMap@@XZ,matched,100.0
0x4db760,70,src/debug/debug_lib_4db760.cpp,?IsBackAlign@@YGDXZ,matched,100.0
0x4db7b0,1,src/debug/debug_lib_4db7b0.cpp,?FUN_004db7b0@@YGXXZ,matched,100.0
0x4db7c0,6,src/debug/debug_lib_4db7c0.cpp,?FUN_004db7c0@@YGHXZ,matched,100.0
0x4db7d0,624,src/debug/debug_lib_4db7d0.cpp,?FreeDebugBlock@@YAXPAXH@Z,matched,100.0
0x4dba40,158,src/debug/debug_lib_4dba40.cpp,?ReallocDebugBlock@@YAPAXPAXIH@Z,matched,100.0
0x4dbae0,168,src/debug/debug_lib_4dbae0.cpp,?LookupBlockSize@@YAII@Z,matched,100.0
0x4dbb90,35,src/debug/debug_lib_4dbb90.cpp,?RoundRangeToPages@@YAXPAI0@Z,matched,100.0
0x4dbbc0,311,src/debug/debug_lib_4dbbc0.cpp,?FUN_004dbbc0@Class_004dce60@@QAE?AVClass_004ddbe0@@ABUPair_004dbbc0@@@Z,matched,100.0
0x4dbd00,26,src/debug/debug_lib_4dbd00.cpp,?FUN_004dbd00@Class_004dbd00@@QAE?AVConstIter_004dbd00@@V2@@Z,matched,100.0
0x4dbd20,83,src/debug/debug_lib_4dbd20.cpp,?FUN_004dbd20@Class_004dbd20@@QAE?AVIter_004dbd20@@ABI@Z,matched,100.0
0x4dbd80,131,src/debug/debug_lib_4dbd80.cpp,?FUN_004dbd80@Class_004dbe10@@QAE?AV1@H@Z,matched,100.0
0x4dbe10,145,src/debug/debug_lib_4dbd80.cpp,?FUN_004dbe10@Class_004dbe10@@QAE?AV1@H@Z,matched,100.0
0x4dbeb0,14,src/debug/debug_lib_4dbeb0.cpp,?FUN_004dbeb0@Class_004dbeb0@@QAEPAHPAH@Z,matched,100.0
0x4dbec0,621,src/debug/debug_lib_4dbec0.cpp,?FUN_004dbec0@Class_004dbec0@@QAE?AVClass_004ddbe0@@PAUPair_004dbec0@@@Z,matched,100.0
0x4dc130,1262,src/debug/debug_lib_4dc130.cpp,?FUN_004dc130@Class_004dc130@@QAE?AVClass_004dd340@@V2@@Z,matched,100.0
0x4dc620,83,src/debug/debug_lib_4dc620.cpp,?FUN_004dc620@Class_004dc620@@QAE?AVIter_004dc620@@ABI@Z,matched,100.0
0x4dc680,643,src/debug/debug_lib_4dc680.cpp,?FUN_004dc680@Class_004dc680@@QAE?AVClass_004ddbe0@@PAUPair_004dc680@@@Z,matched,100.0
0x4dc910,1262,src/debug/debug_lib_4dc910.cpp,?erase@Class_004dc910@@QAE?AVIter_004dc910@@V2@@Z,matched,100.0
0x4dce00,88,src/debug/debug_lib_4dce00.cpp,?FUN_004dce00@Class_004dce00@@QAE?AVIter_004dce00@@ABI@Z,matched,100.0
0x4dce60,746,src/debug/debug_lib_4dbbc0.cpp,?FUN_004dce60@Class_004dce60@@QAE?AVClass_004dd2a0@@PAUNode_004dbbc0@@0PBUPair_004dbbc0@@@Z,matched,100.0
0x4dd150,90,src/debug/debug_lib_4dd150.cpp,?FUN_004dd150@Class_004dd150@@QAEXPAUNode_004dd150@@@Z,matched,100.0
0x4dd1b0,49,src/debug/debug_lib_4dd1b0.cpp,?FUN_004dd1b0@@YAPAUNode_004dd1b0@@PAU1@@Z,matched,100.0
0x4dd1f0,92,src/debug/debug_lib_4dd1f0.cpp,?FUN_004dd1f0@Class_004dd1f0@@QAEXPAUNode_004dd1f0@@@Z,matched,100.0
0x4dd250,79,src/debug/debug_lib_4dd250.cpp,?FUN_004dd250@Class_004dd250@@QAEPAUNode_004dd250@@ABI@Z,matched,100.0
0x4dd2a0,159,src/debug/debug_lib_4dd2a0.cpp,?FUN_004dd2a0@Class_004dd2a0@@QAEXXZ,matched,100.0
0x4dd340,132,src/debug/debug_lib_4dd340.cpp,?FUN_004dd340@Class_004dd340@@QAEXXZ,matched,100.0
0x4dd3d0,83,src/debug/debug_lib_4dd3d0.cpp,?FUN_004dd3d0@Class_004dd3d0@@QAE?AVIter_004dd3d0@@ABI@Z,matched,100.0
0x4dd430,730,src/debug/debug_lib_4dd430.cpp,?FUN_004dd430@Class_004dd430@@QAE?AVClass_004dd2a0@@PAUNode_004dd430@@0ABUPair_004dd430@@@Z,matched,100.0
0x4dd710,90,src/debug/debug_lib_4dd710.cpp,?FUN_004dd710@Class_004dd710@@QAEXPAUNode_004dd710@@@Z,matched,100.0
0x4dd770,92,src/debug/debug_lib_4dd770.cpp,?FUN_004dd770@Class_004dd770@@QAEXPAUNode_004dd770@@@Z,matched,100.0
0x4dd7d0,79,src/debug/debug_lib_4dd7d0.cpp,?FUN_004dd7d0@Class_004dd7d0@@QAEPAUNode_004dd7d0@@ABI@Z,matched,100.0
0x4dd820,159,src/debug/debug_lib_4dd820.cpp,?FUN_004dd820@Class_004dd820@@QAEXXZ,matched,100.0
0x4dd8c0,785,src/debug/debug_lib_4dd8c0.cpp,?insert@?$vector@UElem_004dd8c0@@VAlloc_004dd8c0@@@std@@QAEXPAUElem_004dd8c0@@IABU3@@Z,matched,100.0
0x4ddbe0,22,src/debug/debug_lib_4ddbe0.cpp,?FUN_004ddbe0@Class_004ddbe0@@QAEPAV1@PAHPAE@Z,matched,100.0
0x4ddc00,133,src/debug/debug_lib_4ddc00.cpp,?FUN_004ddc00@Class_004ddc00@@QAEPAUNode_004ddc00@@HH@Z,matched,100.0
0x4ddc90,79,src/debug/debug_lib_4ddc90.cpp,?FUN_004ddc90@Class_004ddc90@@QAEPAUNode_004ddc90@@ABI@Z,matched,100.0
0x4ddce0,133,src/debug/debug_lib_4ddce0.cpp,?FUN_004ddce0@Class_004ddce0@@QAEPAUNode_004ddce0@@HH@Z,matched,100.0
0x4ddd70,126,src/debug/debug_lib_4ddd70.cpp,?FUN_004ddd70@Class_004ddd70@@QAEPAXI@Z,matched,100.0
0x4dddf0,126,src/debug/debug_lib_4dddf0.cpp,?FUN_004dddf0@Class_004dddf0@@QAEPAXI@Z,matched,100.0
0x4dde70,132,src/debug/debug_lib_4dde70.cpp,?FUN_004dde70@Class_004dde70@@QAEXXZ,matched,100.0
0x4ddf00,158,src/debug/loaded_image.cpp,??0LoadedImage@@QAE@PAX@Z,matched,100.0
0x4ddfa0,63,src/debug/loaded_image.cpp,?GetFpoRecords@LoadedImage@@QAEPAUFpo_004de020@@XZ,matched,100.0
0x4ddfe0,57,src/debug/debug_lib_4ddfe0.cpp,?GetFpoRecordCount@Class_004ddfe0@@QAEIXZ,matched,100.0
0x4de020,125,src/debug/debug_lib_4de020.cpp,?FindFpoRecord@Class_004de020@@QAEPAUFpo_004de020@@I@Z,matched,100.0
0x4de0a0,70,src/debug/debug_lib_4de0a0.cpp,?FUN_004de0a0@@YGXHI@Z,matched,100.0
0x4de0f0,10,src/debug/debug_lib_4de0f0.cpp,?FUN_004de0f0@@YGXXZ,matched,100.0
0x4de100,8,src/debug/debug_lib_4de100.cpp,?FUN_004de100@@YGXHH@Z,matched,100.0
0x4de110,105,src/debug/debug_lib_4de110.cpp,?UnloadImageHelp@@YGXXZ,matched,100.0
0x4de180,823,src/debug/debug_lib_4de180.cpp,?LoadImageHelp@@YADD@Z,matched,100.0
0x4de4c0,1,src/debug/debug_lib_4de4c0.cpp,?FUN_004de4c0@@YGXXZ,matched,100.0
0x4de4d0,109,src/debug/debug_lib_4de4d0.cpp,?FUN_004de4d0@@YGDXZ,matched,100.0
0x4de540,1,src/debug/debug_lib_4de540.cpp,?FUN_004de540@@YGXXZ,matched,100.0
0x4de550,175,src/debug/debug_lib_4de550.cpp,?GetLineFromAddress@@YADKPAULine_004de550@@PAK@Z,matched,100.0
0x4de600,243,src/debug/debug_lib_4de600.cpp,?WalkFrameChain@@YAXPAH0HH0H00H0@Z,matched,100.0
0x4de700,271,src/debug/debug_lib_4de700.cpp,?WalkStack@@YAXHHHHPAHH0@Z,matched,100.0
0x4de810,130,src/debug/debug_lib_4de810.cpp,?FileExists@@YA_NPAD0@Z,matched,100.0
0x4de8a0,347,src/debug/debug_lib_4de8a0.cpp,?GetSourceFilePath@@YAXPAD0@Z,matched,100.0
0x4dea00,850,src/debug/debug_lib_4dea00.cpp,?FormatCallStack@@YAXPADHHHPAK@Z,matched,100.0
0x4ded60,1013,src/debug/debug_lib_4ded60.cpp,?FormatSystemInfo@@YAXPADH@Z,matched,100.0
0x4df160,101,src/debug/debug_lib_4df160.cpp,?FUN_004df160@@YGXXZ,matched,100.0
0x4df1d0,1,src/debug/debug_lib_4df1d0.cpp,?FUN_004df1d0@@YGXXZ,matched,100.0
0x4df1e0,102,src/debug/debug_lib_4df1e0.cpp,??0Class_004df1e0@@QAE@XZ,matched,100.0
0x4df250,46,src/debug/performance_dialog.cpp,?CreatePerformanceDialog@PerformanceDialog@@QAEXXZ,matched,100.0
0x4df280,163,src/debug/debug_lib_4df280.cpp,?SetPerformanceWindowVisible@Class_004df280@@QAEXD@Z,matched,100.0
0x4df330,76,src/debug/debug_lib_4df330.cpp,?PerformanceDlgProc@@YGHPAXIIJ@Z,matched,100.0
0x4df380,340,src/debug/debug_lib_4df380.cpp,?FUN_004df380@Class_004df380@@QAEXXZ,matched,100.0
0x4df4e0,175,src/debug/debug_lib_4df4e0.cpp,?FUN_004df4e0@Class_004df4e0@@QAEXXZ,matched,100.0
0x4df590,1904,src/debug/performance_dialog.cpp,?HandlePerformanceMessage@PerformanceDialog@@QAEHIIJ@Z,matched,100.0
0x4dfd00,15,src/debug/debug_lib_4dfd00.cpp,?ShowPerformanceStatus@@YGXXZ,matched,100.0
0x4dfd10,51,src/debug/debug_lib_4dfd10.cpp,?GetPerformanceWindow@@YGPAVClass_004df1e0@@XZ,matched,100.0
0x4dfd50,290,src/debug/debug_lib_4dfd50.cpp,_$E2,matched,100.0
0x4dfe80,28,src/debug/debug_lib_4dfe80.cpp,?StartPerformanceStatus@@YGXXZ,matched,100.0
0x4dfea0,1358,src/debug/debug_lib_4dfea0.cpp,?FUN_004dfea0@Class_004dfea0@@QAE?AVClass_004e0450@@V2@@Z,matched,100.0
0x4e03f0,88,src/debug/debug_lib_4e03f0.cpp,?FUN_004e03f0@Class_004e03f0@@QAEXPAUNode_004e03f0@@@Z,matched,100.0
0x4e0450,132,src/debug/debug_lib_4e0450.cpp,?FUN_004e0450@Class_004e0450@@QAEXXZ,matched,100.0
0x4e04e0,49,src/debug/debug_lib_4e04e0.cpp,?FUN_004e04e0@@YAPAUNode_004e04e0@@PAU1@@Z,matched,100.0
0x4e0520,67,src/debug/debug_lib_4e0520.cpp,?FUN_004e0520@Class_004e0520@@QAEXH@Z,matched,100.0
0x4e0570,73,src/debug/debug_lib_4e0570.cpp,??0Class_004e0570@@QAE@XZ,matched,100.0
0x4e05c0,46,src/debug/memory_status_dialog.cpp,?CreateMemoryStatusDialog@MemoryStatusDialog@@QAEXXZ,matched,100.0
0x4e05f0,168,src/debug/debug_lib_4e05f0.cpp,?SetMemoryStatusWindowVisible@Class_004e05f0@@QAEXD@Z,matched,100.0
0x4e06a0,76,src/debug/debug_lib_4e06a0.cpp,?MemoryStatusDlgProc@@YGHPAXIIJ@Z,matched,100.0
0x4e06f0,50,src/debug/debug_lib_4e06f0.cpp,?FUN_004e06f0@@YGPAU_RTL_CRITICAL_SECTION@@XZ,matched,100.0
0x4e0730,1,src/debug/debug_lib_4e0730.cpp,?FUN_004e0730@@YGXXZ,matched,100.0
0x4e0740,67,src/debug/debug_lib_4e0740.cpp,?FUN_004e0740@@YGXXZ,matched,100.0
0x4e0790,67,src/debug/debug_lib_4e0790.cpp,?FUN_004e0790@@YGXXZ,matched,100.0
0x4e07e0,934,src/debug/debug_lib_4e07e0.cpp,?FormatWorkingSet@@YADPAD@Z,matched,100.0
0x4e0b90,2150,src/debug/memory_status_dialog.cpp,?HandleMemoryStatusMessage@MemoryStatusDialog@@QAEHIHH@Z,matched,100.0
0x4e1400,15,src/debug/debug_lib_4e1400.cpp,?ShowMemoryStatus@@YGXXZ,matched,100.0
0x4e1410,51,src/debug/debug_lib_4e1410.cpp,?FUN_004e1410@@YGPAVClass_004e0570@@XZ,matched,100.0
0x4e1450,1,src/debug/debug_lib_4e1450.cpp,?FUN_004e1450@@YGXXZ,matched,100.0
0x4e1460,28,src/debug/debug_lib_4e1460.cpp,?StartMemoryStatus@@YAXXZ,matched,100.0
0x4e1560,45,src/debug/mapped_file.cpp,??0MappedFile@@QAE@PBD@Z,matched,100.0
0x4e1590,181,src/debug/debug_lib_4e1590.cpp,?OpenMappedFile@Class_004e1590@@QAEXPBD@Z,matched,100.0
0x4e1650,47,src/debug/mapped_file.cpp,?CloseMappedFile@MappedFile@@QAEXXZ,matched,100.0
0x4e1680,38,src/debug/debug_lib_4e1680.cpp,?HasPerfCounters@@YAEXZ,matched,100.0
0x4e1700,44,src/debug/debug_lib_4e1700.cpp,?IsPentiumOrBetter@@YGDXZ,matched,100.0
0x4e1730,132,src/debug/debug_lib_4e1730.cpp,?GetTimeSeconds@@YANXZ,matched,100.0
0x4e17c0,252,src/debug/debug_lib_4e17c0.cpp,??0NameTable@@QAE@XZ,matched,100.0
0x4e18c0,198,src/debug/debug_lib_4e18c0.cpp,?FUN_004e18c0@Class_004e18c0@@QAEXXZ,matched,100.0
0x4e1990,158,src/debug/debug_lib_4e1990.cpp,?FUN_004e1990@Class_004e1990@@QAEXABVNameKey@@@Z,matched,100.0
0x4e1a30,80,src/debug/debug_lib_4e1a30.cpp,?FUN_004e1a30@NameKey@@QAEHABV1@@Z,matched,100.0
0x4e1a80,14,src/debug/debug_lib_4e1a80.cpp,?FUN_004e1a80@@YAXI@Z,matched,100.0
0x4e1a90,44,src/debug/debug_lib_4e1a90.cpp,?GetNameTable@@YGPAVNameTable@@XZ,matched,100.0
0x4e1ac0,50,src/debug/debug_lib_4e1ac0.cpp,?FUN_004e1ac0@@YGPAVCritSec_004e1ac0@@XZ,matched,100.0
0x4e1b00,1,src/debug/debug_lib_4e1b00.cpp,?FUN_004e1b00@@YGXXZ,matched,100.0
0x4e1b10,195,src/debug/debug_lib_4e1b10.cpp,?SyncPerformanceSettings@@YAXH@Z,matched,100.0
0x4e1be0,305,src/debug/debug_lib_4e1be0.cpp,?InitPerformanceEvents@@YGXXZ,matched,100.0
0x4e1d20,30,src/debug/timer.cpp,??0Timer@@QAE@H@Z,matched,100.0
0x4e1d40,26,src/debug/timer.cpp,??0Timer@@QAE@HH@Z,matched,100.0
0x4e1d60,122,src/debug/debug_lib_4e1d60.cpp,?FUN_004e1d60@Class_004e1d60@@QAEXHH@Z,matched,100.0
0x4e1de0,78,src/debug/timer.cpp,??1Timer@@QAE@XZ,matched,100.0
0x4e1e30,23,src/debug/timer.cpp,?GetElapsedSeconds@Timer@@QAENXZ,matched,100.0
0x4e2150,16,src/debug/debug_lib_4e2150.cpp,?StopTimer@Class_004e2150@@QAEXXZ,matched,100.0
0x4e2160,25,src/debug/timer.cpp,?ResumeTimer@Timer@@QAEXXZ,matched,100.0
0x4e2180,18,src/debug/timer.cpp,?ResetTimer@Timer@@QAEXXZ,matched,100.0
0x4e21a0,29,src/debug/timer.cpp,?FUN_004e21a0@Timer@@QAEXN@Z,matched,100.0
0x4e21c0,42,src/debug/timer.cpp,?FUN_004e21c0@Timer@@QAEXN@Z,matched,100.0
0x4e21f0,75,src/debug/timer.cpp,?FUN_004e21f0@Timer@@QAENXZ,matched,100.0
0x4e2240,14,src/debug/debug_lib_4e2240.cpp,?FUN_004e2240@Class_004e2240@@QAEPAHPAH@Z,matched,100.0
0x4e2250,801,src/debug/debug_lib_4e2250.cpp,?FUN_004e2250@Class_004e2250@@QAE?AVClass_004e2a10@@ABU?$pair@VNameKey@@UValue_004e2250@@@std@@@Z,matched,100.0
0x4e2580,146,src/debug/debug_lib_4e2580.cpp,?FUN_004e2580@Class_004e2580@@QAE?AVIter_004e2580@@ABQBD@Z,matched,100.0
0x4e2620,816,src/debug/debug_lib_4e2620.cpp,?FUN_004e2620@Class_004e2620@@QAE?AVIter_004e2620@@PAUNode_004e2620@@0ABUValue_004e2620@@@Z,matched,100.0
0x4e2950,90,src/debug/debug_lib_4e2950.cpp,?FUN_004e2950@Class_004e2950@@QAEXPAUNode_004e2950@@@Z,matched,100.0
0x4e29b0,92,src/debug/debug_lib_4e29b0.cpp,?FUN_004e29b0@Class_004e29b0@@QAEXPAUNode_004e29b0@@@Z,matched,100.0
0x4e2a10,22,src/debug/debug_lib_4e2a30.cpp,?FUN_004e2a10@Class_004e2a10@@QAEPAV1@PBUData1@@PBUData2@@@Z,matched,100.0
0x4e2a30,122,src/debug/debug_lib_4e2a30.cpp,?FUN_004e2a30@Class_004e2a30@@QAEPAUNode_004e2a30@@HH@Z,matched,100.0
0x4e2ab0,162,src/debug/debug_lib_4e2ab0.cpp,?FUN_004e2ab0@Class_004e2ab0@@QAEXXZ,matched,100.0
0x4e2b60,126,src/debug/debug_lib_4e2b60.cpp,?FUN_004e2b60@Class_004e2b60@@QAEPAXI@Z,matched,100.0
0x4e2be0,200,src/debug/cavedog_registry_key.cpp,??0CavedogRegistryKey@@QAE@DPAD0@Z,matched,100.0
0x4e2cb0,1,src/debug/cavedog_registry_key.cpp,??1CavedogRegistryKey@@QAE@XZ,matched,100.0
0x4e2cc0,32,src/debug/debug_lib_4e2cc0.cpp,?FUN_004e2cc0@Class_004e2cc0@@QAE_NPBDI@Z,matched,100.0
0x4e2ce0,23,src/debug/debug_lib_4e2ce0.cpp,?FUN_004e2ce0@Class_004e2ce0@@QAEXPAXI@Z,matched,100.0
0x4e2d00,106,src/debug/debug_lib_4e2d00.cpp,?ReadInt@Class_004e2d00@@QAEHPBDHHH@Z,matched,100.0
0x4e2d70,28,src/debug/debug_lib_4e2d70.cpp,?WriteDword@Class_004e2d70@@QAEXPBDK@Z,matched,100.0
0x4e2d90,106,src/debug/cavedog_registry_key.cpp,?ReadDword@CavedogRegistryKey@@QAEKPBDKKK@Z,matched,100.0
0x4e2e00,28,src/debug/debug_lib_4e2e00.cpp,?WriteInt@Class_004e2e00@@QAEXPBDH@Z,matched,100.0
0x4e2e20,61,src/debug/debug_lib_4e2e20.cpp,?FUN_004e2e20@Class_004e2e20@@QAEXPBDPAKKKK@Z,matched,100.0
0x4e2e60,61,src/debug/cavedog_registry_key.cpp,?FUN_004e2e60@CavedogRegistryKey@@QAEXPADPAHHHH@Z,matched,100.0
0x4e2ea0,61,src/debug/cavedog_registry_key.cpp,?FUN_004e2ea0@CavedogRegistryKey@@QAEXPADPAHHHH@Z,matched,100.0
0x4e2ee0,66,src/debug/cavedog_registry_key.cpp,?FUN_004e2ee0@CavedogRegistryKey@@QAEXPADPAFFFF@Z,matched,100.0
0x4e2f30,81,src/debug/cavedog_registry_key.cpp,?FUN_004e2f30@CavedogRegistryKey@@QAEXPADPAGGGG@Z,matched,100.0
0x4e2f90,65,src/debug/cavedog_registry_key.cpp,?FUN_004e2f90@CavedogRegistryKey@@QAEXPAD0DDD@Z,matched,100.0
0x4e2fe0,67,src/debug/debug_lib_4e2fe0.cpp,?FUN_004e2fe0@Class_004e2fe0@@QAEXPADPA_N_N@Z,matched,100.0
0x4e3030,79,src/debug/cavedog_registry_key.cpp,?FUN_004e3030@CavedogRegistryKey@@QAEXPADPAEEEE@Z,matched,100.0
0x4e3080,833,src/debug/debug_lib_4e3080.cpp,?RestoreWindowPosition@@YAEPAXPADNND@Z,matched,100.0
0x4e33d0,41,src/debug/debug_lib_4e33d0.cpp,?FUN_004e33d0@@YAXPAXPADNN@Z,matched,100.0
0x4e3400,423,src/debug/debug_lib_4e3400.cpp,?SaveWindowPosition@@YAXPAXPAD@Z,matched,100.0
0x4e3710,52,src/debug/debug_lib_4e3710.cpp,?CloseGdperf@@YG_NXZ,matched,100.0
0x4e3750,393,src/debug/debug_lib_4e3750.cpp,?ProgramPerfEvent@@YA_NIIDD@Z,matched,100.0
0x4e38e0,78,src/debug/debug_lib_4e38e0.cpp,?ReadGdperf@@YA_NKPAX@Z,matched,100.0
0x4e3930,101,src/debug/debug_lib_4e3930.cpp,?WriteGdperf@@YA_NKKK@Z,matched,100.0
0x4e39a0,6,src/debug/debug_lib_4e39a0.cpp,?GetCpuFamily@@YGHXZ,matched,100.0
0x4e3e10,6,src/debug/debug_lib_4e3e10.cpp,?FUN_004e3e10@@YGHXZ,matched,100.0
0x4e41e0,14,src/debug/debug_lib_4e41e0.cpp,?FUN_004e41e0@@YGXXZ,matched,100.0
0x4e41f0,14,src/debug/debug_lib_4e41f0.cpp,?FUN_004e41f0@@YGXXZ,matched,100.0
0x4e4200,14,src/debug/debug_lib_4e4200.cpp,?FUN_004e4200@@YGXXZ,matched,100.0
0x4e4210,14,src/debug/debug_lib_4e4210.cpp,?FUN_004e4210@@YGXXZ,matched,100.0
0x4e4220,14,src/debug/debug_lib_4e4220.cpp,?FUN_004e4220@@YGXXZ,matched,100.0
0x4e4230,14,src/debug/debug_lib_4e4230.cpp,?FUN_004e4230@@YGXXZ,matched,100.0
0x4e4240,14,src/debug/debug_lib_4e4240.cpp,?FUN_004e4240@@YGXXZ,matched,100.0
0x4e4250,1,src/debug/debug_lib_4e4250.cpp,?FUN_004e4250@@YGXXZ,matched,100.0
0x4e4260,1,src/debug/debug_lib_4e4260.cpp,?FUN_004e4260@@YGXXZ,matched,100.0
0x4e4270,1,src/debug/debug_lib_4e4270.cpp,?FUN_004e4270@@YGXXZ,matched,100.0
0x4e4280,1,src/debug/debug_lib_4e4280.cpp,?FUN_004e4280@@YGXXZ,matched,100.0
0x4e4290,1,src/debug/debug_lib_4e4290.cpp,?FUN_004e4290@@YGXXZ,matched,100.0
0x4e42a0,1,src/debug/debug_lib_4e42a0.cpp,?FUN_004e42a0@@YGXXZ,matched,100.0
