address,name
0x0,DAT_00000000
0x2c,_tls_array
0x401000,??_H@YGXPAXIHP6EX0@Z@Z
0x401030,CallOnEachReverse
0x401070,UnitResources::Reset
0x4010b0,Class_004010b0::SaveUnitAccounts
0x401110,Class_00401110::LoadUnitAccounts
0x401180,UnitResources::RequestEnergy
0x4011c0,UnitResources::RequestEnergyAndMetal
0x401220,UnitResources::SpendEnergy
0x401260,UnitResources::SpendMetal
0x4012a0,UnitResources::SpendEnergyAndMetal
0x401320,SettleResourceAccount
0x401360,UpdatePlayerEconomy
0x401c20,StopOrder
0x401cc0,MakeSelectableOrder
0x401ce0,WaitOrder
0x401e00,AttackUTypeOrder
0x401fd0,WaitForAttackOrder
0x402010,SelfDestructOrder
0x402160,AttackNoMoveOrder
0x4021f0,GuardNoMoveOrder
0x402430,SelfRepairOrder
0x402640,BuildingBuildOrder
0x402b70,BuildWeaponOrder
0x402d10,ParalyzeOrder
0x402da0,GetBuiltOrder
0x402fc0,BeCarriedOrder
0x403010,ActivateOrder
0x403040,DeactivateOrder
0x403070,CloakOnOrder
0x4030a0,CloakOffOrder
0x4030d0,StandingMoveOrder
0x403100,StandingFireOrder
0x403160,QMoveQPatrolOrder
0x403180,RegisterUnitOrders
0x403190,AttackSpecialOrder
0x4031d0,MoveGroundOrder
0x403260,AttackKamikazeOrder
0x4033a0,PatrolOrder
0x4034a0,AttackChaseOrder
0x4038a0,SuppressOrder
0x403a20,MobileBuildOrder
0x403f70,HelpBuildOrder
0x404270,CaptureOrder
0x404730,ReclaimUnitOrder
0x404ad0,ReclaimOrder
0x404db0,ResurrectOrder
0x405300,RepairUnitOrder
0x405740,RepairUnitNoMoveOrder
0x405980,RepairPatrolOrder
0x405d90,Class_00405d90::FUN_00405d90
0x405fe0,StandbyOrder
0x406090,StandbyMineOrder
0x4061a0,ParkOrder
0x406300,FollowGroundOrder
0x406780,GroundPickupOrder
0x406900,GroundUnloadOrder
0x406aa0,TeleportOrder
0x406bf0,RegisterGroundOrders
0x406c00,PAUUnit::?$vector::_Destroy
0x406c10,PAUUnit::?$vector::_Ucopy
0x406c40,PAUUnit::?$vector::_Ufill
0x406c70,FUN_00406c70
0x406c90,CmdPlan
0x406da0,EnableAICommands
0x406db0,CmdWeight
0x406e40,CmdLimit
0x406ee0,FUN_00406ee0
0x406f00,RegisterAICommands
0x406f40,FUN_00406f40
0x406f50,SquadManager::FUN_00406f50
0x406f80,ReactToAttack
0x4071f0,Class_004071f0::FindNearestEnemyUnit
0x407350,SquadTimer::SquadTimer
0x407380,SquadTimer::OnTimer
0x407390,??_GSquadTimer@@UAEPAXI@Z
0x4073b0,SquadTimer::FUN_004073b0
0x407410,SquadTimer::GetAveragePosition
0x4074a0,SquadTimer::CountGroupUnitsInRadius
0x407560,Class_00407560::FUN_00407560
0x4077e0,Class_00407930::OnTimer
0x407930,Class_00407930::Class_00407930
0x407980,??_GClass_00407930@@UAEPAXI@Z
0x4079a0,Class_004079d0::Class_004079d0
0x4079d0,??_GClass_004079d0@@UAEPAXI@Z
0x4079f0,Class_004079d0::OnTimer
0x407a90,Class_00407a90::Class_00407a90
0x407ac0,??_GClass_00407a90@@UAEPAXI@Z
0x407ae0,Class_00407a90::OnTimer
0x407d40,Class_00407d40::Class_00407d40
0x407e70,??_GClass_00407d40@@UAEPAXI@Z
0x407e90,Class_00407d40::OnTimer
0x408090,IsPointVisible
0x408100,Class_004085d0::OnTimer
0x4085d0,Class_004085d0::Class_004085d0
0x408600,??_GClass_004085d0@@UAEPAXI@Z
0x408620,Class_00408620::FUN_00408620
0x408670,UpdateConverter
0x4086d0,Class_00408810::OnTimer
0x4087e0,Class_00408810::Class_00408810
0x408810,??_GClass_00408810@@UAEPAXI@Z
0x408830,SquadManager::AssignSquads
0x408920,RetargetWeapon
0x4089a0,SquadManager::RetargetWeapons
0x408bf0,Class_00408bf0::TickTimers
0x408c40,SquadManager::TickIfActive
0x408cb0,SquadManager::SquadManager
0x408f10,SquadManager::DeleteTimers
0x408f30,PAUUnit::?$vector::insert
0x409160,PlayerAI::PlayerAI
0x409470,PlayerAI::InitUnitTables
0x409520,RateWeapons
0x4095d0,RateUnitType
0x409730,PlayerAI::ComputeBaseWeights
0x409dc0,ScaleUnitWeights
0x409e90,SetUnitLimits
0x409f20,IsUnderLimit
0x409f80,FUN_00409f80
0x40a040,FUN_0040a040
0x40a100,ResetAIPlayers
0x40a150,Class_0040a150::InitPlacementGrid
0x40a260,PlayerAI::FindCellNearFeatures
0x40a5b0,Elem_0040cc40::Elem_0040cc40
0x40a5d0,PlayerAI::FindRandomPlacementCell
0x40a7b0,PlayerAI::BuildFeatureCells
0x40aa40,PlayerAI::RefreshUnitLists
0x40ad20,PlayerAI::UpdateEveryThirtyTicks
0x40ad70,FUN_0040ad70
0x40ad80,GetVisibleEnemiesInRadius
0x40b0d0,HasReadyUnitInRange
0x40b1c0,SumUnitRatingsInRange
0x40b2c0,UpdatePlayerAI
0x40b320,CreatePlayerAI
0x40b370,RebuildFeatureCells
0x40b390,DestroyPlayerAI
0x40b530,GetFactoriesInRadius
0x40b7b0,FindWeaponTarget
0x40ba80,GetBasePosition
0x40bab0,FUN_0040bab0
0x40bb00,GetBuildRating
0x40bdb0,ChooseBuildOption
0x40beb0,MoveToward
0x40bfe0,FindBuildPosition
0x40c200,GetUnitCount
0x40c230,GetBuilderCount
0x40c250,DumpPlayerAI
0x40c4f0,FUN_0040c4f0
0x40c510,PAUUnit::?$vector::?$vector
0x40c530,PAUUnit::?$vector::~?$vector
0x40c560,PAUUnit::?$vector::size
0x40c580,UElem_0040cc40::?$vector::~?$vector
0x40c5b0,UElem_0040cc40::?$vector::size
0x40c5d0,UElem_0040cfb0::?$vector::~?$vector
0x40c600,UElem_0040d4f0::?$vector::resize
0x40c7f0,UElem_0040d550::?$vector::resize
0x40c9f0,PAUUnit::?$vector::erase
0x40ca30,UElem_0040cc40::?$vector::capacity
0x40ca50,UElem_0040cc40::?$vector::insert
0x40cc30,UElem_0040cc40::?$vector::_Destroy
0x40cc40,UElem_0040cc40::?$vector::_Ucopy
0x40cc80,UElem_0040cfb0::?$vector::size
0x40cca0,UElem_0040cfb0::?$vector::insert
0x40cfb0,UElem_0040cfb0::?$vector::erase
0x40d000,std::F::FV?$allocator::?$vector::size
0x40d020,std::F::FV?$allocator::?$vector::insert
0x40d240,std::F::FV?$allocator::?$vector::erase
0x40d280,std::F::FV?$allocator::?$vector::_Destroy
0x40d290,std::E::EV?$allocator::?$vector::insert
0x40d470,std::E::EV?$allocator::?$vector::erase
0x40d4a0,std::E::EV?$allocator::?$vector::_Destroy
0x40d4b0,UElem_0040d4f0::?$vector::_Destroy
0x40d4c0,UElem_0040d550::?$vector::size
0x40d4e0,UElem_0040d550::?$vector::_Destroy
0x40d4f0,UElem_0040d4f0::?$vector::_Ucopy
0x40d520,UElem_0040d4f0::?$vector::_Ufill
0x40d550,UElem_0040d550::?$vector::_Ucopy
0x40d580,UElem_0040d550::?$vector::_Ufill
0x40d5b0,UElem_0040cc40::?$vector::_Ufill
0x40d5e0,CopyDwordPair
0x40d600,CopyOneByte
0x40d620,MakeHeap
0x40d670,AdjustHeap
0x40d700,PopHeapFirst
0x40d740,PushHeapSiftUp
0x40d7b0,Pathfinder::GetCellState
0x40d880,Pathfinder::InitCostTables
0x40d8b0,Pathfinder::MarkGoalCell
0x40d900,Pathfinder::ClearDirtyCells
0x40d9c0,DirectionFromStep
0x40da40,Pathfinder::Estimate
0x40da70,Pathfinder::ExpandNeighbour
0x40df00,Pathfinder::ExpandBestNode
0x40e050,Pathfinder::TracePath
0x40e160,Pathfinder::ProbeStraightPath
0x40e630,Pathfinder::StartSearch
0x40e9a0,Pathfinder::ReleaseHeldPathLock
0x40e9c0,Pathfinder::AbortIfGoalMatch
0x40e9e0,Pathfinder::Pathfinder
0x40eb30,Pathfinder::~Pathfinder
0x40eb70,Pathfinder::RunSearches
0x40ef20,Pathfinder::RemoveNode
0x40f000,OpenHeap::SiftUp
0x40f060,OpenHeap::SiftDown
0x40f110,Pathfinder::GrowNodes
0x40f1e0,Pathfinder::FreeNode
0x40f200,FUN_0040f200
0x40f2a0,VtolLandIfCanOrder
0x40f790,FUN_0040f790
0x40f7d0,VtolStandbyOrder
0x40fa20,VtolMoveOrder
0x40fbe0,VtolFollowOrder
0x4103a0,FUN_004103a0
0x4103e0,VtolSeekAttackOrder
0x410830,Class_00410830::Class_00410830
0x410850,VtolSeekGuardOrder
0x410c70,Class_00410c70::FUN_00410c70
0x410e70,VtolPatrolOrder
0x4111b0,VtolPickupOrder
0x411560,VtolUnloadOrder
0x411840,FindLandingPad
0x4118e0,VtolLandingOrder
0x411f50,AirStrikeOrder
0x412710,AirToGroundOrder
0x412d40,AirToAirOrder
0x413470,AirToGroundHoverOrder
0x413bc0,VtolEvadeOrder
0x413d80,VtolMobileBuildOrder
0x414350,FUN_00414350
0x414380,VtolHelpBuildOrder
0x414770,VtolReclaimOrder
0x414a80,VtolReclaimUnitOrder
0x414e70,VtolRepairUnitOrder
0x415250,VtolGetRepairedOrder
0x4152f0,VtolRepairPatrolOrder
0x4158d0,Class_004158d0::FUN_004158d0
0x415b20,RegisterVtolOrders
0x415b30,StepAllGafSequences
0x415b60,BitWriter::BitWriter
0x415b90,BitWriter::FreeBuffer
0x415bb0,BitWriter::GrowBuffer
0x415c10,BitWriter::WriteBits
0x415da0,BitWriter::SetByteAt
0x415dc0,BitReader::ReadBits
0x415e60,BitReader::ReadSignedBits
0x415e90,ResetNetStats
0x415ef0,CountMessage
0x415f40,CountPacket
0x415fa0,FormatNetStats
0x416150,GetByteRates
0x4161f0,FUN_004161f0
0x416240,CmdMemDump
0x416270,CmdMem
0x416280,CmdAI
0x416310,CmdAssign
0x416370,CmdAssert
0x416380,CmdDPrint
0x416390,CmdBurnAll
0x4163a0,CmdBurnOne
0x4163d0,CmdFeature
0x416420,CmdShading
0x416460,CmdSelectable
0x4164b0,CmdKill
0x416500,CmdZBuffer
0x416510,CmdAntiAlias
0x416550,CmdShadow
0x416590,CmdDither
0x4165c0,CmdSwitchAlt
0x416630,CmdTShadow
0x416660,CmdFShadow
0x416690,CmdLOSType
0x4166c0,CmdLight
0x416710,CmdRCache
0x416730,CmdEdge
0x416780,CmdSearch
0x4167f0,CmdCDPlay
0x416810,CmdCDStop
0x416820,CmdSound3D
0x416860,CmdMove
0x4168d0,CmdLogo
0x4169d0,CmdIWin
0x416a30,CmdILose
0x416a90,CmdSeaLevel
0x416ab0,CmdControl
0x416b50,CmdView
0x416bd0,CmdGive
0x416cf0,CmdScrollSpeed
0x416d20,CmdIFace
0x416d50,CmdLOS
0x416d80,CmdMapping
0x416db0,CmdContour
0x416e00,CmdSelBoxes
0x416e30,CmdTreeDeath
0x416e60,CmdNoShake
0x416e90,CmdNow
0x417030,CmdDoubleShot
0x417060,CmdHalfShot
0x417090,CmdRadar
0x4170c0,CmdATM
0x417130,CmdScreenChat
0x417150,CmdNoMetal
0x4171f0,CmdNoEnergy
0x417290,CmdGamma
0x4172e0,CmdSing
0x417300,CmdClock
0x417330,CmdFilm
0x4173e0,CmdFilmSpeed
0x417430,CmdSave
0x417490,CmdReload
0x4174d0,CmdReloadAIProfiles
0x4174e0,CmdBigBrother
0x417520,CmdProfile
0x417540,CmdNowISee
0x417570,CmdNetStats
0x4175e0,CmdMusicMode
0x417600,CmdMakePoster
0x417760,CmdMeteor
0x4177a0,CmdDrop
0x4177e0,CmdInclude
0x417890,FUN_00417890
0x417a60,CmdDebugBreak
0x417b50,FUN_00417b50
0x417bb0,FUN_00417bb0
0x417c00,FUN_00417c00
0x417c70,FUN_00417c70
0x417d30,FUN_00417d30
0x417e00,Class_0044f010::FUN_0044ef50
0x417f30,FUN_00417f30
0x417f60,FUN_00417f60
0x4181d0,FUN_004181d0
0x418310,FUN_00418310
0x418bb0,CmdPrintWeights
0x418c70,CmdSenderror
0x418ca0,CmdShootAll
0x418cd0,CmdShareMetal
0x418d90,CmdShareEnergy
0x418e50,CmdShareMapping
0x418f10,ToggleShareLos
0x418fd0,CmdShareRadar
0x419090,CmdShareAll
0x419340,CmdSetShareMetal
0x419400,CmdSetShareEnergy
0x4194c0,CmdShowRanges
0x4194d0,CmdCompression
0x419540,CmdBPS
0x419550,CmdSFX
0x419560,FUN_00419560
0x4195f0,CopyMenuEntryName
0x419630,MenuEntryNameContains
0x419670,IssueMobileBuildOrders
0x4197d0,FUN_004197d0
0x419940,SetBuildCountText
0x4199b0,RefreshBuildCountTexts
0x419ac0,UpdateOnOffButton
0x419b00,QueueBuildOrder
0x419bc0,FUN_00419bc0
0x419be0,HandleOrderButtonClick
0x41a120,RefreshOrderButtons
0x41a490,HandleOrdersPanelClick
0x41a920,SetPrevNextGadgetNames
0x41aa00,HandleBuildPanelClick
0x41ac90,FUN_0041ac90
0x41ace0,OpenBuildMenuGui
0x41b0f0,OpenGeneratorDialog
0x41b200,FUN_0041b200
0x41b230,BuildEntryGuiName
0x41b2a0,FUN_0041b2a0
0x41b2e0,RefreshSelectionOrders
0x41b8d0,FinishConstruction
0x41ba60,AddBuildProgress
0x41bcd0,FUN_0041bcd0
0x41bd10,FUN_0041bd10
0x41bde0,StepBuildMenuPage
0x41bf10,StepBuildMenuPageBack
0x41c060,OpenBuildMenuPage
0x41c110,FUN_0041c110
0x41c150,FUN_0041c150
0x41c180,FUN_0041c180
0x41c2b0,FUN_0041c2b0
0x41c2e0,FUN_0041c2e0
0x41c310,FindLocalCommander
0x41c390,FUN_0041c390
0x41c3c0,ClampCameraPosition
0x41c450,ClampCameraTarget
0x41c4c0,SetCameraPosition
0x41c5e0,StartScreenShake
0x41c640,FUN_0041c640
0x41c6f0,UpdateScreenShake
0x41c7c0,CenterCameraOnPoint
0x41c8e0,CenterCameraOnMapPosition
0x41ca10,UpdateCameraFollow
0x41cc60,BeginMouseScroll
0x41cd20,EndMouseScroll
0x41cd50,UpdateMouseScroll
0x41ce90,UpdateEdgeScroll
0x41d0f0,CenterCameraOnRadarClick
0x41d1f0,CenterCameraOnStartPosition
0x41d2b0,ReadCameraPosition
0x41d360,WriteCameraPosition
0x41d3b0,SaveCameraPosition
0x41d3f0,RestoreCameraPosition
0x41d4a0,SetCommandLineUnusedFlagL
0x41d4b0,SetBypassDriveScan
0x41d4c0,RegisterDataArchives
0x41d6a0,FindGameCdDrive
0x41d7b0,BuildCdFilePath
0x41d8a0,FUN_0041d8a0
0x41d8b0,GetCdPathMismatch
0x41d8c0,AllocZeroedWithTickOffset
0x41d920,CreateGameObject
0x41d9f0,FUN_0041d9f0
0x41da10,FUN_0041da10
0x41da30,FUN_0041da30
0x41da60,SetUpEndMissionScreen
0x41dc20,FUN_0041dc20
0x41dee0,StartScreenFade
0x41df20,StepScreenFade
0x41dfc0,StartPaletteFade
0x41e240,FUN_0041e240
0x41e260,IsFadeDone
0x41e270,StepPaletteFade
0x41e420,FillEndGameStatistics
0x41ea30,FUN_0041ea30
0x41eaa0,BuildScrollItems1
0x41eb60,BuildScrollItems2
0x41ec50,HandleEndMissionClick
0x41f040,FUN_0041f040
0x41f0a0,OpenEndMissionScreen
0x41f400,EnableEndMissionButtons
0x41f5c0,FUN_0041f5c0
0x41f630,ShowEndMissionScreen
0x41f680,HandleCdCheckClick
0x41f700,OpenCdCheckDialog
0x41f760,FUN_0041f760
0x41f7f0,RunEndGameState
0x4205f0,FUN_004205f0
0x420610,FUN_00420610
0x420620,InitExplosions
0x420920,AllocExplodePieceObject
0x420960,FreeExplosions
0x420a30,AddExplosionEffect
0x420b00,DrawExplosions
0x420cb0,BuildCalcedExplosion
0x420d20,BuildExplosionFrame
0x420e50,ExplodeUnitPieces
0x420f30,UpdateExplosions
0x421150,FindFreeExplodedPieceSlot
0x421170,UpdateExplodedPieces
0x4211a0,DrawExplodedPieces
0x4211d0,DrawExplodedPieceFaces
0x4213b0,UpdateExplodedPiece
0x421550,DrawExplodedPiece
0x421620,StartExplodePiece
0x421700,BreakPieceIntoDebris
0x421da0,FindFeatureAtPos
0x421e60,GetCellFeature
0x421eb0,GetFootprintCentre
0x421f20,InitFeatureAnimPool
0x422040,StampFeatureMetal
0x422170,FreeFeaturePool
0x4222b0,FindOptionalGafEntry
0x4222e0,LoadFeatureFileList
0x4223e0,FreeFeatureFileList
0x422460,FindFeatureFile
0x4224b0,LoadFeatureType
0x422dd0,FindFeatureType
0x422e40,FindOrLoadFeatureType
0x422ea0,ResolveFeatureLinks
0x423160,PlaceMissionFeatures
0x4232a0,AllocFeatureSpot
0x4232f0,MoveFeatureSpot
0x4233a0,StartFeatureBurning
0x423550,KillFeature
0x423710,ReplaceFeatureWithDead
0x4237d0,ReclaimFeature
0x4239c0,SpreadFire
0x423bf0,ReplaceFeatureWithBurnt
0x423c50,PlaceFeature
0x424050,UpdateFeatures
0x4244b0,DamageFeature
0x4246b0,RemoveFeature
0x424840,RemoveAllFeatures
0x424890,SaveFeatures
0x424c00,LoadFeatures
0x4251e0,PAVTdfFile::?$vector::_Destroy
0x4251f0,std::G::GV?$allocator::?$vector::size
0x425210,std::G::GV?$allocator::?$vector::insert
0x425430,std::G::GV?$allocator::?$vector::erase
0x425470,std::G::GV?$allocator::?$vector::_Destroy
0x425480,PAVTdfFile::?$vector::insert
0x4256a0,std::copy
0x4256d0,CheckFrontendStateChange
0x425730,SetFrontendErrorText
0x425750,ShowFrontendErrorText
0x4257a0,BlankScreen
0x4257c0,FlushKeyQueue
0x4257e0,SetFrontendSubState
0x425860,SetFrontendState
0x425930,ApplyPendingSubState
0x4259b0,ResetFrontendState
0x425a90,EnterMainMenuState
0x425b60,FUN_00425b60
0x425b80,UpdateMenuSparks
0x425d80,HandleMainMenuClick
0x426190,HandleCloseCdPlayerChoice
0x426200,OpenCloseCdPlayerDialog
0x4263b0,OpenMainMenu
0x426780,PlayMovie
0x4268b0,LoadWarpLevel
0x4269d0,HandleFrontendDebugKey
0x426d20,ConnectToService
0x426e80,RunFrontendStateMachine
0x428730,FreePictureCache
0x4287b0,ClearPictureCache
0x4287d0,FindCachedPicturePalette
0x428850,FindCachedPicture
0x4288d0,LoadPictureCached
0x428b60,FUN_00428b60
0x428bb0,FUN_00428bb0
0x428bc0,CodeChecksumFailed
0x428bd0,FUN_00428bd0
0x428be0,FUN_00428be0
0x428bf0,FUN_00428bf0
0x428c00,FUN_00428c00
0x428c10,FUN_00428c10
0x428c20,FUN_00428c20
0x428c30,FUN_00428c30
0x428c40,FUN_00428c40
0x428c50,FUN_00428c50
0x428c60,AIProfileParser::AIProfileParser
0x428c90,AIProfileParser::SetBuffer
0x428cd0,AIProfileParser::NextToken
0x428d10,AIProfileParser::ScanToken
0x428e90,AIProfileParser::ReadInt
0x428f40,AIProfileParser::TokenEquals
0x428f60,AIProfileParser::ReportParseError
0x428fc0,ProtectUnitDefsReadOnly
0x428fe0,ProtectUnitDefsReadWrite
0x429000,CheckGpfVersion
0x4290f0,BuildDataPath
0x429290,LoadBitmapByName
0x4292e0,LoadFontByName
0x429330,LoadPaletteByName
0x429470,FUN_00429470
0x4295b0,FUN_004295b0
0x429660,FUN_00429660
0x429700,LoadAnimGaf
0x429850,FUN_00429850
0x429870,LoadGameResources
0x42a010,FreeAnimFiles
0x42a0e0,AddAnimplayPointer
0x42a140,FUN_0042a140
0x42a2c0,LoadObject3d
0x42a320,LoadGameFonts
0x42a3b0,FUN_0042a3b0
0x42a400,FUN_0042a400
0x42a440,LoadTextureGafs
0x42a570,FUN_0042a570
0x42a610,FUN_0042a610
0x42a870,??_ETdfFile@@QAEPAXI@Z
0x42a8d0,LoadUnitInfo
0x42b370,??4UnitDef@@QAEAAV0@ABV0@@Z
0x42bcc0,FreeUnitInfo
0x42bd10,RefreshUnitInfo
0x42bd40,CheckDownloadableFlags
0x42be30,AddDownloadBuildOptions
0x42bf40,LoadUnitFbi
0x42d1f0,ReloadUnitType
0x42d2e0,LoadUnitTypes
0x42db60,CompareUnitTypeNames
0x42db90,FreeUnitTypes
0x42dcf0,LoadDownloadMenus
0x42e120,FreeDownloadMenus
0x42e140,LoadAlphaTable
0x42e1d0,LoadShadeTable
0x42e260,LoadLightTable
0x42e2f0,MakeGrayTable
0x42e300,MakeBlueTable
0x42e310,LoadWeaponTypes
0x42e440,LoadWeaponType
0x42f3a0,FreeWeaponTypes
0x42f450,ReadSoundEntry
0x42f580,LoadSoundCategories
0x42f740,FreeSoundCategories
0x42f7e0,LoadAllSound
0x42f8c0,FreeSounds
0x42f900,FUN_0042f900
0x42f910,SaveTrackSettings
0x42f960,WriteGameRegistryValue
0x42f980,ReadGameRegistryValue
0x42f9a0,LoadSettings
0x430f00,SaveSettings
0x431740,ApplyUseOnlyUnits
0x4318c0,LoadLogos
0x431920,FreeLogos
0x431950,ReadSideRect
0x431a20,FreeSideFonts
0x431a60,LoadSideData
0x432520,OpenSummaryBank
0x432590,FreeSummaryBank
0x4325b0,OpenHapiBank
0x432610,LoadSavedGameState
0x4326b0,SaveGameFile
0x432a80,LoadCampaignRegistryName
0x432b00,SaveCampaignRegistryName
0x432b60,SaveAllMissionsSetting
0x432b80,SaveNumSkirmishPlayers
0x432ba0,UElem_00432be0::?$vector::~?$vector
0x432be0,UElem_00432be0::?$vector::size
0x432c00,Class_00432c00::FUN_00432c00
0x432c20,Class_00432c20::FUN_00432c20
0x432c40,UEntry_00432cf0::?$vector::_Ucopy
0x432c80,FUN_00432c80
0x432cb0,FUN_00432cb0
0x432cf0,UEntry_00432cf0::?$allocator::construct
0x432d20,Class_004c93b0::FUN_00432d20
0x432d40,FUN_00432d40
0x432fb0,FUN_00432fb0
0x4330b0,LosTables::FUN_004330b0
0x433130,Class_00433130::LoadLosTables
0x433270,LosTables::FUN_00433270
0x433380,LosTables::LoadLosTable
0x433500,LosTables::GetLosTable
0x433520,Class_00433520::GetLosTableCount
0x433540,Class_00433540::FUN_00433540
0x4335c0,LosTable::GetLosLineCount
0x4335e0,Class_4335e0::GetLosLine
0x4335f0,LosTable::FUN_004335f0
0x4336c0,UElem_004336c0::?$vector::~?$vector
0x4336f0,LosLine::LoadLosLine
0x4339c0,LosLine::GetLosLineStepCount
0x4339e0,Class_004339e0::GetLosLineStep
0x433a10,UElem_00434020::?$vector::?$vector
0x433a30,UElem_00434020::?$vector::~?$vector
0x433a60,UElem_00434020::?$vector::size
0x433a80,UElem_00434360::?$vector::~?$vector
0x433b00,UElem_00434360::?$vector::size
0x433b20,UElem_00434020::?$vector::insert
0x433d50,UElem_00434020::?$vector::erase
0x433d90,UElem_00434020::?$vector::_Destroy
0x433da0,UElem_00434020::?$allocator::deallocate
0x433db0,UElem_00434360::?$vector::insert
0x434020,UElem_00434360::?$vector::erase
0x4340b0,UElem_00434360::?$vector::_Destroy
0x4340f0,UElem_00434360::V?$vector::?$vector::insert
0x434360,UElem_00434360::V?$vector::?$vector::erase
0x4343f0,UElem_00434020::?$allocator::destroy
0x434400,UElem_00434360::?$allocator::destroy
0x434430,FUN_00434430
0x434440,FUN_00434440
0x434470,Elem_00434360::Elem_00434360
0x4344e0,UElem_00434360::?$vector::?$vector
0x4345c0,FUN_004345c0
0x4345e0,??4?$vector@UElem_00434020@@V?$allocator@UElem_00434020@@@std@@@std@@QAEAAV01@ABV01@@Z
0x434770,??4?$vector@UElem_00434360@@V?$allocator@UElem_00434360@@@std@@@std@@QAEAAV01@ABV01@@Z
0x4349c0,UElem_00434020::?$vector::_Ucopy
0x4349f0,??_GElem_00434360@@QAEPAXI@Z
0x434ab0,SetMissionType
0x434b90,FreeOtaEnumCacheAndMission
0x434bf0,LoadMapList
0x434f70,Mission::Mission
0x434ff0,Mission::~Mission
0x435100,Mission::GetGameType
0x435110,Mission::LoadCampaign
0x4352b0,Mission::GetCampaignName
0x4352d0,CampaignFileExists
0x435320,Mission::LoadBriefing
0x4353a0,Mission::GetBriefing
0x4353b0,Mission::SetNameSlot
0x435430,Mission::BuildCampaignFilePath
0x4356c0,Mission::GetNameSlot
0x4356f0,Mission::CountMissions
0x435760,Mission::BuildMissionList
0x4358f0,Mission::GetTerrainLength
0x435900,Mission::GetDescription
0x435910,Mission::GetPlanet
0x435920,Mission::GetTerrainSizeTier
0x435980,Mission::MissionExists
0x435a20,Mission::LoadMissionByName
0x435c00,Mission::SelectMission
0x435c20,Mission::GetTranslatedName
0x435c30,Mission::GetMissionName
0x435c40,Mission::HasMissionName
0x435c50,Mission::GetMissionIndex
0x435c60,Mission::AdvanceMission
0x435d30,Mission::RefreshMapList
0x435da0,Mission::LoadMission
0x436860,Mission::SelectSchema
0x436c30,Mission::LoadMissionData
0x437280,Mission::FreeMissionData
0x437300,Mission::CountStartPositions
0x437320,Mission::GetStartPosition
0x4373a0,Mission::ComputeMapChecksum
0x437580,VMapCacheEntry::?$vector::insert
0x437800,??4MapCacheEntry@@QAEAAV0@ABV0@@Z
0x437820,MapCacheEntry::MapCacheEntry
0x437840,UpdateMetalExtraction
0x437910,UpdateWindGenerator
0x4379a0,CMemoryCache::ClearPointers
0x4379b0,CMemoryCache::InitCache
0x437a00,CMemoryCache::FreeCache
0x437a20,CMemoryCache::FreeBuffer
0x437a30,CMemoryCache::AllocHandle
0x437b30,GetHandleSize
0x437b50,CMemoryCache::AllocBitmap
0x437be0,CMemoryCache::AllocTwoPlaneBitmap
0x437c80,CMemoryCache::FlushCache
0x437c90,CMemoryCache::ReleaseHandle
0x437cd0,InitMeteors
0x437d30,EmptyShutdownPreCleanup
0x437d40,EnableMeteors
0x437d50,DisableMeteors
0x437d60,SetMeteorParams
0x437de0,UpdateMeteors
0x438070,StartMeteorShower
0x438180,SaveMeteors
0x438250,LoadMeteors
0x438320,MeteorParams::LoadMeteorDefaults
0x4384a0,AddBeCarriedOrder
0x438590,StartBuildingScript
0x4385f0,StopBuildingScript
0x438650,FUN_00438650
0x438700,FUN_00438700
0x438730,FUN_00438730
0x438760,Class_00438760::Class_00438760
0x438830,OrderType::FUN_00438830
0x438850,FUN_00438850
0x438870,Class_0043a1f0::FUN_0043a1e0
0x438880,Class_00438880::FUN_00438880
0x4388b0,Class_004388b0::FUN_004388b0
0x4388d0,Class_004388d0::FUN_004388d0
0x438930,Class_00438930::FUN_00438930
0x438a00,Class_00438a00::FUN_00438a00
0x438ad0,Class_00438ad0::FUN_00438ad0
0x438b90,Class_00438b90::FUN_00438b90
0x438be0,FUN_00438be0
0x438c00,DrawBuildFootprint
0x438ea0,DrawRangeCircle
0x4390a0,DrawUnitRangeRings
0x4394e0,DrawPathAnim
0x439740,DrawWeaponCoverage
0x4399f0,DrawOrderRangeRing
0x439b30,FUN_00439b30
0x439cf0,FUN_00439cf0
0x439d20,FUN_00439d20
0x439d80,FUN_00439d80
0x439dd0,FUN_00439dd0
0x439df0,FUN_00439df0
0x439e30,FUN_00439e30
0x439e80,Class_00439e80::FUN_00439e80
0x439ea0,ReadyOrder
0x439eb0,DeleteOrders
0x439f80,DeleteOrder
0x439fe0,FUN_00439fe0
0x43a020,FUN_0043a020
0x43a0c0,Class_0043a1f0::Class_0043a1f0
0x43a1e0,Class_0043a1e0::FUN_0043a1e0
0x43a1f0,Class_0043a1f0::~Class_0043a1f0
0x43a2d0,WriteUnitTypeNameKey
0x43a360,ResolveUnitTypeKey
0x43a420,Class_0043a420::Class_0043a420
0x43a940,OrderTypeNameLess
0x43a970,Class_0043a1f0::FUN_0043a970
0x43ac60,FUN_0043ac60
0x43acb0,AppendOrder
0x43ad10,FUN_0043ad10
0x43ad50,FUN_0043ad50
0x43adc0,AddOrder
0x43afc0,FUN_0043afc0
0x43b0b0,FUN_0043b0b0
0x43b1f0,FUN_0043b1f0
0x43b400,FUN_0043b400
0x43b700,FUN_0043b700
0x43b730,FUN_0043b730
0x43b7c0,RunOrders
0x43bad0,FUN_0043bad0
0x43bc90,RegisterOrderTypes
0x43c020,CompareOrderTypeNames
0x43c050,RegisterAllOrderTypes
0x43c350,FUN_0043c350
0x43c360,Class_0043c360::FUN_0043c360
0x43c390,UElem_0043c390::?$vector::_Destroy
0x43c3a0,UElem_0043c390::?$vector::insert
0x43c6b0,FUN_0043c6b0
0x43c720,FUN_0043c720
0x43c940,FUN_0043c940
0x43c990,FUN_0043c990
0x43ca70,FUN_0043ca70
0x43cb20,FUN_0043cb20
0x43cbb0,Class_0043cbb0::FUN_0043cbb0
0x43cc20,UnitMotion::FUN_0043cc20
0x43cd20,UnitMotion::SteerGroundUnit
0x43d0d0,UnitMotion::ApplyBankAndPitch
0x43d210,UnitMotion::SetFlightMode
0x43d290,UnitMotion::SteerAircraft
0x43d6d0,UnitMotion::UpdatePosition
0x43da70,UnitMotion::UpdateMoveRate
0x43db50,Class_0043db50::UpdateSfxOccupy
0x43dc00,UnitMotion::UnitMotion
0x43dd10,UnitMotion::DestroyObject
0x43dd20,UnitMotion::UpdateMotion
0x43dd70,UnitMotion::SaveMotion
0x43de30,UnitMotion::LoadMotion
0x43def0,GetPieceOffset
0x43e060,GetPiecePosition
0x43e0b0,GetPieceCenter
0x43e180,GetPieceAngles
0x43e1e0,QueryWeaponPiece
0x43e240,GetWeaponPiecePosition
0x43e2e0,GetAimFromPosition
0x43e3c0,GetSweetSpot
0x43e400,GetNanoPiecePosition
0x43e470,OrderModeTakesTarget
0x43e490,GetOrderCursor
0x43f0e0,GetOrderType
0x4402e0,MovementClass::MovementClass
0x440320,MovementClass::~MovementClass
0x440340,MovementClass::ReadMoveInfo
0x440420,FindMovementClass
0x440470,MovementClass::ResizePassMap
0x4404c0,MovementClass::SetPassMapCell
0x440500,Class_00440500::BuildPassMap
0x440830,MovementClass::RefreshPassMap
0x440930,NopAfterFeatureEnum
0x440940,BuildAllPassMaps
0x440a00,FreeMovementClasses
0x440a40,RefreshAllPassMaps
0x440a70,RefreshPassMapsForUnit
0x440af0,MovementClass::RefreshMovedUnits
0x440be0,MovementClass::RefreshUnitIfStale
0x440c10,FindUnusedLogo
0x440ca0,CopyPathLockFields
0x440cd0,CheckMapCrc
0x440d70,HandleNewMultiClick
0x441080,OpenNewMultiDialog
0x441220,FUN_00441220
0x441430,FUN_00441430
0x441460,ConnectToGame
0x441bc0,GetServiceProviderIndex
0x441c30,BuildCompoundAddress
0x442000,FUN_00442000
0x442050,HandleTcpDialogClick
0x4421f0,OpenTcpDialog
0x442380,FUN_00442380
0x4423a0,FUN_004423a0
0x4423c0,HandleSerialDialogClick
0x442560,OpenSerialDialog
0x4426e0,FillAccountList
0x4427a0,RefreshAccountList
0x4428f0,ShowSelectedAccount
0x442970,SaveModemNumbers
0x442a30,HandleModemDialogClick
0x443070,EnumModemAddressCallback
0x443100,OpenModemDialog
0x443480,HandleReportClick
0x443590,FUN_00443590
0x4435a0,OpenReportDialog
0x4436e0,InitScoreReporting
0x4437c0,HandleSelectGameClick
0x443cb0,OpenSelectGameDialog
0x443ff0,SelectConnection
0x4444d0,FUN_004444d0
0x444580,FillProviderList
0x444910,FUN_00444910
0x444930,HandleLogoSelectClick
0x444a20,ShowSelectedMapInfo
0x444ba0,HandleViewMapClick
0x444be0,OpenViewMapDialog
0x444c40,UpdateMapSelection
0x444cb0,HandleMapSelectClick
0x444ea0,OpenMultiMapSelector
0x445110,OpenLogoSelectDialog
0x445300,FUN_00445300
0x4453a0,SwapPlayerSlots
0x445450,FUN_00445450
0x4455b0,FUN_004455b0
0x445b70,UpdateMaxUnitsText
0x445c70,UpdateMetalText
0x445d60,UpdateEnergyText
0x445e20,FUN_00445e20
0x445e50,FUN_00445e50
0x445ed0,UpdateBattleRoomFlags
0x446020,HandleRejectChoice
0x446080,OpenRejectDialog
0x4461d0,HandleDisplayModesClick
0x446310,FUN_00446310
0x446450,UpdateWatchingGadgets
0x4464d0,HandleControlDialogClick
0x4466b0,OpenControlDialog
0x4467c0,ArePlayersAllied
0x4467f0,FUN_004467f0
0x4468c0,FUN_004468c0
0x4469c0,FindNextAlly
0x446a50,RefreshTeamIcons
0x446c70,FUN_00446c70
0x446e90,FUN_00446e90
0x446f50,CyclePlayerAlliance
0x446fb0,RebuildAllyList
0x447150,HandleAlliesClick
0x447380,RefreshAlliesScreen
0x4478b0,OpenAlliesDialog
0x447b10,HandleBattleRoomClick
0x448bf0,UpdateSideGadget
0x448c70,RefreshBattleRoomRows
0x449bb0,OpenBattleRoom
0x44a680,UpdateBattleRoom
0x44afb0,HandleEndMultiClick
0x44b020,OpenEndMultiScreen
0x44b100,FUN_0044b100
0x44b140,FUN_0044b140
0x44b230,FUN_0044b230
0x44b330,CopySelectedGameName
0x44b3c0,HandleLoadListClick
0x44b4e0,ListSaveGameFiles
0x44b600,FUN_0044b600
0x44b690,HandleSaveGameClick
0x44b990,OpenSaveGameDialog
0x44bc10,OpenLoadListDialog
0x44be70,HandleUnitCountSlider
0x44bfd0,UpdateUnitSliders
0x44c0d0,LoadUnitPortrait
0x44c220,FUN_0044c220
0x44c370,FUN_0044c370
0x44c420,HandleRestrictionsClick
0x44c7a0,FUN_0044c7a0
0x44c7e0,OpenUnitRestrictions
0x44ce20,Class_0044ce20::Class_0044ce20
0x44ce40,FUN_0044ce40
0x44ce50,Class_0044ce50::FUN_0044ce50
0x44ce70,Class_0044ce70::Class_0044ce70
0x44ce80,FUN_0044ce80
0x44ce90,Class_0044ce90::FUN_0044ce90
0x44cec0,FUN_0044cec0
0x44ced0,Class_0044ced0::FUN_0044ced0
0x44cef0,FUN_0044cef0
0x44cf00,Class_0044cf00::FUN_0044cf00
0x44cf20,FUN_0044cf20
0x44cf30,FUN_0044cf30
0x44cf40,FUN_0044cf40
0x44cf50,FUN_0044cf50
0x44cf60,Class_0044cf60::Class_0044cf60
0x44cfe0,FUN_0044cfe0
0x44cff0,Class_0044cff0::FUN_0044cff0
0x44d010,Class_0044d010::Class_0044d010
0x44d090,Class_0044d010::FUN_0044d090
0x44d0e0,Class_0044d0e0::FUN_0044d0e0
0x44d290,Class_0044d290::FUN_0044d290
0x44d2c0,Class_0044d2c0::FUN_0044d2c0
0x44d310,Class_0044d310::FUN_0044d310
0x44d350,Class_0044d350::FUN_0044d350
0x44d3b0,Class_0044d3b0::Class_0044d3b0
0x44d440,FUN_0044d440
0x44d450,Class_0044d450::FUN_0044d450
0x44d470,Class_0044d470::Class_0044d470
0x44d500,Class_0044d470::FUN_0044d500
0x44d560,Class_0044d560::FUN_0044d560
0x44d720,Class_0044d720::FUN_0044d720
0x44d7c0,Class_0044d7c0::FUN_0044d7c0
0x44d800,Class_0044d800::FUN_0044d800
0x44d840,Class_0044d840::FUN_0044d840
0x44d8a0,Class_0044d8a0::Class_0044d8a0
0x44d900,FUN_0044d900
0x44d910,Class_0044d910::FUN_0044d910
0x44d930,Class_0044d930::Class_0044d930
0x44d9a0,Class_0044d930::FUN_0044d9a0
0x44da00,Class_0044da00::FUN_0044da00
0x44dc60,Class_0044dc60::FUN_0044dc60
0x44dcb0,Class_0044dcb0::FUN_0044dcb0
0x44dd00,Class_0044dd00::FUN_0044dd00
0x44ddc0,Class_0044ddc0::FUN_0044ddc0
0x44de80,Class_0044de80::Class_0044de80
0x44df70,FUN_0044df70
0x44df80,Class_0044df80::FUN_0044df80
0x44dfb0,Class_0044dfb0::FUN_0044dfb0
0x44e080,Class_0044e080::Class_0044e080
0x44e190,Class_0044e190::Class_0044e190
0x44e250,Class_0044e250::Class_0044e250
0x44e2d0,Class_0044e2d0::Class_0044e2d0
0x44e330,Class_0044e330::Class_0044e330
0x44e3a0,Class_0044e3a0::FUN_0044e3a0
0x44e3c0,Class_0044e3c0::FUN_0044e3c0
0x44e530,Class_0044e530::FUN_0044e530
0x44e5b0,Class_0044e5b0::FUN_0044e5b0
0x44e6b0,FUN_0044e6b0
0x44e6c0,Class_0044e6c0::FUN_0044e6c0
0x44e720,Class_0044e720::FUN_0044e720
0x44e730,Class_0044e730::FUN_0044e730
0x44e740,Class_0044e740::Class_0044e740
0x44e7a0,FUN_0044e7a0
0x44e7b0,Class_0044e7b0::FUN_0044e7b0
0x44e880,Class_0044e740::FUN_0044e880
0x44e930,Class_0044e740::FUN_0044e930
0x44e9c0,Class_0044e9c0::Class_0044e9c0
0x44ea50,FUN_0044ea50
0x44ea60,Class_0044ea60::FUN_0044ea60
0x44eb40,Class_0044eb40::FUN_0044eb40
0x44eb60,Class_0044e740::FUN_0044eb60
0x44ec00,FUN_0044ec00
0x44ec10,Class_0044e740::FUN_0044ec10
0x44ec20,Class_0044ec20::FUN_0044ec20
0x44ec30,UPoint_0044eec0::?$vector::insert
0x44ee60,UPoint_0044eec0::?$vector::_Destroy
0x44ee70,UPoint_0044eec0::?$vector::size
0x44ee90,UPoint_0044eec0::?$vector::_Ucopy
0x44eec0,UPoint_0044eec0::?$vector::_Ufill
0x44eef0,FUN_0044eef0
0x44ef20,Class_0044ef20::Class_0044ef20
0x44ef40,Class_0044ef20::FUN_0044ef40
0x44ef50,Class_0044ef20::FUN_0044ef50
0x44ef60,??_GClass_0044ef20@@UAEPAXI@Z
0x44ef80,Class_0044ef20::FUN_0044ef80
0x44ef90,Class_0044ef20::FUN_0044ef90
0x44efb0,Class_0044ef20::FUN_0044efb0
0x44efc0,Class_0044ef20::FUN_0044efc0
0x44efd0,Class_0044ef20::FUN_0044efd0
0x44efe0,Class_0044ef20::FUN_0044efe0
0x44eff0,Class_0044ef20::FUN_0044eff0
0x44f000,Class_0044ef20::FUN_0044f000
0x44f010,Class_0044f010::Class_0044f010
0x44f040,??_GClass_0044f010@@UAEPAXI@Z
0x44f080,Class_0044f010::FUN_0044f080
0x44f100,Class_0044f010::FUN_0044f100
0x44f150,Class_0044f010::FUN_0044ef40
0x44f1a0,Class_0044f010::FUN_0044efb0
0x44f260,Class_0044f010::FUN_0044eff0
0x44f290,Class_0044f010::FUN_0044ef80
0x44f2a0,Class_0044f010::FUN_0044ef90
0x44f450,Class_0044f010::~Class_0044f010
0x44f480,Class_0044f010::FUN_0044efe0
0x44f4a0,Class_0044f010::FUN_0044efc0
0x44f570,Class_0044f570::Class_0044f570
0x44f590,??_GClass_0044f570@@UAEPAXI@Z
0x44f5b0,Class_0044f5b0::FUN_0044f5b0
0x44f5c0,Class_0044f5c0::FUN_0044f5c0
0x44f650,Class_0044f650::FUN_0044f650
0x44f6a0,FUN_0044f6a0
0x44f6e0,FUN_0044f6e0
0x44f8a0,NetCondenser::NetCondenser
0x44f900,NetCondenser::~NetCondenser
0x44f940,NetCondenser::Accumulate
0x44f9c0,NetCondenser::ReceivePacket
0x44fc10,NetCondenser::SendPacket
0x44fd40,DefaultPacketHandler
0x44fd50,FUN_0044fd50
0x44fd60,FUN_0044fd60
0x44fd70,FUN_0044fd70
0x44fd80,FUN_0044fd80
0x44fd90,FUN_0044fd90
0x44fda0,Class_0044fda0::DispatchPacket
0x44fdb0,GetLocalDpid
0x44fe00,GetLocalHumanDpid
0x44fe40,FindSlotByDpid
0x44feb0,FUN_0044feb0
0x44fed0,FindPlayerByDpid
0x44ffd0,GetSlotDpid
0x450010,GetPlayerDpid
0x450030,GetHostDpid
0x450090,SetPlayerName
0x450140,GetPlayerName
0x450240,PickNewHost
0x450380,AnnouncePlayerLeft
0x4504f0,FindFreeSlot
0x450530,FUN_00450530
0x450910,FUN_00450910
0x450980,FUN_00450980
0x450a10,AddNetPlayer
0x450d80,InitNetConnection
0x450dd0,CloseNetSession
0x450e20,LeaveNetGame
0x450f90,BroadcastPlayerInfo
0x451090,BuildGameInfo
0x451180,UpdateNetGameInfo
0x451220,CreateLocalPlayer
0x451540,CreateNetGame
0x4515d0,EnumPlayersCallback
0x451640,JoinLobbyGame
0x451770,JoinLobbyGameThread
0x4517b0,JoinNetGame
0x451b60,RemoveLocalPlayers
0x451bc0,SendPacketToPlayer
0x451df0,BroadcastPacket
0x451fd0,InitPacketTables
0x452370,ReleasePacketData
0x4523e0,AssignPlayerColor
0x452570,IsColorFree
0x4526c0,RequestPlayerColor
0x452800,FUN_00452800
0x452960,SetAlliance
0x452b70,SendAlliance
0x452bd0,FUN_00452bd0
0x452c40,GetRejectReasonText
0x452cc0,RemovePlayer
0x453010,RejectPlayer
0x453320,FUN_00453320
0x453360,SendChatPacket
0x4534e0,ReceiveNetPacket
0x453640,UpdateTimeoutDialog
0x4538f0,HandleTimeoutDialog
0x453a50,OpenTimeoutDialog
0x453c20,CheckPlayerTimeouts
0x453d40,HandleNetPackets
0x456030,Class_00456030::FUN_00456030
0x456050,SendNewUnit
0x4560c0,FUN_004560c0
0x456110,SendScriptCallNoArgsByName
0x456190,SendScriptCallNoArgs
0x456200,SendScriptCallByName
0x456290,SendScriptCall
0x456310,SendNetHeartbeat
0x4565a0,HandlePing
0x456760,FUN_00456760
0x456850,FindHostSlot
0x4568b0,ReportPacketGap
0x4568c0,FUN_004568c0
0x456de0,SendLoadProgress
0x456ee0,SendShareMetal
0x457050,SendShareEnergy
0x4571c0,SendShareMapInfo
0x4572a0,FUN_004572a0
0x4573d0,SendPlayerEconomy
0x457540,HandlePlayerEconomy
0x457710,InitLobbiedConnection
0x4578d0,SetPacketRate
0x4578f0,LeaveNetGameCallback
0x457a50,IsHostLocal
0x457af0,CountHumanPlayers
0x457b40,CountComputerPlayers
0x457b90,CountLocalComputerPlayers
0x457bc0,FUN_00457bc0
0x457c10,FUN_00457c10
0x457c80,CountRemotePlayers
0x457cb0,FUN_00457cb0
0x457d30,UpdateResourceSharing
0x458160,Class_00458160::Construct
0x458180,Class_00458180::Initialize
0x4581c0,Class_004581c0::Destroy
0x4581e0,Class_004581e0::MeasureModel
0x458310,Class_00458310::AddModelBounds
0x458430,Class_00458430::DrawObjectPieces
0x4584d0,Class_004584d0::DrawPiece
0x4586a0,Class_004581e0::BuildObjectPicture
0x4587b0,HalveFrame
0x458810,CMemoryCache::DrawObjectState
0x4589c0,Class_00459200::MergeIntoComposite
0x458d20,FUN_00458d20
0x458d30,Class_00458d30::RecolorByShade
0x458dd0,Class_00458d30::ShadeByIntensity
0x458fa0,Class_00458fa0::DrawPieceEdges
0x459170,CMemoryCache::CopyPicture
0x459200,Class_00459200::DrawObjectPicture
0x4597f0,SetLightVector
0x459830,Class_004581e0::DrawPieces
0x459c70,Class_004581e0::DrawLitPieces
0x45a470,Class_0045a470::MakeSilhouette
0x45a510,Class_0045a510::MeasureShadow
0x45a610,Class_0045a610::DrawShadowShape
0x45a790,CMemoryCache::BuildShadow
0x45a8d0,CreateObjectState
0x45a950,CreatePlayerObjectState
0x45aaa0,FreeObjectState
0x45ab10,UpdateObjectState
0x45ac20,DrawUnit
0x45ae80,CountObjects
0x45aec0,AddStateEntries
0x45af90,LinkStateEntries
0x45b030,RestorePieceVertices
0x45b0a0,PoseModel
0x45b150,TransformPieces
0x45b480,OnlineTranslate
0x45b640,OnlineUnload
0x45b660,IsOnlineConfigLoaded
0x45b800,SetDirectConnectAddress
0x45b820,FUN_0045b820
0x45b860,FUN_0045b860
0x45b880,FUN_0045b880
0x45b920,FUN_0045b920
0x45b9b0,SetSliderFromValue
0x45ba20,ReadSliderValue
0x45ba60,FUN_0045ba60
0x45baf0,FUN_0045baf0
0x45bb00,FUN_0045bb00
0x45bbf0,HandleVideoModeSlider
0x45bcc0,ApplyBrightnessAndVolume
0x45bd20,HandleGammaSlider
0x45bde0,HandleEffectsVolumeSlider
0x45bea0,HandleMusicVolumeSlider
0x45bf60,SetGameSpeedLabel
0x45c010,FUN_0045c010
0x45c070,HandleGameSpeedSlider
0x45c170,HandleScreenSlider
0x45c220,HandleMaxLinesSlider
0x45c330,HandleTextScrollSlider
0x45c3d0,FUN_0045c3d0
0x45c3f0,UpdateTrackGadgets
0x45c510,ApplyTrackType
0x45c570,FUN_0045c570
0x45c630,FUN_0045c630
0x45c6d0,FUN_0045c6d0
0x45c740,FUN_0045c740
0x45c820,FUN_0045c820
0x45c950,LoadSavedAudioSettings
0x45ca50,FUN_0045ca50
0x45cae0,FUN_0045cae0
0x45cc50,LoadSavedSettings
0x45cde0,SaveGameSettings
0x45ce80,FUN_0045ce80
0x45cf60,FUN_0045cf60
0x45cfc0,OpenOptionsLayout
0x45d0c0,FUN_0045d0c0
0x45d130,UpdateMusicGadgets
0x45d280,HandleMusicOptionsClick
0x45d7c0,OpenMusicOptions
0x45d9d0,UpdateSoundGadgets
0x45da90,HandleSoundOptionsClick
0x45de30,OpenSoundOptions
0x45e100,HandleVisualOptionsClick
0x45e4c0,SortDisplayModes
0x45e5e0,OpenVisualOptions
0x45ead0,FUN_0045ead0
0x45ed50,OpenSpeedOptions
0x45f190,FUN_0045f190
0x45f1d0,FUN_0045f1d0
0x45f770,HandleBriefingClick
0x45f800,OpenBriefingDialog
0x45f8c0,FillHelpPage
0x45fac0,HandleHelpClick
0x45fb30,OpenHelpDialog
0x45fbc0,FUN_0045fbc0
0x45fc40,FUN_0045fc40
0x45fc60,HandleOptionsPanelClick
0x45ffb0,DrawOptionsScrollBar
0x460160,OpenOptionsPanel
0x460340,HandleRestartDialogClick
0x4604a0,OpenRestartDialog
0x4605c0,HandleSurrenderChoice
0x460680,OpenSurrenderDialog
0x460800,HandleExitMenuClick
0x4608b0,OpenExitMenu
0x4609a0,FUN_004609a0
0x4609b0,HandleInGameOptionsClick
0x460cc0,OpenInGameOptions
0x460f40,PacketRing::PacketRing
0x461020,InitPacketManager
0x461170,PacketTrace
0x461180,SendToDPID
0x4611e0,PacketManager::PacketManager
0x461340,??_GPacketManager@@UAEPAXI@Z
0x461420,PacketManager::~PacketManager
0x4614e0,PacketManager::AppendToSendBuffer
0x4615f0,PacketManager::ClearSendBuffer
0x461610,PacketManager::FUN_00461610
0x461620,Class_00461620::FUN_00461620
0x461630,PacketManager::FindChannel
0x461750,PacketManager::InitChannels
0x461820,PacketManager::ReleaseChannel
0x461860,PacketManager::ReleaseAllChannels
0x4618a0,PacketManager::SendAllQueued
0x461900,PacketManager::FUN_00461900
0x461990,PacketManager::QueueOnChannel
0x4619b0,PacketManager::QueuePacket
0x4619e0,PacketManager::SetDefaultSendPacing
0x461a70,PacketChannel::PacketChannel
0x461ac0,PacketChannel::~PacketChannel
0x461b10,PacketChannel::AllocBuffer
0x461c20,PacketChannel::AllocPacket
0x461d60,FUN_00461d60
0x461d70,GetCurrentBuffer
0x461d80,PacketChannel::GetMinRetainMs
0x461da0,PacketChannel::GetPacketEntry
0x461db0,PacketChannel::InitPools
0x461f90,PacketChannel::EnqueuePacket
0x461fd0,PacketChannel::GrowPools
0x462370,PacketRing::PushPacket
0x4623b0,Class_004623b0::PopPacket
0x4623e0,PacketChannel::DequeuePacket
0x462470,PacketChannel::ResetChannel
0x4624a0,PacketChannel::SendQueued
0x4626e0,NetCondenser::SendPacketTo
0x462710,PacketChannel::AddPacket
0x462860,Class_00462860::SetMinRetainMs
0x4628a0,Class_004628a0::SetSendPacingMs
0x4628d0,PacketBuffer::AppendPacket
0x4629b0,PacketBuffer::FreePackets
0x462a40,PacketBuffer::FUN_00462a40
0x462a60,PacketBuffer::IsReusable
0x462ae0,Class_00462ae0::RemovePacket
0x462bd0,Class_00462bd0::RemoveFromBuffer
0x462bf0,Class_00462bf0::GetData
0x462c00,PacketReceiver::PacketReceiver
0x462cc0,??_GPacketReceiver@@UAEPAXI@Z
0x462d30,PacketReceiver::~PacketReceiver
0x462d90,PacketReceiver::FindPlayerFrameInfo
0x462ed0,PacketReceiver::ResetReceiveBuffer
0x462f30,PacketReceiver::ReceiveFrame
0x4635b0,PlayerFrameInfo::PlayerFrameInfo
0x463610,PlayerFrameInfo::Initialize
0x463680,PlayerFrameInfo::~PlayerFrameInfo
0x4636b0,FrameQueue::FrameQueue
0x463710,FrameQueue::~FrameQueue
0x463730,FrameQueue::ResetFrames
0x463790,FrameQueue::QueueFrames
0x463ba0,FUN_00463ba0
0x463bd0,FUN_00463bd0
0x463be0,Class_00463be0::Class_00463be0
0x463c40,Class_00463c40::FUN_00463c40
0x463c60,Player::SetType
0x463c80,FUN_00463c80
0x463ca0,AddMessage
0x463e50,SendChatMessage
0x463ef0,ExpireOldestMessage
0x463f60,ScrollToNextMessageUnit
0x464000,CycleMessageUnits
0x464060,DrawMessages
0x464290,FUN_00464290
0x4644d0,ResetPlayerSlots
0x464700,InitPlayerSlot
0x4648e0,FUN_004648e0
0x464990,InitPlayers
0x4649d0,FUN_004649d0
0x464a00,FreePlayers
0x464ab0,FUN_00464ab0
0x464ac0,FUN_00464ac0
0x464ad0,FUN_00464ad0
0x464af0,FUN_00464af0
0x464b00,FUN_00464b00
0x464b10,FUN_00464b10
0x464b30,TransferMetal
0x464c60,TransferEnergy
0x464da0,FUN_00464da0
0x464de0,FUN_00464de0
0x464e70,FUN_00464e70
0x464f80,FUN_00464f80
0x4658e0,FUN_004658e0
0x465ac0,FUN_00465ac0
0x465e30,FUN_00465e30
0x465fb0,LoadPlayerControllers
0x466050,LoadPlayers
0x4662f0,SavePlayers
0x466580,FUN_00466580
0x4665d0,ResizeRadarPicture
0x466780,BuildRadarPicture
0x4669b0,InitRadar
0x466aa0,FreeRadar
0x466b00,DrawRadar
0x466b70,CalcRadarViewportRect
0x466c20,UpdateRadarMapped
0x466dc0,DrawRadarUnits
0x467440,FUN_00467440
0x467840,DetectionVisitor::FUN_00467840
0x467950,FUN_00467950
0x467960,FUN_00467960
0x467980,FUN_00467980
0x4679a0,LoadLightBar
0x467a20,FUN_00467a20
0x467a50,FUN_00467a50
0x467b60,DrawProgressBar
0x467c00,FUN_00467c00
0x467cb0,DrawKillCount
0x467d70,DrawLightBars
0x467e50,DrawUnitStateProbe
0x468310,DrawPercentBar
0x468380,DrawNetworkStats
0x4685a0,DrawUnitBuilderProbe
0x4689c0,DrawStatusPanel
0x468cf0,FUN_00468cf0
0x46a400,FrameTimers::AccumulateProfileTime
0x46a430,DrawHitPointBar
0x46a530,DrawSelectionBox
0x46a610,FUN_0046a610
0x46a860,DrawUnitInfoPanel
0x46b900,FUN_0046b900
0x46b9d0,FUN_0046b9d0
0x46ba80,DrawClosedPolygon
0x46bae0,FUN_0046bae0
0x46bc60,FUN_0046bc60
0x46bc70,ShowGameMessage
0x46bce0,AllocScoreTables
0x46bf00,EnableReporter
0x46bf20,IsReporterDllLoaded
0x46bf30,LoadReporterDll
0x46c190,ShutdownScoreTables
0x46c2a0,FillScoreTables
0x46c620,ReportGameEvent
0x46c810,ReportGameChat
0x46c8b0,ReportIntervalTimer
0x46c8c0,FUN_0046c8c0
0x46c8d0,FUN_0046c8d0
0x46c8e0,CreateUnitSync
0x46c920,DeleteUnitSync
0x46ca60,FinishUnitSync
0x46cbe0,PacketSequencer::PacketSequencer
0x46cc10,PacketSequencer::SendSequenced
0x46cec0,Class_0046cec0::SendUnsequenced
0x46cef0,PacketSequencer::ReceiveSequenced
0x46d040,UnitSync::UnitSync
0x46d1a0,UnitSync::~UnitSync
0x46d2e0,UnitSync::ResetEntries
0x46d4c0,UnitSync::SendSyncPacket
0x46d500,Class_0046d500::ReceiveSyncPacket
0x46d530,UnitSync::SendSyncMessage
0x46d5b0,UnitSync::SendSyncMessageTo
0x46d630,UnitSync::SendEntryTo
0x46d6c0,UnitSync::HandleSyncPacket
0x46d860,UnitSync::NotifyEntryChanged
0x46d970,UnitSync::CheckUnitAvailable
0x46dad0,UnitSync::ProcessSync
0x46ded0,UnitSyncPlayer::~UnitSyncPlayer
0x46df40,UnitSync::GetSyncStatusText
0x46e000,UnitSync::AllPlayersSynced
0x46e0b0,UnitSync::IsPlayerSynced
0x46e160,Class_0046e160::ApplyToUnitTypes
0x46e280,UnitSync::PopChangedEntry
0x46e330,UnitSync::GetUnitEntry
0x46e3c0,UnitSync::ToggleUnitAllowed
0x46e450,UnitSync::DisallowUnit
0x46e4d0,UnitSync::AllowUnit
0x46e550,UnitSync::SetUnitLimit
0x46e5c0,Class_0046e5c0::FUN_0046e5c0
0x46e5e0,Class_0046e5e0::~Class_0046e5e0
0x46e610,Class_0046e610::~Class_0046e610
0x46e640,std::H::HV?$allocator::?$vector::insert
0x46e870,UElem_0046faf0::?$vector::_Destroy
0x46e880,Class_0046e880::FUN_0046e880
0x46e890,IUUnitSyncEntry::IU?$pair::?$_Tree::erase
0x46e9b0,Class_0046e9b0::FUN_0046e9b0
0x46ea10,IUUnitSyncEntry::IU?$pair::?$_Tree::iterator::_Inc
0x46eaa0,UClass_0046eaa0::?$vector::_Destroy
0x46eb60,std::H::HV?$allocator::?$list::erase
0x46eba0,UPacket_0046cef0::?$vector::insert
0x46ef50,IUUnitSyncEntry::IU?$pair::?$_Tree::insert
0x46f6d0,IUUnitSyncEntry::IU?$pair::?$_Tree::_Erase
0x46f720,Class_0046f720::FUN_0046f720
0x46f7a0,VUnitSyncPlayer::?$vector::insert
0x46fac0,??Eiterator@?$list@HV?$allocator@H@std@@@std@@QAE?AV012@H@Z
0x46fad0,Class_0046fad0::Class_0046fad0
0x46faf0,UElem_0046faf0::?$vector::_Ucopy
0x46fb40,UElem_0046faf0::?$vector::_Ufill
0x46fb80,IUUnitSyncEntry::IU?$pair::?$_Tree::_Insert
0x46fe60,Class_0046fe60::FUN_0046fe60
0x46feb0,IUUnitSyncEntry::IU?$pair::?$_Tree::_Lrotate
0x46ff10,IUUnitSyncEntry::IU?$pair::?$_Tree::_Rrotate
0x46ff70,IUUnitSyncEntry::IU?$pair::?$_Tree::_Buynode
0x46ff90,IUUnitSyncEntry::IU?$pair::?$_Tree::iterator::_Dec
0x470030,FUN_00470030
0x470040,??4Class_0046eaa0@@QAEAAU0@ABU0@@Z
0x470250,Class_00470250::FUN_00470250
0x470270,Class_00470270::FUN_00470270
0x470290,UElem_004702a0::?$vector::_Destroy
0x4702a0,UElem_004702a0::?$vector::_Ucopy
0x4702d0,FUN_004702d0
0x470300,??_GUnitSyncPlayer@@QAEPAXI@Z
0x470390,UnitSyncPlayer::UnitSyncPlayer
0x470560,??4PacketSequencer@@QAEAAU0@ABU0@@Z
0x470770,UElem_0046faf0::?$vector::size
0x4707a0,??4?$vector@UElem_0046faf0@@V?$allocator@UElem_0046faf0@@@std@@@std@@QAEAAV01@ABV01@@Z
0x470a40,FUN_00470a40
0x470a90,Class_00470a90::Construct
0x470ae0,??_GObjectPool@@UAEPAXI@Z
0x470b80,Class_00470b80::Destroy
0x470c10,Class_00470c10::Grow
0x470e50,ObjectPool::FreeBlocks
0x470eb0,Class_00470eb0::AllocSlot
0x470ed0,Class_00470ed0::FreeSlot
0x470ef0,UElem_00470f00::?$vector::_Destroy
0x470f00,UElem_00470f00::?$vector::_Ucopy
0x470f30,UElem_00470f00::?$vector::_Ufill
0x470f60,FUN_00470f60
0x470f80,ParticleLists::ParticleLists
0x470fb0,ParticleLists::~ParticleLists
0x471050,ParticleLists::UpdateAll
0x4710e0,ParticleLists::DrawAll
0x471120,ParticleLists::DrawList
0x471160,ParticleLists::AddToList
0x471340,ParticleLists::AddTeleportParticles
0x471430,??_GTeleportParticles@@UAEPAXI@Z
0x471470,ParticleLists::AddNanoParticles
0x471560,??_GNanoParticles@@UAEPAXI@Z
0x4715a0,ParticleLists::AddThrustParticles
0x4716a0,??_GThrustParticles@@UAEPAXI@Z
0x4716e0,ParticleLists::AddWakeParticles
0x4717e0,??_GWakeParticles@@UAEPAXI@Z
0x471820,ParticleLists::AddSmoke
0x471a50,ParticleLists::FUN_00471a50
0x471c80,FUN_00471c80
0x471ca0,ExitParticlePool
0x471cc0,ParticleSystem::ParticleSystem
0x471cd0,??_GParticleSystem@@UAEPAXI@Z
0x471d00,ParticleSystem::~ParticleSystem
0x471d10,??2ParticleSystem@@SGPAXI@Z
0x471d50,??3ParticleSystem@@SGXPAX@Z
0x471d70,ParticleSystem::SetLifetime
0x471d90,CreateParticleLists
0x471de0,DestroyParticleLists
0x471eb0,UpdateParticles
0x471f40,DrawParticles
0x471f90,DrawParticleList
0x471fd0,EmitTeleportParticles
0x4720d0,EmitNanoParticles
0x472200,EmitReverseNanoParticles
0x472330,EmitThrustParticles
0x472430,EmitWakeParticles
0x472530,EmitBubbles
0x472630,EmitSmoke
0x472720,FUN_00472720
0x472810,EmitWhiteSmoke
0x4728f0,EmitBlackSmoke
0x4729d0,FUN_004729d0
0x472ab0,FUN_00472ab0
0x472c50,FUN_00472c50
0x472d30,UElem_00473500::?$vector::size
0x472d50,TeleportParticles::Update
0x472e00,TeleportParticles::FUN_00472e00
0x472e30,TeleportParticles::FUN_00472e30
0x472e70,TeleportParticles::FUN_00472e70
0x472eb0,NanoParticles::Update
0x472f60,NanoParticles::FUN_00472f60
0x472f90,NanoParticles::FUN_00472e30
0x472fd0,NanoParticles::FUN_00472e70
0x473010,ThrustParticles::Update
0x4730c0,ThrustParticles::FUN_004730c0
0x4730f0,ThrustParticles::FUN_00472e30
0x473130,ThrustParticles::FUN_00472e70
0x473170,WakeParticles::Update
0x473220,WakeParticles::FUN_00473220
0x473250,WakeParticles::FUN_00472e30
0x473290,WakeParticles::FUN_00472e70
0x4732d0,UElem_00473500::?$vector::_Destroy
0x4732e0,PAVParticleSystem::?$vector::insert
0x473500,UElem_00473500::?$vector::_Ucopy
0x473530,UElem_00473500::?$vector::_Ufill
0x473560,Class_00473560::Step
0x473590,Class_00473560::DrawParticle
0x4736c0,Class_00473560::IsExpired
0x4736e0,TeleportParticles::FUN_004736e0
0x4737c0,TeleportParticles::Emit
0x4739b0,Class_004739b0::Step
0x473a00,Class_004739b0::DrawParticle
0x473b30,Class_004739b0::IsExpired
0x473b50,NanoParticles::FUN_00473b50
0x473d50,NanoParticles::Emit
0x474130,Class_00474130::Step
0x474170,Class_00474130::DrawParticle
0x4742a0,Class_00474130::IsExpired
0x4742c0,ThrustParticles::FUN_004742c0
0x4743a0,ThrustParticles::FUN_004743a0
0x474580,Class_00474580::Step
0x4745e0,Class_00474580::DrawParticle
0x474720,Class_00474580::IsExpired
0x474760,WakeParticles::FUN_00474760
0x474880,WakeParticles::Emit
0x474b00,Class_00474b00::Step
0x474b80,Class_00474b00::DrawParticle
0x474cb0,Class_00474b00::IsExpired
0x474cd0,SmokeParticles::SmokeParticles
0x474d10,??_GSmokeParticles@@UAEPAXI@Z
0x474d50,SmokeParticles::FUN_00474d50
0x474df0,SmokeParticles::Emit
0x474f80,SmokeParticles::FUN_00472e70
0x474fc0,Class_00474fc0::Step
0x475040,Class_00474fc0::DrawParticle
0x475090,Class_00474fc0::IsExpired
0x4750b0,Class_004750b0::Class_004750b0
0x4750f0,Class_004750b0::FUN_004750f0
0x475110,??_GClass_004750b0@@UAEPAXI@Z
0x475150,Class_004750b0::FUN_00475150
0x4751c0,Class_004750b0::Emit
0x475330,Class_004750b0::FUN_00472e70
0x475340,SmokeParticles::Update
0x475440,SmokeParticles::FUN_00475440
0x475470,SmokeParticles::FUN_00472e30
0x475600,Class_004750b0::Update
0x475700,Class_004750b0::FUN_00472e30
0x475770,UClass_004739b0::?$vector::reserve
0x475840,Class_00475840::FUN_00475840
0x475870,UClass_004739b0::?$vector::_Destroy
0x475880,UClass_004739b0::?$vector::_Ucopy
0x4758c0,UClass_00473560::?$vector::insert
0x475bd0,URecord_00475bd0::?$vector::insert
0x475ef0,UElement_00475ef0::?$vector::insert
0x476210,UElem_00476210::?$vector::insert
0x476490,UElem_00476490::?$vector::insert
0x476710,UClass_004739b0::?$vector::_Ufill
0x476740,DrawBitmapBackground
0x4767e0,GetSideCount
0x4767f0,CountCampaignFiles
0x476830,BuildSideList
0x476920,CampaignExists
0x4769f0,ListCampaignFiles
0x476a60,BuildCampaignNameList
0x476c70,FUN_00476c70
0x476ca0,FUN_00476ca0
0x476cd0,FUN_00476cd0
0x476d80,FUN_00476d80
0x476e90,FUN_00476e90
0x476ef0,DrawHelpPage
0x477360,FUN_00477360
0x477410,FUN_00477410
0x4774d0,FUN_004774d0
0x477510,ToggleAnyMission
0x4775a0,HandleSingleMenuClick
0x4777a0,OpenSingleMenu
0x477940,FillCampaignList
0x4779e0,FillMissionList
0x477ab0,HandleNewGameClick
0x478240,OpenNewGameMenu
0x478790,UpdateSolarSystem
0x478b40,FUN_00478b40
0x478cb0,HandleMissionBriefingClick
0x478e80,OpenMissionBriefing
0x4794d0,CountComputerSlots
0x479500,CountHumanSlots
0x479530,FindOpenSlot
0x479560,FUN_00479560
0x479590,IsColorTaken
0x4795e0,FindFreeColor
0x479620,CountPlayersInAllyGroup
0x479660,RefreshAllyIcons
0x479760,AreAllPlayersInOneAllyGroup
0x4797e0,CycleSlotController
0x479bf0,FUN_00479bf0
0x479c50,BuildSkirmishPlayerRows
0x47a0e0,RefreshSkirmishSetup
0x47a700,FUN_0047a700
0x47a760,FUN_0047a760
0x47a8e0,CycleCurrentPlayerSide
0x47a910,HandleSkirmishMapClick
0x47aaa0,FUN_0047aaa0
0x47aaf0,OpenSkirmishMapSelector
0x47acb0,FUN_0047acb0
0x47acd0,CyclePlayerColor
0x47ae30,CycleCurrentPlayerAllyGroup
0x47ae60,HandleSkirmishClick
0x47b9f0,HandleSkirmishCheatText
0x47bbb0,OpenSkirmishMenu
0x47bd70,AnnounceForcesDestroyed
0x47bdf0,MoviePlayer::MoviePlayer
0x47bf20,Class_0047bf20::Close
0x47bf70,Class_0047bf70::SetupDirectDraw
0x47c150,Class_0047c150::GetBlitMode
0x47c230,MoviePlayer::ReadSystemPalette
0x47c2a0,MoviePlayer::UpdatePalette
0x47c2f0,MoviePlayer::ClearScreen
0x47c330,MoviePlayer::OnPaint
0x47c3a0,MoviePlayer::PlayFrame
0x47c4d0,ShowStatsSummary
0x47c530,MoviePlayer::WriteSmackStats
0x47c6c0,MoviePlayer::Play
0x47c770,GetBuildSiteMetal
0x47c780,GetBuildSiteHeight
0x47c790,FUN_0047c790
0x47cac0,FUN_0047cac0
0x47caf0,FUN_0047caf0
0x47cb00,Class_0047cb00::FUN_0047cb00
0x47cb40,Class_0047cb40::FUN_0047cb40
0x47cb60,FUN_0047cb60
0x47cbd0,FUN_0047cbd0
0x47cc30,AddUnitToMap
0x47d0e0,RemoveUnitFromMap
0x47d2e0,CanBuildAt
0x47d820,GetFootprintHeight
0x47d970,IsFootprintClear
0x47dac0,FUN_0047dac0
0x47db20,FUN_0047db20
0x47db70,FUN_0047db70
0x47ddc0,FUN_0047ddc0
0x47de60,GetPassMapCellValue
0x47dfc0,FUN_0047dfc0
0x47e1f0,FUN_0047e1f0
0x47e2d0,FUN_0047e2d0
0x47e570,FUN_0047e570
0x47e5c0,VisitObjectsInArea
0x47e750,VisitObjectsInRect
0x47e890,VisitObjectsInRange
0x47ea40,FUN_0047ea40
0x47ed30,FUN_0047ed30
0x47ed40,InitSound
0x47ee30,ResetSpeech
0x47eee0,ShutdownSound
0x47efc0,SetNoDirectSound
0x47efd0,SetUseWindowsSound
0x47efe0,LoadSoundFile
0x47f060,FreeSoundSet
0x47f090,StreamSoundDelayed
0x47f0c0,PlaySoundByIndex
0x47f1a0,PlaySoundByName
0x47f210,PlayLoopingSoundByName
0x47f290,PlaySoundFile
0x47f300,PlaySoundAt
0x47f610,PlaySoundAtByName
0x47f680,PlayNextSpeech
0x47f750,StopAllSounds
0x47f780,QueueUnitSpeech
0x47f7e0,FUN_0047f7e0
0x47f850,FUN_0047f850
0x47f8c0,RemoveSpeechOfUnit
0x47f960,SpeechQueue::SpeechQueue
0x47f990,SpeechQueue::ClearSpeechList
0x47fa30,SpeechQueue::ClearSpeechEntries
0x47fad0,SpeechQueue::EnqueueSpeech
0x47fca0,SpeechQueue::PlayNextSpeechEntry
0x47fd70,SpeechQueue::PlaySpeech
0x47ffa0,SpeechQueue::RemoveSpeechAt
0x480020,SpeechQueue::RemoveSpeechOfId
0x4800c0,Class_004800c0::FUN_004800c0
0x480100,Class_00480100::FUN_00480100
0x480160,Squad::Squad
0x480190,CreateSquads
0x4801f0,FreeSquads
0x480250,SetUnitSquad
0x480460,OrderSquad
0x4804e0,StepTowards
0x480510,StepPointTowards
0x480570,ChebyshevDistance
0x4805b0,ClampPointToSegment
0x480720,OctantBetween
0x480770,UnitScript::GetUnitValue
0x480b20,UnitScript::SetUnitValue
0x480c30,UnitScript::GetPieceTranslation
0x480c50,UnitScript::SetPieceTranslation
0x480cb0,UnitScript::GetPieceRotation
0x480ce0,UnitScript::SetPieceRotation
0x480d40,UnitScript::SetObjectState
0x480d50,UnitScript::SetPieceVisible
0x480db0,UnitScript::SetPieceCached
0x480df0,UnitScript::SetPieceShaded
0x480e30,UnitScript::IsPieceVisible
0x480e50,UnitScript::IsPieceCached
0x480e70,UnitScript::IsPieceShaded
0x480e90,UnitScript::ExplodeLegacy
0x480ea0,UnitScript::PlaySoundNoop
0x480eb0,UnitScript::EmitSfx
0x481140,UnitScript::ExplodePiece
0x481340,UnitScript::AttachUnit
0x4813b0,UnitScript::DropUnit
0x481430,UnitScript::IsCarryingUnit
0x481470,UnitScript::GetTransporterId
0x481490,Class_00481490::FUN_00481490
0x4814b0,AimCobStub
0x4814f0,FUN_004814f0
0x481500,InitEyeballs
0x481530,FreeEyeballs
0x481550,GetMapCell
0x4815a0,GetMapCellAtPosition
0x4815f0,GetOriginCellAtPosition
0x4816a0,RecalculateLineOfSight
0x481930,FUN_00481930
0x481d50,RemoveLineOfSight
0x482090,RemoveUnitLineOfSight
0x482110,IsEyeballExpired
0x482130,ExpireEyeballs
0x482270,AddLineOfSight
0x4825b0,UpdateLineOfSight
0x4827b0,UpdateUnitLineOfSight
0x482830,FUN_00482830
0x482910,AddEyeball
0x482ac0,FUN_00482ac0
0x482c20,FUN_00482c20
0x483210,UpdateCellHeightRange
0x483370,UpdateAllCellHeightRanges
0x4833b0,ClearBorderFeatures
0x483610,LoadTntMap
0x483dd0,FreeMapResources
0x483fa0,DrawMapTiles
0x4843c0,BuildFogTiles
0x4848e0,DrawFogOfWar
0x484b50,FUN_00484b50
0x484ce0,SaveMetalPlotmap
0x484d60,LoadMetalPlotmap
0x484df0,SavePlayerFeaturesPlotmap
0x484e80,LoadPlayerFeaturesPlotmap
0x484f50,SaveMappingData
0x484fa0,LoadMappingData
0x485010,GetCellHeight
0x485070,GetGroundHeight
0x485140,GetCellMeanHeight
0x4851c0,FindHighestPointOnLine
0x485330,GetCellPosition
0x4853b0,ClampPositionToMap
0x485420,ShareMapInfo
0x4854a0,AllocateUnitMemory
0x485940,ComparePlayers
0x485980,FreeUnitMemory
0x485a40,InitUnitFromType
0x485d40,InitUnitScript
0x485e30,??_GUnitScript@@UAEPAXI@Z
0x485e50,CreateUnitMotion
0x485e90,InitUnit
0x485f50,CreateUnit
0x4861d0,CreateUnitFromPacket
0x486360,CreateUnitCorpse
0x486460,IsUnitCommander
0x4864b0,KillUnit
0x4866d0,ApplyUnitDeath
0x486e80,KillUnitsOfType
0x486ed0,KillAllUnits
0x486f10,KillPlayerUnits
0x486fd0,LoadUnits
0x487080,LoadUnit
0x4876c0,SaveUnits
0x487af0,FindMissionUnit
0x487bf0,RunInitialMission
0x488310,CreateMissionUnits
0x488570,GiveUnitToPlayer
0x488810,QuickSort
0x488920,InsertShift
0x488960,Partition
0x488a50,FindUnitType
0x488b10,FindUnitTypeId
0x488be0,InitUnitCategories
0x488bf0,FreeUnitCategories
0x488c50,GetCategoryMask
0x488d30,UnitTypeSet::AddTypeOrCategory
0x488e70,UnitDef::AddToCategories
0x488f30,GetEnergyUse
0x488fb0,VUnitCategory::?$vector::insert
0x489240,Class_00489240::AssignCategory
0x489260,UnitCategory::UnitCategory
0x489280,MakePropList
0x4894f0,UnitCanBuild
0x489540,UnitRef::LinkToUnit
0x489580,UnitRef::UnlinkFromUnit
0x4895c0,Class_004895c0::Class_004895c0
0x489600,??_GClass_004895c0@@UAEPAXI@Z
0x489650,UnitRef::FUN_00489650
0x489690,Class_004895c0::SetUnit
0x4896f0,UnitRef::ClearRef
0x489740,ClearUnitRefs
0x4897b0,NotifyUnitRefs
0x4897e0,Class_004897e0::ChooseWeapon
0x489800,Unit::ReleaseWeapons
0x4898b0,Unit::ClaimWeapons
0x489960,Unit::CanReclaim
0x4899b0,Unit::CanRepair
0x489a70,Unit::CountCargo
0x489a90,Unit::CanLoad
0x489bb0,DamageUnit
0x489ce0,ApplyUnitDamage
0x489fa0,ParalyzeUnit
0x48a060,SetWeaponTargetUnit
0x48a0a0,SetWeaponTargetPos
0x48a0f0,ClearWeaponTarget
0x48a160,ResetWeaponTarget
0x48a190,GetWeaponTargetUnit
0x48a1e0,GetWeaponTargetPos
0x48a440,IsTargetingUnit
0x48a490,AlignUnitToGround
0x48a7f0,SnapUnitToGround
0x48a870,UpdateUnitHeight
0x48a980,GetHeadingBetween
0x48a9b0,GetHeadingBetweenOrDefault
0x48a9f0,SetUnitPosition
0x48aac0,AttachUnitToPiece
0x48ab70,ApplyAttachUnit
0x48ad30,UpdateAllUnits
0x48b090,Unit::SetStateBits
0x48b200,WriteUnitState
0x48b3f0,ReadUnitState
0x48b710,SendUnitStates
0x48b920,ReceiveUnitStates
0x48bae0,FUN_0048bae0
0x48bcb0,FUN_0048bcb0
0x48bd00,FUN_0048bd00
0x48bd50,FUN_0048bd50
0x48be00,SelectUnitsOfSameTypes
0x48bf30,SelectUnitsByCategory
0x48c030,FUN_0048c030
0x48c150,FUN_0048c150
0x48c190,FindNextSelectedUnit
0x48c320,FUN_0048c320
0x48c390,SelectUnitsInBox
0x48c6a0,FUN_0048c6a0
0x48c7f0,FUN_0048c7f0
0x48c9b0,FUN_0048c9b0
0x48ca20,CollectSelectedUnits
0x48cc30,FUN_0048cc30
0x48cd80,FUN_0048cd80
0x48cf30,IssueOrderToSelection
0x48d220,FUN_0048d220
0x48d420,FUN_0048d420
0x48d4d0,FUN_0048d4d0
0x48d630,FUN_0048d630
0x48d790,FUN_0048d790
0x48d920,CreateSquad
0x48d9a0,SelectSquad
0x48dc30,FUN_0048dc30
0x48dd10,FUN_0048dd10
0x48df90,Class_0048df90::Class_0048df90
0x48dfb0,Class_0048dfb0::FUN_0048dfb0
0x48e010,MissionConditions::RegisterConditions
0x48ea00,MissionCondition::IsSatisfied
0x48ea10,MissionCondition::OnUnitDied
0x48ea20,MissionCondition::OnUnitCaptured
0x48ea30,MissionCondition::OnUnitCreated
0x48ea40,VictoryKillEnemyCommander::OnUnitDied
0x48eac0,VictoryKillEnemyCommander::SaveState
0x48eb00,VictoryKillEnemyCommander::LoadState
0x48eb40,VictoryDestroyAllUnits::IsSatisfied
0x48eb80,VictoryDestroyAllUnits::SaveState
0x48ebc0,VictoryDestroyAllUnits::LoadState
0x48ec00,VictoryKillAllMobileUnits::VisitUnit
0x48ec20,VictoryKillAllMobileUnits::OnUnitDied
0x48ecb0,VictoryKillAllMobileUnits::SaveState
0x48ed00,VictoryKillAllMobileUnits::LoadState
0x48ed50,VictoryBuildUnitType::VisitUnit
0x48edb0,VictoryBuildUnitType::IsSatisfied
0x48ee30,VictoryBuildUnitType::SaveState
0x48ee70,VictoryBuildUnitType::LoadState
0x48eeb0,VictoryCaptureUnitType::OnUnitCaptured
0x48ef00,VictoryCaptureUnitType::SaveState
0x48ef40,VictoryCaptureUnitType::LoadState
0x48ef80,VictoryKillAllOfType::VisitUnit
0x48efb0,VictoryKillAllOfType::OnUnitDied
0x48f070,VictoryKillAllOfType::SaveState
0x48f0b0,VictoryKillAllOfType::LoadState
0x48f0f0,VictoryKillUnitType::OnUnitDied
0x48f160,VictoryKillUnitType::SaveState
0x48f1b0,VictoryKillUnitType::LoadState
0x48f200,VictoryMoveUnitToRadius::IsSatisfied
0x48f250,VictoryMoveUnitToRadius::VisitUnit
0x48f2f0,VictoryMoveUnitToRadius::SaveState
0x48f330,VictoryMoveUnitToRadius::LoadState
0x48f370,VictoryUnitTypePassesX::VisitUnit
0x48f3e0,VictoryUnitTypePassesX::IsSatisfied
0x48f440,VictoryUnitTypePassesX::SaveState
0x48f480,VictoryUnitTypePassesX::LoadState
0x48f4c0,VictoryUnitTypePassesZ::VisitUnit
0x48f530,VictoryUnitTypePassesZ::IsSatisfied
0x48f590,VictoryUnitTypePassesZ::SaveState
0x48f5d0,VictoryUnitTypePassesZ::LoadState
0x48f610,VictoryTimerRunsOut::IsSatisfied
0x48f630,VictoryTimerRunsOut::SaveState
0x48f670,VictoryTimerRunsOut::LoadState
0x48f6b0,DefeatCommanderKilled::OnUnitDied
0x48f710,DefeatCommanderKilled::SaveState
0x48f750,DefeatCommanderKilled::LoadState
0x48f790,DefeatAllUnitsKilled::VisitUnit
0x48f7e0,DefeatAllUnitsKilled::IsSatisfied
0x48f840,DefeatAllUnitsKilled::SaveState
0x48f880,DefeatAllUnitsKilled::LoadState
0x48f8c0,DefeatUnitTypeKilled::OnUnitDied
0x48f900,DefeatUnitTypeKilled::SaveState
0x48f950,DefeatUnitTypeKilled::LoadState
0x48f9a0,DefeatAllUnitsKilledOfType::VisitUnit
0x48f9d0,DefeatAllUnitsKilledOfType::OnUnitDied
0x48fab0,DefeatAllUnitsKilledOfType::SaveState
0x48faf0,DefeatAllUnitsKilledOfType::LoadState
0x48fb30,DefeatAnyUnitPassesX::VisitUnit
0x48fb60,DefeatAnyUnitPassesX::IsSatisfied
0x48fbc0,DefeatAnyUnitPassesX::SaveState
0x48fc00,DefeatAnyUnitPassesX::LoadState
0x48fc40,DefeatAnyUnitPassesZ::VisitUnit
0x48fc70,DefeatAnyUnitPassesZ::IsSatisfied
0x48fcd0,DefeatAnyUnitPassesZ::SaveState
0x48fd10,DefeatAnyUnitPassesZ::LoadState
0x48fd50,DefeatDeathTimerRunsOut::IsSatisfied
0x48fd70,DefeatDeathTimerRunsOut::SaveState
0x48fdb0,DefeatDeathTimerRunsOut::LoadState
0x48fdf0,MissionConditions::SaveConditions
0x48fe60,MissionConditions::LoadConditions
0x48fed0,MissionConditions::AllVictoryConditionsMet
0x48ff40,MissionConditions::AnyDefeatConditionMet
0x48ffd0,FUN_0048ffd0
0x490050,FUN_00490050
0x490080,FUN_00490080
0x490200,FUN_00490200
0x490230,MissionConditions::CheckVictory
0x490360,MissionConditions::CheckDefeat
0x4904b0,MissionConditions::FUN_004904b0
0x4904c0,MissionConditions::NotifyUnitDied
0x490520,MissionConditions::NotifyUnitCaptured
0x490580,MissionConditions::NotifyUnitCreated
0x4905e0,Class_00490630::Class_00490630
0x490630,??_GClass_00490630@@UAEPAXI@Z
0x490650,Class_00490630::FUN_0044f000
0x490690,Class_00490630::FUN_0044efb0
0x4907e0,Class_004907e0::Class_004907e0
0x490840,??_GClass_004907e0@@UAEPAXI@Z
0x490860,Class_004907e0::FUN_0044ef90
0x490880,Class_004907e0::FUN_0044efb0
0x4908b0,Class_004907e0::FUN_0044efe0
0x4908c0,Class_004907e0::FUN_0044efc0
0x490940,Class_00490880::Class_00490880
0x4909a0,??_GClass_00490880@@UAEPAXI@Z
0x4909e0,Class_00490880::~Class_00490880
0x490a10,Class_00490880::FUN_0044efd0
0x490aa0,FUN_00490aa0
0x490ac0,FUN_00490ac0
0x490b00,FUN_00490b00
0x490b30,SetGameMode
0x490c40,UpdateWind
0x490da0,FUN_00490da0
0x490df0,SetGameSpeed
0x490ee0,IncreaseGameSpeed
0x490f10,FUN_00490f10
0x490f40,FUN_00490f40
0x490f80,SaveCdLists
0x490fe0,FUN_00490fe0
0x491200,InitGame
0x4916a0,ShutdownGame
0x4917d0,FUN_004917d0
0x491a70,FUN_00491a70
0x491b60,FUN_00491b60
0x491c60,FUN_00491c60
0x491c80,FUN_00491c80
0x491cc0,FUN_00491cc0
0x491d70,FUN_00491d70
0x491e10,FUN_00491e10
0x491e50,FUN_00491e50
0x491ec0,ShowSavedGameInfo
0x492330,ShowInvalidSavegameDialog
0x492360,LoadGameScreenHandler
0x492b10,ListSavedGames
0x492de0,SavedGameSelectHandler
0x492df0,SaveGameScreenHandler
0x493060,ShowSaveGameScreen
0x4931d0,ShowLoadGameScreen
0x493340,UpdateMetalReadout
0x493390,UpdateEnergyReadout
0x4933e0,GiveSelectedUnitsToPlayer
0x4934b0,HandleShareDialogEvent
0x4936f0,OpenShareDialog
0x493ae0,ResetPlayerGadgets
0x493bf0,HandleTalkDialogEvent
0x494050,OpenTalkDialog
0x494220,HandleUnitInfoDialogEvent
0x494290,FUN_00494290
0x4942e0,OpenUnitInfoDialog
0x494740,HandleTabMenuEvent
0x494840,FUN_00494840
0x494890,FUN_00494890
0x4948b0,FUN_004948b0
0x4948e0,FUN_004948e0
0x494e70,FUN_00494e70
0x494ff0,FUN_00494ff0
0x495010,ToggleTabMenu
0x495200,FUN_00495200
0x495230,UpdateFramePacing
0x495490,RunGameSteps
0x4956c0,FUN_004956c0
0x495860,SelectStopOrder
0x4958c0,SetOrSelectStopOrder
0x495930,BuildScreenshotPath
0x495a30,WriteScreenshot
0x495e90,HandleGameKey
0x496790,MainLoopTick
0x496a60,InitFrame
0x496b10,ReturnToMainMenuFrame
0x496bb0,MenuFrame
0x496ce0,PreBattleFrame
0x496db0,CampaignSetupFrame
0x496e10,ApplyMissionOptionFlags
0x496e90,SetStartingStorageBonus
0x496ee0,SpawnCommanderAtStartPos
0x497080,InitStartingResourcesFromSkirmish
0x497180,LoadMatch
0x497c70,LoadThreadMain
0x497ce0,DrawSyncStatus
0x497f40,LoadingScreenFrame
0x498cd0,OffsetWorldPosFromView
0x498d00,MinimapCursorToWorldPos
0x498da0,UpdateCursorWorldPos
0x498f70,HandleLeftClick
0x499100,HandleRightClick
0x499200,BattleFrame
0x499880,EndGameFrame
0x499890,MainFrameTick
0x499a30,AllocWeaponArray
0x499a80,FreeWeaponArray
0x499ab0,SendWeaponFirePacket
0x499ba0,FUN_00499ba0
0x499c10,FUN_00499c10
0x499c70,ApplyWeaponHit
0x499cd0,ApplyWeaponDamage
0x499e50,FUN_00499e50
0x499eb0,DetonateProjectile
0x49a0c0,ApplyAreaDamageAt
0x49a120,ApplyAreaDamage
0x49a850,VectorLength
0x49a890,SolveLaunchAngle
0x49aa80,WeaponCanReachPos
0x49abb0,WeaponCanReachUnit
0x49adf0,FUN_0049adf0
0x49ae20,CompactProjectiles
0x49af90,ApplyProjectileHitPacket
0x49b000,DetonateUnitWeapon
0x49b090,CheckProjectileCollision
0x49b3e0,GetProjectileAimPoint
0x49b520,TurnUnitTowardsPoint
0x49b680,FUN_0049b680
0x49b6e0,AllocProjectile
0x49b720,UpdateProjectiles
0x49be60,DrawProjectiles
0x49c740,InitProjectile
0x49c880,RemoveUnitProjectiles
0x49c920,FUN_0049c920
0x49c980,FUN_0049c980
0x49c9c0,FireLineOfSightProjectile
0x49cc20,FireVLaunchProjectile
0x49cde0,FireBallisticProjectile
0x49d000,FUN_0049d000
0x49d0c0,FUN_0049d0c0
0x49d120,FindTargetableProjectile
0x49d1e0,FindRemoteProjectile
0x49d270,ApplyWeaponFirePacket
0x49d580,FireTurretWeapon
0x49d880,AimWithinTolerance
0x49d910,CalcAimAngles
0x49d9c0,FireLineOfSightWeapon
0x49db70,FireVLaunchWeapon
0x49dd60,FireDroppedWeapon
0x49df10,FUN_0049df10
0x49e010,SetWeaponFireHandler
0x49e070,InitUnitWeaponSlots
0x49e1a0,UpdateUnitWeapons
0x49e570,FUN_0049e570
0x49e5b0,FindWeaponByName
0x49e640,AppendToDebugFile
0x49e680,ReportViaException
0x49e6f0,InstallOutOfMemoryHandler
0x49e700,OutOfMemoryHandler
0x49e830,GameMain
0x49ed90,AtexitNoOp
0x49ee30,ParseCommandLine
0x49f540,ChdirToExeDirectory
0x49f580,GetPreferredLanguage
0x49f5a0,GetPreferenceInt
0x49f610,IsWindowsSoundAvailable
0x49f620,ResumeLoopingWav
0x49f640,StopWindowsSound
0x49f680,PlayWavMemory
0x49f6a0,PlayLoopingWavMemory
0x49f6c0,PlayWavFromDisk
0x49f710,DirectDrawCreateThunk
0x49f8c0,HasGadgetNamed
0x49f930,SetGadgetName
0x49f9c0,RunWhileScreenNamed
0x49fa50,FUN_0049fa50
0x49fa70,FUN_0049fa70
0x49fa90,FUN_0049fa90
0x49fab0,FUN_0049fab0
0x49fad0,FUN_0049fad0
0x49faf0,FUN_0049faf0
0x49fb10,FUN_0049fb10
0x49fb30,FUN_0049fb30
0x49fb50,FUN_0049fb50
0x49fba0,FUN_0049fba0
0x49fbf0,FUN_0049fbf0
0x49fc40,FUN_0049fc40
0x49fc50,FUN_0049fc50
0x49fcf0,FUN_0049fcf0
0x49fd10,FUN_0049fd10
0x49fd20,FUN_0049fd20
0x49fd60,IsCurrentGadgetNamed
0x49fdf0,FindGadgetIndex
0x49fe60,FindGadgetIndexBySubstring
0x49fed0,GetGadgetName
0x49ff10,FindGadgetOrNull
0x49ff90,FindGadgetChecked
0x4a0010,FUN_004a0010
0x4a0090,UpdateHelpText
0x4a0180,FUN_004a0180
0x4a0200,FUN_004a0200
0x4a0280,FUN_004a0280
0x4a0300,IsGadgetNamed
0x4a0340,FUN_004a0340
0x4a03f0,FUN_004a03f0
0x4a04f0,FUN_004a04f0
0x4a0570,FUN_004a0570
0x4a05e0,FUN_004a05e0
0x4a07d0,SetGadgetTextByName
0x4a0880,SetGadgetText
0x4a08f0,FUN_004a08f0
0x4a09c0,FUN_004a09c0
0x4a0bf0,FUN_004a0bf0
0x4a0c70,FUN_004a0c70
0x4a0d00,GetGadgetText
0x4a0e00,FUN_004a0e00
0x4a0f30,GetGadgetStatus
0x4a0f60,GetButtonStageByName
0x4a0ff0,GetButtonStage
0x4a1030,SetButtonStage
0x4a1080,SetButtonStageByName
0x4a1110,SetGadgetStatusByName
0x4a11c0,SetGadgetStatus
0x4a1200,FUN_004a1200
0x4a1250,FUN_004a1250
0x4a12e0,FUN_004a12e0
0x4a1450,FUN_004a1450
0x4a14c0,FUN_004a14c0
0x4a1530,FUN_004a1530
0x4a15c0,FUN_004a15c0
0x4a1630,GetGadgetRect
0x4a1680,FUN_004a1680
0x4a16f0,FUN_004a16f0
0x4a1810,SelectFontForEntry
0x4a18c0,FUN_004a18c0
0x4a1920,FUN_004a1920
0x4a1950,FUN_004a1950
0x4a1970,FUN_004a1970
0x4a1990,FUN_004a1990
0x4a19f0,FUN_004a19f0
0x4a1a50,FUN_004a1a50
0x4a1ab0,RedrawGadgetRect
0x4a1b40,DrawListBox
0x4a23b0,FUN_004a23b0
0x4a2480,FUN_004a2480
0x4a2580,FUN_004a2580
0x4a2be0,FUN_004a2be0
0x4a2e40,FUN_004a2e40
0x4a30c0,FUN_004a30c0
0x4a31c0,FUN_004a31c0
0x4a32a0,FUN_004a32a0
0x4a35a0,SetGadgetRows
0x4a36a0,SetGadgetItems
0x4a3780,HandleListBoxInput
0x4a3eb0,FUN_004a3eb0
0x4a3ef0,DrawSlider
0x4a4170,HandleSliderInput
0x4a4440,FUN_004a4440
0x4a4620,FUN_004a4620
0x4a4660,FUN_004a4660
0x4a4890,FUN_004a4890
0x4a4930,FUN_004a4930
0x4a4980,FUN_004a4980
0x4a4b50,FUN_004a4b50
0x4a4c90,FUN_004a4c90
0x4a4d70,DrawTextInput
0x4a5010,GetCharGlyph
0x4a5030,GetTextPixelWidth
0x4a50b0,GetFontLineHeight
0x4a50e0,FUN_004a50e0
0x4a51d0,FUN_004a51d0
0x4a53c0,FUN_004a53c0
0x4a56b0,FUN_004a56b0
0x4a5d30,FUN_004a5d30
0x4a5d50,FUN_004a5d50
0x4a5e50,FUN_004a5e50
0x4a5f40,DrawButton
0x4a69d0,FUN_004a69d0
0x4a6a40,FUN_004a6a40
0x4a6ae0,HandleButtonInput
0x4a7190,FUN_004a7190
0x4a7290,HandleTextInput
0x4a7560,FindNextTextInput
0x4a75d0,LoadScreenGaf
0x4a76b0,SelectGadgetByName
0x4a7830,SelectGadgetByIndex
0x4a7960,FUN_004a7960
0x4a7ee0,FUN_004a7ee0
0x4a7f70,FindButtonGaf
0x4a8150,AddGadgetEntry
0x4a81b0,FUN_004a81b0
0x4a81e0,RenderLayer
0x4a9660,CloseTopScreen
0x4a96d0,DecrementKnobPos
0x4a9780,IncrementKnobPos
0x4a9830,FUN_004a9830
0x4a99c0,FUN_004a99c0
0x4a9b90,HandleGuiCommand
0x4a9fd0,UpdateMenu
0x4aa850,SetCurrentGuiContext
0x4aa8d0,FUN_004aa8d0
0x4aa8e0,FUN_004aa8e0
0x4aa8f0,LoadGuiLayer
0x4aafe0,IsPointInEntryRect
0x4ab040,FUN_004ab040
0x4ab060,IsScreenNamed
0x4ab0a0,FUN_004ab0a0
0x4ab0b0,FUN_004ab0b0
0x4ab170,FUN_004ab170
0x4ab190,FUN_004ab190
0x4ab1b0,AddTextGadget
0x4ab290,FUN_004ab290
0x4ab2b0,AddButtonGadget
0x4ab310,FUN_004ab310
0x4ab3a0,FUN_004ab3a0
0x4ab400,FUN_004ab400
0x4ab440,FUN_004ab440
0x4ab4c0,FUN_004ab4c0
0x4ab4e0,FUN_004ab4e0
0x4ab510,IsMouseButtonMessage
0x4ab570,IsDoubleClickMessage
0x4ab5b0,FUN_004ab5b0
0x4ab5d0,FUN_004ab5d0
0x4ab690,FUN_004ab690
0x4ab6b0,FUN_004ab6b0
0x4ab6c0,FUN_004ab6c0
0x4ab720,HandleTextEditKey
0x4abb20,OpenConfirmDialog
0x4abba0,YesNoDialogHandler
0x4abbd0,OpenYesNoDialog
0x4abd00,MessageBoxHandler
0x4abd20,IsMessageBoxScreen
0x4abd90,OpenMessageBox
0x4ac080,NotExistDialogHandler
0x4ac0a0,OpenNotExistDialog
0x4ac130,Choice3DialogHandler
0x4ac170,OpenChoice3Dialog
0x4ac300,InputDialogHandler
0x4ac340,OpenInputDialog
0x4ac4c0,WordWrapText
0x4ac610,TruncateTextWithEllipsis
0x4ac710,BuildColorRemapTable
0x4ac7d0,FUN_004ac7d0
0x4ac8a0,FUN_004ac8a0
0x4ac8c0,FUN_004ac8c0
0x4ac970,FUN_004ac970
0x4aca20,ShowPaletteEntryRgb
0x4acae0,FUN_004acae0
0x4acbe0,GetColorCellAt
0x4acc70,ApplySlidersToPaletteEntry
0x4accd0,WriteTabs
0x4acd00,WriteSectionHeader
0x4acda0,WriteSectionEnd
0x4acde0,WriteKeyValue
0x4ace50,WriteCommonFields
0x4ad350,ReadCommonSection
0x4ad4f0,WritePanelFields
0x4ad890,ReadPanelFields
0x4ad980,WriteStatusField
0x4ada10,ReadStatusField
0x4ada40,WriteButtonFields
0x4adc70,ReadButtonFields
0x4add60,WriteListBoxFields
0x4addf0,ReadListBoxFields
0x4ade20,WriteTextInputFields
0x4adf10,ReadTextInputFields
0x4adf90,WriteSliderFields
0x4ae170,ReadSliderFields
0x4ae230,WriteTextLinkFields
0x4ae300,ReadTextLinkFields
0x4ae380,WriteHotOrNotField
0x4ae410,ReadHotOrNotField
0x4ae440,FUN_004ae440
0x4ae4b0,FUN_004ae4b0
0x4ae4e0,FUN_004ae4e0
0x4ae550,FUN_004ae550
0x4ae580,WriteNuttinField
0x4ae610,ReadNuttinField
0x4ae630,WriteGuiFile
0x4aeac0,ReadGuiFile
0x4aeda0,FUN_004aeda0
0x4aedd0,LoadGafIntoSlot
0x4aeee0,LoadGafFile
0x4aef80,FUN_004aef80
0x4aefa0,SortFileList
0x4af320,ScanDirectory
0x4af5b0,RefreshFileList
0x4af670,FileRequesterHandler
0x4afa30,Dialog::OpenFileRequester
0x4afc60,AllocBlinkWords
0x4afcf0,FreeBlinkWords
0x4afd20,SetBlinkGadget
0x4afd40,EnableBlinkWords
0x4afd60,DisableBlinkWords
0x4afd80,AddBlinkWord
0x4afe90,ClearBlinkWord
0x4afec0,ClearBlinkWords
0x4aff00,DrawBlinkWords
0x4b0090,DrawBevelBorder
0x4b0160,DrawBevelBorderDarkFirst
0x4b0230,DrawListboxFrame
0x4b04b0,FillBevelBox
0x4b04e0,FillBevelBoxDarkFirst
0x4b0510,DrawRaisedBox
0x4b0590,DrawSunkenBox
0x4b0610,CobScript::CobScript
0x4b0650,CobScript::AttachUnit
0x4b0660,CobScript::DropUnit
0x4b0670,CobScript::SetUnitValue
0x4b0680,CobScript::GetUnitValue
0x4b0690,CobScript::IsCarryingUnit
0x4b06a0,CobScript::GetTransporterId
0x4b06b0,??_GCobScript@@UAEPAXI@Z
0x4b06f0,CobScript::~CobScript
0x4b0720,CobScript::SetCob
0x4b07a0,CobScript::GetCob
0x4b07b0,CobScript::FUN_004b07b0
0x4b07c0,CobScript::FindScript
0x4b0830,CobScript::StartThreadByName
0x4b08c0,CobScript::StartThread
0x4b0940,CobScript::StartScript
0x4b0a10,CobScript::StartScriptByIndex
0x4b0a70,CobScript::StartScriptWithArgs
0x4b0b00,CobScript::StartScriptWithArgsByIndex
0x4b0bc0,CobScript::QueryScript
0x4b0c40,CobScript::QueryScriptByIndex
0x4b0d20,CobScript::RemoveCallback
0x4b0d60,CobScript::RunScripts
0x4b0da0,CobScript::RunThread
0x4b1c00,CobScript::AnimatePieces
0x4b1e50,CobScript::IsPieceVisible
0x4b1e60,CobScript::IsPieceCached
0x4b1e70,CobScript::IsPieceShaded
0x4b1e80,CobScript::ExplodeLegacy
0x4b1e90,CobScript::PlaySoundNoop
0x4b1ea0,CobScript::EmitSfx
0x4b1eb0,CobScript::ExplodePiece
0x4b1ec0,CobScript::SaveScriptState
0x4b2040,CobScript::LoadScriptState
0x4b2450,LoadCobScript
0x4b2540,FreeCobScript
0x4b26f0,GetCobChecksum
0x4b2840,std::HH::HU?$pair::?$_Tree::begin
0x4b2850,std::HH::HU?$pair::?$_Tree::insert
0x4b2ac0,std::HH::HU?$pair::?$_Tree::erase
0x4b2fb0,std::HH::HU?$pair::?$_Tree::_Erase
0x4b3000,std::HH::HU?$pair::?$_Tree::Viterator::?$pair::?$pair
0x4b3020,std::HH::HU?$pair::?$_Tree::_Insert
0x4b3310,std::HH::HU?$pair::?$_Tree::_Lrotate
0x4b3370,std::HH::HU?$pair::?$_Tree::_Min
0x4b33b0,std::HH::HU?$pair::?$_Tree::_Rrotate
0x4b3410,std::HH::HU?$pair::?$_Tree::_Buynode
0x4b3430,std::HH::HU?$pair::?$_Tree::_Lbound
0x4b3490,std::HH::HU?$pair::?$_Tree::_Ubound
0x4b34f0,std::HH::HU?$pair::?$_Tree::iterator::_Dec
0x4b3590,std::HH::HU?$pair::?$_Tree::iterator::_Inc
0x4b3620,HapiBank::InitBank
0x4b3630,HapiBank::CloseBank
0x4b3750,HapiBank::NewBank
0x4b3770,HapiBank::OpenBank
0x4b39c0,HapiBank::SaveBank
0x4b3c60,HapiBank::SaveAccount
0x4b4270,HapiBank::LoadAccount
0x4b4560,HapiBank::OpenAccount
0x4b4630,HapiBank::SetIntegerItem
0x4b46c0,HapiBank::SetDoubleItem
0x4b4750,HapiBank::SetStringItem
0x4b4800,HapiBank::GetIntegerItem
0x4b4850,HapiBank::GetDoubleItem
0x4b48a0,HapiBank::GetStringItem
0x4b48f0,HapiBank::HasItem
0x4b4910,HapiBank::FindItem
0x4b49d0,HapiBank::FindNumberedBox
0x4b4a80,HapiBank::FindNamedBox
0x4b4b50,HapiBank::OpenNumberedBox
0x4b4ba0,HapiBank::OpenNamedBox
0x4b4bf0,HapiBank::GetBoxSize
0x4b4c10,HapiBank::SeekBox
0x4b4c50,HapiBank::SeekBoxEnd
0x4b4c80,HapiBank::ReadBox
0x4b4cf0,HapiBank::WriteBox
0x4b4d70,HapiBank::WriteAuditFile
0x4b4f10,??2@YAPAXI@Z
0x4b4f20,??3@YAXPAX@Z
0x4b4f30,??_U@YAPAXI@Z
0x4b4f40,??_V@YAXPAX@Z
0x4b4f50,ApplyPalette
0x4b4fd0,SetCloseHandler
0x4b4ff0,ReleaseDirectDraw
0x4b5070,CheckDirectXVersion
0x4b52e0,InitDisplayDefaults
0x4b5330,EnumModesCallback
0x4b5370,GetDisplayModes
0x4b5510,SetFullScreen
0x4b5910,ToggleFullScreen
0x4b5940,SetResolution
0x4b5980,InitEnvironment
0x4b5cc0,WindowProc
0x4b6110,ShutdownEnvironment
0x4b6220,GetDisplay
0x4b6230,QuitApp
0x4b6290,FatalError
0x4b62c0,FUN_004b62c0
0x4b62d0,InitTimers
0x4b6330,GetTickRate
0x4b6340,GetTicks
0x4b6370,UpdateTimers
0x4b63f0,AddTimer
0x4b64d0,RemoveTimer
0x4b6510,ResetTimers
0x4b6560,GetMilliseconds
0x4b6570,DrawFrameRate
0x4b66a0,GetFrameRate
0x4b6700,GetScreenWidth
0x4b6710,GetScreenHeight
0x4b6720,PointInRect
0x4b6750,RectInsideRect
0x4b67d0,RectsOverlap
0x4b6820,FUN_004b6820
0x4b6840,FUN_004b6840
0x4b6860,ReadRegistryValue
0x4b6880,AccessRegistryValue
0x4b69b0,ReadRegistryData
0x4b69d0,ReadRegistryDword
0x4b6a00,WriteRegistryBinary
0x4b6a20,WriteRegistryString
0x4b6a50,WriteRegistryDword
0x4b6a80,GetWindowsUserName
0x4b6af0,SkipTextLines
0x4b6b20,StartThread
0x4b6b50,SleepMilliseconds
0x4b6b60,SetMediaNotifyCallback
0x4b6b80,ShowErrorBox
0x4b6ba0,ComputeChecksum
0x4b6c30,RandomInt
0x4b6ca0,SeedRandom
0x4b6cc0,RotateByAngles
0x4b6d50,RotateAboutZ
0x4b6da0,RotateAboutY
0x4b6df0,RotateAboutX
0x4b6e40,ApproxDistance
0x4b6e80,DotProduct
0x4b6eb0,VectorFromTo
0x4b6f00,VectorFromToInt
0x4b6f70,CrossProduct
0x4b6ff0,NormalizeVector
0x4b7070,VectorLengthFloat
0x4b70ef,FUN_004b70ef
0x4b7123,FUN_004b7123
0x4b715a,FUN_004b715a
0x4b7173,FUN_004b7173
0x4b7381,FUN_004b7381
0x4b73b0,CommandArgs::InitArgs
0x4b73c0,CommandArgs::GetArg
0x4b73e0,CommandArgs::GetIntArg
0x4b7410,CommandArgs::GetFloatArg
0x4b7440,CommandArgs::Tokenize
0x4b74f0,Class_004b74f0::SubstituteArgs
0x4b7540,CommandArgs::ShiftArgs
0x4b7590,ClearDefaultCommandHandler
0x4b7620,RegisterCommand
0x4b7760,RegisterCommands
0x4b78e0,SetDefaultCommandHandler
0x4b7900,ExecuteCommand
0x4b7a10,FindLineEnd
0x4b7a30,ExecuteCommandText
0x4b7ac0,NopRet
0x4b7ad0,ClearCommandTable
0x4b7b00,VCommandEntry::?$vector::insert
0x4b7e00,Class_004b7e00::AssignEntry
0x4b7e30,CommandEntry::CommandEntry
0x4b7e60,ClipRects
0x4b7ee0,GetGafSequenceFrame
0x4b7f00,SetGafSequenceFrame
0x4b7f30,GetGafFrame
0x4b7f60,GetGafFrameCount
0x4b7f70,GetGafFrameDuration
0x4b7f90,DrawFrame
0x4b8150,DrawFrameOpaque
0x4b8310,DrawFrameLit
0x4b8500,DrawFrameBlended
0x4b86e0,DrawFrameGray
0x4b88d0,EraseFrameDithered
0x4b8a80,SurfaceFromFrame
0x4b8ae0,FrameFromSurface
0x4b8b30,InitGafSequence
0x4b8b90,StepGafSequence
0x4b8bf0,AdvanceGafSequence
0x4b8c60,LoadGaf
0x4b8d40,FindGafEntry
0x4b8da0,AllocFrame
0x4b8e00,AllocDepthFrame
0x4b8e50,ClearFrame
0x4b8ec0,DrawFrameShadow
0x4b90a0,DrawFrameDepth
0x4b91b0,BuildLensFrame
0x4b9360,DrawLens
0x4b94c0,GrabBackground
0x4b95a0,DownsampleFrame
0x4b96a0,ZeroFramePixels
0x4b96e0,TintFrameBelow
0x4b9740,DrawFrameScaledBlended
0x4b9a50,DrawFrameScaled
0x4b9d70,CutOutFrame
0x4b9e60,CompressFrame
0x4b9ed0,EmitCopyRun
0x4b9f50,EmitRepeatRun
0x4ba000,CompressRow
0x4ba1b0,CutFrameBelow
0x4ba200,SetPaletteColors
0x4ba4c0,GetPaletteColors
0x4ba590,SetBrightness
0x4ba5c0,AllocAlphaTable
0x4ba5f0,FreeAlphaTable
0x4ba610,AllocShadeTable
0x4ba640,FreeShadeTable
0x4ba660,AllocLightTable
0x4ba690,FreeLightTable
0x4ba6b0,AllocGrayTable
0x4ba6e0,FreeGrayTable
0x4ba700,AllocBlueTable
0x4ba730,FreeBlueTable
0x4ba750,BuildAlphaTable
0x4ba880,NearestColor
0x4ba920,SortByBrightness
0x4ba9d0,NearestColorInBand
0x4baad0,SetAlphaTable
0x4bab00,SetShadeTable
0x4bab30,SetLightTable
0x4bab60,SetGrayTable
0x4bab90,FUN_004bab90
0x4baba0,SetBlueTable
0x4babd0,BuildLightTable
0x4bad30,BuildGrayTable
0x4badf0,BuildShadeTable
0x4baf30,BuildBlueTable
0x4baff0,ChangeExtension
0x4bb0a0,HasExtension
0x4bb0f0,StripExtension
0x4bb120,StripFileName
0x4bb150,StripPath
0x4bb190,FindNextCdDrive
0x4bb200,GetVolumeNameAndSerial
0x4bb260,GetVolumeSerial
0x4bb2c0,HAPI_OpenFileAppend
0x4bb2e0,HAPI_OpenFile
0x4bb4e0,HAPI_FindEntry
0x4bb5b0,HAPI_OpenFileRead
0x4bb5d0,HAPI_CloseFile
0x4bb650,HAPI_IsInArchive
0x4bb670,FileHandle::SetFileName
0x4bb6a0,HAPI_CreateFile
0x4bb710,HAPI_SeekFile
0x4bb7a0,HAPI_TellFile
0x4bb7c0,HAPI_readfromfile
0x4bbbe0,HAPI_WriteFile
0x4bbc10,RenameFile
0x4bbc30,RemoveFile
0x4bbc40,HAPI_FileLengthByName
0x4bbd00,HAPI_FileLength
0x4bbd30,HAPI_ReadFileAt
0x4bbe50,HAPI_LoadFile
0x4bbff0,HAPI_LoadOpenFile
0x4bc120,HAPI_LoadFileInto
0x4bc290,WriteBufferToFile
0x4bc2e0,GetCurrentDriveLetter
0x4bc300,ChangeDrive
0x4bc320,GetDriveDirectory
0x4bc360,ChangeDirectory
0x4bc370,MatchWildcard
0x4bc4b0,HAPI_FindFirst
0x4bc640,HAPI_FindNext
0x4bc800,HAPI_FindDirectory
0x4bc8d0,HAPI_FindClose
0x4bc930,CountDirectoryEntries
0x4bca30,ListDirectory
0x4bcb50,FindFilesRecursive
0x4bcd10,GetDirectoryEntry
0x4bce10,SaveStartDirectory
0x4bce60,SetLastDirectory
0x4bcea0,GetLastDirectory
0x4bcec0,GetStartDirectory
0x4bcee0,RestoreStartDirectory
0x4bcf00,MakeDirectoryPath
0x4bcf80,HAPI_CopyIntoFile
0x4bd150,FUN_004bd150
0x4bd160,HAPI_PackDirectory
0x4bd3b0,HAPI_BuildArchiveDirectory
0x4bd830,HAPI_WriteArchiveData
0x4bdd70,HAPI_OpenArchive
0x4be010,HAPI_RelocateDirectory
0x4be070,HAPI_CloseArchive
0x4be0b0,HAPI_AddArchive
0x4be180,HAPI_DropMissingArchives
0x4be270,HAPI_RemoveArchive
0x4be320,HAPI_ResolveShadowedFiles
0x4be3b0,HAPI_ClearShadowFlags
0x4be400,HAPI_MarkShadowedFiles
0x4be6c0,VClass_004c91a0::?$vector::insert
0x4be950,DrawLine
0x4bea20,ClipLine
0x4bec70,DrawLitLine
0x4bed70,DrawBlendedLine
0x4bee60,DrawPixel
0x4befe0,ReadPixel
0x4bf060,DrawPolyline
0x4bf260,DrawPolylines
0x4bf4d0,FadeRectangle
0x4bf620,ClipRectangle
0x4bf6f0,FillRectangle
0x4bf7b0,DrawLitRectangle
0x4bf8c0,DrawRectangle
0x4bfd60,XorRectangle
0x4bfe10,GrayRectangle
0x4bff20,DitherRectangle
0x4c0070,DrawCircle
0x4c01a0,DrawDashedCircle
0x4c0310,FillPolygon
0x4c0330,ScanFillPolygon
0x4c06e0,FillFlatSpan
0x4c07b0,DrawPolygon
0x4c0820,DrawPolygonEdges
0x4c0a90,PlotSpanEnds
0x4c0b10,FillShadedSpan
0x4c0c70,FillShadedPolygon
0x4c1000,FillFlatPolygon
0x4c1320,PointInPolygon
0x4c13a0,SetTextColors
0x4c13d0,SetTextKeyColor
0x4c13f0,GetTextKeyColor
0x4c1400,GetTextForeColor
0x4c1410,GetTextBackColor
0x4c1420,SetFont
0x4c1440,GetFont
0x4c1450,GetFontHeight
0x4c1470,FontHeight
0x4c1480,GetTextWidth
0x4c14f0,DrawString
0x4c1760,DrawStringCentered
0x4c1830,DrawOutlinedString
0x4c1a40,ClearKeyQueue
0x4c1a60,InitKeyQueue
0x4c1aa0,DestroyPreCleanup
0x4c1ab0,PopKey
0x4c1b00,PeekKey
0x4c1b20,PushKeyCode
0x4c1b80,IsKeyDown
0x4c1d50,HandleVirtualKey
0x4c22a0,InitBlitLock
0x4c22d0,SetCursorOverlayEnabled
0x4c22f0,SetCursorPosition
0x4c2310,GetCursorPosition
0x4c2340,GetCurrentMouseEvent
0x4c2360,SetCurrentMouseEvent
0x4c2380,DrawSoftwareCursor
0x4c23e0,RestoreCursorBackground
0x4c2470,HideSoftwareCursor
0x4c24b0,CaptureBackgroundAndDrawCursor
0x4c25e0,RedrawMouseCursor
0x4c2870,ShowSoftwareCursor
0x4c2990,MouseThreadProc
0x4c2a80,StartMouseThread
0x4c2ac0,StopMouseThread
0x4c2b20,SetCursorSprite
0x4c2ba0,GetCursorSprite
0x4c2bb0,ClearMouseEventQueue
0x4c2bd0,InitMouse
0x4c2cc0,ShutdownMouse
0x4c2d60,PopMouseEvent
0x4c2de0,PeekMouseEvent
0x4c2e30,PushMouseEvent
0x4c2ea0,TdfFile::TdfFile
0x4c2eb0,TdfFile::~TdfFile
0x4c2f60,TdfFile::LoadFile
0x4c3120,TdfFile::LoadBuffer
0x4c3240,TdfFile::Unload
0x4c32f0,??_GTdfRecord@@QAEPAXI@Z
0x4c33a0,TdfFile::StripComments
0x4c3410,TdfFile::SelectRecord
0x4c3490,TdfFile::SelectRecordAt
0x4c35c0,std::logic_error::logic_error
0x4c3730,std::logic_error::what
0x4c3740,std::logic_error::_Doraise
0x4c38f0,??_Glogic_error@std@@UAEPAXI@Z
0x4c3af0,std::out_of_range::_Doraise
0x4c3c60,??_Gout_of_range@std@@UAEPAXI@Z
0x4c3cc0,std::out_of_range::out_of_range
0x4c3e10,TdfFile::ResetCurrentRecord
0x4c3e20,TdfFile::GetCurrentRecord
0x4c3e30,TdfFile::SetCurrentRecord
0x4c3e40,TdfRecord::TdfRecord
0x4c42a0,TdfRecord::~TdfRecord
0x4c4340,Class_004c4340::MakeTrimmedString
0x4c43f0,TdfRecord::ComputeRecordChecksum
0x4c4420,TdfRecord::CopyRecordName
0x4c4440,Class_004c4440::GetRecordName
0x4c4450,Class_004c4450::GetSubRecordCount
0x4c4470,TdfRecord::FindSubRecord
0x4c44c0,Class_004c44c0::GetSubRecord
0x4c45c0,TdfRecord::GetFieldCount
0x4c45e0,TdfRecord::GetFieldName
0x4c4630,TdfRecord::FindFieldValue
0x4c46c0,TdfRecord::GetFieldInt
0x4c4760,TdfRecord::GetFieldDouble
0x4c4800,TdfRecord::GetFieldFixed
0x4c48c0,TdfRecord::GetFieldString
0x4c49a0,std::D::DU?$char_traits::?$basic_string::?$basic_string
0x4c4ac0,std::D::DU?$char_traits::?$basic_string::_Tidy
0x4c4b10,std::D::DU?$char_traits::?$basic_string::erase
0x4c4c30,std::D::DU?$char_traits::?$basic_string::_Eos
0x4c4c50,std::D::DU?$char_traits::?$basic_string::_Grow
0x4c4d70,PAVTdfRecord::?$vector::insert
0x4c50a0,std::D::DU?$char_traits::?$basic_string::_Split
0x4c5170,FUN_004c5170
0x4c5190,TdfField::~TdfField
0x4c51b0,??_GTdfField@@QAEPAXI@Z
0x4c51e0,VClass_004c54a0::?$vector::insert
0x4c5470,Class_004c5470::FUN_004c5470
0x4c54a0,Class_004c54a0::Class_004c54a0
0x4c54d0,Class_004c54d0::Class_004c54d0
0x4c54f0,LoadTranslations
0x4c5740,Translate
0x4c5840,FindTranslation
0x4c58a0,GetLocalizedString
0x4c59d0,Class_004c5ba0::FUN_004c59d0
0x4c5b70,UTdfField::?$vector::_Destroy
0x4c5ba0,Class_004c5ba0::FUN_004c5ba0
0x4c5bc0,UTdfField::?$vector::_Ucopy
0x4c5c20,UTdfField::?$vector::_Ufill
0x4c5c60,Class_004c5c60::FindLowerBound
0x4c5cd0,FUN_004c5cd0
0x4c5d10,FUN_004c5d10
0x4c5d60,FUN_004c5d60
0x4c5d90,SetLockEntry
0x4c5dc0,PopScreenLock
0x4c5de0,GetScreenLockCount
0x4c5df0,UnlockAllScreens
0x4c5e70,LockScreen
0x4c5fa0,UnlockScreen
0x4c5ff0,LockPrimary
0x4c60d0,UnlockPrimary
0x4c61b0,SetPageFlipping
0x4c61f0,SetRestoreSurface
0x4c6210,RestoreSurfaces
0x4c62c0,RestoreScreen
0x4c63a0,FlipScreen
0x4c67c0,DrawCursor
0x4c6890,FillSurface
0x4c69a0,SetOffscreenSurface
0x4c69c0,ResetClipRect
0x4c69f0,AllocSurface
0x4c6a60,InitSurface
0x4c6ac0,FreeSurface
0x4c6ae0,Surface::GetClipRect
0x4c6b10,Surface::SetClipRect
0x4c6b40,FUN_004c6b40
0x4c6b60,FUN_004c6b60
0x4c6b70,DrawSurface
0x4c6c50,DrawSurfaceKeyed
0x4c6d20,CopySurfaceRect
0x4c6dc0,CopySurfaceRectKeyed
0x4c6e70,DrawTile
0x4c6f10,SaveSurface
0x4c6f80,LoadSurface
0x4c7080,FUN_004c7080
0x4c70d0,FUN_004c70d0
0x4c71f0,FUN_004c71f0
0x4c7310,DrawQuadRow
0x4c7580,DrawFrameQuad
0x4c7a20,DrawTexturedSpan
0x4c8020,DrawLitTexturedSpan
0x4c8760,DrawTexturedPolygon
0x4c8bb0,DrawLitTexturedPolygon
0x4c90b0,Class_004c90b0::Append
0x4c9180,Class_004c9180::Class_004c9180
0x4c91a0,Class_004c91a0::Class_004c91a0
0x4c91b0,Class_004c91b0::Class_004c91b0
0x4c9230,Class_004c9230::Class_004c9230
0x4c9290,Class_004c9290::MakeLower
0x4c9310,Class_004c9310::MakeUpper
0x4c9390,Class_004c9390::ReleaseRef
0x4c93b0,Class_004c93b0::Assign
0x4c93f0,Class_004c93f0::AssignText
0x4c9490,Class_004c9490::SubString
0x4c9530,HAPINET_GetDPErrorString
0x4c9740,HapinetTrace
0x4c9750,GetEnumSessionsErrorText
0x4c9790,HAPINET_guaranteepackets
0x4c97b0,HAPINET_sendpacket
0x4c9800,HAPINET_sendpacketguaranteed
0x4c9840,HAPINET_receivepacket
0x4c9890,HAPINET_updategameinfo
0x4c9920,HAPINET_createnewgame
0x4c9a70,HAPINET_createorjoinlobbygame
0x4c9b70,HAPINET_uninitmultiplay
0x4c9c20,HAPINET_initmultiplaydefaults
0x4c9c50,HAPINET_getgamescallback
0x4c9d10,HAPINET_justone
0x4c9d30,HAPINET_setplayerdatabuffer
0x4c9d80,HAPINET_getplayerdatabuffer
0x4c9dd0,HAPINET_getcurrentplayers
0x4c9e50,HAPINET_getgames
0x4c9f90,HAPINET_quitgame
0x4c9fd0,HAPINET_joingame
0x4ca100,HAPINET_enumconnections
0x4ca250,HAPINET_getconnections
0x4ca330,HAPINET_enumproviders
0x4ca400,HAPINET_getproviders
0x4ca450,HAPINET_passwordrequired
0x4ca490,HAPINET_initlobbiedconnection
0x4ca590,HAPINET_initconnection
0x4ca5d0,HAPINET_initmultiplay
0x4ca6a0,HAPINET_addplayer
0x4ca780,HAPINET_removeplayer
0x4ca7c0,HAPINET_getplayername
0x4ca800,HAPINET_setplayername
0x4ca840,HAPINET_enumplayers
0x4ca880,HAPINET_createcompoundaddress
0x4ca8c0,HAPINET_enumaddress
0x4ca900,HAPINET_createdplayinterface
0x4ca940,HAPINET_releasedplayinterface
0x4ca990,HAPINET_getplayeraddress
0x4ca9d0,FUN_004ca9d0
0x4ca9e0,FUN_004ca9e0
0x4ca9f0,FUN_004ca9f0
0x4caa00,RIReportGameChat
0x4caa10,RIReport
0x4caa20,RISetCallbacks
0x4caa40,DecodePcx
0x4cac40,WritePcx
0x4caec0,SaveSurfacePcx
0x4caf30,LoadPcx
0x4cb080,LoadPcxPalette
0x4cb170,SaveScreenshot
0x4cb2f0,AveragePrimitiveY
0x4cb330,SwapPrimitives
0x4cb370,SortPrimitives
0x4cb4c0,RelocateObject
0x4cb560,Load3do
0x4cb590,MirrorObject
0x4cb5f0,GetObjectHeight
0x4cb650,GetObjectBounds
0x4cb6a0,AddObjectBounds
0x4cb7c0,Class_004cb7c0::Init
0x4cb7d0,Class_004cb7d0::Close
0x4cb7f0,Class_004cb7f0::Open
0x4cb940,Class_004cb940::WriteRows
0x4cb9e0,SaveBmp
0x4cbab0,ExceptionFilter
0x4cbb70,PassThroughDebugHelper
0x4cbbe0,BlitSurface
0x4cbcd5,BlitSurfaceKeyed
0x4cbdd1,BlitRect
0x4cbe70,BlitRectKeyed
0x4cbef1,BlitTile32x32
0x4cbf2c,BlitRectBlended
0x4cbfc4,BlitRectRemapDest
0x4cc057,BlitCompressedBlended
0x4cc1bf,BlitCompressedShadow
0x4cc332,BlitRectShadow
0x4cc3d0,BlitCompressedLit
0x4cc51d,BlitCompressed
0x4cc7ab,BlitLine
0x4cc8df,BlitLineRemapped
0x4ccdea,FillSolidRect
0x4cce87,XorRect
0x4cced5,RemapRect
0x4ccf60,BlitText
0x4cd896,BlitSpan128
0x4cd8da,BlitSpan64
0x4cd91e,BlitSpan32
0x4cd962,BlitSpan16
0x4cd9b0,FUN_004cd9b0
0x4cd9c0,Sound::FUN_004cd9c0
0x4cd9d0,Class_004cd9d0::SetCdCallback
0x4cda00,Sound::QueryDisc
0x4cdb40,Class_004cdb40::PlayNextTrack
0x4ce020,Sound::GetPlayState
0x4ce030,HandleCdMessage
0x4ce190,Sound::CloseCdPlayerWindow
0x4ce1d0,Sound::HasCdPlayerWindow
0x4ce1e0,FindCdPlayerWindow
0x4ce260,Class_004ce260::OpenCdAudio
0x4ce3e0,Class_004ce3e0::FUN_004ce3e0
0x4ce410,Class_004ce410::CloseCdAudio
0x4ce450,Class_004ce450::GetTrackCount
0x4ce460,Class_004ce460::IsFirstTrackData
0x4ce530,GetTrackLength
0x4ce580,Class_004ce580::FUN_004ce580
0x4ce5a0,Class_004ce5a0::FUN_004ce5a0
0x4ce5b0,OnNextTrackTimer
0x4ce5e0,OnCdFadeTimer
0x4ce680,Class_004ce680::GetTrackCategory
0x4ce690,Sound::SetTrackCategory
0x4ce7a0,Class_004ce7a0::SetPlaybackOrder
0x4ce7c0,Class_004ce7c0::SetCategoryOfTrack
0x4ce7e0,Class_004ce7e0::GetCategoryOfTrack
0x4ce7f0,Sound::GetCurrentTrack
0x4ce800,Sound::IsCdPlaying
0x4ce880,GetCdPosition
0x4ce8c0,Class_004ce8c0::SelectTrack
0x4ce910,Class_004ce910::PauseCdAudio
0x4ceb60,Sound::PlayCdTrack
0x4ced40,Class_004ced40::StopCdAudio
0x4cedc0,Class_004cedc0::EnableCdAudio
0x4cee40,FUN_004cee40
0x4cee50,Sound::Sound
0x4ceee0,Sound::ReleaseDirectSound
0x4cef90,Sound::InitDirectSound
0x4cf0b0,Sound::ReapFinishedBuffers
0x4cf150,Sound::StopAllBuffers
0x4cf180,Sound::StopOldestBuffer
0x4cf210,Sound::SetMaxBuffers
0x4cf220,Sound::GetMaxBuffers
0x4cf230,Sound::CreateSampleFromMemory
0x4cf370,Sound::CreateSampleFromFile
0x4cf4d0,Sound::ReleaseSampleSet
0x4cf540,Sound::PlayLooping
0x4cf570,Sound::PlaySampleSet
0x4cf800,Sound::PlayMemorySample
0x4cf8a0,Sound::PlayFileSample
0x4cf940,Sound::StartStream
0x4cfb40,Sound::StopStream
0x4cfba0,Sound::IsStreamActive
0x4cfbc0,Sound::UpdateStream
0x4cfca0,Sound::FillStreamHalf
0x4cfe40,Sound::FillSilence
0x4cfe80,Sound::Enable3D
0x4cfe90,Sound::Disable3D
0x4cfea0,Sound::Is3DEnabled
0x4cfeb0,Sound::Set3DDistances
0x4cfed0,FUN_004cfed0
0x4cfee0,FUN_004cfee0
0x4cfef0,FUN_004cfef0
0x4cff00,FUN_004cff00
0x4cff10,FUN_004cff10
0x4cff20,Sound::HasNoDriver
0x4cff30,Class_004cff30::InitMixerVolumes
0x4cfff0,Class_004cfff0::QueryWaveVolume
0x4d0040,Class_004d0040::QueryAuxVolume
0x4d0070,Class_004d0070::SetWaveVolume
0x4d00d0,Class_004d00d0::SetAuxVolume
0x4d0130,Class_004d0130::RestoreMixerVolumes
0x4d01b0,Class_004d01b0::DetectSampleFormat
0x4d02a0,Class_004d02a0::OpenSample
0x4d0620,Sound::LoadSample
0x4d0640,Sound::PlaySample
0x4d0660,Sound::StreamSample
0x4d0680,OnStreamTimer
0x4d06c0,Sound::StreamSampleDelayed
0x4d0720,Sound::FindChunkSize
0x4d07f0,Sound::ReadWaveFormat
0x4d0910,Sound::FindDataChunkSize
0x4d09e0,FUN_004d09e0
0x4d0a10,FUN_004d0a10
0x4d0a70,FUN_004d0a70
0x4d0a90,FUN_004d0a90
0x4d0ab0,LzssFreeWindow
0x4d0ae0,LzssFreeTree
0x4d0b10,LzssContractNode
0x4d0b80,LzssReplaceNode
0x4d0c10,LzssFindNextNode
0x4d0c50,LzssDeleteString
0x4d0de0,LzssAddString
0x4d0f60,LzssCompress
0x4d1480,LzssExpand
0x4d1670,LzssSetPreset
0x4d1800,LzssDisablePreset
0x4d1810,LzssEnablePreset
0x4d1820,SquashPack
0x4d1970,SquashUnpack
0x4d1aa0,SquashMaxPackedSize
0x4d1b00,SquashGetPackType
0x4d1b40,SquashUnpackedSize
0x4d1b70,SquashEncrypt
0x4d1ba0,SquashDecrypt
0x4d1bd0,SquashChecksum
0x4d1c00,SquashDumpHeader
0x4d1c60,SquashErrorString
0x4d1c80,FUN_004d1c80
0x4d1d20,_uncompress
0x4d80b0,SetMemFussyDefault
0x4d80d0,IsMemFussy
0x4d8130,FUN_004d8130
0x4d8140,IsGonzo
0x4d8190,FUN_004d8190
0x4d81a0,IsNearFillPattern
0x4d8200,FUN_004d8200
0x4d8250,FUN_004d8250
0x4d8260,GetMemSetValue
0x4d82b0,FUN_004d82b0
0x4d82c0,FillPattern
0x4d8310,CheckFillPattern
0x4d8360,GetBlockSize
0x4d8390,FUN_004d8390
0x4d83a0,FUN_004d83a0
0x4d83b0,FUN_004d83b0
0x4d83c0,GameAlloc
0x4d8450,FUN_004d8450
0x4d8460,GameCalloc
0x4d84a0,FUN_004d84a0
0x4d84c0,GameRealloc
0x4d8580,FUN_004d8580
0x4d85a0,FUN_004d85a0
0x4d85b0,GameFree
0x4d8610,GameStrdup
0x4d8660,FUN_004d8660
0x4d8670,FUN_004d8670
0x4d8680,FUN_004d8680
0x4d8690,ProtectPagesReadOnly
0x4d86b0,ProtectPages
0x4d86f0,ProtectPagesReadWrite
0x4d8710,ProtectBlockReadOnly
0x4d8720,ProtectBlock
0x4d8780,ProtectBlockReadWrite
0x4d8790,FormatBlockInfo
0x4d87f0,BlockInfo::BlockInfo
0x4d8820,Class_004d8820::Class_004d8820
0x4d8850,Class_004d8850::FUN_004d8850
0x4d8870,TraceRecord::TraceRecord
0x4d88d0,Class_004d88d0::Class_004d88d0
0x4d89b0,CallSite::FormatCallSite
0x4d8ae0,RunningStats::RunningStats
0x4d8b30,RunningStats::FUN_004d8b30
0x4d8b60,RunningStats::FUN_004d8b60
0x4d8bd0,BlockHistory::BlockHistory
0x4d8c00,Class_004d8c00::Class_004d8c00
0x4d8c50,BlockHistory::FormatBlockHistory
0x4d8d40,BlockHistory::FUN_004d8d40
0x4d8d70,IsOutsideStack
0x4d8df0,GetStackLow
0x4d8e20,GetStackHigh
0x4d8e50,SetOutOfMemoryHandler
0x4d8e60,ReportException
0x4d98c0,GetExceptionName
0x4d9c60,StackTrace::CaptureStack
0x4d9ca0,Class_004d9ca0::FormatStackReport
0x4d9f30,FUN_004d9f30
0x4d9f50,GetDebugLibInstance
0x4d9f60,FindCommandLineSwitch
0x4d9fe0,Class_004d9fe0::Class_004d9fe0
0x4da040,Class_004da040::Class_004da040
0x4da0b0,FUN_004da0b0
0x4da0c0,AbortProgram
0x4da0e0,FUN_004da0e0
0x4da1d0,InitDebugSupport
0x4da2a0,UnhandledExceptionHandler
0x4da3f0,NormalizeLineEndings
0x4da480,GetDialogTemplate
0x4da4f0,ShowDialogBox
0x4da540,CreateDialogFromTemplate
0x4da590,GetFileNameFromPath
0x4da5b0,OpenUrl
0x4da780,FUN_004da780
0x4da7c0,FUN_004da7c0
0x4da7d0,CountAlloc
0x4da840,CountFree
0x4da860,ResetAllocStats
0x4da8a0,FUN_004da8a0
0x4da8c0,RoundUpToPage
0x4da8d0,GetBlockMap
0x4da9f0,GetFreedBlockRing
0x4daa30,FindBlocksAroundAddress
0x4dab10,DescribeAddress
0x4dabb0,FUN_004dabb0
0x4dacf0,AllocDebugBlock
0x4db000,FreeBlockMap::AddFreeBlock
0x4db1c0,FreeBlockMap::TakeFreeBlock
0x4db450,Class_004db450::GrowReservation
0x4db610,GetFreeBlockSet
0x4db760,IsBackAlign
0x4db7b0,FUN_004db7b0
0x4db7c0,FUN_004db7c0
0x4db7d0,FreeDebugBlock
0x4dba40,ReallocDebugBlock
0x4dbae0,LookupBlockSize
0x4dbb90,RoundRangeToPages
0x4dbbc0,Class_004dce60::FUN_004dbbc0
0x4dbd00,Class_004dbd00::FUN_004dbd00
0x4dbd20,Class_004dbd20::FUN_004dbd20
0x4dbd80,Class_004dbe10::FUN_004dbd80
0x4dbe10,Class_004dbe10::FUN_004dbe10
0x4dbeb0,Class_004dbeb0::FUN_004dbeb0
0x4dbec0,Class_004dbec0::FUN_004dbec0
0x4dc130,Class_004dc130::FUN_004dc130
0x4dc620,Class_004dc620::FUN_004dc620
0x4dc680,Class_004dc680::FUN_004dc680
0x4dc910,Class_004dc910::erase
0x4dce00,Class_004dce00::FUN_004dce00
0x4dce60,Class_004dce60::FUN_004dce60
0x4dd150,Class_004dd150::FUN_004dd150
0x4dd1b0,FUN_004dd1b0
0x4dd1f0,Class_004dd1f0::FUN_004dd1f0
0x4dd250,Class_004dd250::FUN_004dd250
0x4dd2a0,Class_004dd2a0::FUN_004dd2a0
0x4dd340,Class_004dd340::FUN_004dd340
0x4dd3d0,Class_004dd3d0::FUN_004dd3d0
0x4dd430,Class_004dd430::FUN_004dd430
0x4dd710,Class_004dd710::FUN_004dd710
0x4dd770,Class_004dd770::FUN_004dd770
0x4dd7d0,Class_004dd7d0::FUN_004dd7d0
0x4dd820,Class_004dd820::FUN_004dd820
0x4dd8c0,UElem_004dd8c0::?$vector::insert
0x4ddbe0,Class_004ddbe0::FUN_004ddbe0
0x4ddc00,Class_004ddc00::FUN_004ddc00
0x4ddc90,Class_004ddc90::FUN_004ddc90
0x4ddce0,Class_004ddce0::FUN_004ddce0
0x4ddd70,Class_004ddd70::FUN_004ddd70
0x4dddf0,Class_004dddf0::FUN_004dddf0
0x4dde70,Class_004dde70::FUN_004dde70
0x4ddf00,LoadedImage::LoadedImage
0x4ddfa0,LoadedImage::GetFpoRecords
0x4ddfe0,Class_004ddfe0::GetFpoRecordCount
0x4de020,Class_004de020::FindFpoRecord
0x4de0a0,FUN_004de0a0
0x4de0f0,FUN_004de0f0
0x4de100,FUN_004de100
0x4de110,UnloadImageHelp
0x4de180,LoadImageHelp
0x4de4c0,FUN_004de4c0
0x4de4d0,FUN_004de4d0
0x4de540,FUN_004de540
0x4de550,GetLineFromAddress
0x4de600,WalkFrameChain
0x4de700,WalkStack
0x4de810,FileExists
0x4de8a0,GetSourceFilePath
0x4dea00,FormatCallStack
0x4ded60,FormatSystemInfo
0x4df160,FUN_004df160
0x4df1d0,FUN_004df1d0
0x4df1e0,Class_004df1e0::Class_004df1e0
0x4df250,PerformanceDialog::CreatePerformanceDialog
0x4df280,Class_004df280::SetPerformanceWindowVisible
0x4df330,PerformanceDlgProc
0x4df380,Class_004df380::FUN_004df380
0x4df4e0,Class_004df4e0::FUN_004df4e0
0x4df590,PerformanceDialog::HandlePerformanceMessage
0x4dfd00,ShowPerformanceStatus
0x4dfd10,GetPerformanceWindow
0x4dfe80,StartPerformanceStatus
0x4dfea0,Class_004dfea0::FUN_004dfea0
0x4e03f0,Class_004e03f0::FUN_004e03f0
0x4e0450,Class_004e0450::FUN_004e0450
0x4e04e0,FUN_004e04e0
0x4e0520,Class_004e0520::FUN_004e0520
0x4e0570,Class_004e0570::Class_004e0570
0x4e05c0,MemoryStatusDialog::CreateMemoryStatusDialog
0x4e05f0,Class_004e05f0::SetMemoryStatusWindowVisible
0x4e06a0,MemoryStatusDlgProc
0x4e06f0,FUN_004e06f0
0x4e0730,FUN_004e0730
0x4e0740,FUN_004e0740
0x4e0790,FUN_004e0790
0x4e07e0,FormatWorkingSet
0x4e0b90,MemoryStatusDialog::HandleMemoryStatusMessage
0x4e1400,ShowMemoryStatus
0x4e1410,FUN_004e1410
0x4e1450,FUN_004e1450
0x4e1460,StartMemoryStatus
0x4e1560,MappedFile::MappedFile
0x4e1590,Class_004e1590::OpenMappedFile
0x4e1650,MappedFile::CloseMappedFile
0x4e1680,HasPerfCounters
0x4e1700,IsPentiumOrBetter
0x4e1730,GetTimeSeconds
0x4e17c0,NameTable::NameTable
0x4e18c0,Class_004e18c0::FUN_004e18c0
0x4e1990,Class_004e1990::FUN_004e1990
0x4e1a30,NameKey::FUN_004e1a30
0x4e1a80,FUN_004e1a80
0x4e1a90,GetNameTable
0x4e1ac0,FUN_004e1ac0
0x4e1b00,FUN_004e1b00
0x4e1b10,SyncPerformanceSettings
0x4e1be0,InitPerformanceEvents
0x4e1d20,Timer::Timer
0x4e1d60,Class_004e1d60::FUN_004e1d60
0x4e1de0,Timer::~Timer
0x4e1e30,Timer::GetElapsedSeconds
0x4e1e50,Class_004e1e50::ReportElapsedTime
0x4e20a0,Class_004e20a0::RestartTimer
0x4e2150,Class_004e2150::StopTimer
0x4e2160,Timer::ResumeTimer
0x4e2180,Timer::ResetTimer
0x4e21a0,Timer::FUN_004e21a0
0x4e21c0,Timer::FUN_004e21c0
0x4e21f0,Timer::FUN_004e21f0
0x4e2240,Class_004e2240::FUN_004e2240
0x4e2250,Class_004e2250::FUN_004e2250
0x4e2580,Class_004e2580::FUN_004e2580
0x4e2620,Class_004e2620::FUN_004e2620
0x4e2950,Class_004e2950::FUN_004e2950
0x4e29b0,Class_004e29b0::FUN_004e29b0
0x4e2a10,Class_004e2a10::FUN_004e2a10
0x4e2a30,Class_004e2a30::FUN_004e2a30
0x4e2ab0,Class_004e2ab0::FUN_004e2ab0
0x4e2b60,Class_004e2b60::FUN_004e2b60
0x4e2be0,CavedogRegistryKey::CavedogRegistryKey
0x4e2cb0,CavedogRegistryKey::~CavedogRegistryKey
0x4e2cc0,Class_004e2cc0::FUN_004e2cc0
0x4e2ce0,Class_004e2ce0::FUN_004e2ce0
0x4e2d00,Class_004e2d00::ReadInt
0x4e2d70,Class_004e2d70::WriteDword
0x4e2d90,CavedogRegistryKey::ReadDword
0x4e2e00,Class_004e2e00::WriteInt
0x4e2e20,Class_004e2e20::FUN_004e2e20
0x4e2e60,CavedogRegistryKey::FUN_004e2e60
0x4e2ea0,CavedogRegistryKey::FUN_004e2ea0
0x4e2ee0,CavedogRegistryKey::FUN_004e2ee0
0x4e2f30,CavedogRegistryKey::FUN_004e2f30
0x4e2f90,CavedogRegistryKey::FUN_004e2f90
0x4e2fe0,Class_004e2fe0::FUN_004e2fe0
0x4e3030,CavedogRegistryKey::FUN_004e3030
0x4e3080,RestoreWindowPosition
0x4e33d0,FUN_004e33d0
0x4e3400,SaveWindowPosition
0x4e35b0,OpenGdperf
0x4e3710,CloseGdperf
0x4e3750,ProgramPerfEvent
0x4e38e0,ReadGdperf
0x4e3930,WriteGdperf
0x4e39a0,GetCpuFamily
0x4e39b0,std::_Lockit::_Lockit
0x4e3a70,std::_Lockit::~_Lockit
0x4e3e10,FUN_004e3e10
0x4e4010,std::_Xran
0x4e41e0,FUN_004e41e0
0x4e41f0,FUN_004e41f0
0x4e4200,FUN_004e4200
0x4e4210,FUN_004e4210
0x4e4220,FUN_004e4220
0x4e4230,FUN_004e4230
0x4e4240,FUN_004e4240
0x4e4250,FUN_004e4250
0x4e4260,FUN_004e4260
0x4e4270,FUN_004e4270
0x4e4280,FUN_004e4280
0x4e4290,FUN_004e4290
0x4e42a0,FUN_004e42a0
0x4e42b0,sprintf
0x4e4320,_fpmath
0x4e4350,_cfltcvt_init
0x4e43a0,_ftol
0x4e43d0,_allshr
0x4e4400,_allmul
0x4e4440,_alldiv
0x4e44f0,_allshl
0x4e4510,fprintf
0x4e4560,atof
0x4e45d0,_cinit
0x4e4600,exit
0x4e4620,_exit
0x4e4640,_cexit
0x4e4650,_c_exit
0x4e4660,doexit
0x4e4720,_lockexit
0x4e4730,_unlockexit
0x4e4740,_initterm
0x4e4760,strncpy
0x4e4860,srand
0x4e4870,rand
0x4e48a0,fclose
0x4e48e0,_fclose_lk
0x4e4950,_fsopen
0x4e4990,fopen
0x4e49b0,strstr
0x4e4a30,_onexit
0x4e4ac0,atexit
0x4e4ae0,__onexitinit
0x4e4b20,_alloca_probe
0x4e4b50,strncmp
0x4e4b90,_snprintf
0x4e4c00,isalpha
0x4e4c30,isupper
0x4e4c60,islower
0x4e4c90,isdigit
0x4e4cc0,isxdigit
0x4e4cf0,isspace
0x4e4d20,ispunct
0x4e4d50,isalnum
0x4e4d80,isprint
0x4e4db0,isgraph
0x4e4de0,iscntrl
0x4e4e10,__isascii
0x4e4e20,__toascii
0x4e4e30,__iscsymf
0x4e4e80,__iscsym
0x4e4ed0,atol
0x4e4f70,atoi
0x4e4f80,_atoi64
0x4e5050,floor
0x4e5150,strncat
0x4e5280,strtok
0x4e5370,_CIpow
0x4e56a0,__CxxLongjmpUnwind
0x4e56c0,_CallCatchBlock2
0x4e58b0,_GetRangeOfTrysToCheck
0x4e5930,_global_unwind2
0x4e5a20,_tolower
0x4e5a30,tolower
0x4e5ac0,_tolower_lk
0x4e5bc0,fread
0x4e5c00,_fread_lk
0x4e5d40,fwrite
0x4e5d80,_fwrite_lk
0x4e5ed0,qsort
0x4e6080,shortsort
0x4e60e0,swap
0x4e6110,_purecall
0x4e6120,_beginthreadex
0x4e61a0,_threadstartex
0x4e6250,_endthreadex
0x4e6290,localtime
0x4e6480,time
0x4e65c0,strchr
0x4e6680,sscanf
0x4e66d0,strcspn
0x4e67f0,_CIacos
0x4e68c0,signal
0x4e6af0,ctrlevent_capture
0x4e6b80,raise
0x4e6d90,siglookup
0x4e6dd0,__fpecode
0x4e6de0,__pxcptinfoptrs
0x4e6df0,strrchr
0x4e6e20,_splitpath
0x4e6fa0,WinMainCRTStartup
0x4e7150,_amsg_exit
0x4e7180,fast_error_exit
0x4e71b0,_toupper
0x4e71c0,toupper
0x4e7250,_toupper_lk
0x4e7350,ftell
0x4e7380,_ftell_lk
0x4e7530,fseek
0x4e7570,_fseek_lk
0x4e7610,_chsize
0x4e7680,_chsize_lk
0x4e77d0,_beginthread
0x4e7850,_threadstart
0x4e7900,_endthread
0x4e7950,rename
0x4e7990,remove
0x4e79c0,_unlink
0x4e79d0,_filelength
0x4e7a80,_getdrive
0x4e7ad0,_chdrive
0x4e7b50,_getcwd
0x4e7b80,_getdcwd
0x4e7bc0,_getdcwd_lk
0x4e7cf0,_validdrive
0x4e7d30,_chdir
0x4e7dd0,_findfirst
0x4e7f00,_findnext
0x4e8020,_findclose
0x4e8050,__timet_from_ft
0x4e80e0,_mkdir
0x4e8110,rewind
0x4e8190,exception::exception
0x4e82a0,??4exception@@QAEAAV0@ABV0@@Z
0x4e82c0,exception::~exception
0x4e82e0,exception::what
0x4e82f0,type_info::~type_info
0x4e8340,??8type_info@@QBEHABV0@@Z
0x4e83a0,??9type_info@@QBEHABV0@@Z
0x4e8400,type_info::before
0x4e8460,type_info::raw_name
0x4e8470,type_info::type_info
0x4e8480,??4type_info@@AAEAAV0@ABV0@@Z
0x4e8490,_CxxThrowException
0x4e84e0,memmove
0x4e8820,free
0x4e8890,malloc
0x4e88b0,_nh_malloc
0x4e8900,_heap_alloc
0x4e8960,_strlwr
0x4e8ae0,_strupr
0x4e8c60,_statusfp
0x4e8ce0,_controlfp
0x4e8d00,_fpreset
0x4e8d30,_abstract_cw
0x4e8dd0,_hw_cw
0x4e8e60,_abstract_sw
0x4e8ea0,calloc
0x4e8f50,printf
0x4e8fb0,_msize
0x4e9020,realloc
0x4e91d0,getenv
0x4e9200,_getenv_lk
0x4e9290,__dtoxmode
0x4e9360,_stat
0x4e96a0,IsRootUNCName
0x4e9720,gmtime
0x4e9890,asctime
0x4e9980,store_dt
0x4e99c0,_flsbuf
0x4e9af0,_output
0x4ea480,write_char
0x4ea4d0,write_multi_char
0x4ea510,write_string
0x4ea550,get_int_arg
0x4ea570,get_int64_arg
0x4ea590,get_short_arg
0x4ea5b0,_setdefaultprecision
0x4ea5d0,_ms_p5_test_fdiv
0x4ea620,_ms_p5_mp_test_fdiv
0x4ea650,_forcdecpt
0x4ea6b0,_cropzeros
0x4ea720,_positive
0x4ea740,_fassign
0x4ea7a0,_cftoe
0x4ea820,_cftoe2
0x4ea920,_cftof
0x4ea990,_cftof2
0x4eaa50,_cftog
0x4eab10,_cfltcvt
0x4eab80,_shift
0x4eabb0,_mtinitlocks
0x4eabe0,_mtdeletelocks
0x4eac60,_lock
0x4eade0,_lockerr_exit
0x4eae00,_stbuf
0x4eaec0,_ftbuf
0x4eaf00,_fltin2
0x4eafa0,_isctype
0x4eb040,_mtinit
0x4eb0a0,_mtterm
0x4eb0d0,_initptd
0x4eb0f0,_getptd
0x4eb170,_freeptd
0x4eb220,__threadid
0x4eb230,__threadhandle
0x4eb240,_close
0x4eb2b0,_close_lk
0x4eb340,_freebuf
0x4eb380,fflush
0x4eb3c0,_fflush_lk
0x4eb400,_flush
0x4eb470,_flushall
0x4eb480,flsall
0x4eb540,_openfile
0x4eb710,_getstream
0x4eb7f0,_frnd
0x4eb810,_handle_qnan1
0x4eb860,_handle_qnan2
0x4eb8e0,_except1
0x4eb9a0,_except2
0x4eba90,_raise_exc
0x4ebdd0,_handle_exc
0x4ec100,_umatherr
0x4ec1b0,_set_errno
0x4ec1e0,_get_fname
0x4ec210,_errcode
0x4ec250,_set_exp
0x4ec290,_get_exp
0x4ec2b0,_add_exp
0x4ec2e0,_set_bexp
0x4ec320,_sptype
0x4ec380,_decomp
0x4ec490,_statfp
0x4ecb20,_powhlp
0x4ecd50,_d_inttype
0x4ecde0,__InternalCxxFrameHandler
0x4eceb0,FindHandler
0x4ed170,FindHandlerForForeignException
0x4ed250,__FrameUnwindToState
0x4ed310,FrameUnwindFilter
0x4ed330,CatchIt
0x4ed3c0,CallCatchBlock
0x4ed520,ExFilterRethrow
0x4ed550,BuildCatchObject
0x4ed7e0,AdjustPointer
0x4ed810,_CallSettingFrame
0x4ed8f0,unexpected
0x4ed910,_inconsistency
0x4ed9a0,setlocale
0x4edc70,_setlocale_set_cat
0x4eddd0,_setlocale_get_all
0x4edef0,_expandlocale
0x4ee100,_strcats
0x4ee150,__lc_strtolc
0x4ee260,__lc_lctostr
0x4ee2d0,__crtLCMapStringW
0x4ee4e0,wcsncnt
0x4ee520,__crtLCMapStringA
0x4ee750,strncnt
0x4ee780,_filbuf
0x4ee870,_read
0x4ee8f0,_read_lk
0x4eeb20,_write
0x4eeba0,_write_lk
0x4eedb0,_dosmaperr
0x4eee30,_errno
0x4eee40,__doserrno
0x4eee50,_XcptFilter
0x4ef060,xcptlookup
0x4ef0a0,__tzset
0x4ef0e0,_tzset
0x4ef100,_tzset_lk
0x4ef3e0,_isindst
0x4ef410,_isindst_lk
0x4ef680,cvtdate
0x4ef820,__loctotime_t
0x4ef910,_input
0x4f0650,_hextodec
0x4f0690,_inc
0x4f06c0,_un_inc
0x4f06e0,_whiteout
0x4f0730,_setmbcp
0x4f0960,getSystemCP
0x4f09b0,CPtoLCID
0x4f0a10,setSBCS
0x4f0a50,setSBUpLow
0x4f0c30,_getmbcp
0x4f0c50,__initmbctable
0x4f0c60,_mbsnbcpy
0x4f0d10,_ismbbkalnum
0x4f0d30,_ismbbkprint
0x4f0d50,_ismbbkpunct
0x4f0d70,_ismbbalnum
0x4f0d90,_ismbbalpha
0x4f0db0,_ismbbgraph
0x4f0dd0,_ismbbprint
0x4f0df0,_ismbbpunct
0x4f0e10,_ismbblead
0x4f0e30,_ismbbtrail
0x4f0e50,_ismbbkana
0x4f0e80,x_ismbbtype
0x4f0ec0,_setenvp
0x4f0fb0,_setargv
0x4f1050,parse_cmdline
0x4f1260,__crtGetEnvironmentStringsW
0x4f1460,__crtGetEnvironmentStringsA
0x4f15c0,_ioinit
0x4f17d0,_ioterm
0x4f1830,_heap_init
0x4f1870,_heap_term
0x4f18b0,_FF_MSGBANNER
0x4f18f0,_NMSG_WRITE
0x4f1ad0,_GET_RTERRMSG
0x4f1b00,_lseek
0x4f1b80,_lseek_lk
0x4f1c00,_alloc_osfhnd
0x4f1d70,_set_osfhnd
0x4f1e20,_free_osfhnd
0x4f1ec0,_get_osfhandle
0x4f1f10,_open_osfhandle
0x4f1fc0,_lock_fhandle
0x4f2030,_unlock_fhandle
0x4f2060,_setmode
0x4f20d0,_setmode_lk
0x4f2140,_mbctoupper
0x4f21e0,__CxxUnhandledExceptionFilter
0x4f2240,__CxxSetUnhandledExceptionFilter
0x4f2260,__CxxRestoreUnhandledExceptionFilter
0x4f2270,_get_sbh_threshold
0x4f2280,_set_sbh_threshold
0x4f22a0,__sbh_new_region
0x4f2410,__sbh_release_region
0x4f2470,__sbh_decommit_pages
0x4f2540,__sbh_find_block
0x4f25a0,__sbh_free_block
0x4f2600,__sbh_alloc_block
0x4f2840,__sbh_alloc_block_from_page
0x4f29c0,__sbh_resize_block
0x4f2a90,__sbh_heap_check
0x4f2c60,_set_new_handler
0x4f2ca0,_callnewh
0x4f2cc0,__initstdio
0x4f2d80,__endstdio
0x4f2da0,_mbsnbicoll
0x4f2de0,__wtomb_environ
0x4f2e60,_mbsicmp
0x4f3010,_mbsrchr
0x4f30a0,_fullpath
0x4f3170,_mbctolower
0x4f3210,_mbspbrk
0x4f32c0,_getbuf
0x4f3320,_isatty
0x4f3350,wctomb
0x4f33c0,_wctomb_lk
0x4f3440,_aulldiv
0x4f3530,_ZeroTail
0x4f35a0,_IncMan
0x4f3610,_RoundMan
0x4f36b0,_CopyMan
0x4f36d0,_FillZeroMan
0x4f36e0,_IsZeroMan
0x4f3700,_ShrMan
0x4f37c0,_ld12cvt
0x4f3990,_ld12tod
0x4f39b0,_ld12tof
0x4f39d0,_ld12told
0x4f3a50,_atodbl
0x4f3a90,_atoldbl
0x4f3b10,_fptostr
0x4f3bb0,_fltout2
0x4f3c40,__dtold
0x4f3d00,_fptrap
0x4f3d10,__strgtold12
0x4f44a0,__STRINGTOLD
0x4f44f0,__crtGetStringTypeW
0x4f4680,__crtGetStringTypeA
0x4f47c0,_commit
0x4f4860,_open
0x4f4880,_sopen
0x4f4c30,fdiv_main_routine
0x4f59c0,_87except
0x4f5ae0,_copysign
0x4f5b10,_chgsign
0x4f5b40,_scalb
0x4f5b60,_logb
0x4f5c80,_nextafter
0x4f5f80,_finite
0x4f5fa0,_isnan
0x4f5fd0,_fpclass
0x4f6070,_ValidateRead
0x4f6090,_ValidateWrite
0x4f60b0,_ValidateExecute
0x4f60d0,abort
0x4f60f0,__init_time
0x4f61a0,_get_lc_time
0x4f6520,_free_lc_time
0x4f6760,storeTimeFmt
0x4f6860,__init_numeric
0x4f6a60,fix_grouping
0x4f6aa0,__init_monetary
0x4f6b90,_get_lc_lconv
0x4f6d20,_free_lc_lconv
0x4f6d90,__init_ctype
0x4f7060,strpbrk
0x4f70a0,__get_qualified_locale
0x4f7240,TranslateName
0x4f72a0,GetLcidFromLangCountry
0x4f7330,LangCountryEnumProc
0x4f7610,GetLcidFromLanguage
0x4f7670,LanguageEnumProc
0x4f7750,GetLcidFromCountry
0x4f7790,CountryEnumProc
0x4f7830,GetLcidFromDefault
0x4f7850,ProcessCodePage
0x4f7940,TestDefaultCountry
0x4f7970,TestDefaultLanguage
0x4f7a00,IsThisWindowsNT
0x4f7a40,crtGetLocaleInfoA
0x4f7b70,LcidFromHexString
0x4f7bb0,GetPrimaryLen
0x4f7be0,wcstombs
0x4f7c60,_wcstombs_lk
0x4f7e90,mbtowc
0x4f7f10,_mbtowc_lk
0x4f8010,ungetc
0x4f8040,_ungetc_lk
0x4f80d0,wcslen
0x4f80f0,__crtMessageBoxA
0x4f8180,_fcloseall
0x4f8220,__crtCompareStringW
0x4f8470,__crtCompareStringA
0x4f8770,__crtsetenv
0x4f8980,findenv
0x4f8a00,copy_environ
0x4f8a70,_strcmpi
0x4f8b40,__addl
0x4f8b70,__add_12
0x4f8be0,__shl_12
0x4f8c10,__shr_12
0x4f8c40,__mtold12
0x4f8d40,$I10_OUTPUT
0x4f90d0,__ld12mul
0x4f9390,__multtenpow12
0x4f9420,ldexp
0x4f9680,_Getdays
0x4f9770,_Getmonths
0x4f9860,_Gettnames
0x4f9bd0,strftime
0x4f9bf0,_Strftime
0x4f9d40,_expandtime
0x4fa2e0,_store_str
0x4fa310,_store_num
0x4fa3b0,_store_number
0x4fa420,_store_winword
0x4fa770,__getlocaleinfo
0x4fa920,localeconv
0x4fa930,_itoa
0x4fa970,xtoa
0x4fa9e0,_ltoa
0x4faa30,_ultoa
0x4faa50,_i64toa
0x4faaa0,x64toa
0x4fab30,_ui64toa
0x4fab50,_strnicmp
0x4fac60,_mbschr
0x4fad30,_strdup
0x4fad80,__crtGetLocaleInfoW
0x4faeb0,__crtGetLocaleInfoA
0x4faff0,DirectPlayEnumerateA
0x4faff6,DirectPlayLobbyCreateA
0x4faffc,DirectPlayCreate
0x4fb002,DirectSoundCreate
0x4fb440,_hypot
0x4fb460,_cabs
0x4fb480,_hypothlp
0x4fb7a0,_CIsqrt
0x4fc000,_imp__RegOpenKeyExA
0x4fc004,_imp__RegQueryValueExA
0x4fc008,_imp__RegCreateKeyA
0x4fc00c,_imp__RegOpenKeyA
0x4fc010,_imp__RegQueryValueA
0x4fc014,_imp__RegCreateKeyExA
0x4fc018,_imp__RegSetValueExA
0x4fc01c,_imp__RegFlushKey
0x4fc020,_imp__RegCloseKey
0x4fc024,_imp__GetUserNameA
0x4fc02c,_imp__DirectDrawCreate
0x4fc044,_imp__DirectSoundCreate
0x4fc04c,_imp__SetTextColor
0x4fc050,_imp__DeleteDC
0x4fc054,_imp__SetDIBColorTable
0x4fc058,_imp__SetBkMode
0x4fc05c,_imp__CreatePalette
0x4fc060,_imp__RealizePalette
0x4fc064,_imp__GetSystemPaletteEntries
0x4fc068,_imp__SelectObject
0x4fc06c,_imp__CreateDIBSection
0x4fc070,_imp__SelectPalette
0x4fc074,_imp__GetPaletteEntries
0x4fc078,_imp__DeleteObject
0x4fc07c,_imp__PatBlt
0x4fc080,_imp__BitBlt
0x4fc084,_imp__GetStockObject
0x4fc088,_imp__CreateCompatibleDC
0x4fc08c,_imp__TextOutA
0x4fc094,_imp__GetProcAddress
0x4fc098,_imp__GlobalUnlock
0x4fc09c,_imp__GlobalFree
0x4fc0a0,_imp__SetCurrentDirectoryA
0x4fc0a4,_imp__SetFilePointer
0x4fc0a8,_imp__GetModuleFileNameA
0x4fc0ac,_imp__OpenSemaphoreA
0x4fc0b0,_imp__CreateSemaphoreA
0x4fc0b4,_imp__GlobalMemoryStatus
0x4fc0b8,_imp__WriteFile
0x4fc0bc,_imp__QueryPerformanceCounter
0x4fc0c0,_imp__FreeLibrary
0x4fc0c4,_imp__GetPrivateProfileStringA
0x4fc0c8,_imp__WaitForSingleObject
0x4fc0cc,_imp__GetCurrentThread
0x4fc0d0,_imp__SetThreadPriority
0x4fc0d4,_imp__LoadLibraryA
0x4fc0d8,_imp__GetPrivateProfileIntA
0x4fc0dc,_imp__GetTickCount
0x4fc0e0,_imp__Sleep
0x4fc0e4,_imp__DebugBreak
0x4fc0e8,_imp__CreateFileA
0x4fc0ec,_imp__CloseHandle
0x4fc0f0,_imp__lstrcpynA
0x4fc0f4,_imp__lstrcpyA
0x4fc0f8,_imp__lstrlenA
0x4fc0fc,_imp__GlobalHandle
0x4fc100,_imp__ExitProcess
0x4fc104,_imp__MultiByteToWideChar
0x4fc108,_imp__TlsGetValue
0x4fc10c,_imp__GetFileSize
0x4fc110,_imp__GetLocaleInfoW
0x4fc114,_imp__CompareStringW
0x4fc118,_imp__CompareStringA
0x4fc11c,_imp__GetUserDefaultLCID
0x4fc120,_imp__EnumSystemLocalesA
0x4fc124,_imp__GetLocaleInfoA
0x4fc128,_imp__IsValidCodePage
0x4fc12c,_imp__IsValidLocale
0x4fc130,_imp__IsBadCodePtr
0x4fc134,_imp__IsBadWritePtr
0x4fc138,_imp__IsBadReadPtr
0x4fc13c,_imp__FlushFileBuffers
0x4fc140,_imp__GetStringTypeW
0x4fc144,_imp__GetStringTypeA
0x4fc148,_imp__SetStdHandle
0x4fc14c,_imp__HeapCreate
0x4fc150,_imp__HeapDestroy
0x4fc154,_imp__GetFileType
0x4fc158,_imp__GetStdHandle
0x4fc15c,_imp__SetHandleCount
0x4fc160,_imp__GetEnvironmentStringsW
0x4fc164,_imp__GlobalLock
0x4fc168,_imp__GlobalSize
0x4fc16c,_imp__GetVersionExA
0x4fc170,_imp__SetEvent
0x4fc174,_imp__InterlockedExchange
0x4fc178,_imp__GetDriveTypeA
0x4fc17c,_imp__GetVolumeInformationA
0x4fc180,_imp__GetFullPathNameA
0x4fc184,_imp__CreateEventA
0x4fc188,_imp__ResetEvent
0x4fc18c,_imp__OutputDebugStringA
0x4fc190,_imp__GetCurrentThreadId
0x4fc194,_imp__LeaveCriticalSection
0x4fc198,_imp__EnterCriticalSection
0x4fc19c,_imp__VirtualProtect
0x4fc1a0,_imp__VirtualQuery
0x4fc1a4,_imp__GetCommandLineA
0x4fc1a8,_imp__CreateThread
0x4fc1ac,_imp__SetUnhandledExceptionFilter
0x4fc1b0,_imp__GetThreadPriority
0x4fc1b4,_imp__GlobalAlloc
0x4fc1b8,_imp__InitializeCriticalSection
0x4fc1bc,_imp__VirtualAlloc
0x4fc1c0,_imp__VirtualFree
0x4fc1c4,_imp__GetModuleHandleA
0x4fc1c8,_imp__GetCurrentProcess
0x4fc1cc,_imp__GetLastError
0x4fc1d0,_imp__GetSystemInfo
0x4fc1d4,_imp__FileTimeToDosDateTime
0x4fc1d8,_imp__FileTimeToLocalFileTime
0x4fc1dc,_imp__GetFileTime
0x4fc1e0,_imp__FreeEnvironmentStringsA
0x4fc1e4,_imp__DeleteCriticalSection
0x4fc1e8,_imp__MapViewOfFile
0x4fc1ec,_imp__CreateFileMappingA
0x4fc1f0,_imp__UnmapViewOfFile
0x4fc1f4,_imp__SystemTimeToFileTime
0x4fc1f8,_imp__GetSystemTime
0x4fc1fc,_imp__QueryPerformanceFrequency
0x4fc200,_imp__SetPriorityClass
0x4fc204,_imp__GetPriorityClass
0x4fc208,_imp__DeviceIoControl
0x4fc20c,_imp__GetEnvironmentStrings
0x4fc210,_imp__TerminateProcess
0x4fc214,_imp__RtlUnwind
0x4fc218,_imp__InterlockedDecrement
0x4fc21c,_imp__InterlockedIncrement
0x4fc220,_imp__TlsSetValue
0x4fc224,_imp__ExitThread
0x4fc228,_imp__GetTimeZoneInformation
0x4fc22c,_imp__GetLocalTime
0x4fc230,_imp__SetConsoleCtrlHandler
0x4fc234,_imp__GetStartupInfoA
0x4fc238,_imp__GetVersion
0x4fc23c,_imp__SetEndOfFile
0x4fc240,_imp__ResumeThread
0x4fc244,_imp__MoveFileA
0x4fc248,_imp__DeleteFileA
0x4fc24c,_imp__GetCurrentDirectoryA
0x4fc250,_imp__SetEnvironmentVariableA
0x4fc254,_imp__FindFirstFileA
0x4fc258,_imp__FindNextFileA
0x4fc25c,_imp__FindClose
0x4fc260,_imp__FileTimeToSystemTime
0x4fc264,_imp__CreateDirectoryA
0x4fc268,_imp__RaiseException
0x4fc26c,_imp__HeapFree
0x4fc270,_imp__HeapAlloc
0x4fc274,_imp__HeapSize
0x4fc278,_imp__HeapReAlloc
0x4fc27c,_imp__FatalAppExitA
0x4fc280,_imp__TlsAlloc
0x4fc284,_imp__TlsFree
0x4fc288,_imp__SetLastError
0x4fc28c,_imp__ReadFile
0x4fc290,_imp__FreeEnvironmentStringsW
0x4fc294,_imp__WideCharToMultiByte
0x4fc298,_imp__LCMapStringA
0x4fc29c,_imp__LCMapStringW
0x4fc2a0,_imp__UnhandledExceptionFilter
0x4fc2a4,_imp__GetCPInfo
0x4fc2a8,_imp__GetACP
0x4fc2ac,_imp__GetOEMCP
0x4fc2b4,_imp__ShellExecuteA
0x4fc2bc,_imp__GetClassNameA
0x4fc2c0,_imp__MessageBeep
0x4fc2c4,_imp__EnumWindows
0x4fc2c8,_imp__IsDialogMessageA
0x4fc2cc,_imp__DefWindowProcA
0x4fc2d0,_imp__PostMessageA
0x4fc2d4,_imp__PeekMessageA
0x4fc2d8,_imp__GetMessageA
0x4fc2dc,_imp__IsIconic
0x4fc2e0,_imp__GetFocus
0x4fc2e4,_imp__GetCursorPos
0x4fc2e8,_imp__wsprintfA
0x4fc2ec,_imp__GetKeyState
0x4fc2f0,_imp__SetWindowPos
0x4fc2f4,_imp__ReleaseDC
0x4fc2f8,_imp__GetDC
0x4fc2fc,_imp__ClientToScreen
0x4fc300,_imp__MessageBoxA
0x4fc304,_imp__EndPaint
0x4fc308,_imp__BeginPaint
0x4fc30c,_imp__PostQuitMessage
0x4fc310,_imp__DispatchMessageA
0x4fc314,_imp__CloseClipboard
0x4fc318,_imp__GetClipboardData
0x4fc31c,_imp__OpenClipboard
0x4fc320,_imp__IsCharAlphaA
0x4fc324,_imp__GetSystemMetrics
0x4fc328,_imp__DestroyWindow
0x4fc32c,_imp__UpdateWindow
0x4fc330,_imp__ShowWindow
0x4fc334,_imp__CreateWindowExA
0x4fc338,_imp__RegisterClassA
0x4fc33c,_imp__LoadCursorA
0x4fc340,_imp__LoadIconA
0x4fc344,_imp__SystemParametersInfoA
0x4fc348,_imp__GetWindowPlacement
0x4fc34c,_imp__IsZoomed
0x4fc350,_imp__GetAsyncKeyState
0x4fc354,_imp__SetCursorPos
0x4fc358,_imp__OffsetRect
0x4fc35c,_imp__GetClientRect
0x4fc360,_imp__SendMessageA
0x4fc364,_imp__TranslateMessage
0x4fc368,_imp__SetFocus
0x4fc36c,_imp__EnableWindow
0x4fc370,_imp__GetParent
0x4fc374,_imp__DialogBoxIndirectParamA
0x4fc378,_imp__CreateDialogIndirectParamA
0x4fc37c,_imp__GetDesktopWindow
0x4fc380,_imp__KillTimer
0x4fc384,_imp__IsWindowVisible
0x4fc388,_imp__SetTimer
0x4fc38c,_imp__SetForegroundWindow
0x4fc390,_imp__GetDlgItemTextA
0x4fc394,_imp__GetDlgItem
0x4fc398,_imp__GetWindowLongA
0x4fc39c,_imp__SetWindowLongA
0x4fc3a0,_imp__SetDlgItemTextA
0x4fc3a4,_imp__SendDlgItemMessageA
0x4fc3a8,_imp__CheckDlgButton
0x4fc3ac,_imp__RegisterHotKey
0x4fc3b0,_imp__GetWindowRect
0x4fc3b8,_imp__waveOutGetNumDevs
0x4fc3bc,_imp__auxSetVolume
0x4fc3c0,_imp__auxGetVolume
0x4fc3c4,_imp__waveOutGetVolume
0x4fc3c8,_imp__auxGetDevCapsA
0x4fc3cc,_imp__auxGetNumDevs
0x4fc3d0,_imp__waveOutSetVolume
0x4fc3d4,_imp__PlaySoundA
0x4fc3d8,_imp__mciSendStringA
0x4fc3e0,_imp__SmackNextFrame
0x4fc3e4,_imp__SmackDoFrame
0x4fc3e8,_imp__SmackToBuffer
0x4fc3ec,_imp__SmackSummary
0x4fc3f0,_imp__SmackGoto
0x4fc3f4,_imp__SmackToBufferRect
0x4fc3f8,_imp__SmackClose
0x4fc3fc,_imp__SmackSoundEnable
0x4fc400,_imp__SmackSoundUseDirectSound
0x4fc404,_imp__SmackOpen
0x4fc408,_imp__SmackSoundOnOff
0x4fc40c,_imp__SmackWait
0x4fc410,_imp__SmackBufferOpen
0x4fc414,_imp__SmackBufferNewPalette
0x4fc418,_imp__SmackColorRemap
0x4fc490,DAT_004fc490
0x4fc6e8,DAT_004fc6e8
0x4fc960,??_7Class_00405d90@@6B@
0x4fc980,??_7SquadTimer@@6B@
0x4fc988,??_7Class_00407930@@6B@
0x4fc990,??_7Class_004079d0@@6B@
0x4fc998,??_7Class_00407a90@@6B@
0x4fc9a0,DAT_004fc9a0
0x4fc9a8,??_7Class_004085d0@@6B@
0x4fc9b0,??_7Class_00408810@@6B@
0x4fca10,g_turnCosts
0x4fca18,g_vtolOrders
0x4fcc60,??_7Class_00410c70@@6B@
0x4fcc64,??_7Class_004158d0@@6B@
0x4fcc68,DAT_004fcc68
0x4fccd8,IID_IDirectDraw2
0x4fcd78,DAT_004fcd78
0x4fcd98,DAT_004fcd98
0x4fcda8,DAT_004fcda8
0x4fcdb8,DAT_004fcdb8
0x4fcdc8,DAT_004fcdc8
0x4fce18,DAT_004fce18
0x4fce88,DAT_004fce88
0x4fcea8,DAT_004fcea8
0x4fcec8,DAT_004fcec8
0x4fcee8,DAT_004fcee8
0x4fcf08,DAT_004fcf08
0x4fcf68,DAT_004fcf68
0x4fd050,DAT_004fd050
0x4fd288,DAT_004fd288
0x4fd2b0,TWO_PI
0x4fd2b8,ONE_EIGHTH
0x4fd2c8,??_7Class_0043a1f0@@6B@
0x4fd2cc,??_7Class_0043a1e0@@6B@
0x4fd2f8,DAT_004fd2f8
0x4fd328,DAT_004fd328
0x4fd358,DAT_004fd358
0x4fd388,DAT_004fd388
0x4fd3b8,DAT_004fd3b8
0x4fd3f8,DAT_004fd3f8
0x4fd428,??_7Class_0044ef20@@6B@
0x4fd458,??_7Class_0044f010@@6B@
0x4fd488,??_7Class_0044f570@@6B@
0x4fd4c0,DAT_004fd4c0
0x4fd4cc,DAT_004fd4cc
0x4fd514,??_7PacketManager@@6B@
0x4fd518,??_7PacketReceiver@@6B@
0x4fd554,??_7SonarJamVisitor@@6B@
0x4fd558,??_7RadarJamVisitor@@6B@
0x4fd55c,??_7DetectionVisitor@@6B@
0x4fd580,??_7ObjectPool@@6B@
0x4fd588,??_7TeleportParticles@@6B@
0x4fd5a8,??_7ParticleSystem@@6B@
0x4fd5b8,??_7NanoParticles@@6B@
0x4fd5d8,??_7ThrustParticles@@6B@
0x4fd5f8,??_7WakeParticles@@6B@
0x4fd618,??_7SmokeParticles@@6B@
0x4fd638,??_7Class_004750b0@@6B@
0x4fd660,??_7Class_0047db20@@6B@
0x4fd670,DAT_004fd670
0x4fd678,DAT_004fd678
0x4fd698,??_7UnitScript@@6B@
0x4fd6f0,DAT_004fd6f0
0x4fd750,g_buildPercentScale
0x4fd754,??_7Class_004895c0@@6B@
0x4fd768,??_7DefeatAnyUnitPassesZ@@6BListener_0048ff40@@@
0x4fd770,??_7DefeatAnyUnitPassesZ@@6BMissionCondition@@@
0x4fd788,??_7DefeatAnyUnitPassesX@@6BListener_0048ff40@@@
0x4fd790,??_7DefeatAnyUnitPassesX@@6BMissionCondition@@@
0x4fd7a8,??_7DefeatDeathTimerRunsOut@@6B@
0x4fd7c0,??_7DefeatUnitTypeKilled@@6B@
0x4fd7d8,??_7DefeatAllUnitsKilledOfType@@6BListener_0048ff40@@@
0x4fd7e0,??_7DefeatAllUnitsKilledOfType@@6BMissionCondition@@@
0x4fd7f8,??_7DefeatAllUnitsKilled@@6BListener_0048ff40@@@
0x4fd800,??_7DefeatAllUnitsKilled@@6BMissionCondition@@@
0x4fd818,??_7DefeatCommanderKilled@@6B@
0x4fd830,??_7VictoryTimerRunsOut@@6B@
0x4fd848,??_7VictoryUnitTypePassesZ@@6BListener_0048ff40@@@
0x4fd850,??_7VictoryUnitTypePassesZ@@6BMissionCondition@@@
0x4fd868,??_7VictoryUnitTypePassesX@@6BListener_0048ff40@@@
0x4fd870,??_7VictoryUnitTypePassesX@@6BMissionCondition@@@
0x4fd888,??_7VictoryMoveUnitToRadius@@6BListener_0048f250@@@
0x4fd890,??_7VictoryMoveUnitToRadius@@6BMissionCondition@@@
0x4fd8a8,??_7Listener_0048f250@@6B@
0x4fd8b0,??_7VictoryKillUnitType@@6B@
0x4fd8c8,??_7VictoryKillAllOfType@@6BListener_0048ff40@@@
0x4fd8d0,??_7VictoryKillAllOfType@@6BMissionCondition@@@
0x4fd8e8,??_7VictoryCaptureUnitType@@6B@
0x4fd900,??_7VictoryBuildUnitType@@6BListener_0048ff40@@@
0x4fd908,??_7VictoryBuildUnitType@@6BMissionCondition@@@
0x4fd920,??_7VictoryKillAllMobileUnits@@6BListener_0048ff40@@@
0x4fd928,??_7VictoryKillAllMobileUnits@@6BMissionCondition@@@
0x4fd940,??_7Listener_0048ff40@@6B@
0x4fd948,??_7VictoryDestroyAllUnits@@6B@
0x4fd960,??_7VictoryKillEnemyCommander@@6B@
0x4fd980,??_7Class_00490630@@6B@
0x4fd9b0,??_7Class_004907e0@@6B@
0x4fd9e0,??_7Class_00490880@@6B@
0x4fdaf0,DAT_004fdaf0
0x4fdb00,??_7CobScript@@6B@
0x4fdbe8,DAT_004fdbe8
0x4fdbf0,g_hapiCopyright
0x4fdca4,??_7logic_error@std@@6B@
0x4fdcb4,??_7out_of_range@std@@6B@
0x4fefb8,_TI3?AVout_of_range
0x4fefd8,_TI2?AVlogic_error
0x501774,g_aiCommandsEnabled
0x501d18,DAT_00501d18
0x501d38,DAT_00501d38
0x501f48,DAT_00501f48
0x501fd0,DAT_00501fd0
0x502288,g_mappingKey
0x5024fc,g_screenshotDirFormat
0x502820,DAT_00502820
0x502878,g_cameraXPosition
0x502884,g_cameraZPosition
0x502890,g_cameraAccount
0x502898,g_commandLineUnusedFlagL
0x50289c,DAT_0050289c
0x5028f8,g_campaignKey
0x502910,DAT_00502910
0x502a20,DAT_00502a20
0x502a78,DAT_00502a78
0x502ae8,DAT_00502ae8
0x502b38,DAT_00502b38
0x502bf8,g_faceVertexIndices
0x502e30,DAT_00502e30
0x502e78,g_descriptionKey
0x502f9c,DAT_00502f9c
0x503004,DAT_00503004
0x50310c,g_extTdf
0x503120,DAT_00503120
0x503128,DAT_00503128
0x503130,DAT_00503130
0x50313c,DAT_0050313c
0x503160,DAT_00503160
0x503164,DAT_00503164
0x503168,DAT_00503168
0x5031d4,DAT_005031d4
0x50324c,DAT_0050324c
0x50327c,DAT_0050327c
0x503284,DAT_00503284
0x50328c,DAT_0050328c
0x503294,DAT_00503294
0x50329c,DAT_0050329c
0x50331c,g_saveBankName
0x503320,g_summaryAccountName
0x503374,DAT_00503374
0x50338c,DAT_0050338c
0x50341c,DAT_0050341c
0x50372c,DAT_0050372c
0x503ea0,g_noneString
0x504314,g_sayChoiceArrayName
0x5048f8,g_maxUnitsKey
0x504904,g_radarImageBoxName
0x504910,g_gameTimeKey
0x50491c,g_gameIdKey
0x504924,g_betweenMissionsKey
0x504934,g_lineOfSightTypeKey
0x504944,g_lineOfSightKey
0x504950,g_locationKey
0x50495c,g_commanderDeathKey
0x50496c,g_thumbsKey
0x504974,g_gameTypeKey
0x504980,g_playersKey
0x504988,g_sideKey
0x504990,g_mapKey
0x504994,g_missionKey
0x50499c,g_buildTimeFormat
0x5049ac,g_buildDateFormat
0x504a64,DAT_00504a64
0x504ab8,g_defaultLanguage
0x504e98,DAT_00504e98
0x504ea0,DAT_00504ea0
0x504ea8,DAT_00504ea8
0x505205,DAT_00505205
0x505490,DAT_00505490
0x5054a8,DAT_005054a8
0x5054b0,DAT_005054b0
0x50550c,DAT_0050550c
0x505510,DAT_00505510
0x505518,DAT_00505518
0x505974,DAT_00505974
0x505dc4,DAT_00505dc4
0x505f18,DAT_00505f18
0x505f20,DAT_00505f20
0x505f30,DAT_00505f30
0x505f40,DAT_00505f40
0x5061b8,g_leftGameTexts
0x5061d8,g_timeoutPlayerDpid
0x506290,DAT_00506290
0x506524,s_PACKET_DATA_00506524
0x506578,DAT_00506578
0x50658c,DAT_0050658c
0x5065c4,DAT_005065c4
0x5065f8,g_lightX
0x5065fc,g_lightY
0x506600,g_lightZ
0x506788,DAT_00506788
0x5067bc,DAT_005067bc
0x506884,DAT_00506884
0x50692c,DAT_0050692c
0x506964,DAT_00506964
0x50696c,DAT_0050696c
0x506974,DAT_00506974
0x50697c,DAT_0050697c
0x506984,DAT_00506984
0x506990,DAT_00506990
0x506998,DAT_00506998
0x5069b8,DAT_005069b8
0x5069c0,DAT_005069c0
0x5069c8,DAT_005069c8
0x5069d0,DAT_005069d0
0x5069d8,DAT_005069d8
0x506dbc,g_usePacketManager
0x507318,DAT_00507318
0x5074e8,g_radarPicTempName
0x5074f8,g_radarPictureName
0x507508,g_radarMappedName
0x507518,g_radarFinalName
0x507b6c,DAT_00507b6c
0x507b70,DAT_00507b70
0x507b88,DAT_00507b88
0x508384,DAT_00508384
0x508460,DAT_00508460
0x508470,DAT_00508470
0x508474,DAT_00508474
0x508478,DAT_00508478
0x508480,DAT_00508480
0x508488,DAT_00508488
0x508490,DAT_00508490
0x508494,DAT_00508494
0x508498,DAT_00508498
0x50849c,DAT_0050849c
0x5084ac,DAT_005084ac
0x5086dc,DAT_005086dc
0x5086e0,DAT_005086e0
0x5086e8,DAT_005086e8
0x5086fc,g_speechCategories
0x508a78,DAT_00508a78
0x508aa4,DAT_00508aa4
0x508ab4,DAT_00508ab4
0x508be8,DAT_00508be8
0x508bf0,DAT_00508bf0
0x508d68,s_TakeDamage_00508d68
0x508d74,s_HitByWeapon_00508d74
0x508d80,s_paralyze_00508d80
0x508d8c,s_SelectMultipleUnits_00508d8c
0x508f24,DAT_00508f24
0x508f30,DAT_00508f30
0x508f3c,DAT_00508f3c
0x508f60,DAT_00508f60
0x508f84,DAT_00508f84
0x508f90,DAT_00508f90
0x508fb4,DAT_00508fb4
0x509018,DAT_00509018
0x509028,DAT_00509028
0x5090fc,DAT_005090fc
0x5091c8,DAT_005091c8
0x5091cc,DAT_005091cc
0x5091d0,DAT_005091d0
0x5091d4,DAT_005091d4
0x509200,DAT_00509200
0x509238,DAT_00509238
0x509244,DAT_00509244
0x509250,DAT_00509250
0x50925c,DAT_0050925c
0x509268,DAT_00509268
0x509310,g_invalidSavegameText
0x5093ec,DAT_005093ec
0x5093f4,DAT_005093f4
0x5093f8,DAT_005093f8
0x509400,DAT_00509400
0x50940c,DAT_0050940c
0x50966c,g_screenshotPrefix
0x509678,DAT_00509678
0x509688,DAT_00509688
0x509718,g_windowClassName
0x50971c,g_appName
0x509720,g_cdNeedsReopenAfterFocus
0x5097a8,g_cdShellValueName
0x5097b0,g_audioCdShellKey
0x5097d0,g_translationFile
0x5097e8,g_languageValueName
0x5097f4,DAT_005097f4
0x509edc,g_errorCaption
0x50a430,DAT_0050a430
0x50a43c,DAT_0050a43c
0x50a548,DAT_0050a548
0x50a56c,DAT_0050a56c
0x50a57c,DAT_0050a57c
0x50a5c0,DAT_0050a5c0
0x50a778,g_emptyStringRefs
0x50a77c,g_emptyString
0x50a780,g_guaranteePackets
0x50a788,DAT_0050a788
0x50b540,g_cdNextTrackTimer
0x50b544,g_cdFadeTimer
0x50b9e0,g_squashErrorNames
0x50c8ac,DAT_0050c8ac
0x50c908,DAT_0050c908
0x50c958,DAT_0050c958
0x50cd38,DAT_0050cd38
0x50ced8,DAT_0050ced8
0x50d220,DAT_0050d220
0x50d2d0,DAT_0050d2d0
0x50d4d0,DAT_0050d4d0
0x50d660,DAT_0050d660
0x50d6b4,DAT_0050d6b4
0x50d72c,DAT_0050d72c
0x50d980,DAT_0050d980
0x50da00,DAT_0050da00
0x5119b8,DAT_005119b8
0x5119c0,g_playerAI
0x5119e8,g_playerBudgetCap
0x511a10,g_playerTickLoad
0x511a38,g_budgetRefreshCounter
0x511a40,g_byteRatesLastReceived
0x511a44,g_compressionPercent
0x511a48,g_bytesSentPerSecond
0x511a4c,g_lastPacketBytesSent
0x511a50,g_bytesReceivedPerSecond
0x511a58,g_messageCountByType
0x511a60,DAT_00511a60
0x511bc0,DAT_00511bc0
0x511bc4,DAT_00511bc4
0x511bc8,DAT_00511bc8
0x511bcc,g_lastPacketBytesReceived
0x511bd0,DAT_00511bd0
0x511c20,DAT_00511c20
0x511c24,g_lastPacketsSent
0x511c28,g_lastPacketsReceived
0x511c2c,g_byteRatesLastSent
0x511c30,g_packetBytesReceivedRate
0x511c34,DAT_00511c34
0x511c38,g_messageBytesReceivedRate
0x511c3c,g_messageBytesSentRate
0x511c40,g_lastMessageBytesReceived
0x511c44,g_lastMessageBytesSent
0x511c48,DAT_00511c48
0x511c4c,g_packetBytesSentRate
0x511c50,DAT_00511c50
0x511c58,g_messageBytesByType
0x511c60,DAT_00511c60
0x511dc0,g_packetsReceivedRate
0x511dc4,g_packetsSentRate
0x511dc8,g_compressedBytesSent
0x511dcc,g_lastCompressedBytesSent
0x511dd0,DAT_00511dd0
0x511dd4,DAT_00511dd4
0x511dd8,g_netStatsTick
0x511ddc,g_byteRatesTick
0x511de0,DAT_00511de0
0x511de4,g_cdPathMismatch
0x511de8,g_game
0x511dec,DAT_00511dec
0x511df0,g_explodedPieces
0x511f80,DAT_00511f80
0x511f90,g_explosion0Duration
0x511f94,g_explosion0StartSize
0x511f98,g_explosion0EndSize
0x511f9c,g_explosion1Duration
0x511fa0,g_explosion1StartSize
0x511fa4,g_explosion1EndSize
0x511fa8,g_explosion2Duration
0x511fac,g_explosion2StartSize
0x511fb0,g_explosion2EndSize
0x511fb4,DAT_00511fb4$S4411
0x511fb8,DAT_00511fb8
0x5120b8,DAT_005120b8
0x5120bc,DAT_005120bc
0x512288,DAT_00512288
0x51228c,DAT_0051228c
0x512290,DAT_00512290
0x512294,DAT_00512294
0x512298,DAT_00512298
0x51229c,DAT_0051229c
0x5122c0,s_mapCache$S33060
0x5122c4,g_mapCacheBegin
0x5122c8,g_mapCacheEnd
0x5122d4,g_otaEnumFileList
0x5122d8,g_otaEnumCacheComplete
0x5122dc,g_otaEnumFileListBytes
0x5122e0,g_otaEnumFileCount
0x5122e8,g_meteorNextStrikeTime
0x5122f0,g_meteorWeaponName
0x512310,g_meteorSpawnMagnitude
0x512314,g_meteorSpawnInterval
0x512318,g_meteorActive
0x51231c,g_meteorStrikeEndTime
0x512320,g_meteorOrigin
0x512324,g_meteorShowerDuration
0x512328,g_meteorWeapon
0x51232c,g_meteorsEnabled
0x512330,g_meteorNextHitTime
0x512334,g_meteorTarget
0x512338,g_meteorScheduleGap
0x512340,DAT_00512340$S35323
0x512344,DAT_00512344
0x512348,DAT_00512348
0x512358,MovementClassTable::g_movementClasses
0x512370,DAT_00512370
0x512760,DAT_00512760
0x512764,DAT_00512764
0x512768,DAT_00512768
0x51276c,DAT_0051276c
0x512770,DAT_00512770
0x512774,DAT_00512774
0x512788,DAT_00512788
0x512978,DAT_00512978
0x51297c,DAT_0051297c
0x512980,DAT_00512980
0x512984,DAT_00512984
0x512988,DAT_00512988
0x51298c,DAT_0051298c
0x512990,DAT_00512990
0x512994,DAT_00512994
0x5129a4,DAT_005129a4
0x5129a8,DAT_005129a8
0x5129ac,DAT_005129ac
0x5129b0,DAT_005129b0
0x5129b4,DAT_005129b4
0x5129b8,DAT_005129b8
0x5129c0,DAT_005129c0
0x5129c4,DAT_005129c4
0x5129c8,DAT_005129c8
0x5129d0,g_sendCondenser
0x5129f1,DAT_005129f1
0x5129f8,g_receiveCondenser
0x512a20,g_packetHandlers
0x512a28,DAT_00512a28
0x512a2c,DAT_00512a2c
0x512a34,DAT_00512a34
0x512a38,DAT_00512a38
0x512a3c,DAT_00512a3c
0x512a40,DAT_00512a40
0x512a44,DAT_00512a44
0x512a48,DAT_00512a48
0x512a4c,DAT_00512a4c
0x512a50,DAT_00512a50
0x512a54,DAT_00512a54
0x512a58,DAT_00512a58
0x512a5c,DAT_00512a5c
0x512a60,DAT_00512a60
0x512a64,DAT_00512a64
0x512a68,DAT_00512a68
0x512a6c,DAT_00512a6c
0x512a70,DAT_00512a70
0x512a74,DAT_00512a74
0x512a78,DAT_00512a78
0x512a7c,DAT_00512a7c
0x512a80,DAT_00512a80
0x512a84,DAT_00512a84
0x512a88,DAT_00512a88
0x512a8c,DAT_00512a8c
0x512a90,DAT_00512a90
0x512a94,DAT_00512a94
0x512a98,DAT_00512a98
0x512a9c,DAT_00512a9c
0x512aa0,DAT_00512aa0
0x512aa4,DAT_00512aa4
0x512aa8,DAT_00512aa8
0x512aac,DAT_00512aac
0x512ab0,DAT_00512ab0
0x512ab4,DAT_00512ab4
0x512ab8,DAT_00512ab8
0x512abc,DAT_00512abc
0x512ac0,DAT_00512ac0
0x512ac4,DAT_00512ac4
0x512ac8,DAT_00512ac8
0x512ad0,DAT_00512ad0
0x512ad8,DAT_00512ad8
0x512adc,DAT_00512adc
0x512ae0,DAT_00512ae0
0x512ae4,DAT_00512ae4
0x512aec,DAT_00512aec
0x512af0,DAT_00512af0
0x512af4,DAT_00512af4
0x512af8,DAT_00512af8
0x512afc,DAT_00512afc
0x512b00,DAT_00512b00
0x512b04,DAT_00512b04
0x512b08,DAT_00512b08
0x512b0c,DAT_00512b0c
0x512b10,DAT_00512b10
0x512b14,DAT_00512b14
0x512b18,DAT_00512b18
0x512b1c,DAT_00512b1c
0x512b20,DAT_00512b20
0x512b24,DAT_00512b24
0x512b28,DAT_00512b28
0x512b2c,DAT_00512b2c
0x512b30,DAT_00512b30
0x512b34,DAT_00512b34
0x512b38,DAT_00512b38
0x512b3c,DAT_00512b3c
0x512b40,DAT_00512b40
0x512b44,DAT_00512b44
0x512b48,DAT_00512b48
0x512b4c,DAT_00512b4c
0x512b50,DAT_00512b50
0x512b54,DAT_00512b54
0x512b58,DAT_00512b58
0x512b5c,DAT_00512b5c
0x512b60,DAT_00512b60
0x512b64,DAT_00512b64
0x512b68,DAT_00512b68
0x512b6c,DAT_00512b6c
0x512b70,DAT_00512b70
0x512b74,DAT_00512b74
0x512b78,DAT_00512b78
0x512b7c,DAT_00512b7c
0x512b80,DAT_00512b80
0x512b88,DAT_00512b88
0x512b90,DAT_00512b90
0x512bc0,g_packetModes
0x512bc8,DAT_00512bc8
0x512bcc,DAT_00512bcc
0x512bd4,DAT_00512bd4
0x512bd8,DAT_00512bd8
0x512bdc,DAT_00512bdc
0x512be0,DAT_00512be0
0x512be4,DAT_00512be4
0x512be8,DAT_00512be8
0x512bec,DAT_00512bec
0x512bf0,DAT_00512bf0
0x512bf4,DAT_00512bf4
0x512bf8,DAT_00512bf8
0x512bfc,DAT_00512bfc
0x512c00,DAT_00512c00
0x512c04,DAT_00512c04
0x512c08,DAT_00512c08
0x512c0c,DAT_00512c0c
0x512c10,DAT_00512c10
0x512c14,DAT_00512c14
0x512c18,DAT_00512c18
0x512c1c,DAT_00512c1c
0x512c20,DAT_00512c20
0x512c24,DAT_00512c24
0x512c28,DAT_00512c28
0x512c2c,DAT_00512c2c
0x512c30,DAT_00512c30
0x512c38,DAT_00512c38
0x512c3c,DAT_00512c3c
0x512c40,DAT_00512c40
0x512c44,DAT_00512c44
0x512c48,DAT_00512c48
0x512c4c,DAT_00512c4c
0x512c50,DAT_00512c50
0x512c54,DAT_00512c54
0x512c58,DAT_00512c58
0x512c5c,DAT_00512c5c
0x512c60,DAT_00512c60
0x512c64,DAT_00512c64
0x512c68,DAT_00512c68
0x512c70,DAT_00512c70
0x512c74,g_loungeChatter
0x512c78,g_loungeRefreshTime
0x512c7c,g_timeoutTimerStart
0x512c80,DAT_00512c80
0x512c84,DAT_00512c84
0x512c8c,DAT_00512c8c
0x512c94,DAT_00512c94
0x512c98,DAT_00512c98
0x512ca8,DAT_00512ca8
0x512ce8,DAT_00512ce8
0x512d28,DAT_00512d28
0x512d48,DAT_00512d48
0x512d68,DAT_00512d68
0x512d6c,DAT_00512d6c
0x512d70,DAT_00512d70
0x512d74,DAT_00512d74
0x512d78,DAT_00512d78
0x512d7c,DAT_00512d7c
0x512d80,DAT_00512d80
0x512d84,DAT_00512d84
0x512d88,DAT_00512d88
0x512d8c,DAT_00512d8c
0x512d90,DAT_00512d90
0x512ee8,g_onlineConfigLoaded
0x512eec,g_onlineDll
0x512ef0,DAT_00512ef0
0x512ef8,DAT_00512ef8
0x512f10,DAT_00512f10
0x512f14,DAT_00512f14
0x512f18,DAT_00512f18
0x512f2c,DAT_00512f2c
0x512f38,DAT_00512f38
0x512f3a,DAT_00512f3a
0x512f3e,DAT_00512f3e
0x512f42,DAT_00512f42
0x512f46,DAT_00512f46
0x512f48,DAT_00512f48
0x512f49,DAT_00512f49
0x512f4a,DAT_00512f4a
0x512f4b,DAT_00512f4b
0x512f4d,DAT_00512f4d
0x512f51,DAT_00512f51
0x512f55,DAT_00512f55
0x512f59,DAT_00512f59
0x512f6d,DAT_00512f6d
0x512f71,DAT_00512f71
0x512f75,DAT_00512f75
0x512fd9,DAT_00512fd9
0x512fe0,DAT_00512fe0
0x512fe4,DAT_00512fe4
0x512fe8,DAT_00512fe8
0x512fec,DAT_00512fec
0x512ff0,DAT_00512ff0
0x512ff4,DAT_00512ff4
0x512ff8,DAT_00512ff8
0x513000,g_packetManager
0x513008,DAT_00513008
0x51e2f4,DAT_0051e2f4
0x51e2f8,DAT_0051e2f8
0x51e300,DAT_0051e300
0x51e314,DAT_0051e314
0x51e318,DAT_0051e318
0x51e31c,DAT_0051e31c
0x51e528,DAT_0051e528
0x51e52c,DAT_0051e52c
0x51e53c,DAT_0051e53c
0x51e540,DAT_0051e540
0x51e544,DAT_0051e544
0x51e548,DAT_0051e548
0x51e54c,g_riInitializeEx
0x51e550,DAT_0051e550
0x51e554,g_riGetVersion
0x51e558,g_riTerminate
0x51e560,g_reportPlayerName
0x51e574,DAT_0051e574
0x51e578,g_riSetCallbacks
0x51e57c,DAT_0051e57c
0x51e580,DAT_0051e580
0x51e584,DAT_0051e584
0x51e588,g_riEnable
0x51e58c,DAT_0051e58c
0x51e590,DAT_0051e590
0x51e594,g_reportFlags
0x51e598,IUUnitSyncEntry::IU?$pair::?$_Tree::_Nil
0x51e59c,IUUnitSyncEntry::IU?$pair::?$_Tree::_Nilrefs
0x51e5a0,g_unitSyncStatusText
0x51e608,DAT_0051e608
0x51e610,DAT_0051e610
0x51e634,DAT_0051e634
0x51e63c,DAT_0051e63c
0x51e640,DAT_0051e640
0x51e64c,DAT_0051e64c
0x51e650,DAT_0051e650
0x51e654,DAT_0051e654
0x51e65c,DAT_0051e65c
0x51e660,DAT_0051e660
0x51e668,DAT_0051e668
0x51e66c,DAT_0051e66c
0x51e670,DAT_0051e670
0x51e674,DAT_0051e674
0x51e678,DAT_0051e678
0x51e67c,DAT_0051e67c
0x51e680,DAT_0051e680
0x51e684,DAT_0051e684
0x51e688,DAT_0051e688
0x51e68c,DAT_0051e68c
0x51e690,g_noDirectSound
0x51e694,g_useWindowsSound
0x51e698,DAT_0051e698
0x51e69c,g_playLooping
0x51e6a0,g_losTables
0x51e6b0,s_unitCategories$S5473
0x51e6c0,g_mapLoadFlag
0x51e6c4,DAT_0051e6c4
0x51e6c8,g_loadingBarFlashAlpha
0x51e6cc,DAT_0051e6cc
0x51e6d0,DAT_0051e6d0
0x51e6f8,g_savegameRadarFrame
0x51e710,DAT_0051e710
0x51e788,DAT_0051e788
0x51e810,DAT_0051e810
0x51e820,g_loadingBarPrevPercent
0x51e821,DAT_0051e821
0x51e822,DAT_0051e822
0x51e823,DAT_0051e823
0x51e824,DAT_0051e824
0x51e825,DAT_0051e825
0x51e828,DAT_0051e828
0x51e848,DAT_0051e848
0x51e84c,DAT_0051e84c
0x51e850,DAT_0051e850
0x51e854,DAT_0051e854
0x51e858,DAT_0051e858
0x51f2c8,DAT_0051f2c8
0x51f2d8,DAT_0051f2d8
0x51f2dc,DAT_0051f2dc
0x51f2e0,DAT_0051f2e0
0x51f2e4,DAT_0051f2e4
0x51f2e8,DAT_0051f2e8
0x51f2ec,DAT_0051f2ec
0x51f2f0,DAT_0051f2f0
0x51f2f4,DAT_0051f2f4
0x51f2f8,DAT_0051f2f8
0x51f2fc,DAT_0051f2fc
0x51f300,g_netProbeNextTick
0x51f304,g_netHeartbeatNextTick
0x51f308,g_loadingBarFlashDecayTick
0x51f310,DAT_0051f310
0x51f31c,g_atexitRegistered
0x51f320,g_displayContext
0x51fb48,g_cmdlineDisplaySeed
0x51fb50,g_preferredLanguage
0x51fb90,g_cdTrackCategory
0x51fb94,g_lastSoundReapTick
0x51fb9c,g_loopingWav
0x51fba0,g_diskWav
0x51fba4,g_guiContext
0x51fba8,DAT_0051fba8
0x51fbac,DAT_0051fbac
0x51fbb0,DAT_0051fbb0
0x51fbb4,DAT_0051fbb4
0x51fbb8,std::HH::HU?$pair::?$_Tree::_Nilrefs
0x51fbbc,std::HH::HU?$pair::?$_Tree::_Nil
0x51fbc0,DAT_0051fbc0$S3314
0x51fbd0,g_display
0x51fbd8,DAT_0051fbd8
0x51fbe0,DAT_0051fbe0
0x51fc78,g_closeHandler
0x51fc7c,g_closeHandlerArg
0x51fc80,g_timerCount
0x51fc84,DAT_0051fc84
0x51fc88,g_randomSeed
0x51fc90,g_defaultCommandHandler
0x51fc94,g_defaultCommandMask
0x51fc99,s_commandTable$S4554
0x51fcb0,DAT_0051fcb0
0x51fdb0,DAT_0051fdb0
0x51fdb8,g_translations
0x51fdc0,g_language
0x51fe00,g_screenLockCount
0x51fe08,g_screenLocks
0x51fe40,DAT_0051fe40
0x51fe48,DAT_0051fe48
0x51fe98,DAT_0051fe98
0x51fea0,DAT_0051fea0
0x51fef0,DAT_0051fef0
0x51fef4,DAT_0051fef4
0x51fef8,DAT_0051fef8
0x51fefc,DAT_0051fefc
0x51ff00,DAT_0051ff00
0x51ff04,DAT_0051ff04
0x51ff08,DAT_0051ff08
0x51ff0c,g_enumSessionsResult
0x51ff10,g_cdFadeVolume
0x51ff14,g_cdPlayer
0x51ff18,g_cdPlayerWindow
0x51ff20,DAT_0051ff20
0x51ff48,g_playBufferLooping
0x51ff58,DAT_0051ff58
0x51ff60,DAT_0051ff60
0x51ffd0,g_lzssPresetWindow
0x520fe8,g_lzssPresetTree
0x526ff0,DAT_00526ff0
0x526ff4,DAT_00526ff4
0x526ff8,g_lzssPresetReady
0x526ffc,g_lzssUsePreset
0x5289b4,DAT_005289b4
0x5289b8,DAT_005289b8
0x5289bc,DAT_005289bc
0x5289c0,DAT_005289c0
0x5289c4,DAT_005289c4
0x5289d0,DAT_005289d0
0x5289d4,DAT_005289d4
0x5289d8,DAT_005289d8
0x5289dc,DAT_005289dc
0x5289e0,DAT_005289e0
0x5289f0,DAT_005289f0
0x5289f8,DAT_005289f8
0x5289fc,DAT_005289fc
0x528a00,DAT_00528a00
0x528a04,DAT_00528a04
0x528a08,DAT_00528a08
0x528a10,DAT_00528a10
0x528a1c,DAT_00528a1c
0x528a40,DAT_00528a40
0x528a44,DAT_00528a44
0x528a48,DAT_00528a48
0x528a4c,DAT_00528a4c
0x528a50,DAT_00528a50
0x528a54,std::IH::IU?$pair::?$_Tree::_Nil
0x528a58,std::IH::IU?$pair::?$_Tree::_Nilrefs
0x528a78,DAT_00528a78
0x528aa4,DAT_00528aa4
0x528aa8,DAT_00528aa8
0x528aac,DAT_00528aac
0x528ab0,DAT_00528ab0
0x528ab4,DAT_00528ab4
0x528ab8,DAT_00528ab8
0x528abc,DAT_00528abc
0x528ac0,DAT_00528ac0
0x528ac4,DAT_00528ac4
0x528ac8,DAT_00528ac8
0x528acc,DAT_00528acc
0x528ad0,DAT_00528ad0
0x528ad4,DAT_00528ad4
0x528ad8,DAT_00528ad8
0x528adc,DAT_00528adc
0x528ae0,DAT_00528ae0
0x528ae4,DAT_00528ae4
0x528ae8,DAT_00528ae8
0x528ed0,DAT_00528ed0
0x5292c4,QBDUValue_004e17c0::PBDU?$pair::?$_Tree::_Nil
0x529500,QBDUValue_004e17c0::PBDU?$pair::?$_Tree::_Nilrefs
0x529508,DAT_00529508
0x529528,DAT_00529528
0x529530,DAT_00529530
0x5295b8,DAT_005295b8
0x5295bc,DAT_005295bc
0x5295c0,DAT_005295c0
0x5295c8,DAT_005295c8
0x5295cc,DAT_005295cc
0x5295d0,DAT_005295d0
0x5295d4,DAT_005295d4
0x5295d8,DAT_005295d8
0x529dc8,DAT_00529dc8
0x529dcc,DAT_00529dcc
0x529dd0,DAT_00529dd0
0x529dd4,DAT_00529dd4
0x529dd8,DAT_00529dd8
0x529ddc,DAT_00529ddc
0x529df8,DAT_00529df8
0x529e00,DAT_00529e00
0x529e10,DAT_00529e10
0x529e20,DAT_00529e20
0x529e58,DAT_00529e58
0x529e64,DAT_00529e64
0x529e6c,DAT_00529e6c
0x529e70,DAT_00529e70
0x529e7c,DAT_00529e7c
0x529e80,DAT_00529e80
0x529e98,DAT_00529e98
0x529e9c,DAT_00529e9c
0x529ea0,DAT_00529ea0
0x529f48,_tls_index
0x52a4e4,DAT_0052a4e4
0x52a4e8,DAT_0052a4e8
0x52a4ec,DAT_0052a4ec
0x52a4f0,DAT_0052a4f0
0x52a4f4,DAT_0052a4f4
0x52a4f8,DAT_0052a4f8
0x52a4fc,DAT_0052a4fc
